{"type":"Feature","properties":{"name":"Lac de Lacanau permanent open water","authority":"IGN BD TOPO V3","rule":"persistance=Permanent; nature!=Marais; component containing main-lake seed","simplification_m":1.5},"geometry":{"type":"Polygon","coordinates":[[[-1.1608564699999995,44.773857619999994,0.7],[-1.1609637799999997,44.77399062,0.7],[-1.161231519999999,44.77415366,0.7],[-1.161413960000001,44.77422434000001,0.7],[-1.1616335899999994,44.77426748,0.7],[-1.1617687699999995,44.77424707000001,0.7],[-1.1618228400000001,44.77419094999999,0.7],[-1.1618338500000003,44.77408325000002,0.7],[-1.161802469999999,44.773967219999996,0.7],[-1.1618639099999997,44.773890990000005,0.7],[-1.1620216700000001,44.77381653999999,0.7],[-1.162218359999999,44.77377218000001,0.7],[-1.162410279999999,44.773765869999984,0.7],[-1.1624883400000006,44.77379449000001,0.7],[-1.1626846499999997,44.77379613,0.7],[-1.16293736,44.77384162999999,0.7],[-1.1633004500000002,44.774044350000004,0.7],[-1.163481349999999,44.77407722,0.7],[-1.1636000099999988,44.774141280000016,0.7],[-1.1637657299999988,44.774310860000014,0.7],[-1.16391213,44.77457853,0.7],[-1.1639040299999999,44.77460588,0.7],[-1.1639759799999994,44.77462030000002,0.7],[-1.1640440199999997,44.77468446000001,0.7],[-1.164006969999999,44.774765190000004,0.7],[-1.1640944800000004,44.774852960000004,0.7],[-1.1641469999999994,44.7753225,0.7],[-1.1640804,44.775499910000015,0.7],[-1.1640682499999997,44.77583124,0.7],[-1.1641153599999998,44.77586914000001,0.7],[-1.1641339999999996,44.77605236,0.7],[-1.1639479799999999,44.77632621000001,0.7],[-1.163758800000001,44.7764893,0.7],[-1.1633386,44.776762940000005,0.7],[-1.1632517000000004,44.77678604000002,0.7],[-1.1631362999999997,44.77676603999999,0.7],[-1.1630827600000002,44.77677797,0.7],[-1.1627531399999997,44.776924690000016,0.7],[-1.1626480599999993,44.7770783,0.7],[-1.1626535999999998,44.77718717999999,0.7],[-1.1628344100000003,44.77742380000001,0.7],[-1.1630489200000003,44.77802971,0.7],[-1.1630195400000005,44.77831661,0.7],[-1.1628804,44.778847449999994,0.7],[-1.1627473999999995,44.77923922000001,0.7],[-1.162611719999999,44.77952650999999,0.7],[-1.1626202900000002,44.77989853,0.7],[-1.16271943,44.780331170000004,0.7],[-1.1626708799999996,44.78041051999998,0.7],[-1.1626099999999993,44.780665250000006,0.7],[-1.1625552699999995,44.780746650000005,0.7],[-1.1623568699999989,44.78177648,1.2],[-1.1625651600000004,44.782810860000005,1.2],[-1.1625865999999996,44.7830661,1.2],[-1.1624777699999993,44.78417731,1.5],[-1.1623256299999989,44.784584229999986,1.8],[-1.1618302799999989,44.7853313,1.8],[-1.1618274900000012,44.78611397000001,1.8],[-1.1619063999999988,44.78630753999999,1.8],[-1.16175909,44.78672869999999,1.8],[-1.1617835099999996,44.78688736000001,1.9],[-1.16169039,44.78713428000001,2.3],[-1.16169433,44.78727297999999,2.4],[-1.1617423899999988,44.78734059000001,2.5],[-1.161848710000002,44.78739159000001,2.5],[-1.1619487299999993,44.78747709000001,2.3],[-1.1619810400000012,44.78755430999999,2.3],[-1.1619856500000005,44.78771913,2.3],[-1.1619622700000005,44.78777951000001,2.3],[-1.161571219999999,44.78814040000002,2.3],[-1.1613467400000008,44.788408479999994,2.3],[-1.161298,44.788622180000004,2.3],[-1.16134783,44.78898725,2.3],[-1.1613418199999999,44.78923089999999,2.3],[-1.1612283900000013,44.79000690000001,2.3],[-1.1612650199999994,44.7901083,2.3],[-1.1611951599999992,44.79039581999999,2.3],[-1.1612334100000001,44.79065583999999,2.3],[-1.1612355199999997,44.790957790000014,2.3],[-1.1609661400000013,44.79150885,2.3],[-1.1608456599999992,44.791882109999996,2.3],[-1.1607798999999996,44.79251568,2.3],[-1.1606728899999994,44.792814509999985,2.3],[-1.1605920999999988,44.79292032000001,2.3],[-1.1605645299999994,44.79300971,2.3],[-1.160700169999999,44.79345630000001,2.3],[-1.1606627899999995,44.79370383999999,2.3],[-1.1604406099999995,44.79443073000001,2.3],[-1.1604559099999991,44.794517609999986,2.3],[-1.16068607,44.794701900000014,2.3],[-1.16074943,44.79487352,2.3],[-1.1606970899999987,44.7950558,2.3],[-1.160480490000001,44.79539661999998,2.3],[-1.16040263,44.79559338,2.6],[-1.1603713499999981,44.796145409999994,2.7],[-1.1602376800000003,44.796460569999994,2.8],[-1.1601308400000003,44.79660793,2.8],[-1.1601451999999999,44.797160950000006,2.8],[-1.1601894699999988,44.797211579999995,2.8],[-1.1601704799999994,44.79729703999998,2.8],[-1.1602305799999992,44.79745887,2.8],[-1.1602418399999987,44.79761081,2.8],[-1.16015075,44.79781709000001,2.8],[-1.16015828,44.797970070000005,2.8],[-1.16013304,44.798039540000005,2.8],[-1.1600720300000003,44.79808780999999,2.8],[-1.1598441999999993,44.798550750000004,2.8],[-1.1596552199999999,44.79880308000001,2.8],[-1.159632649999999,44.79894276000002,2.8],[-1.1596632499999997,44.799150780000005,2.8],[-1.1600332199999996,44.79952997000002,2.8],[-1.1600616899999994,44.799657829999994,2.8],[-1.1600459500000002,44.799735960000014,2.8],[-1.1598995699999999,44.799982170000014,2.8],[-1.159580849999999,44.80024387,2.8],[-1.1594354400000002,44.80031514,2.8],[-1.1593761800000002,44.80048957,2.8],[-1.1593622799999992,44.80098594999999,2.8],[-1.1594322899999994,44.80116183999999,2.8],[-1.1594106399999988,44.801279849999986,2.8],[-1.1594365099999995,44.80137265000001,2.8],[-1.1593872900000004,44.80163144,2.8],[-1.15946928,44.80191777,2.8],[-1.1594138200000002,44.80226334999999,2.8],[-1.1591453500000009,44.80315245000001,2.4],[-1.1591189199999998,44.80335990999999,2.4],[-1.1592020000000007,44.803849050000004,2.7],[-1.1591959199999988,44.80414318999998,2.7],[-1.1589716100000003,44.805320939999994,2.8],[-1.158849159999999,44.80575378000001,2.8],[-1.1588842799999992,44.806535929999995,2.7],[-1.158907229999999,44.80664054999999,2.7],[-1.1590597999999994,44.80681965,2.6],[-1.159071849999999,44.80694812,2.6],[-1.15902394,44.80708786000002,2.9],[-1.158907100000001,44.80725453000001,3.0],[-1.1588058699999988,44.80730701,3.0],[-1.1585282999999995,44.80737242000001,3.1],[-1.1580489099999995,44.80734624,3.2],[-1.1579652200000008,44.80736200000002,3.2],[-1.157864459999999,44.80743789999998,3.2],[-1.15782665,44.807525870000006,3.3],[-1.1578027300000002,44.807647580000015,3.2],[-1.1578762100000002,44.807955870000015,3.2],[-1.1579538699999983,44.80813236999999,3.2],[-1.1581170199999995,44.808351640000005,3.2],[-1.15830541,44.808450050000005,3.2],[-1.158441029999999,44.808571179999994,3.2],[-1.1585061899999993,44.80873282,3.2],[-1.1585288099999993,44.80895286,3.2],[-1.1584952000000006,44.80913173,3.2],[-1.1582815300000004,44.809478740000024,3.4],[-1.1582240500000003,44.80969457,3.3],[-1.15817773,44.81042027000001,3.2],[-1.1580818199999998,44.810578940000006,3.3],[-1.1579034200000011,44.810752419999986,3.4],[-1.15787863,44.81081104999999,3.4],[-1.1578874799999999,44.81089637,3.3],[-1.1581457699999993,44.81118599999999,3.5],[-1.1582233599999996,44.81131020999999,3.5],[-1.1582575399999981,44.81144686999998,3.4],[-1.1582278400000003,44.81152462,3.4],[-1.1579827700000005,44.81182412000001,3.5],[-1.1578637300000005,44.81201251000001,3.4],[-1.1577277999999989,44.81214383,3.4],[-1.1577155800000014,44.812201079999994,3.4],[-1.15778173,44.81225629999999,3.3],[-1.1578546699999992,44.81243749,3.5],[-1.1577822999999998,44.812691740000005,3.7],[-1.1576581499999992,44.812965070000004,3.8],[-1.15758827,44.81350953000001,3.9],[-1.1575855099999999,44.81381437000001,4.1],[-1.1574905400000013,44.81415692000001,4.1],[-1.1574963600000003,44.81454348,3.9],[-1.15742492,44.81479319000001,3.9],[-1.1571961300000009,44.815124529999984,3.9],[-1.157166039999999,44.81543671,3.9],[-1.1571866799999988,44.81580106999999,3.8],[-1.15695002,44.81667636000001,3.7],[-1.1569294399999996,44.817048580000005,3.7],[-1.156844240000001,44.81740338,3.7],[-1.1566922200000005,44.817745370000004,3.7],[-1.1567216399999998,44.818142769999994,3.7],[-1.15681163,44.818622630000014,3.8],[-1.1567896999999991,44.81873705000002,3.8],[-1.1565252500000003,44.819031869999996,4.0],[-1.1564532599999997,44.819171610000005,3.9],[-1.1564518699999997,44.81923838,3.9],[-1.1564165000000004,44.819273960000004,3.9],[-1.156234599999999,44.819297909999996,3.9],[-1.1561704499999996,44.8194067,4.0],[-1.1561749799999999,44.81951923,4.0],[-1.1564356999999996,44.81989262000001,4.3],[-1.1565363099999992,44.82012236,4.3],[-1.1565208299999996,44.82023834000001,4.4],[-1.156475889999999,44.820315759999986,4.4],[-1.1562498499999996,44.82047930000002,4.5],[-1.1560400900000003,44.82058905,4.5],[-1.155926859999999,44.82061673,4.4],[-1.1560013400000004,44.82073295000001,4.3],[-1.1563685400000001,44.820730899999994,4.2],[-1.15658875,44.82077944000001,4.2],[-1.1567294499999994,44.82090039,4.2],[-1.1567255999999995,44.82100240999999,4.1],[-1.1565257599999992,44.821228990000016,4.2],[-1.1561961900000002,44.82141445,4.1],[-1.1561082400000002,44.82156109000001,4.1],[-1.155594900000001,44.82179672000001,4.3],[-1.1554419199999992,44.82192056,4.4],[-1.1555452600000002,44.82222142,4.5],[-1.1557527799999998,44.82235518000002,4.5],[-1.1557757999999991,44.82252923,4.4],[-1.1556324599999996,44.82271491000001,4.4],[-1.1555905799999997,44.82286794999999,4.4],[-1.1556094799999992,44.8230719,4.3],[-1.1556612099999988,44.8232061,4.8],[-1.1556847099999996,44.823506340000016,4.9],[-1.1556421600000004,44.82365038999999,4.9],[-1.1554823900000002,44.8237853,4.9],[-1.1554294700000003,44.82387474,4.9],[-1.1553619999999982,44.82414413,4.9],[-1.1554085,44.824464249999984,5.0],[-1.1553917599999992,44.82473445,5.2],[-1.1554898999999992,44.82479388,5.3],[-1.155566109999999,44.82488208000001,5.4],[-1.1555538199999988,44.825058350000006,5.5],[-1.155428949999998,44.825168519999984,5.2],[-1.1552754899999995,44.82523467000001,5.1],[-1.1551387900000007,44.82542462,5.1],[-1.155154090000001,44.82554576,5.1],[-1.1552960600000004,44.82571805,5.0],[-1.1552971999999992,44.82576759,5.0],[-1.1551860900000004,44.82589257,5.0],[-1.1551199699999994,44.826539669999995,5.0],[-1.1550089299999993,44.82664841999999,5.0],[-1.1549220200000003,44.82665528,5.0],[-1.1542711899999998,44.82688253,5.2],[-1.1541221799999997,44.82699178999999,5.2],[-1.1538895999999998,44.827375560000014,5.4],[-1.1538334800000003,44.827610270000015,5.4],[-1.1538441999999998,44.8278578,5.4],[-1.1538046299999993,44.827922400000006,5.4],[-1.153812280000001,44.82802578999999,5.5],[-1.1538863700000002,44.82825652,5.4],[-1.15403373,44.8283646,5.4],[-1.1547822100000005,44.82854931999999,5.4],[-1.15484113,44.828575060000006,5.7],[-1.1548558900000008,44.828671879999995,5.7],[-1.154679429999999,44.82895798000002,5.6],[-1.154597900000001,44.829003410000006,5.7],[-1.1543466800000006,44.82899840000001,5.9],[-1.1542316400000006,44.82905319999998,5.9],[-1.1541493299999999,44.82925914,6.1],[-1.1540594299999996,44.82934545,6.1],[-1.1540405399999998,44.82939844999999,6.1],[-1.15412999,44.82957992000002,6.2],[-1.1544142100000006,44.829893840000004,6.1],[-1.1544777199999998,44.829998740000015,6.2],[-1.1545184899999992,44.830173020000004,6.1],[-1.1544901100000002,44.830371529999994,6.0],[-1.1541485900000004,44.83080717000001,6.1],[-1.1539496299999992,44.831114850000006,6.3],[-1.1539178499999987,44.83130175999999,6.3],[-1.1540609,44.83159122000001,6.3],[-1.1540597699999997,44.831678710000006,6.3],[-1.1540424899999993,44.8317019,6.4],[-1.1539085599999999,44.83174118000001,6.5],[-1.153804949999999,44.83188210000001,6.5],[-1.1538735199999988,44.83202107999999,6.6],[-1.15392267,44.83224012,6.6],[-1.153891419999999,44.83231432000001,6.6],[-1.1537332799999989,44.83243745,6.6],[-1.1534356400000003,44.832884060000005,6.8],[-1.1534380999999996,44.83307149999999,6.8],[-1.1537243299999995,44.833361,6.8],[-1.153778470000001,44.83345905000001,6.8],[-1.15376584,44.83359655999999,6.8],[-1.15368611,44.83378617,6.7],[-1.1537118499999999,44.83415125,6.5],[-1.1538063600000001,44.834401050000004,6.9],[-1.153993049999999,44.834715020000004,7.0],[-1.1540012300000004,44.83482561000001,6.9],[-1.1539353899999996,44.83489479,6.9],[-1.1537155399999997,44.835040069999984,6.9],[-1.1535676999999998,44.83519977000001,6.8],[-1.1533850899999998,44.83531751000002,6.8],[-1.15327243,44.835507449999994,6.7],[-1.1531524600000003,44.83561562999999,6.8],[-1.1526635900000006,44.83582417,6.8],[-1.1526710400000004,44.83589061,6.7],[-1.152940179999999,44.83584627,6.8],[-1.1533114099999995,44.835863019999984,6.9],[-1.1535339399999998,44.83597639,6.9],[-1.1535984499999998,44.83614618,6.8],[-1.1535514399999998,44.83628137000001,6.8],[-1.15346698,44.83637288999999,6.8],[-1.1532205799999995,44.836502029999984,7.0],[-1.1521085399999995,44.836953899999976,6.9],[-1.1519195299999994,44.83705384,6.9],[-1.1518013499999988,44.83722054999999,6.9],[-1.1517055799999998,44.83767312,6.8],[-1.1516505099999992,44.837716650000004,6.9],[-1.1515539999999997,44.83788526,6.9],[-1.1513097900000002,44.83812971,7.0],[-1.1510929000000008,44.83829831000002,7.1],[-1.1510555299999998,44.838358310000004,7.1],[-1.15101508,44.83859964999999,7.2],[-1.1507693299999993,44.83889194,7.5],[-1.1507227699999998,44.83903342999999,7.5],[-1.150819339999999,44.83922546,7.5],[-1.15090899,44.83932398000001,7.5],[-1.1509929199999995,44.83939656999999,7.5],[-1.1510928199999995,44.83942798999998,7.6],[-1.1512982600000001,44.83937883,7.6],[-1.1514665299999995,44.83928958000002,7.7],[-1.151542089999999,44.83923176000002,7.7],[-1.1516239599999987,44.83905377999999,7.7],[-1.1517031699999993,44.839011150000005,7.7],[-1.1519424000000003,44.83899047,8.0],[-1.1520407000000004,44.83901744000001,8.0],[-1.1521506399999988,44.83908185,8.1],[-1.1522323100000003,44.83917526,8.1],[-1.152467289999998,44.83986787999999,8.0],[-1.1524231999999996,44.840094029999996,7.9],[-1.15220591,44.84032575999999,7.9],[-1.15211599,44.84048059,8.0],[-1.1520843999999988,44.840601679999985,7.9],[-1.1520905200000002,44.84075291999999,7.7],[-1.152151039999999,44.84088589000002,7.8],[-1.1524793399999997,44.84126398000001,7.8],[-1.153204399999999,44.84220872,8.2],[-1.15364665,44.84267090000001,8.3],[-1.15397298,44.843090530000005,8.3],[-1.1541971400000002,44.84353381999999,8.2],[-1.1542617499999988,44.84404710000002,8.1],[-1.1542622899999986,44.8443969,8.1],[-1.1542132200000004,44.84476116999999,8.1],[-1.1541358099999992,44.84503364,8.1],[-1.1539223099999993,44.84553931000001,8.2],[-1.1537991900000006,44.845725140000006,8.2],[-1.1536261900000002,44.84590473,8.2],[-1.1535529599999998,44.84607967,8.1],[-1.153503609999999,44.846423220000005,8.0],[-1.153585429999998,44.846621200000016,8.0],[-1.1538006299999992,44.84696025000001,8.0],[-1.15414946,44.847426829999996,8.0],[-1.1543140400000005,44.84759557000002,8.0],[-1.15450794,44.847646910000016,8.0],[-1.1546395799999998,44.847764590000004,8.0],[-1.154887519999999,44.848237649999994,7.9],[-1.155083979999999,44.84878566,7.8],[-1.1553344500000002,44.84913871,7.9],[-1.1554977699999995,44.849307499999995,7.9],[-1.1557492299999983,44.84939994999999,8.0],[-1.1558814,44.84942205000001,8.1],[-1.1561290700000009,44.849531780000014,8.2],[-1.1563567800000003,44.849714380000016,8.2],[-1.1564432700000002,44.84985539,8.2],[-1.1566589099999995,44.85042252,8.3],[-1.1568243100000002,44.85075621000002,8.3],[-1.1568218600000002,44.85087712000001,8.3],[-1.1565916599999984,44.85125990000001,8.3],[-1.1565229499999996,44.85142747,8.3],[-1.1565092700000004,44.85170476999999,8.2],[-1.1566010499999988,44.85217376,8.3],[-1.156540200000001,44.85246454,8.4],[-1.1563091900000002,44.85287079999999,8.5],[-1.15600666,44.853218430000005,8.5],[-1.1557666699999998,44.85364035,8.5],[-1.1552053399999995,44.85407069999998,8.6],[-1.1549298800000005,44.854424519999995,8.6],[-1.1545864199999998,44.854972929999995,8.6],[-1.154121949999999,44.85542759,8.6],[-1.1539430600000005,44.855699359999996,8.5],[-1.153916790000001,44.85580672999999,8.5],[-1.153965160000001,44.85603211,8.5],[-1.1539237200000005,44.85629421999999,8.5],[-1.1537663199999983,44.8564624,8.6],[-1.1531286599999995,44.85738606,8.7],[-1.1527592900000003,44.85780740999998,8.7],[-1.1521819999999996,44.85834833,8.7],[-1.1515715000000006,44.85909155000001,8.8],[-1.1512609900000002,44.859366430000016,9.3],[-1.1509276600000005,44.85974405000001,10.0],[-1.1498564999999996,44.86080651999999,10.2],[-1.149275029999999,44.86134308000001,10.3],[-1.1487068499999986,44.86193954000001,10.3],[-1.1463681599999986,44.86418898,10.6],[-1.1411754400000003,44.86939121999999,10.4],[-1.1408927600000005,44.86970109999999,10.1],[-1.1392790900000003,44.87126875000002,10.1],[-1.138314789999999,44.87225588999998,10.1],[-1.1363633399999995,44.87417959999999,10.1],[-1.1359934099999982,44.874562139999995,10.1],[-1.13575693,44.87486307000001,10.1],[-1.1355969299999988,44.87511787,10.1],[-1.13553371,44.875360940000014,10.1],[-1.1355367099999991,44.875780070000005,10.1],[-1.1356206499999997,44.876161909999986,10.1],[-1.1358105000000005,44.877412539999995,10.1],[-1.13659428,44.88159278999999,10.1],[-1.1367086300000002,44.88207718,10.2],[-1.1367376299999996,44.882384439999996,11.4],[-1.1370583399999994,44.88405032999998,11.2],[-1.1372969199999992,44.88498088000001,11.2],[-1.1373127099999996,44.88516061000001,11.2],[-1.1372548900000001,44.88556306999998,11.2],[-1.1371666799999989,44.88588011,11.2],[-1.1368328499999993,44.88664988,11.2],[-1.135935900000002,44.888244850000014,11.2],[-1.1344148500000018,44.89119830999999,11.2],[-1.1335269399999994,44.892780300000005,11.2],[-1.1322274199999998,44.895335079999995,11.2],[-1.1308370699999992,44.89795002999997,11.2],[-1.1286888899999998,44.90185176,11.2],[-1.1285662900000002,44.902219650000006,11.2],[-1.1285124500000008,44.90248762000002,11.2],[-1.1285410899999995,44.90294546,11.2],[-1.1287631599999997,44.90387664999999,11.2],[-1.1290141599999999,44.90475267,11.2],[-1.12908793,44.90492754000002,11.2],[-1.1291229099999998,44.90519581,11.2],[-1.1292569900000005,44.905741689999985,11.2],[-1.1297209399999995,44.907493330000015,11.2],[-1.129757719999999,44.907785880000006,11.2],[-1.129743350000001,44.908090249999994,11.2],[-1.1296640799999995,44.908323100000004,11.2],[-1.1295399899999983,44.90856754,11.2],[-1.1291164700000003,44.909225219999996,11.2],[-1.1288045899999997,44.909607369999996,11.5],[-1.1283624199999993,44.91023598999999,11.5],[-1.1274632499999993,44.91137837,11.5],[-1.1259628099999988,44.913385160000004,11.5],[-1.124630049999999,44.91508548,11.5],[-1.123780379999999,44.91628188999998,11.5],[-1.122999759999999,44.917313439999994,11.5],[-1.1218132200000002,44.91886493,11.5],[-1.1215203799999995,44.91919677000001,11.5],[-1.1211884700000003,44.91973921999999,11.5],[-1.1211023800000006,44.91991461000002,11.5],[-1.1210581200000005,44.92010649,11.5],[-1.12102857,44.92042945000001,11.5],[-1.12104897,44.92075866999999,11.5],[-1.1213671299999994,44.922842140000014,11.6],[-1.1216577499999991,44.92405029,12.2],[-1.121772449999999,44.924678039999996,12.2],[-1.1219782399999987,44.925974999999994,12.4],[-1.122058799999999,44.92667344,12.4],[-1.1221914999999993,44.927407810000005,12.4],[-1.1223032399999995,44.92797797000001,12.4],[-1.1225114800000007,44.928738390000014,12.4],[-1.1225003999999994,44.929019200000006,12.4],[-1.12290821,44.93159520999999,12.4],[-1.12307987,44.93239305000001,13.3],[-1.1233805899999998,44.93422022000001,13.3],[-1.1234839900000009,44.93472849000001,13.3],[-1.1236025399999992,44.93508021000001,13.3],[-1.1238508199999995,44.93510796000002,13.3],[-1.1238994100000004,44.93507820999999,13.3],[-1.1241062499999996,44.9347153,13.3],[-1.1241293200000002,44.934269960000016,13.3],[-1.1240451499999993,44.934195550000005,13.3],[-1.1243746200000004,44.93401562,13.3],[-1.12456028,44.934037579999995,13.3],[-1.1246174100000008,44.93396874,13.3],[-1.124663829999999,44.93399586,13.3],[-1.1246829700000005,44.93408351000002,13.3],[-1.125035149999999,44.93403978,13.3],[-1.1251794200000007,44.934120070000006,13.3],[-1.1251838599999995,44.934163180000006,13.3],[-1.1250724899999993,44.93425387,13.3],[-1.1250605399999993,44.934315619999985,13.3],[-1.1251449699999991,44.934410759999984,13.3],[-1.1250189600000002,44.9347337,13.3],[-1.1250348999999997,44.93482958,13.3],[-1.1251110199999996,44.934897970000016,13.3],[-1.1251759000000008,44.9349172,13.3],[-1.12553111,44.934828280000005,13.3],[-1.1256233599999992,44.934857309999984,13.3],[-1.1257303799999996,44.9349489,13.3],[-1.1258452399999999,44.934957250000004,13.3],[-1.1260805799999998,44.934878189999985,13.3],[-1.1261525899999985,44.934890839999994,13.3],[-1.1263432799999997,44.93501538999999,13.3],[-1.1264387399999993,44.93503618,13.3],[-1.12659692,44.93497800999999,13.3],[-1.1267317500000005,44.93487833999998,13.3],[-1.1270597199999988,44.93490221999999,13.3],[-1.1272713399999994,44.934828539999984,13.3],[-1.1276364999999988,44.93482308,13.3],[-1.1277050599999994,44.934651030000005,13.3],[-1.1277781599999996,44.93476461999999,13.3],[-1.1280749900000007,44.93486539,13.3],[-1.1282129100000002,44.93498017,13.3],[-1.1282413899999995,44.93505665,13.3],[-1.1285476199999989,44.93530222,13.3],[-1.12910351,44.93566292999999,13.3],[-1.1292301699999994,44.93579705999999,13.3],[-1.129323419999999,44.935856709999996,13.3],[-1.1306871299999994,44.93620720999999,13.3],[-1.1320482900000002,44.936660569999994,13.3],[-1.1323104999999993,44.93672203999999,13.3],[-1.13236224,44.93680396,13.3],[-1.13258597,44.93698046,13.3],[-1.1326085200000005,44.93706257,13.3],[-1.1325759700000002,44.93717197,13.3],[-1.132506379999999,44.93727825000003,13.3],[-1.1323993499999998,44.93735886000001,13.3],[-1.132368809999999,44.93744385,13.3],[-1.132351949999999,44.93781772999997,13.3],[-1.1324009899999998,44.93800073999999,13.3],[-1.1325534800000006,44.93824390000001,13.3],[-1.1329876699999994,44.93867494,13.3],[-1.1335144800000005,44.939105229999996,13.3],[-1.1341933400000004,44.93973813,13.3],[-1.1347567300000008,44.94019951,13.3],[-1.1351578999999996,44.94044062999998,13.3],[-1.1352146399999987,44.94052145999998,13.3],[-1.1351964199999989,44.94061861,13.3],[-1.1351019000000009,44.94074836000001,13.3],[-1.1349794100000001,44.94084307000001,13.3],[-1.1347385200000013,44.94091605,13.3],[-1.134520379999999,44.94091877,13.3],[-1.1338868,44.94071063999999,13.3],[-1.133740309999999,44.94061780999999,13.3],[-1.1335688200000003,44.940581820000006,13.3],[-1.1334287699999996,44.94059334000001,13.3],[-1.1331238,44.94081296000001,13.3],[-1.13291409,44.94106780000003,13.3],[-1.1329172599999988,44.94116235000002,13.3],[-1.1330688300000002,44.94159938999999,13.3],[-1.1332151600000002,44.941776070000024,13.3],[-1.1333369700000004,44.94253248000001,13.3],[-1.1335053099999994,44.94304192999999,13.3],[-1.1336351599999999,44.943287740000024,13.3],[-1.1337823499999993,44.94349324,13.3],[-1.1342762200000003,44.94395811,13.3],[-1.13439331,44.94409981,13.3],[-1.1343924199999997,44.94417377999999,13.3],[-1.1343261400000009,44.94432501,13.3],[-1.1341653800000004,44.944451810000004,13.3],[-1.13399592,44.94449508000001,13.3],[-1.1338093499999995,44.94447858,13.3],[-1.133685289999999,44.9444318,13.3],[-1.1332724499999993,44.94417038000002,13.3],[-1.13278838,44.94430288999999,13.3],[-1.1326910099999996,44.94435971,13.3],[-1.13222852,44.94433724,13.3],[-1.1320370700000002,44.94435788999999,13.3],[-1.1317071899999995,44.94449818000001,13.3],[-1.1316314500000006,44.94460739000001,13.3],[-1.1315271399999998,44.944862809999975,13.3],[-1.1315337899999998,44.94491846,13.3],[-1.1315752699999997,44.945188300000005,13.3],[-1.1316377099999995,44.94534646000001,13.3],[-1.1318225300000002,44.94614832,13.3],[-1.1318951499999999,44.94656486,13.3],[-1.1318950199999998,44.946735269999984,13.3],[-1.1318605799999992,44.94690515,13.3],[-1.1316919,44.94713140999999,13.3],[-1.1315887999999998,44.947540960000005,13.3],[-1.1315172399999993,44.94770681,13.3],[-1.1312048000000001,44.948170130000015,13.3],[-1.1311495099999993,44.94829840999999,13.3],[-1.1311457599999988,44.94852303999998,13.3],[-1.131330139999999,44.94873346999998,13.3],[-1.13179492,44.94899297999999,13.3],[-1.1320408099999997,44.94919390000001,13.3],[-1.1321008899999998,44.94945764,13.3],[-1.1320541800000004,44.94963339000001,13.3],[-1.1319303399999994,44.94988231999999,13.3],[-1.1316081399999995,44.95023059999999,13.3],[-1.13146762,44.95033950999999,13.3],[-1.1311238299999986,44.95049835000002,13.3],[-1.1294032399999983,44.950995090000006,13.3],[-1.1284371000000004,44.95140966000002,13.3],[-1.1279705600000003,44.95152256999999,13.3],[-1.12765153,44.95155245000001,13.3],[-1.1272799599999996,44.95148962,13.3],[-1.1266729399999995,44.95143643999999,13.3],[-1.1263706999999998,44.95134938999998,13.3],[-1.1260608700000005,44.95122835999999,13.3],[-1.1256382800000007,44.95112775,13.3],[-1.1253117300000004,44.95100374,13.3],[-1.1245015399999987,44.95093283999999,13.3],[-1.1240651999999993,44.9508697,13.3],[-1.12392411,44.950884850000016,13.3],[-1.1239006299999998,44.95092809999999,13.3],[-1.1243216900000002,44.95116311000001,13.3],[-1.1244803099999996,44.95140336,13.3],[-1.1246326099999993,44.95150589,13.3],[-1.1248131899999996,44.95152714000003,13.3],[-1.1252242299999995,44.951832839999994,13.3],[-1.12534499,44.95195548000001,13.3],[-1.1259372499999982,44.952222,13.3],[-1.1261882599999993,44.95244078000001,13.3],[-1.1272297900000001,44.952824940000006,13.3],[-1.1274794399999999,44.952956320000006,13.3],[-1.1276616199999998,44.95301627,13.3],[-1.1279565199999988,44.95317571000001,13.3],[-1.1281644399999993,44.95334379999999,13.3],[-1.1282919699999994,44.95340307,13.3],[-1.1285138200000002,44.95343269000001,13.3],[-1.1288368400000008,44.953594700000004,13.3],[-1.1288771900000003,44.95369417999999,13.3],[-1.12901338,44.953767549999995,13.3],[-1.1291485499999991,44.95389597000001,13.3],[-1.129226579999999,44.95390388999999,13.3],[-1.1293445200000005,44.95397072999999,13.3],[-1.1295265999999986,44.95411542999999,13.3],[-1.1298219699999996,44.95428116,13.3],[-1.1300489299999992,44.95436289,13.3],[-1.130399609999999,44.95455541,13.3],[-1.1307411899999982,44.95469327999998,13.3],[-1.130968689999999,44.954920140000006,13.3],[-1.1310534599999993,44.954950350000004,13.3],[-1.131277089999999,44.9548663,13.3],[-1.1314123899999993,44.954841429999995,13.3],[-1.1315864900000003,44.95494675999999,13.3],[-1.1317637499999986,44.955180889999994,13.3],[-1.1319800600000012,44.95525579000001,13.3],[-1.1322901099999998,44.95541376,13.3],[-1.1324911199999996,44.955401779999995,13.3],[-1.1325957800000004,44.955340180000015,13.3],[-1.1326834799999985,44.95535855999998,13.3],[-1.1327556999999997,44.95540816999998,13.3],[-1.1329074200000002,44.95572620000001,13.3],[-1.1330482599999991,44.95586250999999,13.3],[-1.1331101899999991,44.95601348000001,13.3],[-1.1331333900000007,44.95619023000001,13.3],[-1.1331060400000001,44.95645631,13.3],[-1.1329978699999987,44.956676720000004,13.3],[-1.1327465099999996,44.95695294,13.3],[-1.132052759999999,44.957153659999996,13.3],[-1.1318506800000006,44.95715125000003,13.3],[-1.1312153599999994,44.957042339999994,13.3],[-1.1309668200000003,44.957064209999984,13.3],[-1.1307354000000005,44.95711158,13.3],[-1.1304916299999992,44.957198180000006,13.3],[-1.1300892500000004,44.95725190000001,13.3],[-1.12958507,44.95738874999999,13.3],[-1.1293190499999999,44.95743200000001,13.3],[-1.1288995699999989,44.957425949999994,13.3],[-1.128672179999999,44.95737309,13.3],[-1.1279814099999994,44.957442029999996,13.3],[-1.1279519900000001,44.957490910000004,13.3],[-1.1280070799999997,44.9575664,13.3],[-1.1280481400000004,44.95771003000001,13.3],[-1.1280180599999998,44.95776704999998,13.3],[-1.1284493200000003,44.95813961000001,13.3],[-1.1286319699999992,44.95822299,13.3],[-1.1289812400000003,44.95832722000001,13.3],[-1.129352060000001,44.95837925000001,13.3],[-1.1296142999999992,44.95843983,13.3],[-1.1296706699999997,44.95849814,13.3],[-1.1296726999999998,44.95859454,13.3],[-1.1297057400000001,44.95862937,13.3],[-1.1301374999999996,44.95897396,13.3],[-1.1302856600000004,44.95915779,13.3],[-1.1305174499999986,44.95937366999999,13.3],[-1.1305524099999993,44.95964104999998,13.3],[-1.1307220799999997,44.959875470000014,13.3],[-1.1309278599999997,44.95997961999999,13.3],[-1.130970760000001,44.96006186999999,13.3],[-1.1310029400000001,44.960274350000006,13.3],[-1.1310956799999994,44.96036106999998,13.3],[-1.131267139999999,44.960464689999995,13.3],[-1.13171567,44.960588660000006,13.3],[-1.1318688099999994,44.96066771,13.3],[-1.1320411799999992,44.96083531,13.3],[-1.1320038200000009,44.960914239999994,13.3],[-1.1321053399999996,44.96108537,13.3],[-1.1325070099999996,44.96143468,13.3],[-1.1328514499999998,44.96149039000001,13.3],[-1.1331658299999998,44.961585989999996,13.3],[-1.13365106,44.961811369999985,13.3],[-1.13384798,44.96195010999999,13.3],[-1.1338752699999999,44.96206179,13.3],[-1.1341529300000008,44.96234809,13.3],[-1.13442749,44.96250647,13.3],[-1.1348449699999996,44.96288042999999,13.3],[-1.13511721,44.963058730000014,13.3],[-1.1357127500000004,44.96336746000001,13.3],[-1.1358070099999997,44.96335402999998,13.3],[-1.13599303,44.96341383000001,13.3],[-1.1360555100000003,44.96353773,13.3],[-1.1362598999999995,44.963708639999986,13.3],[-1.1363971900000003,44.963779259999995,13.3],[-1.1364068900000002,44.96391053,13.3],[-1.13647639,44.96397465999999,13.3],[-1.136617229999999,44.96400729,13.3],[-1.1366531299999996,44.96409791999999,13.3],[-1.136748699999998,44.96415386000002,13.3],[-1.1369007299999996,44.9642005,13.3],[-1.13705539,44.964162280000004,13.3],[-1.1371289800000004,44.96440206999999,13.3],[-1.137272349999999,44.96445173,13.3],[-1.13741596,44.96457351000002,13.3],[-1.137542819999999,44.964537230000005,13.3],[-1.137744649999999,44.964570290000005,13.3],[-1.1380616399999983,44.96471807000001,13.3],[-1.138213189999999,44.9648098,13.3],[-1.1384985600000002,44.96507957000001,13.3],[-1.138745379999999,44.9651371,13.3],[-1.1391534500000007,44.96545189,13.3],[-1.139416089999999,44.96572339999999,13.3],[-1.1393553300000003,44.96618999000001,13.3],[-1.1394025299999997,44.96645060000001,13.3],[-1.1394719599999992,44.96654809000002,13.3],[-1.1398678499999988,44.966869640000006,13.3],[-1.1399428100000002,44.96702463,14.3],[-1.14008128,44.96697349,14.3],[-1.14033634,44.96717677,14.3],[-1.1400631299999995,44.967363660000004,14.3],[-1.1401575699999995,44.96743858,14.3],[-1.1403401500000012,44.96745162,14.3],[-1.1405794299999994,44.96730384999999,14.3],[-1.1417035700000002,44.968147340000016,13.3],[-1.1421929999999991,44.96854835,13.3],[-1.1426201699999992,44.968931839999996,13.3],[-1.143015540000001,44.96934897,13.3],[-1.1431992599999985,44.96939441000001,13.3],[-1.1433204299999995,44.96955579000001,13.3],[-1.14345371,44.96988080999999,13.3],[-1.1435500199999997,44.96996377000001,13.3],[-1.1438140700000001,44.970013429999995,13.3],[-1.1440818899999983,44.970285649999994,13.3],[-1.1442084499999992,44.97051986000001,13.3],[-1.1443038099999994,44.970778669999994,13.3],[-1.14441987,44.971282849999994,13.3],[-1.1444445,44.97152987000001,13.3],[-1.1444220699999996,44.97179308,13.3],[-1.1442650600000004,44.97231465000001,13.3],[-1.1441554300000005,44.97253242000001,13.3],[-1.14382644,44.97289271,13.3],[-1.1437589700000002,44.97295924,13.3],[-1.1432866500000005,44.97327077,13.3],[-1.1430544799999995,44.97346335999999,13.3],[-1.1423512700000005,44.97420815,13.3],[-1.14183003,44.974717150000004,13.3],[-1.1415965899999998,44.97484125000001,13.3],[-1.1414158300000006,44.97497331,13.3],[-1.140978779999999,44.97510951000002,13.3],[-1.1403406899999995,44.97537852,13.3],[-1.1398074199999984,44.97557058999999,13.3],[-1.1394983700000005,44.97572005000001,13.3],[-1.139064970000001,44.976163550000024,13.3],[-1.1384411299999997,44.976694380000005,13.3],[-1.1381249999999992,44.97685131,13.3],[-1.137817499999999,44.977159390000004,13.3],[-1.1377253499999995,44.97718446,13.3],[-1.1376297999999991,44.977249320000006,13.3],[-1.137493869999999,44.97743830999999,13.3],[-1.1374736399999992,44.977542750000005,13.3],[-1.1375169000000003,44.97807669,13.3],[-1.1375548700000002,44.978212320000004,13.3],[-1.1376273799999985,44.97833405,13.3],[-1.13754883,44.978646219999995,13.3],[-1.13736962,44.97909198,13.3],[-1.1369970399999993,44.979602629999995,13.3],[-1.1365334600000006,44.980033719999994,13.3],[-1.1358292300000001,44.98050892000001,13.3],[-1.1356460099999999,44.98071138999999,13.3],[-1.1353646300000009,44.98094365,13.3],[-1.1348714,44.98123157999999,13.3],[-1.13474533,44.98139945999999,13.3],[-1.1339937499999995,44.98176732000001,13.3],[-1.13368843,44.98198514,13.3],[-1.1335194099999992,44.98215641999999,13.3],[-1.1330315699999989,44.982414389999995,13.3],[-1.1328188199999998,44.982544020000006,13.3],[-1.1327217699999999,44.982640489999994,13.3],[-1.1319581000000003,44.983016900000024,13.3],[-1.13170715,44.98328318,13.3],[-1.13168295,44.98364382000001,13.3],[-1.1317745899999998,44.98412818,13.3],[-1.1316314699999996,44.98456447,13.3],[-1.1314177400000003,44.98478428999999,13.3],[-1.1310187499999997,44.98505878000002,13.3],[-1.1309210500000002,44.985094870000005,13.3],[-1.1307923599999998,44.98524481,13.3],[-1.1304900999999996,44.98540119999999,13.3],[-1.130286319999998,44.985566549999994,13.3],[-1.1300049300000001,44.98571315,13.3],[-1.1297445199999998,44.98590314000001,13.3],[-1.1296561200000008,44.986030850000006,13.3],[-1.129465839999999,44.986120869999986,13.3],[-1.1295046299999991,44.98616451000001,13.3],[-1.1294367699999994,44.986277919999985,13.3],[-1.12975402,44.98634187,13.3],[-1.1300051100000001,44.98643893,13.3],[-1.1302064900000002,44.98661988999999,13.3],[-1.1302240599999989,44.98672021,13.3],[-1.1302011399999998,44.98684007999999,13.3],[-1.1304631600000001,44.98694754999999,13.3],[-1.1307890999999994,44.98714642,13.3],[-1.1310908000000002,44.98729208,13.3],[-1.1313672700000001,44.98747475000001,13.3],[-1.1316537299999996,44.98770663999999,13.3],[-1.1316933499999993,44.98784761999999,13.3],[-1.1319810399999992,44.98802716999999,13.3],[-1.13281813,44.98843784,13.3],[-1.1329100799999992,44.988461470000004,13.3],[-1.1332801100000005,44.98848287,13.3],[-1.1336010399999998,44.988579129999984,13.3],[-1.13411599,44.98899725999999,13.3],[-1.1346295100000001,44.989533559999984,13.3],[-1.1348601299999994,44.98968006000001,13.3],[-1.1351668499999998,44.98982463000001,13.3],[-1.1357727099999981,44.990028389999985,13.3],[-1.13627219,44.99006481000001,13.3],[-1.1364446200000002,44.99016298,13.3],[-1.136713829999999,44.990212469999996,13.3],[-1.1368797499999999,44.990205389999986,13.3],[-1.13703977,44.99032475999999,13.3],[-1.1372203499999993,44.99036131999998,13.3],[-1.1373298399999996,44.99041585000001,13.3],[-1.1376841199999999,44.99051627000002,13.3],[-1.1386599299999993,44.990705349999985,13.3],[-1.1391874699999995,44.99084620000001,13.3],[-1.13973503,44.99093130000001,13.3],[-1.1398977499999996,44.99093245,13.3],[-1.1400436699999998,44.99089546,13.3],[-1.1400887999999991,44.99100738,13.3],[-1.1401257399999998,44.99102583999999,13.3],[-1.1404905199999997,44.99107898000002,13.3],[-1.141255429999999,44.99113073,13.3],[-1.1417236199999987,44.99129360999999,13.3],[-1.1420033200000006,44.99127868000001,13.3],[-1.1421327500000003,44.99137935,13.3],[-1.14227019,44.991399470000005,13.3],[-1.142466519999999,44.99139126000001,13.3],[-1.1430088900000002,44.99150899000001,13.3],[-1.1437373900000005,44.99161799000001,13.3],[-1.14406716,44.99164446000001,13.3],[-1.1444025199999999,44.991797860000005,13.3],[-1.1447713099999983,44.99183640999999,13.3],[-1.1449707099999997,44.99190381,13.3],[-1.145147829999999,44.991927860000004,13.3],[-1.14534342,44.99206391999999,13.3],[-1.1455035599999994,44.99244203999999,13.3],[-1.1457352099999987,44.99337379000001,13.3],[-1.145738859999998,44.993526020000004,13.3],[-1.1456858899999993,44.99370291000002,13.3],[-1.1455295300000004,44.99394226000002,13.3],[-1.145458229999999,44.9939918,13.3],[-1.1452994900000004,44.99406174000001,13.3],[-1.1450359699999995,44.99424377,13.3],[-1.1448584199999985,44.99433423999998,13.3],[-1.144602649999999,44.99439786999999,13.3],[-1.1441747100000004,44.99465906000001,13.3],[-1.1439103700000004,44.99486456000001,13.3],[-1.1435075299999988,44.99498416000001,13.3],[-1.1433771099999994,44.99516212999999,13.3],[-1.1431887500000004,44.99527824999999,13.3],[-1.1430156099999988,44.99530813999998,13.3],[-1.1427484800000005,44.99544162000001,13.3],[-1.14267831,44.99545505,13.3],[-1.14254784,44.9955636,13.3],[-1.1421789399999986,44.99564405999999,13.3],[-1.1417874499999991,44.995951670000004,13.3],[-1.141659369999999,44.99609259,13.3],[-1.141547759999999,44.99628428,13.3],[-1.1414864600000003,44.99667516,13.3],[-1.1415147099999992,44.99683369,13.3],[-1.1417527499999998,44.99718277,13.3],[-1.141788469999999,44.99732208999999,13.3],[-1.14176155,44.99752504999999,13.3],[-1.14165274,44.997720250000015,13.3],[-1.141435059999999,44.99793843000001,13.3],[-1.1410705099999996,44.99821527999998,13.3],[-1.140798490000001,44.99833450000002,13.3],[-1.1404848399999994,44.99852651000001,13.3],[-1.140094229999999,44.99864023000001,13.3],[-1.1399864999999998,44.99869563000001,13.3],[-1.1391610599999997,44.99923578,13.3],[-1.1389317400000003,44.99953734,13.3],[-1.1386981099999984,44.99974618999998,13.3],[-1.1382931799999993,45.000044370000005,13.3],[-1.1379294699999998,45.00055649000001,13.3],[-1.137465220000001,45.000860480000014,13.3],[-1.1372778399999999,45.00093867999999,13.3],[-1.1371581299999998,45.001124360000006,13.3],[-1.1363618800000002,45.00151012,13.3],[-1.136040579999999,45.00173664999998,13.3],[-1.135729799999999,45.001796000000006,13.3],[-1.1356165400000002,45.001793899999996,13.3],[-1.1353641099999991,45.00188624,13.3],[-1.1348954999999996,45.00199382000002,13.3],[-1.1338197900000004,45.00222675999999,13.3],[-1.1331268500000002,45.00234267999999,13.3],[-1.13245892,45.002436030000005,13.3],[-1.132093859999999,45.00244869,13.3],[-1.1319567900000003,45.002433950000004,13.3],[-1.1315207799999991,45.00253581,13.3],[-1.1305346200000004,45.00262203,13.3],[-1.1297816400000005,45.002733849999984,13.3],[-1.1287956299999995,45.00275332999999,13.3],[-1.1284136999999992,45.00288202,13.3],[-1.1282779299999985,45.002953779999984,13.3],[-1.1280587200000003,45.002997079999986,13.3],[-1.1277080100000003,45.003118289999996,13.3],[-1.1274206499999995,45.00311633,13.3],[-1.127233400000001,45.003162050000014,13.3],[-1.1270277600000007,45.00328599,13.3],[-1.1268656,45.00331004,13.3],[-1.1266760299999994,45.00329003000002,13.3],[-1.12640186,45.00319110999999,13.3],[-1.1259063900000001,45.003469159999995,13.3],[-1.1258434199999983,45.00361484999999,13.3],[-1.1256160499999999,45.003702620000006,13.3],[-1.1254905699999995,45.00386236000001,13.3],[-1.1249517500000001,45.00396619000001,13.3],[-1.1248711299999983,45.004062049999995,13.3],[-1.1247796699999992,45.00407987000001,13.3],[-1.1239275200000003,45.00408803000001,13.3],[-1.1237481600000003,45.00418935,13.3],[-1.123654099999999,45.00420635999999,13.3],[-1.1231815099999995,45.00419142999999,13.3],[-1.1229974799999995,45.00429833,13.3],[-1.1227338299999994,45.004359499999985,13.3],[-1.122474869999999,45.00438082,13.3],[-1.1218040000000002,45.00417578,13.3],[-1.121736220000001,45.00418730999998,13.3],[-1.121727529999999,45.00422458999999,13.3],[-1.1219798899999998,45.00432073000002,13.3],[-1.1219683299999996,45.00435360999999,13.3],[-1.1216161000000004,45.00440273000001,13.3],[-1.1215199999999992,45.00449555,13.3],[-1.12122161,45.00451652999999,13.3],[-1.1208145399999991,45.004821929999984,13.3],[-1.1205378800000014,45.00489619999999,13.3],[-1.120257030000001,45.00493095000001,13.3],[-1.1202215699999993,45.00498455,13.3],[-1.1201169499999997,45.005030809999994,13.3],[-1.1197639099999992,45.005103389999995,13.3],[-1.1195754700000005,45.00520234,13.3],[-1.1193920100000003,45.0052479,13.3],[-1.1191556100000004,45.005351329999996,13.3],[-1.1191056300000004,45.005604729999995,13.3],[-1.1190340899999989,45.00565154999999,13.3],[-1.1189595800000007,45.005657920000004,13.3],[-1.1188618699999986,45.005625470000005,13.3],[-1.1187965299999998,45.00556658999998,13.3],[-1.1187020899999998,45.005319440000015,13.3],[-1.1186836,45.00511997000001,13.3],[-1.1187470900000005,45.00503287000001,13.3],[-1.1189909600000005,45.004927359999975,13.3],[-1.1188939199999992,45.00478309,13.3],[-1.1188917800000002,45.004684899999994,13.3],[-1.11893602,45.00466433,13.3],[-1.1191285099999992,45.00481047000001,13.3],[-1.1193298999999988,45.0050257,13.3],[-1.1194443399999998,45.00506113000001,13.3],[-1.1195727500000006,45.00506179000001,13.3],[-1.1195949799999991,45.00503572000001,13.3],[-1.1195418399999997,45.00488350999999,13.3],[-1.1196298,45.00480091000001,13.3],[-1.1192479900000012,45.0046726,13.3],[-1.1190891499999993,45.00458652,13.3],[-1.1191335499999993,45.00451636,13.3],[-1.1192725199999995,45.00447064,13.3],[-1.119409110000001,45.00439255000002,13.3],[-1.119350449999999,45.00433792,13.3],[-1.1190724200000004,45.00422108999999,13.3],[-1.1189414800000002,45.004116849999996,13.3],[-1.1187634499999992,45.00421900999999,13.3],[-1.1187180599999995,45.00427568999999,13.3],[-1.118856020000001,45.00447525000002,13.3],[-1.118807599999999,45.00455998999998,13.3],[-1.1185677800000002,45.00470321000002,13.3],[-1.1184895399999994,45.00491798,13.3],[-1.1184719800000003,45.005059280000005,13.3],[-1.1177955799999997,45.0049518,13.3],[-1.1177006199999988,45.00490482000001,13.3],[-1.1176569000000007,45.004846029999996,13.3],[-1.117648009999999,45.00475981000002,13.3],[-1.1176894200000003,45.004683440000015,13.3],[-1.11776162,45.00464560999999,13.3],[-1.1179135399999993,45.00468956999998,13.3],[-1.11801647,45.00479305,13.3],[-1.1180965899999997,45.00479369,13.3],[-1.11813363,45.00476165999999,13.3],[-1.1182523200000005,45.004509330000005,13.3],[-1.118266119999999,45.00440333,13.3],[-1.1181681099999992,45.00433212000001,13.3],[-1.11814412,45.004282520000004,13.3],[-1.1181145099999996,45.00405281,13.3],[-1.1180451,45.00400760000001,13.3],[-1.1179921299999989,45.00401315999999,13.3],[-1.1179396099999999,45.00405928999998,13.3],[-1.1179536899999991,45.004267939999984,13.3],[-1.1177299400000003,45.00442228000001,13.3],[-1.1176128499999995,45.00445457,13.3],[-1.1172169000000007,45.00432407000001,13.3],[-1.1171427099999998,45.00424838000001,13.3],[-1.11709886,45.00396329,13.3],[-1.1165838299999993,45.003233129999984,13.3],[-1.11642434,45.003241740000014,13.3],[-1.1162752699999998,45.00321930999999,13.3],[-1.11582414,45.002942989999994,13.3],[-1.1158595699999994,45.002819960000004,13.3],[-1.1158122099999996,45.00271172,13.3],[-1.1155758899999988,45.002504980000005,13.3],[-1.115422940000001,45.00229155000002,13.3],[-1.1153979699999992,45.00191740999999,13.3],[-1.1154200299999995,45.001439649999995,13.3],[-1.1154679399999992,45.001209770000024,13.3],[-1.115446429999999,45.00095180999999,13.3],[-1.1155344399999998,45.000696999999995,13.3],[-1.1155207800000002,45.00026924999998,13.3],[-1.1154286800000004,44.99974252000001,13.3],[-1.1154939699999995,44.99924783,13.3],[-1.1153163400000004,44.99764415000001,14.3],[-1.115352319999999,44.99595593000001,14.3],[-1.11527102,44.99595623,14.3],[-1.115251779999999,44.99773399,14.2],[-1.1152127999999994,44.99858655,13.3],[-1.115221939999999,45.00000713,13.3],[-1.1151829699999998,45.00063518000001,13.3],[-1.1150674099999995,45.00544137000001,13.3],[-1.1150660800000012,45.00715176,13.4],[-1.1150189699999995,45.00746185,13.4],[-1.1149454599999995,45.01007469999999,13.4],[-1.1149575799999993,45.01051604,13.4],[-1.1151056699999984,45.01123364999999,13.4],[-1.1154289099999992,45.01203403000002,13.4],[-1.1156185599999995,45.01236601000001,13.4],[-1.1166618400000001,45.01372759,13.4],[-1.1169879300000003,45.01428984000002,13.4],[-1.1173436400000007,45.01475362000001,13.4],[-1.1183038700000003,45.01614261000001,13.4],[-1.1201718099999995,45.018688989999994,13.4],[-1.1204669099999989,45.01905401999999,13.4],[-1.121070989999999,45.019954889999994,13.4],[-1.1214265099999994,45.020397929999994,13.4],[-1.1218410799999992,45.02098664999999,13.4],[-1.1221984499999995,45.021627069999994,13.4],[-1.1225411899999986,45.02243123,13.4],[-1.1227649899999996,45.02332905000001,13.4],[-1.1228165600000009,45.02335599000002,13.4],[-1.1227717799999997,45.02349018999998,13.4],[-1.12279861,45.02425104999998,13.4],[-1.12282687,45.0243068,13.4],[-1.1229461300000003,45.02440697000001,13.4],[-1.1228811899999993,45.02442289999999,13.4],[-1.1228508099999994,45.02445919000001,13.4],[-1.122861169999999,45.025203539999985,13.4],[-1.1230091899999988,45.02710855999999,13.4],[-1.1236034799999983,45.03777603999998,13.4],[-1.1237372700000003,45.03955627999999,13.4],[-1.12419476,45.047571809999994,13.4],[-1.12439802,45.05015552000001,13.9],[-1.12445643,45.05153373000001,13.9],[-1.1247965699999987,45.05700747,13.9],[-1.1249979299999997,45.05966790000001,13.9],[-1.1250051799999998,45.060266299999995,13.9],[-1.1248071300000013,45.06027184000001,13.9],[-1.1247687899999994,45.06002801999999,13.9],[-1.1246012099999991,45.0575665,13.9],[-1.1241755899999992,45.05067497999999,13.9],[-1.1241380299999997,45.050493349999996,13.9],[-1.1241621999999996,45.05021746,13.9],[-1.1241079499999989,45.04975783999998,13.4],[-1.1241062900000007,45.049079890000016,13.4],[-1.1240193300000012,45.047572900000006,13.4],[-1.1232004099999997,45.03427469,13.4],[-1.1225587500000003,45.02318703000002,13.4],[-1.1223971800000008,45.02259885000001,13.4],[-1.1220585200000004,45.021763889999995,13.4],[-1.1217613599999994,45.02121591000001,13.4],[-1.1193925199999992,45.017859519999995,13.4],[-1.1183934400000006,45.016530589999995,13.4],[-1.1155726399999994,45.012605730000004,13.4],[-1.1151895,45.01188960999999,13.4],[-1.11489896,45.01118809999999,13.4],[-1.1148252100000005,45.01084191000002,13.4],[-1.1147841300000008,45.01031779000001,13.4],[-1.1150209000000006,44.99628736000001,13.3],[-1.1148007199999983,44.99631715,13.3],[-1.1147889999999996,44.99638249999999,13.3],[-1.114851939999999,44.997221360000005,13.3],[-1.1149049699999996,44.99740693,13.3],[-1.1148666699999996,44.997732919999976,13.3],[-1.1148991199999987,44.998381769999995,13.3],[-1.1147903299999986,44.99880324,13.3],[-1.1147591199999995,44.99879357,13.3],[-1.1146028799999996,44.998535190000005,13.3],[-1.1145310099999983,44.998490959999984,13.3],[-1.1144295799999988,44.99847668000003,13.3],[-1.114225869999999,44.99848873,13.3],[-1.1141711599999997,44.998522310000006,13.3],[-1.1144003999999994,44.999116999999984,13.3],[-1.114697439999999,44.99926829000001,13.3],[-1.1147654200000001,44.99955339,13.3],[-1.1147473599999997,44.99972265,13.3],[-1.1146997,44.99978302000002,13.3],[-1.1144521699999994,44.99989045000002,13.3],[-1.1143599500000005,45.00005345000002,13.3],[-1.1142800100000005,45.00010689999999,13.3],[-1.1141758800000003,45.000125180000005,13.3],[-1.1136493100000007,44.99998057,13.3],[-1.1134609599999987,44.99987302999998,13.3],[-1.1132244600000003,44.99966358999999,13.3],[-1.1129019099999993,44.99926889999999,13.3],[-1.1130272400000003,44.99907223000002,13.3],[-1.1129956599999995,44.999022909999994,13.3],[-1.1123897400000002,44.99869730000001,13.3],[-1.1121651600000002,44.99851176000001,13.3],[-1.1120472200000013,44.9984458,13.3],[-1.111996029999999,44.99821599000001,13.3],[-1.1119664600000005,44.997692350000015,13.3],[-1.1119912899999995,44.99747685,13.3],[-1.11187406,44.997074569999995,13.3],[-1.1118338200000002,44.996820899999996,13.3],[-1.1117895199999996,44.99675401999999,13.3],[-1.1117263100000003,44.996723899999985,13.3],[-1.111621539999999,44.99671605000002,13.3],[-1.1113484600000012,44.9967523,13.3],[-1.1112080700000004,44.99674397,13.3],[-1.1111870199999996,44.996613109999984,13.3],[-1.1112368399999992,44.99653012000002,13.3],[-1.1113813799999992,44.996422,13.3],[-1.11142378,44.996359119999994,13.3],[-1.111487979999999,44.996022260000004,13.3],[-1.1115924100000003,44.995956180000015,13.3],[-1.1115942400000005,44.995911939999985,13.3],[-1.1113194000000004,44.99590677000001,13.3],[-1.1109203100000002,44.99569793999999,13.3],[-1.1112811699999998,44.995559270000015,13.3],[-1.1115653999999997,44.99539819000002,13.3],[-1.11170283,44.99534893,13.3],[-1.1119021899999997,44.99532984,13.3],[-1.1120007899999997,44.99528833000001,13.3],[-1.1120180300000009,44.99524622000001,13.3],[-1.1119907899999992,44.99518682000001,13.3],[-1.111928050000001,44.99516299,13.3],[-1.1117426499999992,44.99514730999999,13.3],[-1.1117187899999994,44.99522032,13.3],[-1.1114424999999986,44.99528192,13.3],[-1.1111687799999992,44.99529205,13.3],[-1.1110881899999998,44.99523281999999,13.3],[-1.1109333300000004,44.99504470000002,13.3],[-1.1109710599999998,44.99498740999998,13.3],[-1.111082279999999,44.994927389999994,13.3],[-1.1113836599999993,44.99484412,13.3],[-1.111538169999999,44.994681529999994,13.3],[-1.111657650000001,44.994370570000015,13.3],[-1.1117304199999998,44.994357959999995,13.3],[-1.1117675200000008,44.994326840000014,13.3],[-1.1117698299999994,44.99427175,13.3],[-1.1116632299999996,44.994031359999994,13.3],[-1.1115363099999995,44.99384312,13.3],[-1.1116124299999994,44.99363384,13.3],[-1.1115533600000005,44.993331279999985,13.3],[-1.1115063400000003,44.993331219999995,13.3],[-1.1112983599999988,44.99356159999999,13.3],[-1.111229159999999,44.993795870000014,13.3],[-1.1112570599999998,44.99386426000002,13.3],[-1.1108595,44.99377979,13.3],[-1.1107803899999997,44.99379263,13.3],[-1.1104236399999998,44.99417728000001,13.3],[-1.1103347599999993,44.994143600000015,13.3],[-1.1098327700000001,44.99377898000002,13.3],[-1.1095120699999999,44.99384131999999,13.3],[-1.10961549,44.993605790000004,13.3],[-1.109560989999999,44.99353837999999,13.3],[-1.10928832,44.99340691000002,13.3],[-1.10945949,44.993263539999994,13.3],[-1.1096618899999997,44.993182129999994,13.3],[-1.1097096599999998,44.99298471,13.3],[-1.1097864199999992,44.99290524,13.3],[-1.1097771800000003,44.992502570000006,13.3],[-1.1098867500000007,44.99233353,13.3],[-1.109646629999999,44.99238568,13.3],[-1.1095798199999998,44.99244495000001,13.3],[-1.1094511699999998,44.99245781999999,13.3],[-1.1094202699999984,44.99257347000002,13.3],[-1.1093502199999985,44.99260580999997,13.3],[-1.1089145100000004,44.99271117,13.3],[-1.1088418200000008,44.99279409999999,13.3],[-1.1088329900000005,44.99291614,13.3],[-1.1087531999999998,44.992954250000004,13.3],[-1.1086775799999995,44.992945320000004,13.3],[-1.1085611799999995,44.99288290999998,13.3],[-1.1082992299999994,44.99253375000001,13.3],[-1.1081597600000004,44.99246858,13.3],[-1.1079630800000002,44.99248937,13.3],[-1.1078979399999995,44.99238088,13.3],[-1.1081373800000012,44.99226744999999,13.3],[-1.1081329099999992,44.992102629999984,13.3],[-1.108195279999999,44.99200024000001,13.3],[-1.1082853200000005,44.99198069,13.3],[-1.1083967299999993,44.99142119,13.3],[-1.1084077299999997,44.99048041999999,13.3],[-1.1082971400000001,44.990254600000014,13.3],[-1.1082000400000005,44.9902645,13.3],[-1.1072410999999998,44.99013043000001,13.3],[-1.1072157599999994,44.989715740000015,13.3],[-1.1073580399999996,44.98942107,13.3],[-1.1075419299999991,44.98920871000001,13.3],[-1.1075468299999989,44.989085010000004,13.3],[-1.1074496199999995,44.989058849999985,13.3],[-1.1070945500000005,44.989102630000005,13.3],[-1.1065950399999986,44.98904804999999,13.0],[-1.1063828599999994,44.98911719,13.0],[-1.1063914999999993,44.98914843000002,13.0],[-1.1066420499999996,44.989221220000005,13.0],[-1.106787549999999,44.989316819999985,13.0],[-1.1069580399999996,44.98959723,13.0],[-1.1069341599999993,44.989687370000006,13.0],[-1.1067424900000002,44.99003616000001,13.0],[-1.1067254299999998,44.99018465,13.0],[-1.1066462699999997,44.99035256,13.0],[-1.1066064199999996,44.99039821000001,13.0],[-1.1065017599999998,44.99042642,13.0],[-1.106261049999999,44.990383920000006,13.0],[-1.1061272699999998,44.99030951999999,13.0],[-1.1058584399999989,44.98991824,13.0],[-1.1056626999999997,44.989847929999996,13.0],[-1.10563232,44.98965882000002,13.0],[-1.1055750400000002,44.98957078000001,13.0],[-1.1053592800000007,44.98952194,13.0],[-1.1046309400000005,44.9895867,13.0],[-1.1045787400000004,44.98972387000001,13.0],[-1.1046766500000007,44.98986361,13.0],[-1.1047308399999998,44.989892260000005,13.0],[-1.1049750299999994,44.98991300000001,13.0],[-1.1052952499999997,44.99001748000001,13.0],[-1.10550437,44.990114340000005,13.0],[-1.1056293999999989,44.990363970000004,13.0],[-1.10565022,44.99050926000001,13.0],[-1.105487019999999,44.99060545,13.0],[-1.105326179999999,44.99066458,13.0],[-1.1049158299999995,44.99076899000002,13.0],[-1.1047889200000005,44.99077097,13.0],[-1.1047548499999995,44.9907569,13.0],[-1.1046511899999996,44.99055606999999,13.0],[-1.1045804199999998,44.990335989999984,13.0],[-1.1045385800000003,44.99028524000001,13.0],[-1.10443685,44.99024933,13.0],[-1.1041583600000002,44.990246080000006,13.0],[-1.104112590000001,44.99019367999999,13.0],[-1.1041321199999994,44.99004419,13.0],[-1.1042333500000001,44.98981325999999,13.0],[-1.1041993799999992,44.98960985,13.0],[-1.1041645299999983,44.98958499,13.0],[-1.1040506900000002,44.98959190000001,13.0],[-1.103579679999999,44.98966608,13.0],[-1.1035051299999996,44.98965440999998,13.0],[-1.10343797,44.98958747,13.0],[-1.1034447300000008,44.989558370000005,13.0],[-1.1035616799999994,44.989507169999996,13.0],[-1.1036874000000005,44.98940245000001,13.0],[-1.1037065999999989,44.9892656,13.2],[-1.1036447899999997,44.989167810000005,13.2],[-1.1032124099999998,44.98900615,13.2],[-1.1031685199999997,44.989014080000004,13.2],[-1.1031575600000003,44.989037929999995,13.2],[-1.1032035399999995,44.98907590000001,13.2],[-1.1029404799999996,44.98921364,13.2],[-1.1028343500000002,44.98932575,13.2],[-1.1024538900000003,44.9891793,13.2],[-1.1022242699999993,44.98935727000001,13.2],[-1.1020533299999982,44.98938251,13.2],[-1.1019407,44.989371340000005,13.2],[-1.1017729099999998,44.98930089999999,13.2],[-1.1017501499999993,44.98925035,13.2],[-1.10175828,44.98918784,13.2],[-1.1019547999999992,44.98904355,13.2],[-1.101944849999999,44.988838349999995,13.2],[-1.1018711,44.98875091,13.2],[-1.1018390499999988,44.98872956,13.2],[-1.1014793899999995,44.98867611,13.2],[-1.1010120900000002,44.98848869,13.2],[-1.1008278399999993,44.98848826999998,13.2],[-1.1007749499999993,44.98856415000001,13.2],[-1.1008131199999998,44.98905049999999,13.2],[-1.1011206199999999,44.98918973,13.2],[-1.1011709300000005,44.98923475000001,13.2],[-1.1011516399999997,44.98931841,13.2],[-1.1011264700000005,44.989356300000004,13.2],[-1.1009445000000004,44.989404489999984,13.2],[-1.10085913,44.98934903,13.2],[-1.1007160400000007,44.98932095,13.2],[-1.1006425100000001,44.989219079999984,13.2],[-1.1005149599999997,44.98912551,13.2],[-1.1004359800000003,44.989157279999986,13.4],[-1.1003047299999997,44.98944702000001,13.4],[-1.1002432200000005,44.98976935000002,13.4],[-1.1004219099999997,44.99052641,13.4],[-1.10040676,44.99075325999999,13.4],[-1.1002786400000004,44.990981579999996,13.4],[-1.100167050000001,44.99107135000001,13.4],[-1.1000122999999997,44.991178930000004,13.4],[-1.0999335300000002,44.99112684,13.1],[-1.1002424999999998,44.99083505,13.1],[-1.1003343800000003,44.99063241999999,13.1],[-1.1003147599999996,44.99043389,13.1],[-1.1001655199999998,44.98992278,13.1],[-1.1001653300000003,44.98969468999999,13.1],[-1.1001958499999998,44.98950423,13.1],[-1.1003445599999992,44.98914080999999,13.1],[-1.1005537199999988,44.988822049999996,13.1],[-1.1005526599999997,44.98866882000001,13.1],[-1.1004975300000006,44.98850586,13.1],[-1.1001438799999992,44.988447680000014,13.1],[-1.0999564299999995,44.98843837,13.1],[-1.0998810700000003,44.988450160000006,13.1],[-1.0997893299999997,44.98849863000001,13.1],[-1.09973226,44.98862154,13.1],[-1.0997469799999993,44.98871837,13.1],[-1.0998650299999988,44.988838439999995,13.1],[-1.1000790100000002,44.98893242,13.1],[-1.1000808400000004,44.98897473,13.1],[-1.1000401499999983,44.98906097999999,13.1],[-1.1000020499999996,44.98907860999999,13.1],[-1.09956925,44.989154080000006,13.1],[-1.0994656300000003,44.98921380000001,13.1],[-1.0994359799999989,44.98939882000002,13.1],[-1.09947912,44.98955410000001,13.1],[-1.0993908299999993,44.98968448,13.1],[-1.099306299999999,44.98972727000001,13.1],[-1.09916786,44.989727860000016,13.1],[-1.0990799299999998,44.98962021,13.1],[-1.09912728,44.989191109999986,13.1],[-1.0990622700000012,44.989049260000016,13.1],[-1.09891314,44.98899074,13.1],[-1.09863851,44.989005380000016,13.1],[-1.0986599699999997,44.98909024,13.1],[-1.0985507399999992,44.98929892,13.1],[-1.0983308800000011,44.98929801,13.1],[-1.098288249999999,44.98923647,13.1],[-1.0984308600000001,44.989067129999995,13.1],[-1.0986267599999988,44.988949010000006,13.1],[-1.0986525000000003,44.98888405000001,13.1],[-1.0985835700000004,44.98879281999999,13.1],[-1.0984694999999993,44.988761870000005,13.1],[-1.098442050000001,44.98873403000001,13.1],[-1.0984738699999994,44.98864811,13.1],[-1.09883061,44.98860971,13.1],[-1.0990441900000003,44.988559460000005,13.1],[-1.0991568100000007,44.98815410000001,13.1],[-1.09920701,44.98809365000001,13.1],[-1.09933597,44.98803299000001,13.1],[-1.0994828499999993,44.98799151,13.1],[-1.0995393300000003,44.987999349999996,13.1],[-1.0998361599999997,44.98827060000001,13.1],[-1.0999377499999996,44.98830472,13.1],[-1.10032279,44.98830584999999,13.1],[-1.1004902600000002,44.988354669999985,13.1],[-1.100742819999999,44.98833363000001,13.1],[-1.100782410000001,44.98821495999999,13.1],[-1.1007280799999999,44.988115089999994,13.1],[-1.100742380000001,44.988084810000004,13.1],[-1.10078714,44.98807144,13.1],[-1.1009096699999994,44.98811380000001,13.1],[-1.1011828100000003,44.98833903999999,13.1],[-1.1012980200000002,44.988368150000014,13.1],[-1.1013624999999994,44.98836396,13.1],[-1.1014257600000001,44.98832557,13.1],[-1.10159153,44.98810848,13.1],[-1.1016912899999995,44.98811741999999,13.1],[-1.1017590999999993,44.98819336,13.1],[-1.1017109399999994,44.98843766,13.1],[-1.1017229500000003,44.98849761999999,13.1],[-1.1018065999999989,44.98854682999999,13.1],[-1.1021380699999999,44.9886491,13.1],[-1.1027015499999988,44.98867518999999,13.1],[-1.1029061499999997,44.98865862,13.1],[-1.1033335799999993,44.988544579999996,13.1],[-1.1034892999999981,44.98853702,13.1],[-1.1035706400000005,44.98855475999998,13.1],[-1.10404459,44.988763559999995,13.1],[-1.1043015999999994,44.98892446999999,13.1],[-1.1043753699999999,44.989064199999994,13.1],[-1.1043980700000002,44.989183280000006,13.1],[-1.1044629199999996,44.989235879999995,13.1],[-1.1046427400000005,44.98919318,13.1],[-1.1048237899999995,44.989271239999994,13.1],[-1.1049737100000014,44.98927111,13.1],[-1.105242089999999,44.98922334,13.1],[-1.1055575400000002,44.98912423000001,13.2],[-1.10656467,44.988755250000004,13.3],[-1.1069355300000001,44.98864959,13.3],[-1.107046969999999,44.98855801999999,13.3],[-1.10725909,44.98848797000001,13.3],[-1.1075605600000002,44.98825053,13.3],[-1.10803925,44.987969580000005,13.3],[-1.1083826800000005,44.98797492000002,13.3],[-1.1084747499999996,44.98791382000001,13.3],[-1.108509729999999,44.9877845,13.3],[-1.1084332199999993,44.98772872,13.3],[-1.1083425599999992,44.987601340000005,13.3],[-1.1081933900000003,44.98768078999999,13.3],[-1.1079920199999997,44.98774142,13.3],[-1.1077255999999993,44.98767734,13.3],[-1.10773924,44.98779403999999,13.3],[-1.1079194900000016,44.98779189000001,13.3],[-1.107950460000001,44.98785025000001,13.3],[-1.107853290000001,44.9879458,13.3],[-1.1076534399999989,44.98802711,13.3],[-1.1074516199999993,44.988064320000014,13.3],[-1.1071955699999996,44.98803772000001,13.3],[-1.1070264599999995,44.98794930000001,13.3],[-1.1068909899999997,44.98773071000001,13.3],[-1.1068508400000006,44.9877376,13.3],[-1.1068325100000003,44.98781672,13.3],[-1.1067414099999997,44.987908439999984,13.3],[-1.1067378300000004,44.98805012,13.3],[-1.106232569999999,44.98819410999999,13.3],[-1.106124629999999,44.98824678,13.3],[-1.1060452699999999,44.98832544000001,13.3],[-1.10529134,44.98838754999999,13.3],[-1.1051992200000003,44.988344070000004,13.3],[-1.1051777899999997,44.988294370000006,13.3],[-1.10520425,44.98815274,13.3],[-1.10529271,44.98802506,13.3],[-1.1060959899999994,44.98771769999999,13.3],[-1.106297099999998,44.98756692,13.3],[-1.1064681899999997,44.987595760000005,13.3],[-1.1064585399999998,44.98756817,13.3],[-1.10616525,44.98741491000001,13.3],[-1.1060385800000003,44.98729877999999,13.3],[-1.1060189599999997,44.987239100000004,13.3],[-1.1060908599999995,44.98681630000001,13.3],[-1.1060423800000012,44.986571059999996,13.3],[-1.1059739599999998,44.986573580000005,13.3],[-1.1059526600000003,44.98661223999998,13.3],[-1.1059894899999982,44.98675061999999,13.3],[-1.1059492099999988,44.98724076999999,13.3],[-1.1058424000000007,44.98737814999999,13.3],[-1.1057718400000003,44.98738616999999,13.3],[-1.1057267399999993,44.98708310000001,13.3],[-1.10551368,44.98668976,13.3],[-1.1057132599999997,44.986621979999995,13.3],[-1.1056935699999995,44.9865614,13.3],[-1.105589309999999,44.98643903,13.3],[-1.1055318199999993,44.98645196999999,13.3],[-1.10547817,44.98656935999998,13.3],[-1.10533056,44.98661808000001,13.3],[-1.1049906999999992,44.98650531,13.3],[-1.1049189399999984,44.986444849999984,13.3],[-1.1050035899999993,44.98640386000001,13.3],[-1.1049206099999982,44.98627708999999,13.3],[-1.1049558499999999,44.98623793,13.3],[-1.1051842700000003,44.98619974000001,13.3],[-1.1053983100000007,44.98622519000001,13.3],[-1.105500329999999,44.98614389,13.3],[-1.1054936800000004,44.9861225,13.3],[-1.105374859999999,44.98611335999999,13.3],[-1.1048732800000003,44.98618597999999,13.3],[-1.1045786299999998,44.98615268,13.3],[-1.10449217,44.98611710000001,13.3],[-1.1044535599999992,44.98604098999999,13.3],[-1.1045530799999994,44.985925519999995,13.3],[-1.1046751800000003,44.98584077000001,13.3],[-1.1047148799999995,44.98574102999998,13.3],[-1.1044630699999995,44.98584138999999,13.3],[-1.1042563499999996,44.98584632,13.3],[-1.1041672499999997,44.98570535000001,13.3],[-1.1042339399999996,44.98561002999999,13.3],[-1.1042275899999994,44.98555797,13.3],[-1.1041537099999985,44.98546872999998,13.3],[-1.1040601899999989,44.9854235,13.3],[-1.1038767899999986,44.98545191000001,13.3],[-1.1037767099999996,44.98536905,13.3],[-1.1038106499999996,44.98529477000002,13.3],[-1.1040171899999989,44.985183460000016,13.3],[-1.1040108200000012,44.985148540000004,13.3],[-1.1038530599999992,44.98505879000001,13.3],[-1.1039094499999993,44.98492687999998,13.3],[-1.1040595999999991,44.98472208999999,13.3],[-1.1039409999999996,44.98468139,13.3],[-1.1039257299999992,44.984611629999996,13.3],[-1.1037855699999997,44.98460597999999,13.3],[-1.10379565,44.98458758,13.3],[-1.1038786099999993,44.98450607999999,13.3],[-1.1040910699999988,44.98440627000001,13.3],[-1.1043018700000011,44.98438767,13.3],[-1.1043411899999982,44.98440424999998,13.3],[-1.104339029999999,44.98444399999999,13.3],[-1.1042678199999996,44.984512439999996,13.3],[-1.104271739999999,44.98453123,13.3],[-1.10432215,44.98452576999999,13.3],[-1.104531799999999,44.98437015999998,13.3],[-1.1047853799999992,44.98422466000001,13.3],[-1.10476961,44.984182870000005,13.3],[-1.1046963499999995,44.98415401999999,13.3],[-1.1042877399999995,44.984142960000014,13.3],[-1.1042354800000003,44.98412325,13.3],[-1.1040671800000008,44.984201590000005,13.3],[-1.1038325400000002,44.98418952,13.3],[-1.1038109799999996,44.98413802,13.3],[-1.103881989999999,44.983980329999994,13.3],[-1.1038688299999984,44.98393933999999,13.3],[-1.1038269500000015,44.98393998,13.3],[-1.1037553599999987,44.9839859,13.3],[-1.1037110300000006,44.984056960000004,13.3],[-1.10371413,44.98432462,13.3],[-1.103647249999999,44.98440012,13.3],[-1.1035517999999989,44.984432489999996,13.3],[-1.103291180000001,44.98446465,13.3],[-1.103049380000001,44.98440686000001,13.3],[-1.1028691899999992,44.984427030000006,13.3],[-1.1027112399999999,44.98440400999999,13.3],[-1.1023579099999998,44.98431517000001,13.3],[-1.1020972899999995,44.98427791000001,13.3],[-1.1018945500000004,44.984163670000015,13.3],[-1.1018176199999992,44.98406734000001,13.3],[-1.1017655300000002,44.98392861000002,13.3],[-1.1017729900000002,44.98387424000001,13.3],[-1.1020020599999996,44.98384504999999,13.3],[-1.1025701600000002,44.98370958999999,13.3],[-1.1026127599999997,44.98364941,13.3],[-1.1027326099999988,44.98362064999999,13.3],[-1.1027413100000003,44.98358335999999,13.3],[-1.1026487800000004,44.98348219,13.3],[-1.10251505,44.98344294999999,13.3],[-1.1023774299999993,44.98359318000001,13.3],[-1.1023538699999988,44.98368782000001,13.3],[-1.10225699,44.98368328000001,13.3],[-1.1020593500000002,44.98360402,13.3],[-1.1019529299999995,44.98367737000002,13.3],[-1.10183382,44.983629470000004,13.3],[-1.1017144799999992,44.98368255999999,13.3],[-1.1016503,44.983638950000014,13.3],[-1.1017843999999997,44.98356186999998,13.3],[-1.10186536,44.98340111000001,13.3],[-1.1018801400000002,44.98320402000002,13.3],[-1.10179991,44.9832187,13.3],[-1.10144535,44.98339046000002,13.3],[-1.1014051700000003,44.98336219,13.3],[-1.1014142700000003,44.983330300000006,13.3],[-1.101502719999999,44.98328917,13.3],[-1.1015202899999992,44.98325155,13.3],[-1.1013193899999991,44.98317963,13.3],[-1.101314899999999,44.98297964,13.3],[-1.1014015600000002,44.98293136000001,13.3],[-1.1014101600000006,44.98285802000001,13.3],[-1.10118374,44.98283662000002,13.4],[-1.100873259999999,44.982638909999984,13.4],[-1.1008835599999987,44.98260606999999,13.4],[-1.1009505899999996,44.98258465999999,13.4],[-1.1010861599999997,44.98257966000001,13.4],[-1.1011432000000003,44.98261272,13.4],[-1.1012194899999992,44.982752350000005,13.4],[-1.1012733400000003,44.98277651000001,13.4],[-1.1012968999999995,44.982751299999975,13.4],[-1.1012743100000004,44.982668290000014,13.4],[-1.1011833999999991,44.98255443999998,13.4],[-1.1008794199999992,44.98239344999999,13.4],[-1.1006146300000008,44.98196955000002,13.4],[-1.1005636900000002,44.98196783000003,13.4],[-1.1005325499999996,44.98204560999999,13.4],[-1.1007375099999996,44.98234639,13.4],[-1.100719739999999,44.98245072999999,13.4],[-1.1005954499999997,44.98252293000001,13.4],[-1.1004240699999999,44.98254188000001,13.4],[-1.0999013600000005,44.98248182000002,13.4],[-1.0998475900000004,44.98244143,13.4],[-1.1001552899999993,44.98225426999999,13.4],[-1.1001737099999997,44.98215891999999,13.4],[-1.1001387900000001,44.981994319999984,13.4],[-1.0999155599999997,44.981981810000015,13.4],[-1.099576879999998,44.981867179999995,13.4],[-1.0993057399999995,44.98182489,13.4],[-1.0991964899999993,44.981720730000006,13.4],[-1.0989249699999986,44.9813088,13.4],[-1.0987876399999985,44.98120297,13.4],[-1.0986856500000002,44.981041739999995,13.4],[-1.0984463199999999,44.98079181,13.4],[-1.0982465300000002,44.980752290000005,13.4],[-1.09812169,44.98069559000001,13.4],[-1.0979511899999992,44.980709090000005,13.4],[-1.0974883199999992,44.98030330999999,13.4],[-1.09739667,44.98026611,13.4],[-1.0972454699999996,44.980248249999995,13.4],[-1.0968539599999987,44.97982810999999,13.4],[-1.0967721300000002,44.97971663,13.4],[-1.0967208699999993,44.97950213999999,13.4],[-1.0966112799999996,44.979341190000014,13.4],[-1.09652762,44.97911797,13.4],[-1.0965574499999997,44.97902221000001,13.4],[-1.0967019299999996,44.97889607000001,13.4],[-1.0966158299999997,44.97884786000001,13.4],[-1.0964433400000002,44.97845211,13.4],[-1.0962986799999994,44.978228439999995,13.4],[-1.0961681499999996,44.97814579,13.4],[-1.096045999999999,44.97814308,13.4],[-1.0958749600000002,44.97823593999999,13.4],[-1.09573902,44.97842666999998,13.4],[-1.09555036,44.97879967000001,13.4],[-1.095451989999999,44.978826730000016,13.4],[-1.0954069799999988,44.978888789999985,13.4],[-1.0953003499999998,44.978907150000005,13.4],[-1.0950831900000002,44.97890794,13.4],[-1.0947623200000003,44.97881067,13.4],[-1.0946379999999993,44.9788477,13.4],[-1.0939827299999993,44.97878078,14.1],[-1.093981109999999,44.97867174999999,14.1],[-1.09238073,44.97867388000001,14.1],[-1.0923859399999982,44.9782238,14.1],[-1.0938468899999985,44.97822589999999,14.1],[-1.0939081099999999,44.97821193,14.1],[-1.093986,44.97813062000001,14.1],[-1.094959189999999,44.97811551000001,14.4],[-1.0950449500000003,44.97815922999999,14.4],[-1.0951187700000005,44.97814389000001,14.4],[-1.09515148,44.978104820000006,14.4],[-1.0951354,44.97805853,14.4],[-1.0950777700000005,44.97801736999999,14.4],[-1.0950194899999999,44.97801951999999,14.4],[-1.0949344299999995,44.978072239999996,14.3],[-1.0939691899999981,44.97807444,14.3],[-1.0938961800000002,44.97801402000004,14.3],[-1.09391364,44.977957479999986,13.3],[-1.0938811999999987,44.97754845,13.3],[-1.0939267299999997,44.97742415999999,13.3],[-1.0939759799999997,44.976933689999996,13.3],[-1.0940876700000002,44.97679344,13.3],[-1.094185459999999,44.976741149999995,13.3],[-1.0942612499999997,44.97675278000001,13.3],[-1.0943514099999996,44.97680446000001,13.3],[-1.0944665600000003,44.97672898999999,13.3],[-1.0944499499999998,44.97667551,13.3],[-1.0944836999999987,44.97659852999998,13.3],[-1.0946618700000001,44.97644682,13.3],[-1.094790499999999,44.97603456000001,13.3],[-1.0949248199999995,44.97585650999999,13.3],[-1.0953136099999998,44.97589266999999,13.3],[-1.0953746,44.975771420000015,13.3],[-1.0954120099999995,44.975570790000006,13.3],[-1.0953695099999985,44.975528180000005,13.3],[-1.09547332,44.97552345,13.3],[-1.0957391299999988,44.97519809999999,13.3],[-1.0959728199999992,44.97498933999999,13.3],[-1.096002670000001,44.97494586999999,13.3],[-1.0959858199999997,44.974923950000004,13.3],[-1.0964563599999997,44.97460187000001,13.3],[-1.0966813900000003,44.97451785000002,13.3],[-1.09667723,44.974478329999975,13.3],[-1.0966203699999995,44.97439567999998,13.3],[-1.0966330299999998,44.974342919999984,13.3],[-1.0965356199999998,44.974209470000005,13.3],[-1.0963385400000005,44.97415452,13.3],[-1.0959646799999987,44.97413134,13.3],[-1.0955635000000004,44.974029820000005,13.3],[-1.09502243,44.97408220999999,13.3],[-1.0946665400000002,44.97416565,13.3],[-1.0944883799999998,44.974247940000005,13.3],[-1.0942147800000013,44.97443203000001,13.3],[-1.0940873999999996,44.97467022999997,13.3],[-1.0941605799999996,44.974750480000004,13.3],[-1.0941727299999993,44.97486453,14.3],[-1.0938506599999989,44.97492418,14.3],[-1.093804539999999,44.97497095,14.3],[-1.0937716800000001,44.97521649000002,14.3],[-1.0937144299999988,44.97526729,14.3],[-1.0934495700000004,44.97524098,14.3],[-1.0931087700000002,44.97528779000001,14.3],[-1.09307601,44.97530882999999,14.3],[-1.093020919999999,44.97526758,13.3],[-1.093001389999999,44.97513937999999,13.3],[-1.09302214,44.975058370000006,13.3],[-1.093344810000001,44.97500681999999,13.3],[-1.093200039999999,44.9744685,13.3],[-1.0931470399999994,44.97440373,13.3],[-1.0921406999999996,44.97443358,13.3],[-1.0920538700000004,44.974462020000004,13.3],[-1.09164743,44.97411455,13.3],[-1.0916363599999992,44.97405003999999,13.3],[-1.091664109999999,44.97397780000001,13.3],[-1.0920071000000002,44.97380469,13.3],[-1.09200849,44.973754150000005,13.3],[-1.0919533999999997,44.9737129,13.3],[-1.0917563599999998,44.97374540000001,13.3],[-1.0916916799999992,44.973694589999994,13.3],[-1.0915479600000002,44.97374405000001,13.3],[-1.091544249999999,44.97353683000001,13.3],[-1.0914766400000004,44.973480710000004,13.3],[-1.0911872499999982,44.97334441,13.3],[-1.0911734200000012,44.97318984999998,13.3],[-1.0912243399999997,44.973139290000006,13.3],[-1.0913561400000003,44.97308305,13.3],[-1.0917265699999996,44.973059490000004,13.3],[-1.0919610200000007,44.973069790000004,13.3],[-1.0920588399999995,44.973122090000004,13.3],[-1.09235489,44.97314094000001,13.3],[-1.0927013199999998,44.97324088000001,13.3],[-1.0928280500000003,44.973306539999996,13.3],[-1.0930138599999992,44.973242000000006,13.3],[-1.0932080399999988,44.97313567,13.3],[-1.0933275500000001,44.97322412999999,13.3],[-1.093472629999999,44.97321067,13.3],[-1.093670399999999,44.97311864,13.3],[-1.0940331999999995,44.97318191000001,13.3],[-1.09412054,44.97317779,13.3],[-1.0942183099999983,44.973142640000006,13.3],[-1.0944290699999994,44.97312405,13.3],[-1.0944686299999982,44.97309194000002,13.3],[-1.0945060000000006,44.97299500000002,13.3],[-1.0944151000000004,44.97270714000002,13.3],[-1.0946338899999997,44.97278112000001,13.3],[-1.0948737599999991,44.97277858999999,13.3],[-1.0949222499999989,44.97281648,13.3],[-1.0949451799999983,44.97288686000001,13.3],[-1.0949367,44.973031420000005,13.3],[-1.0950259399999998,44.9731228,13.3],[-1.0952216600000009,44.973072310000006,13.3],[-1.095208539999998,44.97292764000001,13.3],[-1.0952687500000007,44.972917310000014,13.3],[-1.0953824600000002,44.97301319,13.3],[-1.09552973,44.972942849999995,13.3],[-1.0953929299999994,44.97280904999998,13.3],[-1.0953854200000006,44.97265426,13.3],[-1.09525614,44.97260583000001,13.3],[-1.0952101799999996,44.97249843,13.3],[-1.0951994299999992,44.97238612999998,13.3],[-1.0952653099999994,44.972175439999994,13.3],[-1.0953533499999994,44.97212892000001,13.3],[-1.0958879,44.97210921999999,13.3],[-1.0961998300000009,44.97211936000001,13.3],[-1.0961893399999993,44.972271210000024,13.3],[-1.0963795699999996,44.972440910000024,13.3],[-1.096443749999999,44.97246739,13.3],[-1.096613959999999,44.972450300000006,13.3],[-1.0967784100000002,44.97233694999999,13.3],[-1.0968243900000003,44.97235779999997,13.3],[-1.0969988700000004,44.97227744,13.3],[-1.0972703700000004,44.97209973,13.3],[-1.0973779299999986,44.97207682999999,13.3],[-1.0974589200000013,44.97209008,13.3],[-1.0975007,44.97231393,13.3],[-1.0975487199999996,44.97229322999999,13.3],[-1.0977056299999994,44.972042209999984,13.3],[-1.097870929999999,44.97187113000002,13.3],[-1.0980303699999998,44.971828290000005,13.3],[-1.098244549999999,44.97170048,13.3],[-1.09818829,44.97169533999999,13.3],[-1.0979814799999998,44.97178500999999,13.3],[-1.0978160200000002,44.97178028999999,13.3],[-1.0976848499999994,44.97181036999999,13.3],[-1.0975041900000002,44.97187562999999,13.3],[-1.0971392499999986,44.97188728999999,13.3],[-1.0967703100000001,44.97196580000001,13.3],[-1.0965632900000002,44.97198335000001,13.3],[-1.0962045599999992,44.971923540000006,13.3],[-1.0959852399999994,44.97191178999999,13.3],[-1.09549282,44.971934440000005,13.3],[-1.0951004400000002,44.97210937999998,13.3],[-1.0950295499999998,44.972130029999995,13.3],[-1.094977969999999,44.97211930999999,13.3],[-1.09499401,44.972078139999994,13.3],[-1.0952944899999997,44.97193184,13.3],[-1.0955195299999998,44.971882969999996,13.3],[-1.0960583799999992,44.97183517,13.3],[-1.0963851400000002,44.97187451000001,13.3],[-1.0965615999999996,44.97187342,13.3],[-1.0974803099999992,44.97175751,13.3],[-1.0974641000000003,44.97169229,13.3],[-1.0973790099999998,44.97165756,13.3],[-1.0973366300000011,44.97156446,13.3],[-1.0973655399999998,44.9714561,13.3],[-1.097559819999998,44.97129927999999,13.3],[-1.0977081699999993,44.97127848000002,13.3],[-1.0977995399999982,44.97131207999998,13.3],[-1.0978033200000004,44.97167618,13.3],[-1.097875779999999,44.97167711000001,13.3],[-1.09796511,44.97161341000001,13.3],[-1.0980764599999997,44.97145153000001,13.3],[-1.0981660499999997,44.971530270000024,13.3],[-1.09820907,44.971510650000006,13.3],[-1.0982047899999985,44.97145221,13.3],[-1.0980925999999998,44.971377000000004,13.3],[-1.0980712199999991,44.97129303999999,13.3],[-1.0980800699999989,44.97103216,13.3],[-1.0981113599999994,44.97093903999999,13.3],[-1.0983557700000002,44.970495469999996,13.3],[-1.09852727,44.97025293000001,13.3],[-1.0987308699999994,44.970032650000014,13.3],[-1.098766249999999,44.96990872999999,13.3],[-1.0988234799999999,44.96987506,13.3],[-1.09866735,44.969806890000015,13.3],[-1.0986341399999984,44.969752220000004,13.3],[-1.0987781800000003,44.969498970000004,13.3],[-1.0987522499999993,44.969422390000005,13.3],[-1.098384259999999,44.96935753,13.3],[-1.0982556099999998,44.96914409000001,13.3],[-1.0983295199999998,44.96895654,13.3],[-1.098441759999999,44.96891093,13.3],[-1.0984577399999995,44.968851730000004,13.3],[-1.09825862,44.96857778,13.3],[-1.0982135099999997,44.96848208,13.3],[-1.0982384999999997,44.96842436,13.3],[-1.0985604899999994,44.96827724,13.3],[-1.0990364699999997,44.96818666000001,13.3],[-1.0993961099999991,44.96832847000002,13.3],[-1.0995064399999992,44.96825677999998,13.3],[-1.0995743400000006,44.968143380000015,13.3],[-1.0996179399999995,44.96799301,13.3],[-1.0999999900000006,44.967764340000016,13.3],[-1.1002029799999997,44.967691939999995,13.3],[-1.1005195799999998,44.96773164,13.3],[-1.1006119999999986,44.967623650000014,13.3],[-1.1008400100000002,44.96752868999999,13.3],[-1.10122159,44.967432560000006,13.3],[-1.101296119999998,44.96735768,13.3],[-1.1013373699999998,44.96722723999999,13.3],[-1.101408080000001,44.96716963,13.3],[-1.1016254199999989,44.967137259999994,13.3],[-1.10171418,44.96710063,13.3],[-1.101891619999999,44.967113009999984,13.3],[-1.1020315400000003,44.96695999,13.3],[-1.10216552,44.966968569999985,13.3],[-1.1021744999999994,44.96691775,13.3],[-1.1018351499999983,44.96689692,13.3],[-1.10153985,44.966749140000005,13.3],[-1.1014402900000002,44.96663831000001,13.3],[-1.1014539800000005,44.96661707,13.3],[-1.1016468600000002,44.96658020000003,13.3],[-1.101659879999999,44.96654996000001,13.3],[-1.1015237899999997,44.96644319,13.3],[-1.1017195499999994,44.96639359000001,13.3],[-1.101779949999999,44.96631653,13.3],[-1.10194346,44.96624288,13.3],[-1.1021523799999982,44.96630368999999,13.3],[-1.1024138200000002,44.96630125,13.3],[-1.1025326499999994,44.96625899,13.3],[-1.1025043000000003,44.96620144,13.3],[-1.1024213000000007,44.96614319,13.3],[-1.102282549999999,44.96610414,13.3],[-1.1022114899999997,44.96594898,13.3],[-1.1022388699999996,44.96575053,13.3],[-1.1021841599999997,44.96573181000001,13.3],[-1.10202689,44.96575203999999,13.3],[-1.1019484499999996,44.965808130000006,13.3],[-1.1019199499999999,44.96592188,13.3],[-1.1018190600000002,44.96596618,13.3],[-1.10174483,44.966149230000006,13.3],[-1.1015692400000008,44.966162020000006,13.3],[-1.1013255899999994,44.96602586,13.3],[-1.1012859900000005,44.965953389999996,13.3],[-1.1013127900000002,44.965885689999986,13.3],[-1.10120239,44.96581763000001,13.3],[-1.1010201599999996,44.96580903,13.3],[-1.1007815499999998,44.96584579,13.3],[-1.100539709999999,44.965630219999994,13.3],[-1.1002081300000004,44.96550720999999,13.3],[-1.1001724999999998,44.96547156,13.3],[-1.1001241899999998,44.965453509999996,13.3],[-1.099970740000001,44.96552589,13.3],[-1.0998765699999993,44.965505920000005,13.3],[-1.09983908,44.96546222999999,13.3],[-1.0998524700000003,44.96540223,13.3],[-1.0999242699999991,44.96532475000002,13.3],[-1.1000077499999996,44.96530274000002,13.3],[-1.1002307099999993,44.965312540000006,13.3],[-1.1002722700000003,44.965342559999996,13.3],[-1.100275979999999,44.965445210000006,13.3],[-1.1003380099999993,44.96540776,13.3],[-1.1003496500000007,44.965358640000005,13.3],[-1.1001221099999987,44.96518220999999,13.3],[-1.1000793199999994,44.96510084999999,13.3],[-1.1000136999999997,44.96463805,13.3],[-1.0996747700000002,44.964397209999994,13.3],[-1.0995992199999993,44.96428459999999,13.3],[-1.09948825,44.963983060000004,13.3],[-1.0993599299999992,44.96384354,13.3],[-1.0993067499999989,44.9636201,13.3],[-1.09915697,44.963551700000004,13.3],[-1.09911718,44.96340710999999,13.3],[-1.0989180299999997,44.9633234,13.3],[-1.0987015500000004,44.96308976000001,13.3],[-1.0985879099999996,44.96294248000002,13.3],[-1.0986344400000005,44.96286684000002,13.3],[-1.0983253499999994,44.96273849,13.3],[-1.0982969899999993,44.96276749000001,13.3],[-1.0983733399999995,44.962873760000015,13.3],[-1.0983358899999989,44.96293465000001,13.3],[-1.0982310199999992,44.96288983000001,13.3],[-1.0980399399999996,44.962725580000004,13.3],[-1.0980193799999995,44.96268756999999,13.3],[-1.098096,44.96265859999999,13.3],[-1.0979757999999997,44.96254312000002,13.3],[-1.0978179699999995,44.96232985999999,13.3],[-1.097826270000001,44.962009490000014,13.3],[-1.0978987100000006,44.96188870999999,13.3],[-1.0979049899999997,44.96180103,13.3],[-1.0979696699999995,44.96178240999999,13.3],[-1.0980942299999987,44.96180125999997,13.3],[-1.0981606399999995,44.96184119,13.3],[-1.0981704599999993,44.96188860999999,13.3],[-1.0980505899999988,44.96198589000001,13.3],[-1.0980742699999995,44.9620319,13.3],[-1.0981455100000004,44.962050909999995,13.3],[-1.0988904900000003,44.96206219999999,13.3],[-1.099297640000001,44.96203817000001,13.3],[-1.0993031399999997,44.96200911,13.3],[-1.0990810100000004,44.96190641,13.3],[-1.0990487700000002,44.96181294000001,13.3],[-1.0990757599999994,44.96174793,13.3],[-1.0991485899999989,44.96170196999999,13.3],[-1.0992540499999992,44.96168544999998,13.3],[-1.0995934600000001,44.96167293,13.3],[-1.09996831,44.96169336,13.3],[-1.1000255900000007,44.96173002,13.3],[-1.1000743700000002,44.961823779999996,13.3],[-1.10009059,44.96194128999999,13.3],[-1.1000375999999998,44.96215422,13.3],[-1.1000591599999996,44.962188579999996,13.3],[-1.1001168000000001,44.9622126,13.3],[-1.1002527699999995,44.9622139,13.3],[-1.1005343600000002,44.962174659999995,13.3],[-1.1005981599999992,44.96223090000001,13.3],[-1.1007396899999988,44.96242944,13.3],[-1.1006660999999993,44.96249977,13.3],[-1.1004539800000008,44.962603169999994,13.3],[-1.1003723899999982,44.96259897,13.3],[-1.10022901,44.96239238999999,13.3],[-1.0998851299999994,44.96218778999998,13.3],[-1.099748329999999,44.962001699999995,13.3],[-1.0996339299999998,44.961948220000004,13.3],[-1.099977309999999,44.96240618000001,13.3],[-1.1001813099999993,44.96250414000001,13.3],[-1.1003344500000005,44.962687820000006,13.3],[-1.1007278299999996,44.96256241000002,13.3],[-1.1008473099999994,44.96245973,13.3],[-1.1010310800000012,44.96245475000002,13.3],[-1.1010113399999988,44.96239327,13.3],[-1.1007900900000003,44.96233742,13.3],[-1.10067528,44.96208741000001,13.3],[-1.1006832999999994,44.961919420000015,13.3],[-1.10061227,44.96181656000002,13.3],[-1.1007339499999995,44.96134505,13.3],[-1.1009856499999988,44.96103644000001,13.3],[-1.1010933400000003,44.960981069999995,13.3],[-1.1012328499999995,44.96097863,13.3],[-1.101249359999999,44.96092662999999,13.3],[-1.1011524800000003,44.960886929999994,13.3],[-1.1009809799999997,44.960886040000005,13.3],[-1.1008373899999992,44.960832739999994,13.3],[-1.1008048199999994,44.96073477,13.3],[-1.1008141700000003,44.96049821000001,13.3],[-1.1007414599999998,44.960424259999996,13.3],[-1.1007549,44.96029574,13.3],[-1.1008318699999993,44.96023699999998,13.3],[-1.1010393700000007,44.96022664000003,13.3],[-1.1010782000000001,44.96018462999999,13.3],[-1.10101772,44.96000024,13.3],[-1.1010514999999998,44.95978532000001,13.3],[-1.1009780099999988,44.95961401999998,13.3],[-1.1010527999999997,44.95938677000001,13.3],[-1.1009978499999982,44.95934733000001,13.3],[-1.1009511900000002,44.95935175000001,13.3],[-1.10087112,44.959593629999986,13.3],[-1.1007615000000006,44.95964005000001,13.3],[-1.10056256,44.95962844999999,13.3],[-1.1004077699999995,44.959439429999996,13.3],[-1.1004441,44.95936325,13.3],[-1.10052292,44.95931256,13.3],[-1.1006213299999992,44.95928639,13.3],[-1.1009168099999989,44.95926376999998,13.3],[-1.1010204899999987,44.95929239999999,13.3],[-1.1012366599999983,44.959417849999994,13.3],[-1.101401579999999,44.95939823999999,13.3],[-1.1013575299999996,44.959316920000006,13.3],[-1.1012317500000002,44.95924673,13.3],[-1.1013664100000002,44.959074069999986,13.3],[-1.1016435999999992,44.95894032000001,13.3],[-1.1017677099999994,44.95871034,13.3],[-1.1019845699999997,44.95865455000002,13.3],[-1.1020146500000003,44.95856237999999,13.3],[-1.1019340099999988,44.95839766999999,13.3],[-1.1018675499999993,44.95833970999998,13.3],[-1.10191641,44.95803588,13.3],[-1.1018985599999997,44.95794819,13.3],[-1.10178402,44.957840620000006,13.3],[-1.1017315100000005,44.95767847,13.3],[-1.10133207,44.95784197000001,13.3],[-1.1012065600000005,44.95784480000001,13.3],[-1.1009726699999989,44.95772000000001,13.3],[-1.1010494900000003,44.95760717000002,13.3],[-1.1010318899999993,44.95754021000001,13.3],[-1.10077516,44.95753706000001,13.3],[-1.1006367099999992,44.95748446999999,13.3],[-1.1005871899999993,44.95741506999999,13.3],[-1.10054257,44.95715255,13.3],[-1.1005700700000005,44.95704245,13.3],[-1.1006808,44.95694189000002,13.3],[-1.1006766499999983,44.95681583,13.3],[-1.100627119999999,44.95674643000001,13.3],[-1.1005504999999995,44.95672311,13.3],[-1.1001816899999999,44.956767370000016,13.3],[-1.100062739999999,44.956755539999996,13.3],[-1.0999585800000002,44.956668319999984,13.3],[-1.0998421499999993,44.95630927999999,13.3],[-1.09986708,44.956164109999996,13.3],[-1.09996652,44.955944060000014,13.3],[-1.1000433899999982,44.955918679999996,13.3],[-1.1000456099999998,44.95589695999999,13.3],[-1.1000320400000003,44.95586771000001,13.3],[-1.0998561099999988,44.95577141999999,13.3],[-1.0995158299999996,44.95582364999999,13.3],[-1.09936008,44.95603766000001,13.3],[-1.09935095,44.95610381,13.3],[-1.0995798800000012,44.956178310000006,13.3],[-1.0994726100000003,44.95649962,13.3],[-1.0994891400000004,44.95663876,13.3],[-1.0996919099999996,44.95689363999999,13.3],[-1.0996908099999994,44.95693064000001,13.3],[-1.0994784999999998,44.95718731,13.3],[-1.0991113999999986,44.95746320999999,13.3],[-1.0988974699999996,44.95752430000002,13.3],[-1.0987078200000002,44.957622349999994,13.3],[-1.0984240199999988,44.95770044,13.3],[-1.09807608,44.957665490000004,13.3],[-1.09825025,44.957512109999996,13.3],[-1.0979907399999993,44.95734947999999,13.3],[-1.0979043999999996,44.957106530000004,13.3],[-1.0978073299999989,44.95713355000001,13.3],[-1.09768451,44.95712095,13.3],[-1.0975966199999991,44.95723869999999,13.3],[-1.097815769999999,44.95743978,13.3],[-1.0977828600000006,44.95749328,13.3],[-1.0976728299999983,44.95755144,13.3],[-1.0974995199999995,44.95757766,13.3],[-1.0974472999999996,44.95754082,13.3],[-1.0969484000000003,44.95683074000001,13.3],[-1.0968788499999993,44.95679995,13.3],[-1.0966967,44.95686166000001,13.3],[-1.0965783999999996,44.95713649999998,13.3],[-1.0963176399999988,44.95716503999998,13.3],[-1.09617439,44.95711623000001,13.3],[-1.09598663,44.956996930000024,13.3],[-1.0959976799999989,44.95693972,13.3],[-1.0962413399999997,44.956746820000006,13.3],[-1.09632669,44.95664630000001,13.3],[-1.0964744099999997,44.95654798999999,13.3],[-1.0965908699999998,44.95652567,13.3],[-1.096958629999999,44.95658874,13.3],[-1.0970664499999998,44.956535179999996,13.3],[-1.0971441499999999,44.95655576,13.3],[-1.0972286899999995,44.95672214,13.3],[-1.097418279999999,44.95681431999998,13.3],[-1.0976568999999996,44.95686501999999,13.3],[-1.0980655100000005,44.95673995999999,13.3],[-1.0986842799999992,44.95672796,13.3],[-1.0987588299999993,44.95668824,13.3],[-1.098822060000001,44.95642444999999,13.3],[-1.0987959099999998,44.95637942999999,13.3],[-1.0985690100000003,44.956211100000004,13.3],[-1.0985692699999992,44.95614527000001,13.3],[-1.0985861700000008,44.9558904,13.3],[-1.0987731800000002,44.95582580000001,13.3],[-1.0988626500000003,44.955729639999994,13.3],[-1.098813619999999,44.9557017,13.3],[-1.098574860000001,44.95566632999999,13.3],[-1.0983464600000001,44.95566844,13.3],[-1.0982851099999986,44.95562832999999,13.3],[-1.0981614300000002,44.95534348999999,13.3],[-1.0978974899999996,44.95494661,13.3],[-1.0977134499999985,44.954773980000006,13.3],[-1.0975194899999998,44.95451787999999,13.3],[-1.09764132,44.954169880000016,13.3],[-1.0974483599999996,44.95392726000001,13.3],[-1.0973467699999997,44.953875109999984,13.3],[-1.0970239500000012,44.95387079000002,13.3],[-1.0965394599999996,44.954051840000005,13.3],[-1.09639912,44.954181430000006,13.3],[-1.0962131599999996,44.95426041000001,13.3],[-1.0961321199999996,44.95426339999999,13.3],[-1.0960960899999996,44.95423947999999,13.3],[-1.0960949599999994,44.95417190999999,13.3],[-1.0961416300000009,44.95408093000001,13.3],[-1.096248919999999,44.95402017000001,13.3],[-1.0963040999999993,44.95395864,13.3],[-1.0960714600000003,44.95374633000001,13.3],[-1.0961425199999986,44.95365895999999,13.3],[-1.0960622199999996,44.95351586,13.3],[-1.095785430000001,44.95346385999999,13.3],[-1.0957763799999989,44.953253229999994,13.3],[-1.09574639,44.95319032000001,13.3],[-1.0955822399999995,44.95313326,13.3],[-1.0955506999999995,44.95301451,13.3],[-1.0954912399999999,44.952965320000025,13.3],[-1.095849289999999,44.95272220999998,13.3],[-1.0959615800000002,44.95259094999999,13.3],[-1.0958801999999992,44.95239831000001,13.3],[-1.0958778800000004,44.952192839999995,13.3],[-1.0961771299999996,44.95163184,13.3],[-1.09631629,44.95148607000001,13.3],[-1.09644073,44.95146886,13.3],[-1.0965847800000006,44.951494200000006,13.3],[-1.096845899999999,44.95160989000001,13.3],[-1.0969299999999997,44.95175283999998,13.3],[-1.0971204300000006,44.951926140000005,13.3],[-1.0971973500000007,44.952040499999995,13.3],[-1.09731636,44.95212267000001,13.3],[-1.0974217599999987,44.95215754999999,13.3],[-1.0977137599999995,44.951914169999995,13.3],[-1.0977927599999995,44.951883309999985,13.3],[-1.097890979999999,44.951889600000015,13.3],[-1.0986095499999993,44.95206235,13.3],[-1.09888262,44.95209825,13.3],[-1.0992577400000005,44.95210604999999,13.3],[-1.09933002,44.95213945000001,13.3],[-1.0993634199999993,44.952196820000005,13.3],[-1.0993300599999993,44.95224403000001,13.3],[-1.0992600000000001,44.952258330000014,13.3],[-1.0986272499999996,44.95223480000001,13.3],[-1.0985335999999999,44.952186860000005,13.3],[-1.0984809899999985,44.95221405000001,13.3],[-1.0984699499999984,44.95225411999999,13.3],[-1.0985140299999996,44.95230117999999,13.3],[-1.09865152,44.95235832000001,13.3],[-1.0990851799999999,44.952419850000005,13.3],[-1.0997429999999992,44.95257769999997,13.3],[-1.0999744100000002,44.952547519999996,13.3],[-1.1000790200000012,44.95257161,13.3],[-1.1002023199999993,44.95255623999999,13.3],[-1.1003490599999994,44.95263558000001,13.3],[-1.1009086400000003,44.95273483000001,13.3],[-1.1010131599999997,44.952705730000005,13.3],[-1.1012115600000003,44.95271013000001,13.3],[-1.1013946900000005,44.95264476000001,13.3],[-1.1016269699999997,44.95238375,13.3],[-1.1018942099999993,44.95223593999999,13.3],[-1.1019788500000007,44.952230109999995,13.3],[-1.10205986,44.952261379999996,13.3],[-1.10211672,44.952326899999996,13.3],[-1.1020866499999988,44.95271388,13.3],[-1.10240014,44.95300704,13.3],[-1.1024340600000013,44.95308874000001,13.3],[-1.1024257,44.953199940000005,13.3],[-1.1023541699999995,44.95329815000001,13.3],[-1.1022323299999983,44.95338558999998,13.3],[-1.1022338699999998,44.953458559999994,13.3],[-1.1025882199999988,44.953598750000005,13.3],[-1.1027570399999993,44.95351137,13.3],[-1.1027832899999996,44.95329763000001,13.3],[-1.1030200899999996,44.952976940000006,13.3],[-1.1031457399999995,44.95287222000001,13.3],[-1.1032838899999997,44.9527995,13.3],[-1.10381333,44.952608649999995,13.3],[-1.1041514,44.952543870000014,13.3],[-1.10421937,44.95255308,13.3],[-1.104512759999999,44.9525197,13.3],[-1.1047591299999988,44.952693620000005,13.3],[-1.105081880000001,44.95269702000001,13.3],[-1.1052512900000002,44.95261773,13.3],[-1.1053344800000002,44.95250557000001,13.3],[-1.1056176599999996,44.95233281999999,13.3],[-1.1059411300000002,44.95219013,13.3],[-1.1059620899999993,44.952146989999996,13.3],[-1.1059238099999993,44.95209249999999,13.3],[-1.1054564600000003,44.95191774,13.3],[-1.105254500000001,44.951725950000004,13.3],[-1.1049905000000002,44.95167530000001,13.3],[-1.1048953899999987,44.951694139999994,13.3],[-1.1049096299999999,44.95171524999999,13.3],[-1.1050904799999983,44.951740120000004,13.3],[-1.1052164999999994,44.95181391,13.3],[-1.1051954100000014,44.95185526000001,13.3],[-1.1048999699999995,44.95194731000001,13.3],[-1.10454731,44.95202075000001,13.3],[-1.10430559,44.95203148,13.3],[-1.10416226,44.95199891,13.3],[-1.103936149999999,44.951841370000004,13.3],[-1.1038775799999994,44.95175248000001,13.3],[-1.1039271199999998,44.9514928,13.3],[-1.1040303100000002,44.95137629000001,13.3],[-1.1045382499999996,44.95115196,13.3],[-1.1048493499999994,44.95104850999999,13.3],[-1.1051515199999997,44.951100449999984,13.3],[-1.105405759999999,44.95110458,13.3],[-1.105495899999999,44.951139119999986,13.3],[-1.1056182099999996,44.951266229999995,13.3],[-1.10582054,44.951255140000015,13.3],[-1.1059612500000005,44.95106151,13.3],[-1.1060710099999997,44.95098263,13.3],[-1.1061534899999985,44.950756889999994,13.3],[-1.106322999999998,44.950627100000005,13.3],[-1.1064256599999995,44.95058995000001,13.3],[-1.1065709100000005,44.950614339999994,13.3],[-1.1067042199999995,44.95057966,13.3],[-1.106726649999999,44.95053916,13.3],[-1.106698469999999,44.95044914000001,13.3],[-1.1066124599999998,44.950418960000015,13.3],[-1.1065174099999997,44.9504387,13.3],[-1.1060490900000006,44.95064895000001,13.3],[-1.1059552799999999,44.95078946000002,13.3],[-1.1058734999999993,44.95079969,13.3],[-1.1057818299999989,44.95076161,13.3],[-1.1056877400000003,44.95067311999999,13.3],[-1.1056751399999998,44.95060507000001,13.3],[-1.1057164899999994,44.95056296999999,13.3],[-1.1061176800000012,44.95045889000002,13.3],[-1.106263079999999,44.95039852000001,13.3],[-1.1062356699999991,44.950336419999985,13.3],[-1.1061483199999997,44.95032252000001,13.3],[-1.10596657,44.95042390000001,13.3],[-1.1057373900000003,44.950432370000016,13.3],[-1.1044221699999992,44.95019156,13.3],[-1.1042409799999988,44.950109899999994,13.3],[-1.1042563900000006,44.949938929999995,13.3],[-1.1043396199999984,44.94986192999999,13.3],[-1.1046345100000003,44.949693260000004,13.3],[-1.1047894199999992,44.94957212999999,13.3],[-1.1049548899999986,44.94956061000001,13.3],[-1.1049759200000004,44.94951836000001,13.3],[-1.10507213,44.94946250999999,13.3],[-1.1052657800000008,44.949541,13.3],[-1.1053252400000004,44.949520779999986,13.3],[-1.1053955700000013,44.949336960000004,13.3],[-1.1052592699999995,44.94927889,13.3],[-1.1051805299999993,44.949174509999985,13.3],[-1.105067029999999,44.94894248999999,13.3],[-1.1050447099999998,44.94862055,13.3],[-1.1049978799999998,44.94860515000001,13.3],[-1.1049118699999998,44.94866152,13.3],[-1.1048757,44.94872236000001,13.3],[-1.1046996899999997,44.94865944,13.3],[-1.10463128,44.94855737999999,13.3],[-1.1046917099999995,44.948481220000005,13.3],[-1.1045948599999993,44.94835496999999,13.3],[-1.1044306800000003,44.94826277000001,13.3],[-1.10434262,44.94813529,13.3],[-1.1042338399999994,44.94808882,13.3],[-1.1040682000000004,44.94806339,13.3],[-1.1038177599999999,44.947850850000016,13.3],[-1.1038593399999999,44.947777190000004,13.3],[-1.10391466,44.94776972999999,13.3],[-1.10429079,44.947809030000016,13.3],[-1.1044356100000001,44.947792859999986,13.3],[-1.10446903,44.94774655000001,13.3],[-1.1043916499999988,44.94760875999999,13.3],[-1.1042383700000011,44.94754410000001,13.3],[-1.1038888300000003,44.947503819999994,13.3],[-1.1036466899999995,44.94740457999999,13.3],[-1.1035328700000002,44.94748001,13.3],[-1.103065619999999,44.94747922999999,13.3],[-1.1024696399999998,44.94767975,13.3],[-1.1024451499999994,44.94770950999999,13.3],[-1.1022140299999987,44.94781271,13.3],[-1.1021914599999996,44.94786854,13.3],[-1.1022432399999988,44.94793425,13.3],[-1.1024369899999993,44.947979380000014,13.3],[-1.1025192399999992,44.94802774,13.3],[-1.1025563099999989,44.948083169999975,13.3],[-1.1025194899999995,44.948117879999984,13.3],[-1.102162599999999,44.948168030000026,13.3],[-1.1020517400000012,44.948214490000005,13.3],[-1.101445249999999,44.948306309999985,13.3],[-1.1012160899999999,44.94829764,13.3],[-1.1011312899999997,44.94826651000001,13.3],[-1.1010810999999998,44.94820525,13.3],[-1.1010868199999995,44.94814464000001,13.3],[-1.1011463399999992,44.94805588999999,13.3],[-1.1013030600000002,44.94799420000001,13.3],[-1.101543359999999,44.94799886,13.3],[-1.10169225,44.94796902,13.3],[-1.1016681600000007,44.947934739999994,13.3],[-1.1016018099999991,44.94791285,13.3],[-1.1013863599999991,44.9479181,13.3],[-1.1013522100000008,44.947885100000015,13.3],[-1.101610599999999,44.947772779999994,13.3],[-1.1012002799999987,44.94773474000001,13.3],[-1.1010118499999988,44.94764072,13.3],[-1.1010132799999997,44.94760821000002,13.3],[-1.101401639999999,44.94753707000001,13.3],[-1.1013394200000002,44.94736356,13.3],[-1.1013539700000001,44.94733687999999,13.3],[-1.1015802099999998,44.94725369,13.3],[-1.101627069999999,44.94716540999999,13.3],[-1.1016887699999995,44.94717576000001,13.3],[-1.10182603,44.94726445,13.3],[-1.1019098700000005,44.947247830000016,13.3],[-1.10198222,44.947195569999984,13.3],[-1.1020617499999996,44.947085349999995,13.3],[-1.1022981500000002,44.94703694999998,13.3],[-1.1026116600000004,44.94689734999999,13.3],[-1.1027186899999988,44.946885280000004,13.3],[-1.1028922299999997,44.94701862,13.3],[-1.103258169999999,44.947126820000015,13.3],[-1.1033885700000003,44.94720855,13.3],[-1.103555599999999,44.94716632,13.3],[-1.10363974,44.94711903000001,13.3],[-1.1039317599999998,44.94685941000001,13.3],[-1.1040729699999992,44.94677665999999,13.3],[-1.1042322500000006,44.94675004000002,13.3],[-1.10435178,44.946856509999996,13.3],[-1.1044167899999997,44.94687755000001,13.3],[-1.1044715000000003,44.946879139999986,13.3],[-1.1045312000000007,44.946810219999996,13.3],[-1.1041339100000003,44.94634345,13.3],[-1.1037781899999994,44.94644405,13.3],[-1.10353507,44.94648729000001,13.3],[-1.103339819999999,44.94649089000001,13.3],[-1.1027760599999994,44.94636836000001,13.3],[-1.1025759399999997,44.94637484999999,13.3],[-1.1024712899999993,44.94648870999997,13.3],[-1.10238518,44.94650902000001,13.3],[-1.1019217499999994,44.946335,13.3],[-1.10196202,44.94631278000001,13.3],[-1.10218198,44.94631728000001,13.3],[-1.1021989899999998,44.94628960000001,13.3],[-1.1020422999999993,44.94617817999999,13.3],[-1.1020719099999996,44.94614914000001,13.3],[-1.10264631,44.94607023,13.3],[-1.1028108800000003,44.94609840999999,13.3],[-1.10296609,44.94615487999998,13.3],[-1.1031406600000009,44.94616376000001,13.3],[-1.1032016000000002,44.94612905999998,13.3],[-1.103225479999999,44.94602179,13.3],[-1.1032839999999986,44.9460061,13.3],[-1.10333057,44.94601791000001,13.3],[-1.1033954600000004,44.946106570000005,13.3],[-1.1036224100000005,44.94611982000001,13.3],[-1.103860429999999,44.94619758000001,13.3],[-1.1040357100000002,44.946164059999994,13.3],[-1.1040746899999996,44.94624556,13.3],[-1.1045591999999993,44.946325939999994,13.3],[-1.104895330000001,44.94646047000001,13.3],[-1.10519939,44.94653849,13.3],[-1.1052962700000004,44.94654393,13.3],[-1.1053814999999998,44.946459639999986,13.3],[-1.1054849599999985,44.946416140000004,13.3],[-1.1056218500000006,44.94639576000002,13.3],[-1.105791419999999,44.94609377,13.3],[-1.1057555899999987,44.94589946000001,13.3],[-1.1058051199999988,44.9458823,13.3],[-1.1059211299999998,44.94588883,13.3],[-1.10598373,44.94592889000001,13.3],[-1.1059899499999999,44.94597915000001,13.3],[-1.105842769999999,44.94620547,13.3],[-1.105891090000001,44.946431790000005,13.3],[-1.105799599999998,44.94667318999998,13.3],[-1.10579073,44.94700258999999,13.3],[-1.1058931000000003,44.94715207999999,13.3],[-1.1062755099999997,44.947415629999995,13.3],[-1.1063964199999994,44.94745443000001,13.3],[-1.10679116,44.94748763,13.3],[-1.10681964,44.947529849999995,13.3],[-1.1067940399999991,44.94763087,13.3],[-1.10663664,44.947873810000004,13.3],[-1.1069579299999999,44.94801339,13.3],[-1.1070594899999997,44.948082670000005,13.3],[-1.1070187499999986,44.94820227999999,13.3],[-1.10691447,44.94826925000001,13.3],[-1.106909930000001,44.948363179999994,13.3],[-1.1071823999999995,44.948546949999994,13.3],[-1.1077998999999998,44.948761229999995,13.3],[-1.1082097000000002,44.94896516,13.3],[-1.1083715999999988,44.94909531,13.3],[-1.1086399999999994,44.94963896000001,13.3],[-1.1087721099999994,44.94969177,13.3],[-1.1088440299999989,44.94966837999999,13.3],[-1.1089012499999995,44.949617579999995,13.3],[-1.1089489599999995,44.9494373,13.3],[-1.1090328199999988,44.94940354,13.3],[-1.1091589,44.9494088,13.3],[-1.10919939,44.949441560000004,13.3],[-1.1090979099999998,44.94968513,13.3],[-1.109268689999999,44.950057480000005,13.3],[-1.1092697900000001,44.95019358,13.3],[-1.1092424299999983,44.95032262000001,13.3],[-1.1090569399999999,44.95054585999999,13.3],[-1.1090050399999989,44.95070374999999,13.3],[-1.1091958699999998,44.95091668,13.3],[-1.1094434899999996,44.95102112000001,13.3],[-1.10953859,44.9510194,13.3],[-1.1096306700000003,44.95104575000001,13.3],[-1.1098459199999997,44.95122802,13.3],[-1.1099251600000004,44.95121788000001,13.3],[-1.1099667899999994,44.951162239999995,13.3],[-1.1099667999999987,44.95105855999999,13.3],[-1.1100070799999988,44.95101919999999,13.3],[-1.1101077299999995,44.95107588999999,13.3],[-1.1102547599999995,44.950778330000006,13.3],[-1.1103163099999998,44.950734579999995,13.3],[-1.1104478900000003,44.95069365,13.3],[-1.1106499299999992,44.95071321999999,13.3],[-1.1106947999999996,44.95068451999999,13.3],[-1.1108751299999997,44.95040827000002,13.3],[-1.1109136200000005,44.95017153000001,13.3],[-1.11105096,44.95008801,13.3],[-1.111053270000001,44.95003292999999,13.3],[-1.1109870399999997,44.95001284000001,13.3],[-1.1105286899999989,44.95009922,13.3],[-1.1103122000000003,44.950072970000015,13.3],[-1.1102153499999992,44.95001615000001,13.3],[-1.1102064599999997,44.94996419,13.3],[-1.1102575200000002,44.94984689999999,13.3],[-1.1103546099999997,44.949768469999995,13.3],[-1.1107617899999989,44.94957309,13.3],[-1.1108654399999993,44.949445740000016,13.3],[-1.11097423,44.949215410000015,13.3],[-1.1109153399999996,44.949018339999995,13.3],[-1.1109627699999995,44.94893814999999,13.3],[-1.1111334900000012,44.94877316,13.3],[-1.11117578,44.94853628000001,13.3],[-1.1112332500000015,44.948402520000016,13.3],[-1.111176989999999,44.94815486000001,13.3],[-1.1112316899999994,44.94806988999998,13.3],[-1.1111703899999994,44.9479784,13.3],[-1.1111634199999993,44.94784882999999,13.3],[-1.1109729600000002,44.947675560000015,13.3],[-1.1109764700000009,44.947619530000004,13.3],[-1.1114059499999993,44.94743413999999,13.3],[-1.1114886799999983,44.94747164999998,13.3],[-1.1116350499999994,44.94761499,13.3],[-1.1116241400000004,44.94767399999999,13.3],[-1.1117923400000005,44.94766506999999,13.3],[-1.1119732200000005,44.94772508999999,13.3],[-1.112040350000001,44.94768835000001,13.3],[-1.1120634699999996,44.947605450000005,13.3],[-1.111988869999999,44.94755772,13.3],[-1.1117709800000009,44.947529720000006,13.3],[-1.1116803999999996,44.947471769999986,13.3],[-1.1116134600000003,44.94733810000001,13.3],[-1.11166274,44.947283089999985,13.3],[-1.1119243399999998,44.947128250000006,13.3],[-1.1122542199999992,44.94679688,13.3],[-1.1124245900000012,44.946731070000006,13.3],[-1.1125016000000005,44.946759769999986,13.3],[-1.1126305999999995,44.94687399999998,13.3],[-1.112772069999999,44.94715818000001,13.3],[-1.1128215800000003,44.94715814999999,13.3],[-1.112863779999999,44.947127730000005,13.3],[-1.1128679299999988,44.94701128,13.3],[-1.1129133599999996,44.946938370000005,13.3],[-1.1130442899999997,44.94685418000002,13.3],[-1.1131474200000002,44.947082970000004,13.3],[-1.1134399499999998,44.94717672,13.3],[-1.1134861499999984,44.947148869999985,13.3],[-1.1134561699999996,44.94705170000001,13.3],[-1.113235879999999,44.946939050000005,13.3],[-1.1131234299999992,44.946790840000006,13.3],[-1.11295132,44.94678098999999,13.3],[-1.112769839999998,44.94681655999999,13.3],[-1.11271002,44.94669345,13.3],[-1.1125054399999994,44.94660456,13.3],[-1.1124970100000002,44.946558889999984,13.3],[-1.1125427199999998,44.94647244999999,13.3],[-1.1127859100000002,44.946326400000004,13.3],[-1.1128716899999997,44.946301590000004,13.3],[-1.1129414699999995,44.94617999999999,13.3],[-1.1128520199999992,44.946120199999996,13.3],[-1.1132885400000003,44.94604813999999,13.3],[-1.113501639999999,44.94604566000001,13.3],[-1.1138080199999985,44.94615512,13.3],[-1.1138366899999994,44.94613062,13.3],[-1.1137589999999988,44.94602350000001,13.3],[-1.11376672,44.94593847,13.3],[-1.11397237,44.94581724999998,13.3],[-1.1140349500000004,44.94580501999999,13.3],[-1.1141382999999994,44.945812010000004,13.3],[-1.1143186099999989,44.94591623,13.3],[-1.114361469999999,44.94599849,13.3],[-1.1143318800000008,44.946096950000005,13.3],[-1.114433349999999,44.946216710000016,13.3],[-1.1147693199999988,44.94612403,13.3],[-1.11497617,44.94610555000001,13.3],[-1.1151470099999985,44.94613258,13.3],[-1.1155193099999992,44.94611969000001,13.3],[-1.1157571800000001,44.94614332999999,13.3],[-1.116249920000001,44.94609352000001,13.3],[-1.1167335,44.946178379999985,13.3],[-1.1168780499999993,44.946158600000004,13.3],[-1.1170430799999997,44.94608937,13.3],[-1.1172872399999993,44.94587024999998,13.3],[-1.1172123000000003,44.945818030000005,13.3],[-1.1170955900000001,44.94587104000001,13.3],[-1.1169838399999996,44.945887809999995,13.3],[-1.1163023099999987,44.94585625999999,13.3],[-1.1152853600000008,44.9457001,13.3],[-1.114609009999999,44.94551417999999,13.3],[-1.1140982900000007,44.945457370000014,13.3],[-1.113942459999999,44.94540994,13.3],[-1.1130347499999993,44.94466639,13.3],[-1.1121422099999998,44.94388711,13.2],[-1.1117179699999995,44.943416860000006,13.2],[-1.1114611200000002,44.94320368000001,13.2],[-1.11102062,44.943013520000015,13.2],[-1.1102214000000004,44.94253640000001,13.2],[-1.110012449999999,44.942439549999996,13.2],[-1.1099434999999993,44.94241686,13.2],[-1.1097997200000003,44.94241226,13.2],[-1.1096840599999998,44.94247965000001,13.2],[-1.1095126199999998,44.942651880000014,13.2],[-1.1092758899999995,44.94273006000001,13.2],[-1.1090437399999997,44.94273234000002,13.2],[-1.108666530000001,44.94266063999999,13.2],[-1.1071237800000011,44.94220560000001,13.2],[-1.1057660800000002,44.941919500000004,13.2],[-1.1052875199999992,44.94178121,13.2],[-1.1017924999999988,44.94044255999999,13.7],[-1.09763338,44.93935911,14.6],[-1.0965396099999989,44.93917405999999,14.7],[-1.0955212999999993,44.93908358999999,14.7],[-1.0951918199999993,44.93909122999998,14.8],[-1.0950731400000007,44.93911724,14.8],[-1.0937283999999994,44.93963201999998,14.8],[-1.0925870399999988,44.940029299999985,15.0],[-1.0918800699999998,44.94025638999999,15.0],[-1.09158292,44.940307010000005,15.1],[-1.091449469999999,44.94030471,15.1],[-1.0908353899999998,44.94020471000001,15.1],[-1.0906768699999991,44.940154660000005,15.1],[-1.0900956900000007,44.93989657000001,15.1],[-1.08933397,44.93973889000002,15.1],[-1.0891533800000004,44.939647269999995,15.1],[-1.089067019999999,44.93954226,15.1],[-1.0890436499999994,44.93934388,15.1],[-1.08907485,44.93909299000001,15.2],[-1.088961779999999,44.93891774000001,15.2],[-1.0885672600000003,44.93864286000001,15.3],[-1.0877692300000001,44.93816104999999,15.4],[-1.0875056599999997,44.93804543,15.4],[-1.0872996499999992,44.93798810000001,15.5],[-1.0846069300000005,44.93740737000002,16.3],[-1.08353839,44.936975140000015,16.3],[-1.083133109999999,44.93676103999999,16.3],[-1.0829331999999994,44.936682740000016,16.3],[-1.0813769900000005,44.936473080000006,16.4],[-1.0809983500000016,44.93638060000003,16.4],[-1.080661859999999,44.93615225,16.5],[-1.0802754900000002,44.93579680000002,16.5],[-1.07974653,44.93541775000001,16.5],[-1.078477109999999,44.93464844999999,16.6],[-1.0781497799999997,44.93440623,16.8],[-1.07777254,44.93417576,16.8],[-1.0776819699999998,44.93409975,16.8],[-1.0775924699999997,44.93396870000001,16.8],[-1.0775307499999998,44.93364369999999,16.8],[-1.0773811000000002,44.93350585,16.9],[-1.0768361800000006,44.93337800000001,16.9],[-1.0764924200000001,44.933328410000016,16.9],[-1.0757522400000001,44.93344753,16.9],[-1.0752528499999985,44.933648869999985,16.9],[-1.0751200599999988,44.93365555,16.9],[-1.0750424800000005,44.933635850000016,16.9],[-1.0745318299999993,44.93324618000001,16.9],[-1.0736859799999994,44.932470319999986,16.9],[-1.0730721999999993,44.93200599,16.9],[-1.07291546,44.931857570000005,16.9],[-1.0728386999999993,44.931726950000005,16.9],[-1.0728879100000004,44.93154845,16.9],[-1.0728658100000006,44.93148885,16.9],[-1.0726596299999995,44.93139363,16.9],[-1.0722697299999988,44.93133760999999,16.9],[-1.0717685899999996,44.93132263,16.9],[-1.0716715700000004,44.93124504000001,16.9],[-1.0715526100000001,44.93109253000001,17.0],[-1.0714532499999991,44.931070029999994,17.0],[-1.07130091,44.93110447,17.0],[-1.0712887199999992,44.931058930000006,17.1],[-1.0714068799999992,44.93102575,17.0],[-1.07155988,44.93103546999999,17.0],[-1.071617929999999,44.931065800000006,17.0],[-1.0717547600000004,44.93125462,16.9],[-1.0718010900000001,44.93128087000002,16.9],[-1.0725741799999993,44.93133546000001,16.9],[-1.0728989,44.93145518000003,16.9],[-1.07294093,44.93150954,16.9],[-1.0728945199999995,44.93172670999999,16.9],[-1.0729894599999992,44.93186297,16.9],[-1.0737277299999997,44.93243362999999,16.9],[-1.0750214199999995,44.93359065,16.9],[-1.0751071900000002,44.93361815000001,16.9],[-1.0752298499999997,44.933611850000005,16.9],[-1.07558188,44.93346099000001,16.9],[-1.0758837899999998,44.933371480000005,16.9],[-1.0764946100000001,44.93328866000001,16.9],[-1.0768056800000008,44.93332502,16.9],[-1.077239789999999,44.933412770000004,16.9],[-1.0774259800000001,44.93347715000002,16.9],[-1.077615429999999,44.933638789999996,16.8],[-1.0776883099999999,44.93399493999999,16.8],[-1.0778188399999997,44.93413169000001,16.8],[-1.07842216,44.93453868000001,16.6],[-1.079760319999999,44.93536315000001,16.5],[-1.0803463399999995,44.935776170000004,16.5],[-1.08076859,44.936153739999995,16.5],[-1.0810361099999992,44.93634135,16.4],[-1.0814473999999994,44.93642902,16.4],[-1.0827424199999998,44.93660771999999,16.3],[-1.0829990500000002,44.93666319,16.3],[-1.0835815399999997,44.936940200000016,16.3],[-1.084605920000001,44.93735871999999,16.3],[-1.0874664300000008,44.93797745,15.5],[-1.0876351800000001,44.93804607,15.4],[-1.0887797199999982,44.93871889,15.3],[-1.08905544,44.93893142999999,15.2],[-1.0891406799999996,44.93909056999998,15.2],[-1.0891020899999995,44.93934442999999,15.1],[-1.0891199599999994,44.939502450000006,15.1],[-1.089201729999998,44.93961394,15.1],[-1.089311990000001,44.939681100000016,15.1],[-1.0902357999999999,44.939903130000005,15.1],[-1.0908794799999997,44.94016523000001,15.1],[-1.0912757700000002,44.94023808,15.1],[-1.091552919999999,44.94026122999999,15.1],[-1.0918116099999995,44.940222850000005,15.0],[-1.0924455999999998,44.94002189000002,15.0],[-1.093847500000001,44.93952485000001,14.8],[-1.0947449399999996,44.939177120000004,14.8],[-1.09516588,44.93904891000001,14.8],[-1.0955463900000002,44.93904480000001,14.7],[-1.0964762299999988,44.93912321,14.7],[-1.0968939999999998,44.93917721999999,14.6],[-1.0976157699999995,44.93930927,14.6],[-1.1018199800000006,44.94040188000001,13.7],[-1.1053789499999997,44.94176431,13.2],[-1.10577438,44.94187681999999,13.2],[-1.1070300199999992,44.94213874000001,13.2],[-1.1084293299999992,44.942559419999995,13.2],[-1.1089890099999993,44.94267847,13.2],[-1.1092909899999985,44.94267630999998,13.2],[-1.1094333499999993,44.94262687,13.2],[-1.1097057299999995,44.94237696999999,13.2],[-1.1098523399999987,44.94235080999999,13.2],[-1.1100152299999995,44.94237363,13.2],[-1.1111646099999997,44.943020809999986,13.2],[-1.1114701000000002,44.943135719999994,13.2],[-1.1115514200000005,44.94318861,13.2],[-1.1116660299999999,44.94327994,13.2],[-1.11210525,44.94376405999999,13.2],[-1.11237247,44.944014720000006,13.2],[-1.1126164299999992,44.94419052,13.3],[-1.1135917600000003,44.94502533,13.3],[-1.11395002,44.94527081999999,13.3],[-1.1141099499999996,44.94535686,13.3],[-1.11431129,44.94540169000001,13.3],[-1.1145806199999997,44.945421469999985,13.3],[-1.1154617199999999,44.94562955999999,13.3],[-1.11597496,44.94570340000001,13.3],[-1.11696029,44.94570566,13.3],[-1.1170984399999992,44.945685210000015,13.3],[-1.117175129999999,44.945588609999994,13.3],[-1.1169500299999997,44.94549687,13.3],[-1.1168475999999994,44.94541592,13.3],[-1.1166938799999988,44.94518991000001,13.3],[-1.1166081999999997,44.94516423000001,13.3],[-1.1164795999999995,44.9450554,13.3],[-1.1164459799999997,44.94490878,13.3],[-1.1163691799999995,44.944761969999995,13.3],[-1.1162308599999997,44.94464177,13.3],[-1.1160409699999996,44.944407179999985,13.3],[-1.1159008499999994,44.94417616,13.3],[-1.1157735000000009,44.944101540000005,13.3],[-1.1156557799999998,44.94407163999998,13.3],[-1.1154704699999995,44.94407219000002,13.3],[-1.1154657099999996,44.944111140000004,13.3],[-1.1154996799999997,44.94414144000001,13.3],[-1.1157710900000006,44.94432793000001,13.3],[-1.11581738,44.94445694000001,13.3],[-1.1158443399999984,44.944702979999995,13.3],[-1.11582086,44.94495359,13.3],[-1.1157367299999998,44.94520823999999,13.3],[-1.1156691899999998,44.94527386000001,13.3],[-1.1155844700000004,44.94520938000001,13.3],[-1.1156039899999992,44.944610900000015,13.3],[-1.115550920000001,44.944545250000004,13.3],[-1.1153422099999988,44.94467650000001,13.3],[-1.1150932799999989,44.94474432,13.3],[-1.1148625999999986,44.94483582000001,13.3],[-1.1147680799999997,44.944897020000006,13.3],[-1.1148687900000012,44.94505828,13.3],[-1.1148347899999995,44.94507937000001,13.3],[-1.1145602600000002,44.94486775000001,13.3],[-1.1145472500000002,44.94479430000001,13.3],[-1.1145626800000001,44.944641360000006,13.3],[-1.1148543899999996,44.94415362,13.3],[-1.115048309999999,44.94392465,13.3],[-1.11518158,44.94382054000002,13.3],[-1.1153510700000004,44.94376016,13.3],[-1.1156329799999998,44.94377857,13.3],[-1.1157856100000003,44.94381709000001,13.3],[-1.11602658,44.94377931000001,13.3],[-1.1161111700000008,44.94372117999999,13.3],[-1.1160571000000001,44.94357262,13.3],[-1.1159284999999999,44.943463790000024,13.3],[-1.1158856999999989,44.94329586999999,13.3],[-1.1156497600000008,44.943073809999994,13.3],[-1.1155408899999988,44.94306070999998,13.3],[-1.1155323399999997,44.94309979999999,13.3],[-1.1156417499999984,44.94331032,13.3],[-1.1156161099999988,44.94339331999999,13.3],[-1.1155329099999993,44.94345320000001,13.3],[-1.1153608799999999,44.9435308,13.3],[-1.115082979999999,44.943601499999986,13.3],[-1.11485182,44.943617270000004,13.3],[-1.1145667799999994,44.943590869999994,13.3],[-1.11455115,44.94355087000001,13.3],[-1.1146444200000003,44.943178669999995,13.3],[-1.1145090099999988,44.942994349999985,13.3],[-1.1146460399999991,44.94275126000001,13.3],[-1.1148074400000012,44.94261544999999,13.3],[-1.1149507099999996,44.94238836,13.3],[-1.11494876,44.94222343999999,13.3],[-1.1149093500000007,44.94206712,13.3],[-1.1148000000000002,44.941874629999994,13.3],[-1.1146500299999995,44.94175126000001,13.3],[-1.11462415,44.941692710000005,13.3],[-1.1146358600000001,44.94162735999999,13.3],[-1.1146742000000003,44.94157906000001,13.3],[-1.1147159099999988,44.941576610000006,13.3],[-1.1151149000000002,44.94166822000001,13.3],[-1.1152974399999993,44.94150909,13.3],[-1.1153519999999992,44.941526,13.3],[-1.11562804,44.94174117000001,13.3],[-1.1158519900000001,44.94142002000001,13.3],[-1.1154961499999994,44.94096528999999,13.3],[-1.1154681699999998,44.94086084000002,13.3],[-1.1156433099999996,44.94049731999999,13.3],[-1.116104449999998,44.94048474,13.3],[-1.116461569999999,44.94040389,13.3],[-1.1165867500000002,44.94043171,13.3],[-1.1167252899999995,44.94039952999999,13.3],[-1.116749520000001,44.94033191,13.3],[-1.116524289999999,44.94025551,13.3],[-1.1163116499999997,44.94009119,13.3],[-1.1161851399999994,44.939958830000016,13.3],[-1.1160622899999988,44.939945349999995,13.3],[-1.115822799999999,44.94008946999999,13.3],[-1.1156494999999997,44.940097689999995,13.3],[-1.1154577600000002,44.93995874000002,13.3],[-1.1154592700000001,44.93989287,13.3],[-1.1155155099999996,44.93979430999999,13.3],[-1.1157047199999988,44.939605180000015,13.3],[-1.1160390999999998,44.939543210000004,13.3],[-1.1160888999999998,44.93959906,13.3],[-1.11611469,44.93969097000001,13.3],[-1.1163559299999997,44.93951884,13.3],[-1.1163816999999994,44.93933396999999,13.3],[-1.1168791799999995,44.939263239999995,13.3],[-1.1170261399999992,44.93929385,13.3],[-1.117085659999999,44.93925739000001,13.3],[-1.1170764400000006,44.93920092999999,13.3],[-1.1169154700000001,44.93918705999999,13.3],[-1.1168216199999987,44.93915357,13.3],[-1.116724759999999,44.939010200000006,13.3],[-1.1167517099999995,44.93896232000001,13.3],[-1.117343439999998,44.93861942999999,13.3],[-1.1175847300000004,44.93844819999999,13.3],[-1.117795709999999,44.93848636,13.3],[-1.117935609999999,44.93840363000002,13.3],[-1.1179141599999989,44.93830164999999,13.3],[-1.117853,44.93828138,13.3],[-1.117690339999999,44.93833067999998,13.3],[-1.1176413900000004,44.93830365000001,13.3],[-1.1174490399999986,44.93808718,13.3],[-1.1174921799999997,44.9380351,13.3],[-1.117564149999999,44.938012590000014,13.3],[-1.1176639299999998,44.93804045000001,13.3],[-1.1178861199999992,44.93816204,13.3],[-1.1180613999999995,44.938197919999986,13.3],[-1.1181651500000003,44.938176039999995,13.3],[-1.11821254,44.93813010000001,13.3],[-1.1181848600000002,44.93808154000001,13.3],[-1.1179721799999998,44.93798575,13.3],[-1.1177825800000007,44.93784131000001,13.3],[-1.117791849999999,44.937501069999996,13.3],[-1.1178637099999993,44.93744250999998,13.3],[-1.1179909200000004,44.93741164000001,13.3],[-1.1181420800000006,44.93743038000001,13.3],[-1.1182842599999998,44.937534199999995,13.3],[-1.1182083899999993,44.93762446999998,13.3],[-1.1184514300000006,44.93763259000003,13.3],[-1.118610439999999,44.937671770000016,13.3],[-1.1186628900000002,44.937642780000004,13.3],[-1.1186701100000003,44.93760284,13.3],[-1.1185525099999998,44.93750532000001,13.3],[-1.1185613300000004,44.93746983,13.3],[-1.1187021100000012,44.937468220000014,13.3],[-1.1187380399999984,44.93742181,13.3],[-1.1187195200000004,44.937307990000015,13.3],[-1.11869139,44.93721888000001,13.3],[-1.1185944199999998,44.937160259999985,13.3],[-1.1181067699999996,44.93698451,13.3],[-1.1181524299999992,44.93694945000001,13.3],[-1.1179787399999992,44.936831470000016,13.3],[-1.1179502200000013,44.93673696000001,13.3],[-1.1179916399999994,44.9366615,13.3],[-1.1180766199999994,44.93660875999998,13.3],[-1.1181998299999991,44.93657533999998,13.3],[-1.1182885600000005,44.936590990000006,13.3],[-1.1183727399999994,44.936648270000006,13.3],[-1.118489740000001,44.93685851,13.3],[-1.1186745799999989,44.936817390000016,13.3],[-1.1186413699999989,44.93664191999999,13.3],[-1.1186600699999993,44.93656818999999,13.3],[-1.1185367499999992,44.93646187000001,13.3],[-1.1186233500000005,44.93636219,13.3],[-1.1186192799999994,44.93615137,13.3],[-1.1185648799999997,44.93610199999999,13.3],[-1.1187833599999988,44.93605242000001,13.3],[-1.11893107,44.935937849999995,13.3],[-1.1191997200000008,44.93589724,13.3],[-1.1193269399999999,44.93583211,13.3],[-1.1194182999999993,44.93557267,13.3],[-1.1195253100000004,44.93554346,13.3],[-1.119606719999999,44.93554584999999,13.3],[-1.1197161000000004,44.935583269999995,13.3],[-1.1199995400000002,44.935882,13.3],[-1.120357009999999,44.935944469999995,13.3],[-1.1205184699999997,44.93599979,13.3],[-1.12057586,44.93607249,13.3],[-1.1205653599999998,44.93613689,13.3],[-1.1204870699999996,44.93626330999999,13.3],[-1.1203663099999996,44.93633,13.3],[-1.1203696799999998,44.93639299,13.3],[-1.1204403699999996,44.93638766,13.3],[-1.1206364899999994,44.93618924999998,13.3],[-1.1208941900000002,44.93618961,13.3],[-1.1209191200000002,44.93592452000001,13.3],[-1.1210742800000002,44.935807860000004,13.3],[-1.1211808800000003,44.93556589000001,13.3],[-1.12134671,44.93555974,13.3],[-1.1216058799999988,44.9354248,13.3],[-1.121962,44.93538272999999,13.3],[-1.122158039999999,44.935442179999995,13.3],[-1.1222551899999993,44.935416929999995,13.3],[-1.1224074700000002,44.93531301000001,13.3],[-1.1225611100000001,44.93517567000001,13.3],[-1.1225339199999997,44.93494407000001,13.3],[-1.1226731800000012,44.934645890000006,13.3],[-1.12273119,44.93455448000002,13.3],[-1.1227749699999998,44.93454564,13.3],[-1.1228735600000004,44.93455731,13.3],[-1.122989119999999,44.93460982,13.3],[-1.1230761599999999,44.93480943999999,13.3],[-1.12310413,44.93496528,13.3],[-1.1230790699999997,44.93510775999999,13.3],[-1.1229862899999996,44.93519235000001,13.3],[-1.1230541599999986,44.93535571999999,13.3],[-1.12281807,44.93530408000001,13.3],[-1.1227984100000004,44.935330050000026,13.3],[-1.122811969999999,44.93539356000001,13.3],[-1.1229818599999994,44.935632489999996,13.3],[-1.1229488599999995,44.93580501000001,13.3],[-1.123005369999998,44.93577947000001,13.3],[-1.123048039999999,44.935721089999994,13.3],[-1.1230612200000016,44.93548619000001,13.3],[-1.12328246,44.93512906000001,13.3],[-1.12323615,44.93475842,13.3],[-1.1231399999999998,44.93426252,13.3],[-1.1229901599999992,44.93312305999999,13.3],[-1.1228806399999984,44.932600599999994,13.3],[-1.1228115499999998,44.93197206000001,12.4],[-1.1226008999999992,44.9309719,12.4],[-1.122270249999999,44.92901331,12.4],[-1.1221113500000002,44.928302450000004,12.4],[-1.1219627100000003,44.927351390000005,12.4],[-1.121832739999999,44.92675756000002,12.4],[-1.1208159100000001,44.920885430000006,11.5],[-1.12077606,44.92056775,11.5],[-1.1207786200000005,44.92027464000001,11.5],[-1.1208213500000004,44.91997553000003,11.5],[-1.1211336000000003,44.91935536999999,11.5],[-1.121675219999999,44.91873121,11.5],[-1.1223410299999996,44.91789777999998,11.5],[-1.1230948299999994,44.916863619999994,11.5],[-1.1235596,44.91628197000001,11.5],[-1.1242621900000003,44.91529389000001,11.5],[-1.1251423599999992,44.914184700000014,11.5],[-1.12724758,44.91130975,11.5],[-1.1281299600000003,44.91019775000001,11.5],[-1.1284525399999996,44.90971964,11.5],[-1.1286611400000006,44.90948558000001,11.5],[-1.129138929999999,44.90884121,11.2],[-1.12943306,44.90835604000001,11.2],[-1.1295122300000005,44.90803574000001,11.2],[-1.1295234999999992,44.90767198000001,11.2],[-1.1294856499999992,44.90741644,11.2],[-1.1285145599999997,44.903808359999985,11.2],[-1.12831456,44.90264284000001,11.2],[-1.128313609999999,44.902371499999994,11.2],[-1.1285455499999995,44.90166235,11.2],[-1.1286469799999992,44.90145481999999,11.2],[-1.1291272799999996,44.90070757,11.2],[-1.129431439999999,44.90016974,11.2],[-1.13098786,44.89727635,11.2],[-1.133173329999999,44.89312795,11.2],[-1.1335513899999996,44.89233760999998,11.2],[-1.1364762099999992,44.88683537000001,11.2],[-1.1366840099999989,44.88642010999999,11.2],[-1.1369254699999993,44.88580796000001,11.2],[-1.13702382,44.88543915,11.2],[-1.137047589999999,44.8851768,11.2],[-1.13700905,44.88491227000001,11.2],[-1.1364166799999993,44.88191856999999,11.1],[-1.1360015799999992,44.87948805999999,10.2],[-1.135431379999999,44.87662155999998,10.2],[-1.1352687800000005,44.875534000000016,10.2],[-1.1353321099999998,44.87517191,10.2],[-1.1354419299999998,44.87490727000002,10.2],[-1.1355954000000001,44.874667130000006,10.2],[-1.1359793900000004,44.87423448999999,10.2],[-1.1384332899999985,44.871782649999986,9.9],[-1.1396147599999995,44.87066298999999,9.4],[-1.139868690000001,44.87037583000001,9.4],[-1.1406295199999998,44.869638789999996,9.4],[-1.1410300699999993,44.869208219999976,9.4],[-1.1420758600000005,44.86819276000001,9.4],[-1.1425168599999997,44.86770928000001,9.5],[-1.1443817000000003,44.865854500000005,10.7],[-1.1448833399999998,44.865385870000004,10.7],[-1.1466306400000001,44.86362378999999,10.4],[-1.1487286899999996,44.86161776,10.4],[-1.1512125599999996,44.85915728,9.2],[-1.1514048399999997,44.85889492999998,9.2],[-1.1518285800000003,44.85859146999999,9.1],[-1.1519508000000003,44.85842731000001,9.1],[-1.1519920500000003,44.85826527999998,9.0],[-1.1521139399999996,44.858130890000005,9.0],[-1.1525769900000002,44.857793500000014,8.9],[-1.15270606,44.85761917000001,8.9],[-1.1528522200000004,44.8573333,8.3],[-1.1531172700000007,44.857146669999985,8.3],[-1.1533582399999995,44.85677159999998,8.2],[-1.15360898,44.85646017999999,7.9],[-1.1536784299999991,44.85621685999999,7.9],[-1.1537121499999998,44.855799059999995,7.9],[-1.1540221500000003,44.85529519,8.2],[-1.1544873600000003,44.85483329,8.2],[-1.1549626599999996,44.854114050000014,8.2],[-1.1553664499999996,44.853764430000005,8.2],[-1.1555926299999995,44.85360089000001,8.2],[-1.1557381100000002,44.85339168,8.2],[-1.1558608299999988,44.85314906,8.2],[-1.1561607699999996,44.852817759999986,8.2],[-1.1564115399999992,44.852387320000005,8.2],[-1.1564713899999994,44.85220296000001,8.1],[-1.1563343700000004,44.85151658000001,8.2],[-1.156415030000001,44.85116825000002,8.1],[-1.1565187999999988,44.85104625000001,8.1],[-1.1565758699999995,44.85090978000001,8.1],[-1.1564104499999992,44.85031913000001,8.1],[-1.15637297,44.850069899999994,8.2],[-1.1562998600000005,44.849938299999984,8.3],[-1.1561467199999993,44.849804290000016,8.2],[-1.1558732399999998,44.84965406,8.2],[-1.1557018799999987,44.84963344,8.2],[-1.1555710299999993,44.84957793000001,8.2],[-1.155111620000001,44.849244430000006,7.9],[-1.155052079999999,44.84915921,7.9],[-1.1549716999999988,44.84887821999999,7.8],[-1.1548461699999988,44.84865482000001,7.8],[-1.1546991400000004,44.848209539999985,7.9],[-1.1546034800000002,44.848030109999996,7.9],[-1.1544433599999997,44.847870209999996,7.9],[-1.15417169,44.84767573,7.8],[-1.15335747,44.84655491000001,7.8],[-1.1533149000000003,44.846356359999994,7.8],[-1.153307179999999,44.84611502,7.8],[-1.1533728899999995,44.845838480000005,7.8],[-1.1534454600000001,44.84574019,7.9],[-1.153671939999999,44.84558115,8.4],[-1.1538577100000003,44.8451802,8.5],[-1.1540584999999999,44.844639839999985,8.3],[-1.1540873600000012,44.844344850000006,8.1],[-1.15396088,44.84340653000002,8.1],[-1.15386044,44.84319662,8.2],[-1.153657769999999,44.84294095,8.2],[-1.1529049600000003,44.842220839999996,8.4],[-1.1527147299999994,44.84191060999999,8.5],[-1.1519591599999999,44.8409643,8.5],[-1.1519159900000004,44.84087756000001,8.5],[-1.1518762899999995,44.8406834,8.5],[-1.1518986999999987,44.84052388999999,8.5],[-1.1519841699999995,44.840360210000014,8.5],[-1.15220079,44.84010236000002,8.4],[-1.152283860000001,44.8399577,8.3],[-1.1522854599999999,44.83973946,8.1],[-1.1521118699999993,44.8393114,7.5],[-1.1520770199999992,44.83926852999999,7.4],[-1.1519190599999998,44.839188789999994,7.4],[-1.1517201299999995,44.839206159999996,7.4],[-1.1515494,44.839364919999994,7.6],[-1.1513531300000004,44.83948675999998,7.6],[-1.15123541,44.839505599999995,7.5],[-1.1510532400000002,44.83949258,7.5],[-1.1508990099999992,44.83942893999998,7.5],[-1.1508193999999998,44.83932914,7.5],[-1.150661449999999,44.83921514000001,7.6],[-1.150621019999999,44.83894256999999,7.7],[-1.1506734900000006,44.838795459999986,7.7],[-1.1509191799999992,44.83851939000001,7.7],[-1.1509360800000001,44.83840516,7.7],[-1.1510688999999996,44.83821355999999,7.6],[-1.1510811999999992,44.83814007,7.6],[-1.151129490000001,44.83809048,7.6],[-1.1512787300000002,44.83801818,7.6],[-1.1514715399999997,44.837781060000026,7.5],[-1.1515812099999998,44.83753352000001,7.5],[-1.15165297,44.83727028,7.5],[-1.1518284799999992,44.83698783000001,7.4],[-1.1520471600000004,44.83684350000001,7.4],[-1.1533133499999995,44.83635160000001,7.1],[-1.1534317300000003,44.836221849999994,7.0],[-1.1534617899999997,44.83614859000002,7.1],[-1.1534379100000003,44.83603137999999,7.0],[-1.153391290000001,44.83598354,6.9],[-1.1532075999999996,44.83591559000001,6.8],[-1.1528408900000007,44.83590859000003,6.8],[-1.1526701699999982,44.835964569999994,6.8],[-1.1525591800000001,44.83597143000001,6.8],[-1.1524371400000002,44.83593183000002,6.8],[-1.1523796099999994,44.83583932000001,6.9],[-1.153038139999999,44.835543279999996,7.0],[-1.15315518,44.83546405999999,7.0],[-1.153255000000001,44.83527189000001,6.8],[-1.1538849799999995,44.834795699999994,6.7],[-1.1538637600000006,44.834697320000004,6.7],[-1.1536842599999992,44.83441194,6.9],[-1.1535527799999998,44.83412475,7.1],[-1.1535367500000002,44.83390807,7.0],[-1.1536462700000012,44.833607349999994,6.4],[-1.15364453,44.833464069999984,6.4],[-1.15356267,44.83333369999999,6.4],[-1.1533644199999993,44.83318876000001,6.3],[-1.1532843499999992,44.83301415000001,6.4],[-1.153311209999998,44.83282921999999,6.4],[-1.1534005199999995,44.83266630000001,6.4],[-1.1535718899999992,44.832413750000015,6.3],[-1.15368553,44.832271549999994,6.2],[-1.1537688500000003,44.832233259999995,6.2],[-1.1537817499999996,44.832184999999996,6.2],[-1.1537484299999985,44.83204289999999,6.1],[-1.1536584599999995,44.83190562,6.1],[-1.1536569199999998,44.831833550000006,6.1],[-1.1537169699999996,44.83173754,6.0],[-1.1537831999999995,44.83170801,6.0],[-1.1538632699999996,44.831625669999994,6.0],[-1.1537765300000005,44.83101855000001,6.0],[-1.1538023300000002,44.83090489,5.9],[-1.1542602899999994,44.83048472999999,5.9],[-1.154327779999999,44.83038663000003,5.9],[-1.1543545799999988,44.83023506,5.8],[-1.1543543,44.82997452000001,5.8],[-1.1543195200000003,44.82989829000001,5.9],[-1.15418958,44.829751689999995,6.0],[-1.1539439900000008,44.829549020000016,6.0],[-1.1539264299999985,44.82920888999998,6.0],[-1.1540548299999998,44.829043590000005,5.9],[-1.1541855600000002,44.82894403,5.9],[-1.1545982999999989,44.82885463,5.9],[-1.1546612599999988,44.82876392000001,5.6],[-1.1546772899999993,44.828672260000005,5.5],[-1.1546312699999997,44.82863251000001,5.4],[-1.1541557499999995,44.82850698,5.6],[-1.1538680199999987,44.828385230000016,5.5],[-1.1537428699999996,44.82826911,5.5],[-1.1536817499999994,44.82800814,5.4],[-1.1537188400000002,44.82741352,5.3],[-1.1537858600000002,44.82722348000001,5.3],[-1.1538946399999999,44.82703277000001,5.3],[-1.1540909199999991,44.82686043,5.3],[-1.1542788999999984,44.826764130000015,5.3],[-1.154607039999999,44.826695940000015,5.2],[-1.1548416900000005,44.82657985000003,5.2],[-1.1548910300000006,44.82654465000002,5.2],[-1.1549537999999986,44.82643410999999,5.1],[-1.1550319800000002,44.826240940000005,5.1],[-1.15513003,44.825699930000006,5.1],[-1.1550252899999995,44.82543157999999,5.1],[-1.1551259499999997,44.825233970000006,5.0],[-1.15535188,44.82501724000001,4.9],[-1.15539589,44.8249101,4.9],[-1.1553654299999983,44.82480666,4.9],[-1.155274000000001,44.824718129999994,4.9],[-1.1552608999999994,44.82466091999999,4.5],[-1.1552981199999988,44.82447921000001,4.7],[-1.15527124,44.82415024,4.9],[-1.1553039300000008,44.82382174,4.4],[-1.1555732699999992,44.82350691000001,4.7],[-1.1555727899999992,44.82332932000002,4.8],[-1.1554912600000007,44.823083540000006,4.0],[-1.15548114,44.82279271000002,4.2],[-1.1556399599999998,44.82249104,4.1],[-1.1555789199999993,44.82240227,4.1],[-1.15545232,44.822300629999994,4.1],[-1.1553657400000001,44.82217495,4.1],[-1.15531454,44.82203082,4.0],[-1.1553392599999999,44.82178285999999,4.0],[-1.15552475,44.82168755,4.0],[-1.1558361699999995,44.82158211000001,4.0],[-1.155941419999999,44.82151506000002,4.0],[-1.1561649399999998,44.82133447999999,3.9],[-1.1564681700000001,44.821135580000025,3.9],[-1.1565625699999982,44.82099048999999,3.8],[-1.156536969999999,44.82090129000001,3.8],[-1.1564384299999988,44.82085359999999,3.8],[-1.1560716199999999,44.820861039999976,3.8],[-1.1557907800000007,44.82079764,3.8],[-1.1557115200000003,44.820736600000004,3.9],[-1.1557064599999995,44.82056548999998,3.9],[-1.1557922200000001,44.82045769999998,3.8],[-1.156030699999999,44.82042802000001,3.8],[-1.1562220399999996,44.82032618000001,3.7],[-1.1562883299999986,44.82026328999999,3.7],[-1.1563188399999986,44.82016207,3.7],[-1.1562982099999994,44.81998613000001,3.7],[-1.1561316400000008,44.81963536000001,3.8],[-1.1560515799999993,44.81954639999999,3.8],[-1.1559842200000001,44.81940647,3.8],[-1.1560482999999993,44.81921114,3.8],[-1.1561067999999999,44.81914583000002,3.8],[-1.1561706899999988,44.81910196000001,3.8],[-1.1563485399999998,44.819074560000004,3.8],[-1.156645759999999,44.81867483,3.8],[-1.1566020099999994,44.81775866999999,3.7],[-1.1566212799999998,44.817625420000006,3.7],[-1.1567542900000012,44.81738602000001,3.7],[-1.1568014800000004,44.81723639,3.8],[-1.156847439999999,44.81665946999998,3.8],[-1.157019369999999,44.815987660000005,3.9],[-1.1570611800000004,44.81516656000001,3.9],[-1.1573535700000002,44.81456506,3.7],[-1.1573648299999997,44.81420401000001,3.6],[-1.1574722199999996,44.81372124999999,3.8],[-1.1574516500000003,44.81344343000001,3.8],[-1.1574746799999989,44.813053090000004,3.8],[-1.1575233300000005,44.81288898,3.7],[-1.1577045099999999,44.81256483,3.6],[-1.1576807600000005,44.81241516,3.5],[-1.1575735800000004,44.81218207,3.4],[-1.1575816799999998,44.81212046000001,3.3],[-1.1580917600000011,44.81149996999999,3.1],[-1.1581080400000001,44.81141191,3.1],[-1.1580461299999998,44.81127719,3.1],[-1.1576587299999994,44.81078324,3.1],[-1.1576314700000003,44.81070583000001,3.2],[-1.1576795199999999,44.810619280000004,3.1],[-1.1577635399999984,44.81057375000002,3.0],[-1.1580015799999992,44.81053867000001,3.0],[-1.1580796800000008,44.81043026,3.0],[-1.1581099099999992,44.81029118,3.0],[-1.158065989999999,44.80983483,3.0],[-1.15810931,44.809598799999996,3.0],[-1.15817609,44.80942319,3.0],[-1.15840877,44.809059239999996,2.9],[-1.1584018300000003,44.80881157,2.8],[-1.1583556200000005,44.80864922000001,2.8],[-1.1582172100000006,44.80854172000001,2.8],[-1.1579647999999994,44.80845111000001,2.8],[-1.157906769999999,44.80838567,2.7],[-1.1576366000000011,44.80750776,3.0],[-1.1576899,44.80733807,3.0],[-1.15781346,44.80722795,3.0],[-1.1579258600000009,44.80720660000001,3.0],[-1.1581481400000002,44.80728391000001,2.9],[-1.1584898,44.80728011,2.9],[-1.1587510899999995,44.807199979999986,2.8],[-1.1588691300000002,44.80711800999999,2.8],[-1.1589389099999994,44.806999989999994,2.9],[-1.1589574400000002,44.80687398,2.9],[-1.1587941599999996,44.80665291000001,2.9],[-1.1587287200000005,44.80580337999999,2.8],[-1.1589064499999993,44.80517643000001,2.9],[-1.1589255599999984,44.804921470000004,2.9],[-1.1590869800000012,44.804108510000006,2.9],[-1.1590898700000005,44.80385686,2.9],[-1.1590086699999995,44.803461410000004,2.9],[-1.1590012599999993,44.80324171,2.9],[-1.1591005100000005,44.80280342999999,2.9],[-1.1593358999999992,44.80203185999999,2.8],[-1.15922678,44.80161852999999,2.8],[-1.1592270799999984,44.80140034000001,2.7],[-1.15929699,44.801284120000005,2.7],[-1.1593101999999997,44.80118896000001,2.7],[-1.1592417300000009,44.80105088,2.7],[-1.159217369999999,44.800841729999995,2.7],[-1.1592288299999989,44.800517640000024,2.7],[-1.159304430000001,44.80025605000001,2.7],[-1.1593862399999992,44.80019798,2.7],[-1.1596224299999998,44.80010437,2.7],[-1.1597332100000004,44.800010050000004,2.7],[-1.1599348299999996,44.799757260000014,2.7],[-1.15991374,44.79960929000001,2.7],[-1.15959633,44.79922181,2.7],[-1.1594801200000002,44.79891784000001,2.7],[-1.1595396999999992,44.79869652,2.6],[-1.15972125,44.79851480000001,2.6],[-1.16002914,44.79790189,2.6],[-1.1600793999999994,44.797571829999995,2.6],[-1.15999147,44.79708558,2.6],[-1.1600091599999987,44.79667471,2.6],[-1.1601550499999989,44.79631942000001,2.6],[-1.1602842100000004,44.79563569,2.6],[-1.1604562699999998,44.79518926000001,2.6],[-1.160590079999999,44.79497867999999,2.6],[-1.16054068,44.7947903,2.6],[-1.1603498499999998,44.79457298,2.6],[-1.1603494799999996,44.79429440999999,2.6],[-1.160549529999999,44.793559329999994,2.6],[-1.160519120000001,44.79326835999999,2.6],[-1.1604171400000003,44.79305400999999,2.6],[-1.1604103500000005,44.79296231000002,2.5],[-1.1604261499999988,44.79285082,2.4],[-1.1605807599999995,44.792647570000014,2.1],[-1.1606890299999995,44.7923487,1.6],[-1.1607166799999993,44.79191851,1.6],[-1.1607944999999993,44.79155045000001,1.6],[-1.1611035299999997,44.79086808000001,1.6],[-1.1610910199999993,44.79073331,1.6],[-1.161024679999999,44.79064113999999,1.6],[-1.1610669999999994,44.79011844999999,1.6],[-1.1611064499999983,44.79003582,1.6],[-1.1610821999999987,44.78960578999999,1.6],[-1.1611326100000012,44.78948308,1.6],[-1.1611653399999997,44.78927539,1.6],[-1.1611684900000003,44.78901021,1.6],[-1.1610965400000002,44.788688349999994,1.6],[-1.1610949800000006,44.78849637999998,1.5],[-1.16128032,44.7881955,1.5],[-1.1616266599999998,44.78784620999999,1.4],[-1.16168836,44.78770505,1.4],[-1.1615638700000002,44.78747712000001,1.4],[-1.1615172500000008,44.78724086,1.5],[-1.1615402,44.78703805,1.5],[-1.1615211499999998,44.786746660000006,1.5],[-1.1616854200000002,44.786434849999985,1.5],[-1.1616336000000005,44.78607708,1.5],[-1.16162021,44.785862099999996,1.5],[-1.161645549999999,44.785623140000006,1.5],[-1.161618,44.785370830000005,1.5],[-1.1621180000000004,44.784669560000005,1.5],[-1.16225728,44.784345170000016,1.5],[-1.1623373999999989,44.78394006,1.3],[-1.1623433799999983,44.78357651,1.3],[-1.16240271,44.783198330000005,1.2],[-1.16239782,44.782944269999994,1.2],[-1.1623461800000001,44.78250354,1.2],[-1.16218443,44.78199482,1.2],[-1.16217636,44.78181751999999,1.1],[-1.1622261199999997,44.78144691000001,1.1],[-1.1623332300000002,44.78111562,1.2],[-1.162377429999999,44.780823649999995,1.2],[-1.1623604099999996,44.78078192,1.2],[-1.1624142799999997,44.78070596,1.2],[-1.16251959,44.78035040000001,1.2],[-1.16252569,44.78027894,1.2],[-1.1624088199999998,44.77991458999999,1.2],[-1.162378859999999,44.77957854,1.2],[-1.1626665499999989,44.77895105000001,1.2],[-1.1626405600000005,44.77885645999999,1.2],[-1.162658539999998,44.778757519999985,1.2],[-1.1627897699999996,44.778461380000024,1.2],[-1.1628069400000005,44.77830026,1.2],[-1.16280343,44.7779623,1.2],[-1.1627453100000005,44.77770754,1.2],[-1.1625860099999992,44.77741962,1.2],[-1.162369309999999,44.777108610000006,0.8],[-1.162357599999999,44.777001760000005,0.8],[-1.1624163000000003,44.776888659999976,0.8],[-1.1629111300000001,44.776665410000014,0.8],[-1.1631596499999997,44.77660288,0.8],[-1.16368522,44.77629913,0.8],[-1.1637889099999998,44.77619516000001,0.8],[-1.1638576299999999,44.776029390000005,0.8],[-1.1638352799999991,44.77555691,0.8],[-1.16388608,44.77545673000001,0.8],[-1.16387298,44.77539952000001,0.8],[-1.1639251800000001,44.775335350000006,0.8],[-1.1639269499999996,44.775239719999995,0.8],[-1.1638712899999994,44.774949699999986,0.8],[-1.1637314699999999,44.774719650000016,0.8],[-1.1633220899999996,44.774302289999994,0.8],[-1.1630930699999993,44.77414952000001,0.8],[-1.1629296400000004,44.77407903000001,0.8],[-1.1625212700000003,44.77399971,0.8],[-1.1624117899999997,44.77402547,0.8],[-1.162331819999999,44.77407355,0.8],[-1.1622120599999992,44.77418262999999,0.8],[-1.16212353,44.774320290000006,0.8],[-1.1619599899999988,44.77440217000001,0.8],[-1.1619355399999993,44.77437965000001,0.8],[-1.161901859999999,44.774386319999984,0.8],[-1.1618832000000003,44.77444202000001,0.8],[-1.1618384300000002,44.774452720000006,0.8],[-1.1617862799999998,44.774432139999995,0.8],[-1.1615760399999997,44.77453290000001,0.8],[-1.1613658399999989,44.774531779999975,0.8],[-1.1611379,44.77441052000002,0.8],[-1.16101577,44.77424831999999,0.8],[-1.1608935799999993,44.77415374,0.8],[-1.1606754099999994,44.774061860000025,0.8],[-1.1605828499999995,44.77395715,0.8],[-1.160496639999999,44.77361329000001,0.8],[-1.1603962300000008,44.773385360000006,0.8],[-1.1602175599999998,44.773160369999985,0.8],[-1.1601844000000003,44.77307146000001,0.8],[-1.1603355300000004,44.77302701,1.2],[-1.1607266900000002,44.77357489,0.7],[-1.1608564699999995,44.773857619999994,0.7]],[[-1.0987008100000002,44.97415128000001,13.3],[-1.098975659999999,44.97396714,13.3],[-1.0990156599999996,44.973906160000006,13.3],[-1.09891854,44.97374205000001,13.3],[-1.0989465600000001,44.973656270000006,13.3],[-1.0988666000000005,44.973396850000015,13.3],[-1.0988713900000004,44.97320194,13.3],[-1.0986892599999993,44.97312571000001,13.3],[-1.098492319999999,44.972916590000004,13.3],[-1.0983607599999998,44.97287185,13.3],[-1.098308169999999,44.97272593,13.3],[-1.098228989999999,44.972633290000005,13.3],[-1.0979085599999996,44.97259371,13.3],[-1.09778345,44.97249825000001,13.3],[-1.0977444500000002,44.97250329,13.3],[-1.0976290600000005,44.97255804000001,13.3],[-1.0975157499999988,44.97267580999999,13.3],[-1.0971462099999998,44.97274623999999,13.3],[-1.0969674200000004,44.97280241,13.3],[-1.09678701,44.972940689999994,13.3],[-1.0966131599999998,44.972994889999995,13.3],[-1.09634583,44.97298671,13.3],[-1.0962962499999993,44.97303811999999,13.3],[-1.0963258199999995,44.9731299,13.3],[-1.0962742600000002,44.97315432999999,13.3],[-1.0960769799999994,44.97316611000001,13.3],[-1.0960801999999987,44.97321016999999,13.3],[-1.0961683499999983,44.973269129999984,13.3],[-1.096551119999999,44.973431729999994,13.3],[-1.0966031199999988,44.97350013999999,13.3],[-1.0966092,44.973756869999995,13.3],[-1.0965029700000002,44.97405830999999,13.3],[-1.0965086899999992,44.97413653,13.3],[-1.0968613399999998,44.97423443,13.3],[-1.0973482500000011,44.97420566000002,13.3],[-1.0974252900000006,44.974234380000006,13.3],[-1.0976171999999988,44.97440942000001,13.3],[-1.0974109900000002,44.97475061000001,13.3],[-1.09745105,44.97482937,13.3],[-1.0976675799999998,44.975045879999996,13.3],[-1.0981093399999997,44.975042220000006,13.3],[-1.0983163099999993,44.975076060000006,13.3],[-1.0981310899999999,44.97495756999999,13.3],[-1.09805585,44.97484945,13.3],[-1.0979210499999987,44.974777780000004,13.3],[-1.097883969999999,44.97472235,13.3],[-1.0978952099999995,44.97461555000001,13.3],[-1.0981888199999996,44.97427114,13.3],[-1.0982785899999996,44.97423086000001,13.3],[-1.0987008100000002,44.97415128000001,13.3]],[[-1.0990802799999995,44.98896565000001,13.1],[-1.0991639599999996,44.98898058999999,13.1],[-1.0992624100000006,44.988954420000006,13.1],[-1.0994936200000003,44.98895401,13.1],[-1.0995619399999998,44.98891543,13.1],[-1.0995801899999988,44.988800250000004,13.1],[-1.0995037299999988,44.98869307999999,13.1],[-1.0994632299999993,44.98857376000001,13.1],[-1.0993242800000005,44.98855003,13.1],[-1.0991614999999995,44.98875619000001,13.1],[-1.0989612099999995,44.98886635,13.1],[-1.098986039999999,44.988910520000005,13.1],[-1.09905259,44.98891708000001,13.1],[-1.0990802799999995,44.98896565000001,13.1]],[[-1.1035113100000002,44.988993319999985,13.1],[-1.1037209599999993,44.989080249999994,13.1],[-1.1037883299999989,44.98906333000001,13.1],[-1.1038554100000002,44.988990529999995,13.1],[-1.1038562099999998,44.98891477000001,13.1],[-1.1037845199999998,44.988838079999994,13.1],[-1.1037149300000002,44.98880729,13.1],[-1.1034045400000008,44.988767350000025,13.1],[-1.1032456499999992,44.98881830000001,13.1],[-1.1032106999999995,44.988896219999994,13.1],[-1.1032326099999998,44.98893507999998,13.1],[-1.1032907299999994,44.988965399999984,13.1],[-1.1035113100000002,44.988993319999985,13.1]],[[-1.104028940000001,44.96425182000003,13.3],[-1.104214479999999,44.96406285,13.3],[-1.1042605399999996,44.963980899999996,13.3],[-1.1042481399999997,44.96389841999999,13.3],[-1.10408356,44.96374942,13.3],[-1.1040306200000003,44.96377211000001,13.3],[-1.1039211299999994,44.963976309999985,13.3],[-1.1039127699999998,44.96408751,13.3],[-1.1039678199999998,44.96424957,13.3],[-1.104028940000001,44.96425182000003,13.3]],[[-1.10405253,44.98339521,13.3],[-1.1039515300000005,44.98345573999999,13.3],[-1.1039233400000008,44.98350456000001,13.3],[-1.10403185,44.98371964,13.3],[-1.1040222500000003,44.98379663,13.3],[-1.1042671699999993,44.983793,13.3],[-1.1044897800000002,44.98383166,13.3],[-1.1047071500000003,44.98392011000001,13.3],[-1.10481917,44.98392318000001,13.3],[-1.105041000000001,44.983864499999996,13.3],[-1.1051239400000001,44.983869559999995,13.3],[-1.1054960400000002,44.98400638000001,13.3],[-1.1055881399999994,44.98406699000001,13.3],[-1.105871479999999,44.98413676999999,13.3],[-1.1060824399999996,44.98415512,13.3],[-1.1058620000000001,44.98423269,13.3],[-1.1057879800000012,44.98422821,13.3],[-1.1056865999999996,44.98417966000001,13.3],[-1.1055729099999991,44.984188369999984,13.3],[-1.10581948,44.98436318,13.3],[-1.10595226,44.984337540000006,13.3],[-1.106083929999999,44.98421006000001,13.3],[-1.1062903600000003,44.98414923999999,13.3],[-1.1063415399999983,44.98410227,13.3],[-1.1063430299999992,44.98407066,13.3],[-1.1061929499999994,44.98405095999998,13.3],[-1.1059196300000003,44.98404844,13.3],[-1.1052704099999997,44.98382267,13.3],[-1.1051494600000014,44.983663050000004,13.3],[-1.1050722100000012,44.983614509999995,13.3],[-1.1049794600000002,44.98361432999998,13.3],[-1.1045793799999997,44.983771560000015,13.3],[-1.1044521099999993,44.983751010000006,13.3],[-1.1042357599999997,44.98364179,13.3],[-1.1040772000000003,44.98347183999999,13.3],[-1.10405253,44.98339521,13.3]],[[-1.1064007599999988,44.954892320000006,13.3],[-1.1062742000000003,44.9548979,13.3],[-1.1061414899999988,44.95499295999998,13.3],[-1.1061172599999989,44.95504343999998,13.3],[-1.1063120200000012,44.95501551000001,13.3],[-1.1063948999999993,44.95496826999999,13.3],[-1.1064270599999997,44.954921999999996,13.3],[-1.1064007599999988,44.954892320000006,13.3]],[[-1.1079664499999988,44.987098630000006,13.3],[-1.1077308599999995,44.98709110999999,13.3],[-1.1074876200000001,44.98697927999999,13.3],[-1.1074439500000002,44.987145889999994,13.3],[-1.1073656399999994,44.987169519999995,13.3],[-1.1071559500000008,44.98713399000001,13.3],[-1.1069021999999995,44.98722541,13.3],[-1.1068238499999998,44.987231009999995,13.3],[-1.1067081799999992,44.98719561000001,13.3],[-1.1064866099999993,44.98699822999998,13.3],[-1.1064267299999997,44.98699593,13.3],[-1.1062365299999994,44.98710483999999,13.3],[-1.1062097399999993,44.98715542,13.3],[-1.1062447399999993,44.9872515,13.3],[-1.10634788,44.98735858000001,13.3],[-1.10648294,44.9874158,13.3],[-1.106695210000001,44.98739985,13.3],[-1.10678837,44.98747483999999,13.3],[-1.106979720000001,44.98752007000001,13.3],[-1.1073560399999998,44.987419609999996,13.3],[-1.10747066,44.98751003999999,13.3],[-1.1075554,44.987539370000015,13.3],[-1.1075873399999994,44.987455239999996,13.3],[-1.10767374,44.98740337000001,13.3],[-1.1078481599999994,44.98718324000001,13.3],[-1.1079543500000004,44.98714144999999,13.3],[-1.1079664499999988,44.987098630000006,13.3]],[[-1.1075618600000001,44.98871840999999,13.3],[-1.1075300399999999,44.98882147,13.3],[-1.1075952000000011,44.98889570000001,13.3],[-1.1077397499999988,44.98892642,13.3],[-1.107903859999999,44.988929369999994,13.3],[-1.1079348499999988,44.98886692,13.3],[-1.1078763199999997,44.98867524,13.3],[-1.1077606599999992,44.988622710000016,13.3],[-1.10764241,44.988638800000004,13.3],[-1.1075618600000001,44.98871840999999,13.3]],[[-1.1083257599999998,44.98896517,13.3],[-1.1084323799999996,44.988981069999994,13.3],[-1.1085629000000001,44.98895910999999,13.3],[-1.1085997199999993,44.988854970000006,13.3],[-1.1085452400000007,44.98877043000002,13.3],[-1.1082922699999989,44.988889769999986,13.3],[-1.1083257599999998,44.98896517,13.3]],[[-1.1089016100000002,44.95251344,13.3],[-1.1087248300000003,44.95292479,13.3],[-1.10886348,44.95296293999999,13.3],[-1.1090337399999992,44.95280878,13.3],[-1.10916725,44.95260369999999,13.3],[-1.1094273900000013,44.95248047,13.3],[-1.1099692600000004,44.95230355000003,13.3],[-1.1104716699999988,44.952229069999994,13.3],[-1.1106388,44.952153460000005,13.3],[-1.1107401600000002,44.952064059999984,13.3],[-1.1110951699999991,44.95197068999999,13.3],[-1.1112563500000003,44.95200438999999,13.3],[-1.1112931499999998,44.951986800000014,13.3],[-1.1111282799999989,44.95188561,13.3],[-1.1110860699999991,44.95182947000001,13.3],[-1.11121918,44.95153244000001,13.3],[-1.1115149999999998,44.951065289999995,13.3],[-1.1113452899999992,44.95094985,13.3],[-1.11124029,44.95073015,13.3],[-1.1109342199999999,44.95071172000001,13.3],[-1.1105077299999995,44.9509556,13.3],[-1.1101785499999997,44.95136627999999,13.3],[-1.110232239999999,44.951405769999994,13.3],[-1.1106049999999998,44.95117378999999,13.3],[-1.1106553199999998,44.95116741999998,13.3],[-1.1106551199999994,44.951354959999996,13.3],[-1.11048979,44.95161081000001,13.3],[-1.1103734699999996,44.951652079999995,13.3],[-1.1100461099999996,44.951672310000006,13.3],[-1.1094699999999997,44.951659359999994,13.3],[-1.1092166399999996,44.95163267000001,13.3],[-1.1091139100000003,44.951599500000015,13.3],[-1.109131299999999,44.9515078,13.3],[-1.1090831899999987,44.95150957999999,13.3],[-1.1088200999999998,44.95174831,13.3],[-1.1089342699999993,44.95224896999998,13.3],[-1.1089016100000002,44.95251344,13.3]],[[-1.1124664099999988,44.99789023999999,13.3],[-1.1126279100000005,44.997943769999985,13.3],[-1.1128380600000005,44.99796755999999,13.3],[-1.1136852199999991,44.99791007,13.3],[-1.1139133699999981,44.99783310999999,13.3],[-1.11406505,44.99771839999999,13.3],[-1.1141064799999985,44.997607779999996,13.3],[-1.1139605699999993,44.99738596999998,13.3],[-1.1138025099999995,44.99736207000001,13.3],[-1.1136476499999992,44.99734706,13.3],[-1.1133968699999994,44.99735814000002,13.3],[-1.113257619999999,44.99743452000001,13.3],[-1.11266781,44.99744913,13.3],[-1.1126481499999998,44.99752739,13.3],[-1.1124076299999985,44.99781667999998,13.3],[-1.1124664099999988,44.99789023999999,13.3]],[[-1.1136265500000002,44.950357819999994,13.3],[-1.1137555700000004,44.95055860000001,13.3],[-1.1138906700000002,44.95061760999998,13.3],[-1.11401161,44.95063928,13.3],[-1.1140497500000004,44.95060541,13.3],[-1.1140632899999998,44.95049582000001,13.3],[-1.1139952499999997,44.950399160000025,13.3],[-1.1138872199999996,44.95031120000001,13.3],[-1.1138470999999996,44.95021441,13.3],[-1.1137265499999998,44.950111590000006,13.3],[-1.1134132599999988,44.949942870000015,13.3],[-1.1132475300000009,44.949933679999994,13.3],[-1.1132343800000004,44.9500658,13.3],[-1.1134391200000002,44.95022591,13.3],[-1.11350389,44.95032990000001,13.3],[-1.1136265500000002,44.950357819999994,13.3]],[[-1.1165916900000008,44.95093500000001,13.3],[-1.1166509900000012,44.95053249000002,13.3],[-1.1165259399999985,44.950368529999984,13.3],[-1.1165392299999988,44.95022108,13.3],[-1.1164294899999991,44.95019628999999,13.3],[-1.1163293799999985,44.95021623,13.3],[-1.1164549700000002,44.95037026,13.3],[-1.11643025,44.950569519999995,13.3],[-1.1163408799999994,44.95068372999998,13.3],[-1.1162093400000008,44.950776960000006,13.3],[-1.11605333,44.950986500000006,13.3],[-1.116016809999999,44.95109424,13.3],[-1.1160510499999998,44.95121468,13.3],[-1.116278969999999,44.95151729,13.3],[-1.1162588299999991,44.95164065,13.3],[-1.1158530999999992,44.95187296,13.3],[-1.1158457099999992,44.951962490000014,13.3],[-1.115895339999999,44.9521022,13.3],[-1.1160895899999996,44.95232672000001,13.3],[-1.1162438799999992,44.95240484999999,13.3],[-1.1163683599999994,44.95242277,13.3],[-1.1164544000000003,44.95231499999999,13.3],[-1.11660272,44.95203542,13.3],[-1.11676037,44.951865489999996,13.3],[-1.1167764699999991,44.951808099999994,13.3],[-1.1167821399999998,44.95159151,13.3],[-1.1166058400000005,44.951110279999995,13.3],[-1.1165916900000008,44.95093500000001,13.3]],[[-1.1162566099999998,44.94281511,13.3],[-1.1161617999999995,44.94280329000001,13.3],[-1.1160361899999998,44.94282146999999,13.3],[-1.115902989999999,44.94292648000001,13.3],[-1.1160951099999996,44.943001409999994,13.3],[-1.1162069200000002,44.94300268,13.3],[-1.1162541799999997,44.94297207,13.3],[-1.1162566099999998,44.94281511,13.3]],[[-1.11641615,44.94109888999999,13.3],[-1.1161291499999992,44.941149200000005,13.3],[-1.1162782799999993,44.94122662,13.3],[-1.1164635899999995,44.94120893,13.3],[-1.1164797600000005,44.94113529999999,13.3],[-1.11641615,44.94109888999999,13.3]],[[-1.1173587299999996,44.94673944,13.3],[-1.1171998799999991,44.94661639999999,13.3],[-1.11710675,44.94667935,13.3],[-1.1172658699999998,44.94680598999999,13.3],[-1.1174060000000001,44.946812519999995,13.3],[-1.1173587299999996,44.94673944,13.3]],[[-1.117569059999999,44.95309053999999,13.3],[-1.1173643599999994,44.95303501,13.3],[-1.117325919999998,44.95311668,13.3],[-1.11737921,44.953167900000004,13.3],[-1.1178852999999984,44.95317799000001,13.3],[-1.1184108199999998,44.95310712,13.3],[-1.118594269999999,44.95302909000001,13.3],[-1.1186627099999995,44.95292378,13.3],[-1.1186524499999992,44.95281867,13.3],[-1.11858582,44.95279319000001,13.3],[-1.1184831200000005,44.95279520000002,13.3],[-1.11820799,44.95283515,13.3],[-1.1179105099999993,44.95281281000001,13.3],[-1.1177941400000002,44.95283606,13.3],[-1.11773139,44.95289789000001,13.3],[-1.1177076800000003,44.95297270000002,13.3],[-1.117569059999999,44.95309053999999,13.3]],[[-1.1190570199999998,44.93723687,13.3],[-1.1191416700000008,44.93728331999999,13.3],[-1.1191958600000005,44.937243450000004,13.3],[-1.1191971500000002,44.93720914000001,13.3],[-1.1191400100000002,44.93717429000001,13.3],[-1.1190833700000005,44.9371809,13.3],[-1.1190570199999998,44.93723687,13.3]],[[-1.1193187999999994,44.95466296000001,13.3],[-1.11935415,44.95450477000001,13.3],[-1.1193227899999991,44.95445815,13.3],[-1.119259290000001,44.95444067,13.3],[-1.1190991899999987,44.954456519999994,13.3],[-1.11914804,44.95468913000001,13.3],[-1.1191828699999995,44.95473110999998,13.3],[-1.1192544600000007,44.95472034,13.3],[-1.1193187999999994,44.95466296000001,13.3]]]}}
