code_gene,nom_bdcarthage,dtg_bathy,lon,lat,prof
S1215013,ETANG DE LACANAU,28/07/2008,"-1,11934","45,00376","0,4"
S1215013,ETANG DE LACANAU,28/07/2008,"-1,11933","45,00375","0,4"
S1215013,ETANG DE LACANAU,28/07/2008,"-1,11933","45,00375","0,4"
S1215013,ETANG DE LACANAU,28/07/2008,"-1,11935","45,00375","0,5"
S1215013,ETANG DE LACANAU,28/07/2008,"-1,11935","45,00375","0,4"
S1215013,ETANG DE LACANAU,28/07/2008,"-1,11935","45,00375","0,4"
S1215013,ETANG DE LACANAU,28/07/2008,"-1,11935","45,00375","0,4"
S1215013,ETANG DE LACANAU,28/07/2008,"-1,11935","45,00375","0,4"
S1215013,ETANG DE LACANAU,28/07/2008,"-1,11934","45,00376","0,4"
S1215013,ETANG DE LACANAU,28/07/2008,"-1,11934","45,00376","0,5"
S1215013,ETANG DE LACANAU,28/07/2008,"-1,11935","45,00375","0,5"
S1215013,ETANG DE LACANAU,28/07/2008,"-1,11935","45,00375","0,4"
S1215013,ETANG DE LACANAU,28/07/2008,"-1,11934","45,00376","0,4"
S1215013,ETANG DE LACANAU,28/07/2008,"-1,11934","45,00376","0,4"
S1215013,ETANG DE LACANAU,28/07/2008,"-1,11934","45,00376","0,5"
S1215013,ETANG DE LACANAU,28/07/2008,"-1,11934","45,00376","0,4"
S1215013,ETANG DE LACANAU,28/07/2008,"-1,11934","45,00376","0,4"
S1215013,ETANG DE LACANAU,28/07/2008,"-1,11934","45,00376","0,5"
S1215013,ETANG DE LACANAU,28/07/2008,"-1,11934","45,00376","0,5"
S1215013,ETANG DE LACANAU,28/07/2008,"-1,11934","45,00376","0,5"
S1215013,ETANG DE LACANAU,28/07/2008,"-1,11934","45,00376","0,5"
S1215013,ETANG DE LACANAU,28/07/2008,"-1,11935","45,00376","0,4"
S1215013,ETANG DE LACANAU,28/07/2008,"-1,11935","45,00375","0,4"
S1215013,ETANG DE LACANAU,28/07/2008,"-1,11933","45,00376","0,4"
S1215013,ETANG DE LACANAU,28/07/2008,"-1,11934","45,00376","0,5"
S1215013,ETANG DE LACANAU,28/07/2008,"-1,11934","45,00376","0,4"
S1215013,ETANG DE LACANAU,28/07/2008,"-1,11932","45,00376","0,4"
S1215013,ETANG DE LACANAU,28/07/2008,"-1,11931","45,00376","0,4"
S1215013,ETANG DE LACANAU,28/07/2008,"-1,11931","45,00377","0,4"
S1215013,ETANG DE LACANAU,28/07/2008,"-1,11931","45,00377","0,4"
S1215013,ETANG DE LACANAU,28/07/2008,"-1,11931","45,00376","0,4"
S1215013,ETANG DE LACANAU,28/07/2008,"-1,11931","45,00376","0,4"
S1215013,ETANG DE LACANAU,28/07/2008,"-1,11932","45,00376","0,4"
S1215013,ETANG DE LACANAU,28/07/2008,"-1,11933","45,00376","0,4"
S1215013,ETANG DE LACANAU,28/07/2008,"-1,11932","45,00374","0,5"
S1215013,ETANG DE LACANAU,28/07/2008,"-1,11933","45,00376","0,4"
S1215013,ETANG DE LACANAU,28/07/2008,"-1,11933","45,00376","0,4"
S1215013,ETANG DE LACANAU,28/07/2008,"-1,11934","45,00376","0,4"
S1215013,ETANG DE LACANAU,28/07/2008,"-1,11935","45,00375","0,4"
S1215013,ETANG DE LACANAU,28/07/2008,"-1,11934","45,00376","0,4"
S1215013,ETANG DE LACANAU,28/07/2008,"-1,11934","45,00376","0,4"
S1215013,ETANG DE LACANAU,28/07/2008,"-1,11934","45,00376","0,5"
S1215013,ETANG DE LACANAU,28/07/2008,"-1,11934","45,00375","0,4"
S1215013,ETANG DE LACANAU,28/07/2008,"-1,11934","45,00375","0,4"
S1215013,ETANG DE LACANAU,28/07/2008,"-1,11934","45,00375","0,4"
S1215013,ETANG DE LACANAU,28/07/2008,"-1,11935","45,00375","0,4"
S1215013,ETANG DE LACANAU,28/07/2008,"-1,11935","45,00375","0,4"
S1215013,ETANG DE LACANAU,28/07/2008,"-1,11935","45,00375","0,4"
S1215013,ETANG DE LACANAU,28/07/2008,"-1,11935","45,00375","0,4"
S1215013,ETANG DE LACANAU,28/07/2008,"-1,11935","45,00375","0,4"
S1215013,ETANG DE LACANAU,28/07/2008,"-1,11934","45,00375","0,5"
S1215013,ETANG DE LACANAU,28/07/2008,"-1,11933","45,00375","0,5"
S1215013,ETANG DE LACANAU,28/07/2008,"-1,11932","45,00375","0,4"
S1215013,ETANG DE LACANAU,28/07/2008,"-1,11933","45,00375","0,5"
S1215013,ETANG DE LACANAU,28/07/2008,"-1,11933","45,00375","0,4"
S1215013,ETANG DE LACANAU,28/07/2008,"-1,11933","45,00375","0,4"
S1215013,ETANG DE LACANAU,28/07/2008,"-1,11933","45,00375","0,5"
S1215013,ETANG DE LACANAU,28/07/2008,"-1,11933","45,00375","0,5"
S1215013,ETANG DE LACANAU,28/07/2008,"-1,11933","45,00375","0,4"
S1215013,ETANG DE LACANAU,28/07/2008,"-1,11933","45,00375","0,5"
S1215013,ETANG DE LACANAU,28/07/2008,"-1,11933","45,00375","0,5"
S1215013,ETANG DE LACANAU,28/07/2008,"-1,11933","45,00375","0,5"
S1215013,ETANG DE LACANAU,28/07/2008,"-1,11932","45,00374","0,5"
S1215013,ETANG DE LACANAU,28/07/2008,"-1,11933","45,00375","0,5"
S1215013,ETANG DE LACANAU,28/07/2008,"-1,11932","45,00375","0,5"
S1215013,ETANG DE LACANAU,28/07/2008,"-1,11933","45,00375","0,5"
S1215013,ETANG DE LACANAU,28/07/2008,"-1,11933","45,00375","0,4"
S1215013,ETANG DE LACANAU,28/07/2008,"-1,11933","45,00375","0,5"
S1215013,ETANG DE LACANAU,28/07/2008,"-1,11933","45,00375","0,5"
S1215013,ETANG DE LACANAU,28/07/2008,"-1,11933","45,00375","0,5"
S1215013,ETANG DE LACANAU,28/07/2008,"-1,11933","45,00375","0,5"
S1215013,ETANG DE LACANAU,28/07/2008,"-1,11936","45,00377","0,5"
S1215013,ETANG DE LACANAU,28/07/2008,"-1,11936","45,00376","0,4"
S1215013,ETANG DE LACANAU,28/07/2008,"-1,11936","45,00376","0,5"
S1215013,ETANG DE LACANAU,28/07/2008,"-1,11936","45,00376","0,5"
S1215013,ETANG DE LACANAU,28/07/2008,"-1,11935","45,00376","0,4"
S1215013,ETANG DE LACANAU,28/07/2008,"-1,11933","45,00375","0,5"
S1215013,ETANG DE LACANAU,28/07/2008,"-1,11932","45,00374","0,5"
S1215013,ETANG DE LACANAU,28/07/2008,"-1,11934","45,00374","0,5"
S1215013,ETANG DE LACANAU,28/07/2008,"-1,11933","45,00374","0,4"
S1215013,ETANG DE LACANAU,28/07/2008,"-1,11932","45,00374","0,5"
S1215013,ETANG DE LACANAU,28/07/2008,"-1,11932","45,00374","0,5"
S1215013,ETANG DE LACANAU,28/07/2008,"-1,11932","45,00374","0,5"
S1215013,ETANG DE LACANAU,28/07/2008,"-1,11932","45,00374","0,4"
S1215013,ETANG DE LACANAU,28/07/2008,"-1,11932","45,00374","0,5"
S1215013,ETANG DE LACANAU,28/07/2008,"-1,11932","45,00374","0,5"
S1215013,ETANG DE LACANAU,28/07/2008,"-1,11932","45,00375","0,5"
S1215013,ETANG DE LACANAU,28/07/2008,"-1,11932","45,00375","0,5"
S1215013,ETANG DE LACANAU,28/07/2008,"-1,11932","45,00375","0,5"
S1215013,ETANG DE LACANAU,28/07/2008,"-1,11932","45,00375","0,5"
S1215013,ETANG DE LACANAU,28/07/2008,"-1,11932","45,00374","0,5"
S1215013,ETANG DE LACANAU,28/07/2008,"-1,11932","45,00375","0,5"
S1215013,ETANG DE LACANAU,28/07/2008,"-1,11933","45,00376","0,4"
S1215013,ETANG DE LACANAU,28/07/2008,"-1,11606","44,99236","1,1"
S1215013,ETANG DE LACANAU,28/07/2008,"-1,1196","45,00348","0,6"
S1215013,ETANG DE LACANAU,28/07/2008,"-1,11616","44,99246","1,2"
S1215013,ETANG DE LACANAU,28/07/2008,"-1,11932","45,00374","0,4"
S1215013,ETANG DE LACANAU,28/07/2008,"-1,11932","45,00374","0,5"
S1215013,ETANG DE LACANAU,28/07/2008,"-1,11932","45,00374","0,5"
S1215013,ETANG DE LACANAU,28/07/2008,"-1,11932","45,00374","0,5"
S1215013,ETANG DE LACANAU,28/07/2008,"-1,11932","45,00374","0,4"
S1215013,ETANG DE LACANAU,28/07/2008,"-1,11932","45,00375","0,5"
S1215013,ETANG DE LACANAU,28/07/2008,"-1,11934","45,00375","0,5"
S1215013,ETANG DE LACANAU,28/07/2008,"-1,11932","45,00375","0,5"
S1215013,ETANG DE LACANAU,28/07/2008,"-1,12004","44,9989",1
S1215013,ETANG DE LACANAU,28/07/2008,"-1,11957","45,00352","0,5"
S1215013,ETANG DE LACANAU,28/07/2008,"-1,1188","44,99809","1,1"
S1215013,ETANG DE LACANAU,28/07/2008,"-1,11882","44,99821",1
S1215013,ETANG DE LACANAU,28/07/2008,"-1,11885","44,99833",1
S1215013,ETANG DE LACANAU,28/07/2008,"-1,11887","44,99844","1,1"
S1215013,ETANG DE LACANAU,28/07/2008,"-1,11892","44,99853",1
S1215013,ETANG DE LACANAU,28/07/2008,"-1,11905","44,99859","0,9"
S1215013,ETANG DE LACANAU,28/07/2008,"-1,1192","44,99864","0,8"
S1215013,ETANG DE LACANAU,28/07/2008,"-1,11936","44,99869","0,7"
S1215013,ETANG DE LACANAU,28/07/2008,"-1,11952","44,99875","0,7"
S1215013,ETANG DE LACANAU,28/07/2008,"-1,11877","44,99789",1
S1215013,ETANG DE LACANAU,28/07/2008,"-1,11989","44,99887","0,9"
S1215013,ETANG DE LACANAU,28/07/2008,"-1,11876","44,99778","0,9"
S1215013,ETANG DE LACANAU,28/07/2008,"-1,12025","44,99891","1,1"
S1215013,ETANG DE LACANAU,28/07/2008,"-1,12049","44,99896","1,1"
S1215013,ETANG DE LACANAU,28/07/2008,"-1,12071","44,9991","1,2"
S1215013,ETANG DE LACANAU,28/07/2008,"-1,12086","44,99932","1,3"
S1215013,ETANG DE LACANAU,28/07/2008,"-1,12094","44,99958","1,2"
S1215013,ETANG DE LACANAU,28/07/2008,"-1,12094","44,99985","1,2"
S1215013,ETANG DE LACANAU,28/07/2008,"-1,12092","45,00012","1,2"
S1215013,ETANG DE LACANAU,28/07/2008,"-1,12086","45,00039","1,1"
S1215013,ETANG DE LACANAU,28/07/2008,"-1,12077","45,00064","0,9"
S1215013,ETANG DE LACANAU,28/07/2008,"-1,12063","45,00089",1
S1215013,ETANG DE LACANAU,28/07/2008,"-1,1205","45,00114",1
S1215013,ETANG DE LACANAU,28/07/2008,"-1,11973","44,99883","0,9"
S1215013,ETANG DE LACANAU,28/07/2008,"-1,118","44,99488","1,2"
S1215013,ETANG DE LACANAU,28/07/2008,"-1,11934","45,00376","0,5"
S1215013,ETANG DE LACANAU,28/07/2008,"-1,11711","44,99665",1
S1215013,ETANG DE LACANAU,28/07/2008,"-1,11635","44,99268","1,2"
S1215013,ETANG DE LACANAU,28/07/2008,"-1,11643","44,9928","1,2"
S1215013,ETANG DE LACANAU,28/07/2008,"-1,11652","44,99293","1,2"
S1215013,ETANG DE LACANAU,28/07/2008,"-1,11667","44,99311","1,3"
S1215013,ETANG DE LACANAU,28/07/2008,"-1,11687","44,99334","1,5"
S1215013,ETANG DE LACANAU,28/07/2008,"-1,1171","44,99362","1,4"
S1215013,ETANG DE LACANAU,28/07/2008,"-1,11735","44,99391","1,3"
S1215013,ETANG DE LACANAU,28/07/2008,"-1,11754","44,9942",1
S1215013,ETANG DE LACANAU,28/07/2008,"-1,11878","44,99797",1
S1215013,ETANG DE LACANAU,28/07/2008,"-1,11786","44,99463","1,1"
S1215013,ETANG DE LACANAU,28/07/2008,"-1,12027","45,00173","0,7"
S1215013,ETANG DE LACANAU,28/07/2008,"-1,11811","44,99517","1,1"
S1215013,ETANG DE LACANAU,28/07/2008,"-1,11822","44,99547",1
S1215013,ETANG DE LACANAU,28/07/2008,"-1,11831","44,99578","1,3"
S1215013,ETANG DE LACANAU,28/07/2008,"-1,11839","44,99609","1,3"
S1215013,ETANG DE LACANAU,28/07/2008,"-1,11848","44,9964","1,3"
S1215013,ETANG DE LACANAU,28/07/2008,"-1,11857","44,9967","1,4"
S1215013,ETANG DE LACANAU,28/07/2008,"-1,11866","44,99701","1,2"
S1215013,ETANG DE LACANAU,28/07/2008,"-1,1187","44,99733","1,2"
S1215013,ETANG DE LACANAU,28/07/2008,"-1,11873","44,99749","0,9"
S1215013,ETANG DE LACANAU,28/07/2008,"-1,11875","44,99758","0,9"
S1215013,ETANG DE LACANAU,28/07/2008,"-1,11876","44,99768","0,9"
S1215013,ETANG DE LACANAU,28/07/2008,"-1,11771","44,99442","1,1"
S1215013,ETANG DE LACANAU,28/07/2008,"-1,11953","45,00357","0,5"
S1215013,ETANG DE LACANAU,28/07/2008,"-1,11972","45,00325","0,6"
S1215013,ETANG DE LACANAU,28/07/2008,"-1,1197","45,00327","0,6"
S1215013,ETANG DE LACANAU,28/07/2008,"-1,11969","45,0033","0,6"
S1215013,ETANG DE LACANAU,28/07/2008,"-1,11967","45,00333","0,6"
S1215013,ETANG DE LACANAU,28/07/2008,"-1,11965","45,00336","0,6"
S1215013,ETANG DE LACANAU,28/07/2008,"-1,11963","45,00339","0,5"
S1215013,ETANG DE LACANAU,28/07/2008,"-1,11962","45,00342","0,5"
S1215013,ETANG DE LACANAU,28/07/2008,"-1,11961","45,00345","0,6"
S1215013,ETANG DE LACANAU,28/07/2008,"-1,11959","45,0035","0,6"
S1215013,ETANG DE LACANAU,28/07/2008,"-1,11626","44,99257","1,2"
S1215013,ETANG DE LACANAU,28/07/2008,"-1,12038","45,00137",1
S1215013,ETANG DE LACANAU,28/07/2008,"-1,11955","45,00355","0,5"
S1215013,ETANG DE LACANAU,28/07/2008,"-1,11978","45,00314","0,5"
S1215013,ETANG DE LACANAU,28/07/2008,"-1,11951","45,00359","0,5"
S1215013,ETANG DE LACANAU,28/07/2008,"-1,11949","45,00362","0,5"
S1215013,ETANG DE LACANAU,28/07/2008,"-1,11949","45,00363","0,5"
S1215013,ETANG DE LACANAU,28/07/2008,"-1,11948","45,00365","0,5"
S1215013,ETANG DE LACANAU,28/07/2008,"-1,11946","45,00367","0,5"
S1215013,ETANG DE LACANAU,28/07/2008,"-1,11945","45,00369","0,5"
S1215013,ETANG DE LACANAU,28/07/2008,"-1,11943","45,00371","0,5"
S1215013,ETANG DE LACANAU,28/07/2008,"-1,11941","45,00372","0,5"
S1215013,ETANG DE LACANAU,28/07/2008,"-1,1194","45,00372","0,5"
S1215013,ETANG DE LACANAU,28/07/2008,"-1,11939","45,00373","0,5"
S1215013,ETANG DE LACANAU,28/07/2008,"-1,11937","45,00374","0,4"
S1215013,ETANG DE LACANAU,28/07/2008,"-1,11956","45,00354","0,5"
S1215013,ETANG DE LACANAU,28/07/2008,"-1,1199","45,00271","0,7"
S1215013,ETANG DE LACANAU,28/07/2008,"-1,11936","45,00374","0,5"
S1215013,ETANG DE LACANAU,28/07/2008,"-1,1202","45,00185","0,6"
S1215013,ETANG DE LACANAU,28/07/2008,"-1,1202","45,00195","0,8"
S1215013,ETANG DE LACANAU,28/07/2008,"-1,12019","45,00203","0,8"
S1215013,ETANG DE LACANAU,28/07/2008,"-1,12017","45,0021","0,8"
S1215013,ETANG DE LACANAU,28/07/2008,"-1,12014","45,00217","0,8"
S1215013,ETANG DE LACANAU,28/07/2008,"-1,12011","45,00225","0,8"
S1215013,ETANG DE LACANAU,28/07/2008,"-1,12008","45,00233","0,7"
S1215013,ETANG DE LACANAU,28/07/2008,"-1,12005","45,00241","0,7"
S1215013,ETANG DE LACANAU,28/07/2008,"-1,12002","45,00248","0,7"
S1215013,ETANG DE LACANAU,28/07/2008,"-1,11998","45,00256","0,7"
S1215013,ETANG DE LACANAU,28/07/2008,"-1,11974","45,00321","0,5"
S1215013,ETANG DE LACANAU,28/07/2008,"-1,11992","45,00267","0,7"
S1215013,ETANG DE LACANAU,28/07/2008,"-1,11976","45,00317","0,5"
S1215013,ETANG DE LACANAU,28/07/2008,"-1,11987","45,00275","0,6"
S1215013,ETANG DE LACANAU,28/07/2008,"-1,11985","45,00278","0,7"
S1215013,ETANG DE LACANAU,28/07/2008,"-1,11984","45,00282","0,7"
S1215013,ETANG DE LACANAU,28/07/2008,"-1,11983","45,00286","0,6"
S1215013,ETANG DE LACANAU,28/07/2008,"-1,11981","45,0029","0,4"
S1215013,ETANG DE LACANAU,28/07/2008,"-1,1198","45,00294","0,5"
S1215013,ETANG DE LACANAU,28/07/2008,"-1,1198","45,00298","0,5"
S1215013,ETANG DE LACANAU,28/07/2008,"-1,11979","45,00302","0,5"
S1215013,ETANG DE LACANAU,28/07/2008,"-1,11978","45,00306","0,5"
S1215013,ETANG DE LACANAU,28/07/2008,"-1,11978","45,0031","0,5"
S1215013,ETANG DE LACANAU,28/07/2008,"-1,12037","45,0013","0,8"
S1215013,ETANG DE LACANAU,28/07/2008,"-1,11994","45,00262","0,6"
S1215013,ETANG DE LACANAU,28/07/2008,"-1,1202","45,00124","0,7"
S1215013,ETANG DE LACANAU,28/07/2008,"-1,11765","44,99709","0,8"
S1215013,ETANG DE LACANAU,28/07/2008,"-1,11967","45,00217","0,7"
S1215013,ETANG DE LACANAU,28/07/2008,"-1,11973","45,00209","0,7"
S1215013,ETANG DE LACANAU,28/07/2008,"-1,11978","45,00203","0,7"
S1215013,ETANG DE LACANAU,28/07/2008,"-1,11983","45,00195","0,7"
S1215013,ETANG DE LACANAU,28/07/2008,"-1,11988","45,00189","0,7"
S1215013,ETANG DE LACANAU,28/07/2008,"-1,11993","45,00181","0,6"
S1215013,ETANG DE LACANAU,28/07/2008,"-1,11999","45,00173","0,6"
S1215013,ETANG DE LACANAU,28/07/2008,"-1,12004","45,00164","0,7"
S1215013,ETANG DE LACANAU,28/07/2008,"-1,12009","45,00154","0,6"
S1215013,ETANG DE LACANAU,28/07/2008,"-1,11957","45,00232","0,4"
S1215013,ETANG DE LACANAU,28/07/2008,"-1,12017","45,00135","0,8"
S1215013,ETANG DE LACANAU,28/07/2008,"-1,11951","45,00239","0,5"
S1215013,ETANG DE LACANAU,28/07/2008,"-1,12024","45,00112","0,8"
S1215013,ETANG DE LACANAU,28/07/2008,"-1,12032","45,00096",1
S1215013,ETANG DE LACANAU,28/07/2008,"-1,12039","45,00076",1
S1215013,ETANG DE LACANAU,28/07/2008,"-1,12044","45,00065","0,9"
S1215013,ETANG DE LACANAU,28/07/2008,"-1,12047","45,0006","0,8"
S1215013,ETANG DE LACANAU,28/07/2008,"-1,12047","45,00052","0,9"
S1215013,ETANG DE LACANAU,28/07/2008,"-1,12048","45,00041","0,9"
S1215013,ETANG DE LACANAU,28/07/2008,"-1,12048","45,00031",1
S1215013,ETANG DE LACANAU,28/07/2008,"-1,12048","45,0002",1
S1215013,ETANG DE LACANAU,28/07/2008,"-1,12051","45,00009","1,1"
S1215013,ETANG DE LACANAU,28/07/2008,"-1,12055","44,99998","1,1"
S1215013,ETANG DE LACANAU,28/07/2008,"-1,12013","45,00145","0,7"
S1215013,ETANG DE LACANAU,28/07/2008,"-1,11932","45,00372","0,4"
S1215013,ETANG DE LACANAU,28/07/2008,"-1,11932","45,00373","0,4"
S1215013,ETANG DE LACANAU,28/07/2008,"-1,11932","45,00373","0,4"
S1215013,ETANG DE LACANAU,28/07/2008,"-1,11932","45,00373","0,4"
S1215013,ETANG DE LACANAU,28/07/2008,"-1,11932","45,00373","0,4"
S1215013,ETANG DE LACANAU,28/07/2008,"-1,11931","45,00373","0,4"
S1215013,ETANG DE LACANAU,28/07/2008,"-1,11932","45,00373","0,5"
S1215013,ETANG DE LACANAU,28/07/2008,"-1,11933","45,00372","0,4"
S1215013,ETANG DE LACANAU,28/07/2008,"-1,11934","45,00371","0,4"
S1215013,ETANG DE LACANAU,28/07/2008,"-1,11935","45,0037","0,5"
S1215013,ETANG DE LACANAU,28/07/2008,"-1,11936","45,0037","0,4"
S1215013,ETANG DE LACANAU,28/07/2008,"-1,11962","45,00223","0,6"
S1215013,ETANG DE LACANAU,28/07/2008,"-1,11934","45,00371","0,4"
S1215013,ETANG DE LACANAU,28/07/2008,"-1,12046","44,99962",1
S1215013,ETANG DE LACANAU,28/07/2008,"-1,11931","45,00372","0,5"
S1215013,ETANG DE LACANAU,28/07/2008,"-1,1193","45,00372","0,4"
S1215013,ETANG DE LACANAU,28/07/2008,"-1,11929","45,00372","0,4"
S1215013,ETANG DE LACANAU,28/07/2008,"-1,11936","45,00333","0,5"
S1215013,ETANG DE LACANAU,28/07/2008,"-1,11936","45,0033","0,5"
S1215013,ETANG DE LACANAU,28/07/2008,"-1,11953","45,00303","0,5"
S1215013,ETANG DE LACANAU,28/07/2008,"-1,11945","45,00274","0,4"
S1215013,ETANG DE LACANAU,28/07/2008,"-1,11941","45,00269","0,4"
S1215013,ETANG DE LACANAU,28/07/2008,"-1,11939","45,00262","0,5"
S1215013,ETANG DE LACANAU,28/07/2008,"-1,11941","45,00253","0,5"
S1215013,ETANG DE LACANAU,28/07/2008,"-1,11944","45,00246","0,5"
S1215013,ETANG DE LACANAU,28/07/2008,"-1,11935","45,00371","0,4"
S1215013,ETANG DE LACANAU,28/07/2008,"-1,11204","44,99209","0,7"
S1215013,ETANG DE LACANAU,28/07/2008,"-1,11437","44,99491","0,8"
S1215013,ETANG DE LACANAU,28/07/2008,"-1,11418","44,9947","0,9"
S1215013,ETANG DE LACANAU,28/07/2008,"-1,11393","44,99445","0,8"
S1215013,ETANG DE LACANAU,28/07/2008,"-1,11372","44,99417","0,8"
S1215013,ETANG DE LACANAU,28/07/2008,"-1,11351","44,99391","0,8"
S1215013,ETANG DE LACANAU,28/07/2008,"-1,1134","44,99377","0,6"
S1215013,ETANG DE LACANAU,28/07/2008,"-1,11333","44,99369","0,4"
S1215013,ETANG DE LACANAU,28/07/2008,"-1,11318","44,99348","0,5"
S1215013,ETANG DE LACANAU,28/07/2008,"-1,11298","44,99319","0,7"
S1215013,ETANG DE LACANAU,28/07/2008,"-1,11271","44,99292","0,7"
S1215013,ETANG DE LACANAU,28/07/2008,"-1,12054","44,99987","1,1"
S1215013,ETANG DE LACANAU,28/07/2008,"-1,11224","44,99236","0,5"
S1215013,ETANG DE LACANAU,28/07/2008,"-1,11501","44,99533","1,3"
S1215013,ETANG DE LACANAU,28/07/2008,"-1,11183","44,99182","0,6"
S1215013,ETANG DE LACANAU,28/07/2008,"-1,11172","44,9916","0,6"
S1215013,ETANG DE LACANAU,28/07/2008,"-1,11158","44,99135","0,6"
S1215013,ETANG DE LACANAU,28/07/2008,"-1,11144","44,99107","0,7"
S1215013,ETANG DE LACANAU,28/07/2008,"-1,1113","44,99076","0,8"
S1215013,ETANG DE LACANAU,28/07/2008,"-1,11126","44,99044","0,9"
S1215013,ETANG DE LACANAU,28/07/2008,"-1,11125","44,99014","0,8"
S1215013,ETANG DE LACANAU,28/07/2008,"-1,11126","44,98989","0,9"
S1215013,ETANG DE LACANAU,28/07/2008,"-1,11128","44,98965","0,8"
S1215013,ETANG DE LACANAU,28/07/2008,"-1,11129","44,98939","0,9"
S1215013,ETANG DE LACANAU,28/07/2008,"-1,1113","44,98913","0,9"
S1215013,ETANG DE LACANAU,28/07/2008,"-1,11245","44,99264","0,7"
S1215013,ETANG DE LACANAU,28/07/2008,"-1,1178","44,99731","0,7"
S1215013,ETANG DE LACANAU,28/07/2008,"-1,11932","45,00373","0,4"
S1215013,ETANG DE LACANAU,28/07/2008,"-1,1204","44,9995",1
S1215013,ETANG DE LACANAU,28/07/2008,"-1,12032","44,9994",1
S1215013,ETANG DE LACANAU,28/07/2008,"-1,12023","44,9993",1
S1215013,ETANG DE LACANAU,28/07/2008,"-1,1201","44,99915","1,1"
S1215013,ETANG DE LACANAU,28/07/2008,"-1,11983","44,99898",1
S1215013,ETANG DE LACANAU,28/07/2008,"-1,1195","44,99882","0,9"
S1215013,ETANG DE LACANAU,28/07/2008,"-1,11915","44,99866",1
S1215013,ETANG DE LACANAU,28/07/2008,"-1,11881","44,99849","1,2"
S1215013,ETANG DE LACANAU,28/07/2008,"-1,11849","44,99831","1,2"
S1215013,ETANG DE LACANAU,28/07/2008,"-1,11818","44,99812","1,1"
S1215013,ETANG DE LACANAU,28/07/2008,"-1,11451","44,99504","0,7"
S1215013,ETANG DE LACANAU,28/07/2008,"-1,11792","44,99755","0,7"
S1215013,ETANG DE LACANAU,28/07/2008,"-1,11469","44,99515","0,9"
S1215013,ETANG DE LACANAU,28/07/2008,"-1,11597","44,99225","1,1"
S1215013,ETANG DE LACANAU,28/07/2008,"-1,11741","44,99687",1
S1215013,ETANG DE LACANAU,28/07/2008,"-1,10495","44,98063","3,6"
S1215013,ETANG DE LACANAU,28/07/2008,"-1,11683","44,99643","1,1"
S1215013,ETANG DE LACANAU,28/07/2008,"-1,11652","44,99623","1,1"
S1215013,ETANG DE LACANAU,28/07/2008,"-1,11626","44,99605","1,1"
S1215013,ETANG DE LACANAU,28/07/2008,"-1,11601","44,99587",1
S1215013,ETANG DE LACANAU,28/07/2008,"-1,11572","44,99571","0,9"
S1215013,ETANG DE LACANAU,28/07/2008,"-1,11554","44,99561","0,9"
S1215013,ETANG DE LACANAU,28/07/2008,"-1,11531","44,99549","0,8"
S1215013,ETANG DE LACANAU,28/07/2008,"-1,12052","44,99974","1,1"
S1215013,ETANG DE LACANAU,28/07/2008,"-1,118","44,99786","0,9"
S1215013,ETANG DE LACANAU,28/07/2008,"-1,11934","45,00374","0,4"
S1215013,ETANG DE LACANAU,28/07/2008,"-1,11936","45,00376","0,5"
S1215013,ETANG DE LACANAU,28/07/2008,"-1,11936","45,00376","0,4"
S1215013,ETANG DE LACANAU,28/07/2008,"-1,11936","45,00376","0,5"
S1215013,ETANG DE LACANAU,28/07/2008,"-1,11936","45,00375","0,4"
S1215013,ETANG DE LACANAU,28/07/2008,"-1,11936","45,00375","0,5"
S1215013,ETANG DE LACANAU,28/07/2008,"-1,11935","45,00375","0,5"
S1215013,ETANG DE LACANAU,28/07/2008,"-1,11935","45,00374","0,4"
S1215013,ETANG DE LACANAU,28/07/2008,"-1,11935","45,00374","0,5"
S1215013,ETANG DE LACANAU,28/07/2008,"-1,11934","45,00374","0,5"
S1215013,ETANG DE LACANAU,28/07/2008,"-1,11934","45,00374","0,4"
S1215013,ETANG DE LACANAU,28/07/2008,"-1,11934","45,00374","0,5"
S1215013,ETANG DE LACANAU,28/07/2008,"-1,11934","45,00374","0,5"
S1215013,ETANG DE LACANAU,28/07/2008,"-1,11935","45,00376","0,4"
S1215013,ETANG DE LACANAU,28/07/2008,"-1,11934","45,00374","0,5"
S1215013,ETANG DE LACANAU,28/07/2008,"-1,11934","45,00374","0,5"
S1215013,ETANG DE LACANAU,28/07/2008,"-1,11934","45,00374","0,5"
S1215013,ETANG DE LACANAU,28/07/2008,"-1,11934","45,00374","0,5"
S1215013,ETANG DE LACANAU,28/07/2008,"-1,11934","45,00374","0,4"
S1215013,ETANG DE LACANAU,28/07/2008,"-1,11934","45,00374","0,4"
S1215013,ETANG DE LACANAU,28/07/2008,"-1,11934","45,00374","0,4"
S1215013,ETANG DE LACANAU,28/07/2008,"-1,11934","45,00374","0,4"
S1215013,ETANG DE LACANAU,28/07/2008,"-1,11934","45,00374","0,4"
S1215013,ETANG DE LACANAU,28/07/2008,"-1,11934","45,00374","0,4"
S1215013,ETANG DE LACANAU,28/07/2008,"-1,11932","45,00373","0,4"
S1215013,ETANG DE LACANAU,28/07/2008,"-1,11934","45,00374","0,5"
S1215013,ETANG DE LACANAU,28/07/2008,"-1,11935","45,00376","0,5"
S1215013,ETANG DE LACANAU,28/07/2008,"-1,11934","45,00376","0,5"
S1215013,ETANG DE LACANAU,28/07/2008,"-1,11934","45,00375","0,4"
S1215013,ETANG DE LACANAU,28/07/2008,"-1,11934","45,00375","0,4"
S1215013,ETANG DE LACANAU,28/07/2008,"-1,11934","45,00375","0,5"
S1215013,ETANG DE LACANAU,28/07/2008,"-1,11934","45,00375","0,5"
S1215013,ETANG DE LACANAU,28/07/2008,"-1,11934","45,00376","0,4"
S1215013,ETANG DE LACANAU,28/07/2008,"-1,11934","45,00376","0,4"
S1215013,ETANG DE LACANAU,28/07/2008,"-1,11934","45,00376","0,4"
S1215013,ETANG DE LACANAU,28/07/2008,"-1,11935","45,00376","0,5"
S1215013,ETANG DE LACANAU,28/07/2008,"-1,11935","45,00376","0,5"
S1215013,ETANG DE LACANAU,28/07/2008,"-1,11935","45,00376","0,4"
S1215013,ETANG DE LACANAU,28/07/2008,"-1,11936","45,00376","0,4"
S1215013,ETANG DE LACANAU,28/07/2008,"-1,11935","45,00376","0,4"
S1215013,ETANG DE LACANAU,28/07/2008,"-1,11936","45,00376","0,4"
S1215013,ETANG DE LACANAU,28/07/2008,"-1,11935","45,00376","0,4"
S1215013,ETANG DE LACANAU,28/07/2008,"-1,11935","45,00375","0,5"
S1215013,ETANG DE LACANAU,28/07/2008,"-1,11935","45,00375","0,5"
S1215013,ETANG DE LACANAU,28/07/2008,"-1,11935","45,00376","0,4"
S1215013,ETANG DE LACANAU,28/07/2008,"-1,11935","45,00376","0,4"
S1215013,ETANG DE LACANAU,28/07/2008,"-1,11935","45,00376","0,4"
S1215013,ETANG DE LACANAU,28/07/2008,"-1,11935","45,00376","0,4"
S1215013,ETANG DE LACANAU,28/07/2008,"-1,11935","45,00376","0,5"
S1215013,ETANG DE LACANAU,28/07/2008,"-1,11935","45,00376","0,5"
S1215013,ETANG DE LACANAU,28/07/2008,"-1,11935","45,00376","0,5"
S1215013,ETANG DE LACANAU,28/07/2008,"-1,11934","45,00374","0,4"
S1215013,ETANG DE LACANAU,28/07/2008,"-1,11935","45,00376","0,5"
S1215013,ETANG DE LACANAU,28/07/2008,"-1,11932","45,00373","0,4"
S1215013,ETANG DE LACANAU,28/07/2008,"-1,11932","45,00373","0,4"
S1215013,ETANG DE LACANAU,28/07/2008,"-1,11932","45,00373","0,4"
S1215013,ETANG DE LACANAU,28/07/2008,"-1,11932","45,00373","0,4"
S1215013,ETANG DE LACANAU,28/07/2008,"-1,11932","45,00373","0,4"
S1215013,ETANG DE LACANAU,28/07/2008,"-1,11932","45,00373","0,4"
S1215013,ETANG DE LACANAU,28/07/2008,"-1,11932","45,00373","0,4"
S1215013,ETANG DE LACANAU,28/07/2008,"-1,11932","45,00373","0,4"
S1215013,ETANG DE LACANAU,28/07/2008,"-1,11932","45,00373","0,4"
S1215013,ETANG DE LACANAU,28/07/2008,"-1,11932","45,00373","0,4"
S1215013,ETANG DE LACANAU,28/07/2008,"-1,11932","45,00373","0,4"
S1215013,ETANG DE LACANAU,28/07/2008,"-1,11934","45,00374","0,4"
S1215013,ETANG DE LACANAU,28/07/2008,"-1,11932","45,00373","0,4"
S1215013,ETANG DE LACANAU,28/07/2008,"-1,11932","45,00373","0,4"
S1215013,ETANG DE LACANAU,28/07/2008,"-1,11932","45,00373","0,4"
S1215013,ETANG DE LACANAU,28/07/2008,"-1,11932","45,00373","0,4"
S1215013,ETANG DE LACANAU,28/07/2008,"-1,11932","45,00373","0,4"
S1215013,ETANG DE LACANAU,28/07/2008,"-1,11932","45,00373","0,4"
S1215013,ETANG DE LACANAU,28/07/2008,"-1,11932","45,00373","0,4"
S1215013,ETANG DE LACANAU,28/07/2008,"-1,11932","45,00373","0,5"
S1215013,ETANG DE LACANAU,28/07/2008,"-1,11932","45,00373","0,4"
S1215013,ETANG DE LACANAU,28/07/2008,"-1,11932","45,00373","0,4"
S1215013,ETANG DE LACANAU,28/07/2008,"-1,11932","45,00373","0,4"
S1215013,ETANG DE LACANAU,28/07/2008,"-1,11932","45,00373","0,4"
S1215013,ETANG DE LACANAU,28/07/2008,"-1,11934","45,00376","0,4"
S1215013,ETANG DE LACANAU,28/07/2008,"-1,11932","45,00373","0,4"
S1215013,ETANG DE LACANAU,28/07/2008,"-1,11932","45,00373","0,4"
S1215013,ETANG DE LACANAU,28/07/2008,"-1,11935","45,00374","0,5"
S1215013,ETANG DE LACANAU,28/07/2008,"-1,11936","45,00374","0,5"
S1215013,ETANG DE LACANAU,28/07/2008,"-1,11935","45,00373","0,4"
S1215013,ETANG DE LACANAU,28/07/2008,"-1,11934","45,00373","0,4"
S1215013,ETANG DE LACANAU,28/07/2008,"-1,11934","45,00373","0,4"
S1215013,ETANG DE LACANAU,28/07/2008,"-1,11934","45,00373","0,4"
S1215013,ETANG DE LACANAU,28/07/2008,"-1,11933","45,00373","0,4"
S1215013,ETANG DE LACANAU,28/07/2008,"-1,11933","45,00373","0,4"
S1215013,ETANG DE LACANAU,28/07/2008,"-1,11933","45,00373","0,4"
S1215013,ETANG DE LACANAU,28/07/2008,"-1,11933","45,00374","0,4"
S1215013,ETANG DE LACANAU,28/07/2008,"-1,11933","45,00374","0,4"
S1215013,ETANG DE LACANAU,28/07/2008,"-1,11932","45,00373","0,4"
S1215013,ETANG DE LACANAU,28/07/2008,"-1,11933","45,00373","0,4"
S1215013,ETANG DE LACANAU,28/07/2008,"-1,11932","45,00373","0,4"
S1215013,ETANG DE LACANAU,28/07/2008,"-1,11932","45,00373","0,5"
S1215013,ETANG DE LACANAU,28/07/2008,"-1,11932","45,00373","0,4"
S1215013,ETANG DE LACANAU,28/07/2008,"-1,11932","45,00373","0,4"
S1215013,ETANG DE LACANAU,28/07/2008,"-1,1193","45,00372","0,4"
S1215013,ETANG DE LACANAU,28/07/2008,"-1,1193","45,00372","0,4"
S1215013,ETANG DE LACANAU,28/07/2008,"-1,1193","45,00372","0,4"
S1215013,ETANG DE LACANAU,28/07/2008,"-1,11931","45,00372","0,4"
S1215013,ETANG DE LACANAU,28/07/2008,"-1,11931","45,00372","0,4"
S1215013,ETANG DE LACANAU,28/07/2008,"-1,11931","45,00373","0,4"
S1215013,ETANG DE LACANAU,28/07/2008,"-1,11932","45,00373","0,5"
S1215013,ETANG DE LACANAU,28/07/2008,"-1,11932","45,00373","0,4"
S1215013,ETANG DE LACANAU,28/07/2008,"-1,11933","45,00373","0,4"
S1215013,ETANG DE LACANAU,28/07/2008,"-1,09486","44,97868","1,1"
S1215013,ETANG DE LACANAU,28/07/2008,"-1,09422","44,97866","1,6"
S1215013,ETANG DE LACANAU,28/07/2008,"-1,09463","44,97865","1,2"
S1215013,ETANG DE LACANAU,28/07/2008,"-1,09465","44,97865","1,2"
S1215013,ETANG DE LACANAU,28/07/2008,"-1,09468","44,97866","1,2"
S1215013,ETANG DE LACANAU,28/07/2008,"-1,09471","44,97867","1,2"
S1215013,ETANG DE LACANAU,28/07/2008,"-1,09473","44,97868","1,2"
S1215013,ETANG DE LACANAU,28/07/2008,"-1,09474","44,97868","1,2"
S1215013,ETANG DE LACANAU,28/07/2008,"-1,09476","44,97869","1,2"
S1215013,ETANG DE LACANAU,28/07/2008,"-1,09478","44,97869","1,2"
S1215013,ETANG DE LACANAU,28/07/2008,"-1,0948","44,97868","1,2"
S1215013,ETANG DE LACANAU,28/07/2008,"-1,09462","44,97865","1,3"
S1215013,ETANG DE LACANAU,28/07/2008,"-1,09484","44,97866",1
S1215013,ETANG DE LACANAU,28/07/2008,"-1,09461","44,97866","1,2"
S1215013,ETANG DE LACANAU,28/07/2008,"-1,09488","44,97866","1,1"
S1215013,ETANG DE LACANAU,28/07/2008,"-1,0949","44,97864","1,5"
S1215013,ETANG DE LACANAU,28/07/2008,"-1,09492","44,97863","1,7"
S1215013,ETANG DE LACANAU,28/07/2008,"-1,09494","44,97862","1,8"
S1215013,ETANG DE LACANAU,28/07/2008,"-1,09496","44,97861","1,9"
S1215013,ETANG DE LACANAU,28/07/2008,"-1,09497","44,97861","1,9"
S1215013,ETANG DE LACANAU,28/07/2008,"-1,09499","44,9786","1,9"
S1215013,ETANG DE LACANAU,28/07/2008,"-1,095","44,9786","1,9"
S1215013,ETANG DE LACANAU,28/07/2008,"-1,09502","44,97859",2
S1215013,ETANG DE LACANAU,28/07/2008,"-1,09502","44,97859","1,9"
S1215013,ETANG DE LACANAU,28/07/2008,"-1,09503","44,97859",2
S1215013,ETANG DE LACANAU,28/07/2008,"-1,09482","44,97867","1,2"
S1215013,ETANG DE LACANAU,28/07/2008,"-1,09449","44,97865","1,3"
S1215013,ETANG DE LACANAU,28/07/2008,"-1,10565","44,98078","3,6"
S1215013,ETANG DE LACANAU,28/07/2008,"-1,09423","44,97866","1,6"
S1215013,ETANG DE LACANAU,28/07/2008,"-1,09426","44,97866","1,6"
S1215013,ETANG DE LACANAU,28/07/2008,"-1,09428","44,97865","1,5"
S1215013,ETANG DE LACANAU,28/07/2008,"-1,09431","44,97865","1,5"
S1215013,ETANG DE LACANAU,28/07/2008,"-1,09433","44,97865","1,6"
S1215013,ETANG DE LACANAU,28/07/2008,"-1,09436","44,97865","1,5"
S1215013,ETANG DE LACANAU,28/07/2008,"-1,09439","44,97865","1,4"
S1215013,ETANG DE LACANAU,28/07/2008,"-1,09442","44,97865","1,3"
S1215013,ETANG DE LACANAU,28/07/2008,"-1,09445","44,97865","1,3"
S1215013,ETANG DE LACANAU,28/07/2008,"-1,09463","44,97865","1,2"
S1215013,ETANG DE LACANAU,28/07/2008,"-1,09448","44,97865","1,3"
S1215013,ETANG DE LACANAU,28/07/2008,"-1,09506","44,97857","1,9"
S1215013,ETANG DE LACANAU,28/07/2008,"-1,0945","44,97865","1,3"
S1215013,ETANG DE LACANAU,28/07/2008,"-1,09452","44,97865","1,3"
S1215013,ETANG DE LACANAU,28/07/2008,"-1,09453","44,97865","1,3"
S1215013,ETANG DE LACANAU,28/07/2008,"-1,09454","44,97865","1,3"
S1215013,ETANG DE LACANAU,28/07/2008,"-1,09454","44,97865","1,3"
S1215013,ETANG DE LACANAU,28/07/2008,"-1,09455","44,97866","1,3"
S1215013,ETANG DE LACANAU,28/07/2008,"-1,09456","44,97866","1,3"
S1215013,ETANG DE LACANAU,28/07/2008,"-1,09457","44,97866","1,3"
S1215013,ETANG DE LACANAU,28/07/2008,"-1,09458","44,97866","1,2"
S1215013,ETANG DE LACANAU,28/07/2008,"-1,0946","44,97867","1,3"
S1215013,ETANG DE LACANAU,28/07/2008,"-1,09461","44,97866","1,3"
S1215013,ETANG DE LACANAU,28/07/2008,"-1,09446","44,97865","1,3"
S1215013,ETANG DE LACANAU,28/07/2008,"-1,09608","44,97759","1,5"
S1215013,ETANG DE LACANAU,28/07/2008,"-1,09541","44,97813","1,9"
S1215013,ETANG DE LACANAU,28/07/2008,"-1,09543","44,97801","1,8"
S1215013,ETANG DE LACANAU,28/07/2008,"-1,09565","44,978","1,6"
S1215013,ETANG DE LACANAU,28/07/2008,"-1,09585","44,97802","0,4"
S1215013,ETANG DE LACANAU,28/07/2008,"-1,09595","44,97803","0,4"
S1215013,ETANG DE LACANAU,28/07/2008,"-1,09601","44,97798","0,6"
S1215013,ETANG DE LACANAU,28/07/2008,"-1,096","44,97793","0,5"
S1215013,ETANG DE LACANAU,28/07/2008,"-1,09596","44,97792","0,4"
S1215013,ETANG DE LACANAU,28/07/2008,"-1,09595","44,97791","0,8"
S1215013,ETANG DE LACANAU,28/07/2008,"-1,09596","44,97787","0,8"
S1215013,ETANG DE LACANAU,28/07/2008,"-1,09504","44,9786","1,9"
S1215013,ETANG DE LACANAU,28/07/2008,"-1,09603","44,97765","1,6"
S1215013,ETANG DE LACANAU,28/07/2008,"-1,09553","44,97865","1,2"
S1215013,ETANG DE LACANAU,28/07/2008,"-1,09614","44,97756","1,5"
S1215013,ETANG DE LACANAU,28/07/2008,"-1,09624","44,97757","1,5"
S1215013,ETANG DE LACANAU,28/07/2008,"-1,09639","44,97757","1,6"
S1215013,ETANG DE LACANAU,28/07/2008,"-1,09654","44,97756","1,8"
S1215013,ETANG DE LACANAU,28/07/2008,"-1,0967","44,97753","1,9"
S1215013,ETANG DE LACANAU,28/07/2008,"-1,09686","44,97752","1,9"
S1215013,ETANG DE LACANAU,28/07/2008,"-1,09704","44,9775","2,2"
S1215013,ETANG DE LACANAU,28/07/2008,"-1,0972","44,97751",3
S1215013,ETANG DE LACANAU,28/07/2008,"-1,09737","44,97749","2,3"
S1215013,ETANG DE LACANAU,28/07/2008,"-1,09753","44,97747","2,4"
S1215013,ETANG DE LACANAU,28/07/2008,"-1,0977","44,97748","2,3"
S1215013,ETANG DE LACANAU,28/07/2008,"-1,09599","44,97781","0,3"
S1215013,ETANG DE LACANAU,28/07/2008,"-1,09517","44,97861","1,6"
S1215013,ETANG DE LACANAU,28/07/2008,"-1,09422","44,97866","1,6"
S1215013,ETANG DE LACANAU,28/07/2008,"-1,09507","44,97856","1,9"
S1215013,ETANG DE LACANAU,28/07/2008,"-1,09507","44,97856","1,8"
S1215013,ETANG DE LACANAU,28/07/2008,"-1,09508","44,97857","1,8"
S1215013,ETANG DE LACANAU,28/07/2008,"-1,09509","44,97857","1,8"
S1215013,ETANG DE LACANAU,28/07/2008,"-1,09509","44,97858","1,7"
S1215013,ETANG DE LACANAU,28/07/2008,"-1,0951","44,97857","1,6"
S1215013,ETANG DE LACANAU,28/07/2008,"-1,0951","44,97859","1,5"
S1215013,ETANG DE LACANAU,28/07/2008,"-1,09512","44,97859","1,5"
S1215013,ETANG DE LACANAU,28/07/2008,"-1,09512","44,97859","1,6"
S1215013,ETANG DE LACANAU,28/07/2008,"-1,09514","44,97859","1,6"
S1215013,ETANG DE LACANAU,28/07/2008,"-1,09553","44,97865","1,2"
S1215013,ETANG DE LACANAU,28/07/2008,"-1,09516","44,97861","1,5"
S1215013,ETANG DE LACANAU,28/07/2008,"-1,09553","44,97865","1,2"
S1215013,ETANG DE LACANAU,28/07/2008,"-1,09518","44,97862","1,6"
S1215013,ETANG DE LACANAU,28/07/2008,"-1,0952","44,97862","1,6"
S1215013,ETANG DE LACANAU,28/07/2008,"-1,09522","44,97862","1,6"
S1215013,ETANG DE LACANAU,28/07/2008,"-1,09526","44,9786","1,6"
S1215013,ETANG DE LACANAU,28/07/2008,"-1,0953","44,9786","1,5"
S1215013,ETANG DE LACANAU,28/07/2008,"-1,09534","44,9786","1,6"
S1215013,ETANG DE LACANAU,28/07/2008,"-1,0954","44,97862","1,5"
S1215013,ETANG DE LACANAU,28/07/2008,"-1,09545","44,97865","1,4"
S1215013,ETANG DE LACANAU,28/07/2008,"-1,09549","44,97866","1,2"
S1215013,ETANG DE LACANAU,28/07/2008,"-1,09553","44,97866","1,2"
S1215013,ETANG DE LACANAU,28/07/2008,"-1,09505","44,97858","1,9"
S1215013,ETANG DE LACANAU,28/07/2008,"-1,09515","44,9786","1,5"
S1215013,ETANG DE LACANAU,28/07/2008,"-1,094","44,97874","0,8"
S1215013,ETANG DE LACANAU,28/07/2008,"-1,09422","44,97866","1,6"
S1215013,ETANG DE LACANAU,28/07/2008,"-1,09401","44,97875","0,5"
S1215013,ETANG DE LACANAU,28/07/2008,"-1,09401","44,97876","1,1"
S1215013,ETANG DE LACANAU,28/07/2008,"-1,09401","44,97876","1,1"
S1215013,ETANG DE LACANAU,28/07/2008,"-1,09401","44,97876","1,1"
S1215013,ETANG DE LACANAU,28/07/2008,"-1,09401","44,97876","0,6"
S1215013,ETANG DE LACANAU,28/07/2008,"-1,09401","44,97876","0,7"
S1215013,ETANG DE LACANAU,28/07/2008,"-1,09401","44,97876","0,7"
S1215013,ETANG DE LACANAU,28/07/2008,"-1,094","44,97876","0,8"
S1215013,ETANG DE LACANAU,28/07/2008,"-1,09398","44,97875","0,7"
S1215013,ETANG DE LACANAU,28/07/2008,"-1,09402","44,97875","1,1"
S1215013,ETANG DE LACANAU,28/07/2008,"-1,09399","44,97874","0,8"
S1215013,ETANG DE LACANAU,28/07/2008,"-1,09402","44,97875","1,1"
S1215013,ETANG DE LACANAU,28/07/2008,"-1,09401","44,97873","0,8"
S1215013,ETANG DE LACANAU,28/07/2008,"-1,09403","44,97874","0,8"
S1215013,ETANG DE LACANAU,28/07/2008,"-1,09404","44,97874","0,7"
S1215013,ETANG DE LACANAU,28/07/2008,"-1,09406","44,97875","0,8"
S1215013,ETANG DE LACANAU,28/07/2008,"-1,09417","44,9788","0,8"
S1215013,ETANG DE LACANAU,28/07/2008,"-1,09418","44,97881","0,7"
S1215013,ETANG DE LACANAU,28/07/2008,"-1,09418","44,97881","0,7"
S1215013,ETANG DE LACANAU,28/07/2008,"-1,09419","44,97881","0,6"
S1215013,ETANG DE LACANAU,28/07/2008,"-1,09419","44,97881","0,5"
S1215013,ETANG DE LACANAU,28/07/2008,"-1,09419","44,97881","0,4"
S1215013,ETANG DE LACANAU,28/07/2008,"-1,09418","44,97881","0,4"
S1215013,ETANG DE LACANAU,28/07/2008,"-1,09399","44,97874","0,8"
S1215013,ETANG DE LACANAU,28/07/2008,"-1,09402","44,97874","0,8"
S1215013,ETANG DE LACANAU,28/07/2008,"-1,11128","44,9889","0,8"
S1215013,ETANG DE LACANAU,28/07/2008,"-1,11936","45,00289","0,5"
S1215013,ETANG DE LACANAU,28/07/2008,"-1,09403","44,97874","33,8"
S1215013,ETANG DE LACANAU,28/07/2008,"-1,09403","44,97874","0,7"
S1215013,ETANG DE LACANAU,28/07/2008,"-1,09403","44,97874","0,6"
S1215013,ETANG DE LACANAU,28/07/2008,"-1,09403","44,97874","1,2"
S1215013,ETANG DE LACANAU,28/07/2008,"-1,09403","44,97874","0,7"
S1215013,ETANG DE LACANAU,28/07/2008,"-1,09403","44,97874","1,1"
S1215013,ETANG DE LACANAU,28/07/2008,"-1,09403","44,97874","0,7"
S1215013,ETANG DE LACANAU,28/07/2008,"-1,09403","44,97874","0,7"
S1215013,ETANG DE LACANAU,28/07/2008,"-1,09402","44,97875","1,1"
S1215013,ETANG DE LACANAU,28/07/2008,"-1,09402","44,97874","0,7"
S1215013,ETANG DE LACANAU,28/07/2008,"-1,09415","44,97875","0,7"
S1215013,ETANG DE LACANAU,28/07/2008,"-1,09402","44,97874","1,1"
S1215013,ETANG DE LACANAU,28/07/2008,"-1,09402","44,97874","1,1"
S1215013,ETANG DE LACANAU,28/07/2008,"-1,09402","44,97874","1,2"
S1215013,ETANG DE LACANAU,28/07/2008,"-1,09402","44,97874","1,1"
S1215013,ETANG DE LACANAU,28/07/2008,"-1,09402","44,97875","1,1"
S1215013,ETANG DE LACANAU,28/07/2008,"-1,09402","44,97875","0,7"
S1215013,ETANG DE LACANAU,28/07/2008,"-1,09402","44,97875","0,7"
S1215013,ETANG DE LACANAU,28/07/2008,"-1,09402","44,97875","0,7"
S1215013,ETANG DE LACANAU,28/07/2008,"-1,09402","44,97875","0,7"
S1215013,ETANG DE LACANAU,28/07/2008,"-1,09402","44,97875","0,7"
S1215013,ETANG DE LACANAU,28/07/2008,"-1,09402","44,97875","1,1"
S1215013,ETANG DE LACANAU,28/07/2008,"-1,09402","44,97874","0,8"
S1215013,ETANG DE LACANAU,28/07/2008,"-1,09421","44,9787","1,1"
S1215013,ETANG DE LACANAU,28/07/2008,"-1,0942","44,97871","0,6"
S1215013,ETANG DE LACANAU,28/07/2008,"-1,0942","44,97871","0,7"
S1215013,ETANG DE LACANAU,28/07/2008,"-1,09421","44,97872","0,8"
S1215013,ETANG DE LACANAU,28/07/2008,"-1,09421","44,97873","0,7"
S1215013,ETANG DE LACANAU,28/07/2008,"-1,09421","44,97874","0,5"
S1215013,ETANG DE LACANAU,28/07/2008,"-1,09421","44,97874","0,5"
S1215013,ETANG DE LACANAU,28/07/2008,"-1,0942","44,97874","0,5"
S1215013,ETANG DE LACANAU,28/07/2008,"-1,0942","44,97875","0,5"
S1215013,ETANG DE LACANAU,28/07/2008,"-1,0942","44,97875","0,5"
S1215013,ETANG DE LACANAU,28/07/2008,"-1,0942","44,97875","0,4"
S1215013,ETANG DE LACANAU,28/07/2008,"-1,09418","44,97881","0,5"
S1215013,ETANG DE LACANAU,28/07/2008,"-1,0942","44,97871","0,8"
S1215013,ETANG DE LACANAU,28/07/2008,"-1,09419","44,97872","0,6"
S1215013,ETANG DE LACANAU,28/07/2008,"-1,09421","44,97868","1,3"
S1215013,ETANG DE LACANAU,28/07/2008,"-1,09421","44,97868","1,4"
S1215013,ETANG DE LACANAU,28/07/2008,"-1,09423","44,97866","1,5"
S1215013,ETANG DE LACANAU,28/07/2008,"-1,09424","44,97866","1,5"
S1215013,ETANG DE LACANAU,28/07/2008,"-1,09424","44,97866","1,5"
S1215013,ETANG DE LACANAU,28/07/2008,"-1,09423","44,97866","1,5"
S1215013,ETANG DE LACANAU,28/07/2008,"-1,09422","44,97865","1,6"
S1215013,ETANG DE LACANAU,28/07/2008,"-1,09422","44,97865","1,5"
S1215013,ETANG DE LACANAU,28/07/2008,"-1,09422","44,97866","1,5"
S1215013,ETANG DE LACANAU,28/07/2008,"-1,09422","44,97866","1,6"
S1215013,ETANG DE LACANAU,28/07/2008,"-1,09422","44,97866","1,6"
S1215013,ETANG DE LACANAU,28/07/2008,"-1,0942","44,97874","0,6"
S1215013,ETANG DE LACANAU,28/07/2008,"-1,09416","44,97879","0,8"
S1215013,ETANG DE LACANAU,28/07/2008,"-1,09827","44,97742","2,5"
S1215013,ETANG DE LACANAU,28/07/2008,"-1,09415","44,97875","0,8"
S1215013,ETANG DE LACANAU,28/07/2008,"-1,09415","44,97874","0,8"
S1215013,ETANG DE LACANAU,28/07/2008,"-1,09415","44,97874","0,8"
S1215013,ETANG DE LACANAU,28/07/2008,"-1,09415","44,97875","0,8"
S1215013,ETANG DE LACANAU,28/07/2008,"-1,09415","44,97875","0,8"
S1215013,ETANG DE LACANAU,28/07/2008,"-1,09416","44,97876","0,8"
S1215013,ETANG DE LACANAU,28/07/2008,"-1,09416","44,97877","0,8"
S1215013,ETANG DE LACANAU,28/07/2008,"-1,09417","44,97882","0,8"
S1215013,ETANG DE LACANAU,28/07/2008,"-1,09417","44,97882","0,7"
S1215013,ETANG DE LACANAU,28/07/2008,"-1,09416","44,97882","0,8"
S1215013,ETANG DE LACANAU,28/07/2008,"-1,09418","44,97872","0,6"
S1215013,ETANG DE LACANAU,28/07/2008,"-1,09416","44,9788","0,8"
S1215013,ETANG DE LACANAU,28/07/2008,"-1,09418","44,97872","0,6"
S1215013,ETANG DE LACANAU,28/07/2008,"-1,09417","44,97878","0,8"
S1215013,ETANG DE LACANAU,28/07/2008,"-1,09417","44,97878","0,9"
S1215013,ETANG DE LACANAU,28/07/2008,"-1,09418","44,97877","0,9"
S1215013,ETANG DE LACANAU,28/07/2008,"-1,09418","44,97877","0,9"
S1215013,ETANG DE LACANAU,28/07/2008,"-1,09423","44,9787","0,8"
S1215013,ETANG DE LACANAU,28/07/2008,"-1,09423","44,9787","0,7"
S1215013,ETANG DE LACANAU,28/07/2008,"-1,09422","44,9787","0,6"
S1215013,ETANG DE LACANAU,28/07/2008,"-1,09421","44,9787","0,7"
S1215013,ETANG DE LACANAU,28/07/2008,"-1,0942","44,97871","0,6"
S1215013,ETANG DE LACANAU,28/07/2008,"-1,09419","44,97872","0,6"
S1215013,ETANG DE LACANAU,28/07/2008,"-1,09415","44,97876","0,6"
S1215013,ETANG DE LACANAU,28/07/2008,"-1,09416","44,97881","0,8"
S1215013,ETANG DE LACANAU,28/07/2008,"-1,11217","44,98729","1,2"
S1215013,ETANG DE LACANAU,28/07/2008,"-1,09788","44,97748","2,3"
S1215013,ETANG DE LACANAU,28/07/2008,"-1,11218","44,98724","1,2"
S1215013,ETANG DE LACANAU,28/07/2008,"-1,11218","44,98724","1,2"
S1215013,ETANG DE LACANAU,28/07/2008,"-1,11217","44,98725","1,2"
S1215013,ETANG DE LACANAU,28/07/2008,"-1,11217","44,98725","1,2"
S1215013,ETANG DE LACANAU,28/07/2008,"-1,11216","44,98725","1,3"
S1215013,ETANG DE LACANAU,28/07/2008,"-1,11216","44,98725","1,2"
S1215013,ETANG DE LACANAU,28/07/2008,"-1,11216","44,98726","1,2"
S1215013,ETANG DE LACANAU,28/07/2008,"-1,11216","44,98726","1,2"
S1215013,ETANG DE LACANAU,28/07/2008,"-1,11217","44,98726","1,2"
S1215013,ETANG DE LACANAU,28/07/2008,"-1,11219","44,98723","1,2"
S1215013,ETANG DE LACANAU,28/07/2008,"-1,11217","44,98728","1,2"
S1215013,ETANG DE LACANAU,28/07/2008,"-1,1122","44,98723","1,2"
S1215013,ETANG DE LACANAU,28/07/2008,"-1,11216","44,98729","1,2"
S1215013,ETANG DE LACANAU,28/07/2008,"-1,11216","44,9873","1,2"
S1215013,ETANG DE LACANAU,28/07/2008,"-1,11217","44,98731","1,2"
S1215013,ETANG DE LACANAU,28/07/2008,"-1,11216","44,98732","1,2"
S1215013,ETANG DE LACANAU,28/07/2008,"-1,11216","44,98732","1,2"
S1215013,ETANG DE LACANAU,28/07/2008,"-1,11216","44,98732","1,2"
S1215013,ETANG DE LACANAU,28/07/2008,"-1,11216","44,98733","1,2"
S1215013,ETANG DE LACANAU,28/07/2008,"-1,11215","44,98734","1,2"
S1215013,ETANG DE LACANAU,28/07/2008,"-1,11215","44,98734","1,2"
S1215013,ETANG DE LACANAU,28/07/2008,"-1,11214","44,98734","1,2"
S1215013,ETANG DE LACANAU,28/07/2008,"-1,11214","44,98736","1,2"
S1215013,ETANG DE LACANAU,28/07/2008,"-1,11217","44,98727","1,2"
S1215013,ETANG DE LACANAU,28/07/2008,"-1,11229","44,98724","1,3"
S1215013,ETANG DE LACANAU,28/07/2008,"-1,11242","44,98726","1,3"
S1215013,ETANG DE LACANAU,28/07/2008,"-1,11242","44,98726","1,3"
S1215013,ETANG DE LACANAU,28/07/2008,"-1,1124","44,98725","1,3"
S1215013,ETANG DE LACANAU,28/07/2008,"-1,1124","44,98724","1,3"
S1215013,ETANG DE LACANAU,28/07/2008,"-1,11239","44,98724","1,3"
S1215013,ETANG DE LACANAU,28/07/2008,"-1,11238","44,98724","1,3"
S1215013,ETANG DE LACANAU,28/07/2008,"-1,11235","44,98723","1,3"
S1215013,ETANG DE LACANAU,28/07/2008,"-1,11234","44,98723","1,3"
S1215013,ETANG DE LACANAU,28/07/2008,"-1,11233","44,98724","1,3"
S1215013,ETANG DE LACANAU,28/07/2008,"-1,11231","44,98724","1,3"
S1215013,ETANG DE LACANAU,28/07/2008,"-1,11219","44,98724","1,2"
S1215013,ETANG DE LACANAU,28/07/2008,"-1,11229","44,98725","1,2"
S1215013,ETANG DE LACANAU,28/07/2008,"-1,11206","44,98741","1,2"
S1215013,ETANG DE LACANAU,28/07/2008,"-1,11227","44,98724","1,2"
S1215013,ETANG DE LACANAU,28/07/2008,"-1,11226","44,98724","1,2"
S1215013,ETANG DE LACANAU,28/07/2008,"-1,11225","44,98724","1,2"
S1215013,ETANG DE LACANAU,28/07/2008,"-1,11224","44,98723","1,2"
S1215013,ETANG DE LACANAU,28/07/2008,"-1,11224","44,98723","1,2"
S1215013,ETANG DE LACANAU,28/07/2008,"-1,11224","44,98723","1,2"
S1215013,ETANG DE LACANAU,28/07/2008,"-1,11223","44,98723","1,2"
S1215013,ETANG DE LACANAU,28/07/2008,"-1,11222","44,98723","1,2"
S1215013,ETANG DE LACANAU,28/07/2008,"-1,11222","44,98723","1,3"
S1215013,ETANG DE LACANAU,28/07/2008,"-1,11221","44,98723","1,3"
S1215013,ETANG DE LACANAU,28/07/2008,"-1,1122","44,98723","1,2"
S1215013,ETANG DE LACANAU,28/07/2008,"-1,1123","44,98725","1,2"
S1215013,ETANG DE LACANAU,28/07/2008,"-1,11495","44,99096","1,2"
S1215013,ETANG DE LACANAU,28/07/2008,"-1,11408","44,98977","1,2"
S1215013,ETANG DE LACANAU,28/07/2008,"-1,11413","44,98986","1,2"
S1215013,ETANG DE LACANAU,28/07/2008,"-1,1142","44,98995","1,1"
S1215013,ETANG DE LACANAU,28/07/2008,"-1,11428","44,99006","1,1"
S1215013,ETANG DE LACANAU,28/07/2008,"-1,11435","44,99016","1,1"
S1215013,ETANG DE LACANAU,28/07/2008,"-1,11443","44,99026","1,1"
S1215013,ETANG DE LACANAU,28/07/2008,"-1,1145","44,99035","1,1"
S1215013,ETANG DE LACANAU,28/07/2008,"-1,11459","44,99044","1,2"
S1215013,ETANG DE LACANAU,28/07/2008,"-1,11467","44,99054","1,2"
S1215013,ETANG DE LACANAU,28/07/2008,"-1,11475","44,99064","1,2"
S1215013,ETANG DE LACANAU,28/07/2008,"-1,11213","44,98736","1,2"
S1215013,ETANG DE LACANAU,28/07/2008,"-1,1149","44,99085","1,2"
S1215013,ETANG DE LACANAU,28/07/2008,"-1,11395","44,98954","1,3"
S1215013,ETANG DE LACANAU,28/07/2008,"-1,11498","44,99107","1,1"
S1215013,ETANG DE LACANAU,28/07/2008,"-1,115","44,99119","1,1"
S1215013,ETANG DE LACANAU,28/07/2008,"-1,11502","44,9913","1,1"
S1215013,ETANG DE LACANAU,28/07/2008,"-1,11507","44,99141","1,1"
S1215013,ETANG DE LACANAU,28/07/2008,"-1,11515","44,99151",1
S1215013,ETANG DE LACANAU,28/07/2008,"-1,11524","44,99159",1
S1215013,ETANG DE LACANAU,28/07/2008,"-1,11534","44,99168",1
S1215013,ETANG DE LACANAU,28/07/2008,"-1,11547","44,99176",1
S1215013,ETANG DE LACANAU,28/07/2008,"-1,11559","44,99184",1
S1215013,ETANG DE LACANAU,28/07/2008,"-1,1157","44,99192",1
S1215013,ETANG DE LACANAU,28/07/2008,"-1,11579","44,99203","1,1"
S1215013,ETANG DE LACANAU,28/07/2008,"-1,11483","44,99074","1,2"
S1215013,ETANG DE LACANAU,28/07/2008,"-1,11323","44,98855","1,1"
S1215013,ETANG DE LACANAU,28/07/2008,"-1,1124","44,98722","1,3"
S1215013,ETANG DE LACANAU,28/07/2008,"-1,1121","44,98747","1,1"
S1215013,ETANG DE LACANAU,28/07/2008,"-1,1122","44,98755","1,1"
S1215013,ETANG DE LACANAU,28/07/2008,"-1,11231","44,98763","1,1"
S1215013,ETANG DE LACANAU,28/07/2008,"-1,11241","44,98772","1,1"
S1215013,ETANG DE LACANAU,28/07/2008,"-1,11251","44,98782","1,1"
S1215013,ETANG DE LACANAU,28/07/2008,"-1,11262","44,98792","1,1"
S1215013,ETANG DE LACANAU,28/07/2008,"-1,11271","44,98801","1,1"
S1215013,ETANG DE LACANAU,28/07/2008,"-1,11279","44,98809","1,1"
S1215013,ETANG DE LACANAU,28/07/2008,"-1,11288","44,98818","1,1"
S1215013,ETANG DE LACANAU,28/07/2008,"-1,11296","44,98827","1,1"
S1215013,ETANG DE LACANAU,28/07/2008,"-1,11403","44,98968","1,2"
S1215013,ETANG DE LACANAU,28/07/2008,"-1,11314","44,98845","1,1"
S1215013,ETANG DE LACANAU,28/07/2008,"-1,11399","44,98961","1,3"
S1215013,ETANG DE LACANAU,28/07/2008,"-1,11332","44,98865",1
S1215013,ETANG DE LACANAU,28/07/2008,"-1,11341","44,98874","1,2"
S1215013,ETANG DE LACANAU,28/07/2008,"-1,11345","44,98883","1,1"
S1215013,ETANG DE LACANAU,28/07/2008,"-1,11349","44,9889","1,1"
S1215013,ETANG DE LACANAU,28/07/2008,"-1,11354","44,98897","1,1"
S1215013,ETANG DE LACANAU,28/07/2008,"-1,11361","44,98905","1,1"
S1215013,ETANG DE LACANAU,28/07/2008,"-1,11367","44,98914","1,1"
S1215013,ETANG DE LACANAU,28/07/2008,"-1,11374","44,98923","1,1"
S1215013,ETANG DE LACANAU,28/07/2008,"-1,11381","44,98934","1,1"
S1215013,ETANG DE LACANAU,28/07/2008,"-1,11389","44,98945","1,1"
S1215013,ETANG DE LACANAU,28/07/2008,"-1,1121","44,98737","1,2"
S1215013,ETANG DE LACANAU,28/07/2008,"-1,11305","44,98836","1,1"
S1215013,ETANG DE LACANAU,28/07/2008,"-1,10682","44,9811","3,2"
S1215013,ETANG DE LACANAU,28/07/2008,"-1,10304","44,97959","4,2"
S1215013,ETANG DE LACANAU,28/07/2008,"-1,10332","44,97977","4,4"
S1215013,ETANG DE LACANAU,28/07/2008,"-1,10364","44,98002","4,2"
S1215013,ETANG DE LACANAU,28/07/2008,"-1,10399","44,98029","4,1"
S1215013,ETANG DE LACANAU,28/07/2008,"-1,10427","44,98045","3,4"
S1215013,ETANG DE LACANAU,28/07/2008,"-1,10443","44,98052","3,5"
S1215013,ETANG DE LACANAU,28/07/2008,"-1,10465","44,98057","3,9"
S1215013,ETANG DE LACANAU,28/07/2008,"-1,10529","44,9807","3,6"
S1215013,ETANG DE LACANAU,28/07/2008,"-1,10595","44,98085","3,6"
S1215013,ETANG DE LACANAU,28/07/2008,"-1,10635","44,98093","3,4"
S1215013,ETANG DE LACANAU,28/07/2008,"-1,10837","44,98219",3
S1215013,ETANG DE LACANAU,28/07/2008,"-1,10666","44,98103","3,2"
S1215013,ETANG DE LACANAU,28/07/2008,"-1,10226","44,97903","3,8"
S1215013,ETANG DE LACANAU,28/07/2008,"-1,107","44,98118","3,2"
S1215013,ETANG DE LACANAU,28/07/2008,"-1,10724","44,98128","3,3"
S1215013,ETANG DE LACANAU,28/07/2008,"-1,10751","44,98142","3,3"
S1215013,ETANG DE LACANAU,28/07/2008,"-1,10778","44,98158","1,9"
S1215013,ETANG DE LACANAU,28/07/2008,"-1,10794","44,98169","1,7"
S1215013,ETANG DE LACANAU,28/07/2008,"-1,10805","44,98176","1,8"
S1215013,ETANG DE LACANAU,28/07/2008,"-1,10813","44,98185",2
S1215013,ETANG DE LACANAU,28/07/2008,"-1,10815","44,98192","2,5"
S1215013,ETANG DE LACANAU,28/07/2008,"-1,10818","44,98197","3,1"
S1215013,ETANG DE LACANAU,28/07/2008,"-1,10822","44,98201","3,2"
S1215013,ETANG DE LACANAU,28/07/2008,"-1,11242","44,98726","1,3"
S1215013,ETANG DE LACANAU,28/07/2008,"-1,10651","44,98098","3,4"
S1215013,ETANG DE LACANAU,28/07/2008,"-1,10002","44,97761","3,9"
S1215013,ETANG DE LACANAU,28/07/2008,"-1,11588","44,99214","1,1"
S1215013,ETANG DE LACANAU,28/07/2008,"-1,09846","44,9774","2,6"
S1215013,ETANG DE LACANAU,28/07/2008,"-1,09865","44,97742","2,7"
S1215013,ETANG DE LACANAU,28/07/2008,"-1,09883","44,97746","2,8"
S1215013,ETANG DE LACANAU,28/07/2008,"-1,09902","44,97748","2,9"
S1215013,ETANG DE LACANAU,28/07/2008,"-1,09926","44,9775","3,3"
S1215013,ETANG DE LACANAU,28/07/2008,"-1,09945","44,97752","3,5"
S1215013,ETANG DE LACANAU,28/07/2008,"-1,09956","44,97753","3,8"
S1215013,ETANG DE LACANAU,28/07/2008,"-1,09966","44,97754","4,1"
S1215013,ETANG DE LACANAU,28/07/2008,"-1,09975","44,97755","4,4"
S1215013,ETANG DE LACANAU,28/07/2008,"-1,09983","44,97757","4,5"
S1215013,ETANG DE LACANAU,28/07/2008,"-1,10277","44,97941","3,7"
S1215013,ETANG DE LACANAU,28/07/2008,"-1,09996","44,9776","4,2"
S1215013,ETANG DE LACANAU,28/07/2008,"-1,10249","44,97921","3,7"
S1215013,ETANG DE LACANAU,28/07/2008,"-1,10013","44,97764","3,5"
S1215013,ETANG DE LACANAU,28/07/2008,"-1,10031","44,9777",3
S1215013,ETANG DE LACANAU,28/07/2008,"-1,10039","44,97774",3
S1215013,ETANG DE LACANAU,28/07/2008,"-1,10048","44,97779","2,9"
S1215013,ETANG DE LACANAU,28/07/2008,"-1,10063","44,97789","2,9"
S1215013,ETANG DE LACANAU,28/07/2008,"-1,1009","44,97806",3
S1215013,ETANG DE LACANAU,28/07/2008,"-1,10115","44,97823","3,3"
S1215013,ETANG DE LACANAU,28/07/2008,"-1,1014","44,9784","3,4"
S1215013,ETANG DE LACANAU,28/07/2008,"-1,10167","44,97859","3,2"
S1215013,ETANG DE LACANAU,28/07/2008,"-1,10202","44,97885","3,2"
S1215013,ETANG DE LACANAU,28/07/2008,"-1,10845","44,98229","2,6"
S1215013,ETANG DE LACANAU,28/07/2008,"-1,09989","44,97758","4,5"
S1215013,ETANG DE LACANAU,28/07/2008,"-1,1121","44,98665","1,2"
S1215013,ETANG DE LACANAU,28/07/2008,"-1,11093","44,98571","1,1"
S1215013,ETANG DE LACANAU,28/07/2008,"-1,11106","44,9858","1,1"
S1215013,ETANG DE LACANAU,28/07/2008,"-1,11116","44,98588","1,1"
S1215013,ETANG DE LACANAU,28/07/2008,"-1,11125","44,98597","1,2"
S1215013,ETANG DE LACANAU,28/07/2008,"-1,11134","44,98604","1,2"
S1215013,ETANG DE LACANAU,28/07/2008,"-1,11145","44,98611","1,2"
S1215013,ETANG DE LACANAU,28/07/2008,"-1,11155","44,98618","1,2"
S1215013,ETANG DE LACANAU,28/07/2008,"-1,11166","44,98625","1,2"
S1215013,ETANG DE LACANAU,28/07/2008,"-1,11176","44,98632","1,2"
S1215013,ETANG DE LACANAU,28/07/2008,"-1,11187","44,98639","1,2"
S1215013,ETANG DE LACANAU,28/07/2008,"-1,10827","44,98207","3,1"
S1215013,ETANG DE LACANAU,28/07/2008,"-1,11205","44,98655","1,2"
S1215013,ETANG DE LACANAU,28/07/2008,"-1,11057","44,98545",1
S1215013,ETANG DE LACANAU,28/07/2008,"-1,11215","44,98675","1,2"
S1215013,ETANG DE LACANAU,28/07/2008,"-1,11221","44,98685","1,3"
S1215013,ETANG DE LACANAU,28/07/2008,"-1,11228","44,98694","1,3"
S1215013,ETANG DE LACANAU,28/07/2008,"-1,11232","44,98703","1,4"
S1215013,ETANG DE LACANAU,28/07/2008,"-1,11238","44,98709","1,4"
S1215013,ETANG DE LACANAU,28/07/2008,"-1,11241","44,98713","1,3"
S1215013,ETANG DE LACANAU,28/07/2008,"-1,11241","44,98716","1,3"
S1215013,ETANG DE LACANAU,28/07/2008,"-1,11241","44,98716","1,3"
S1215013,ETANG DE LACANAU,28/07/2008,"-1,1124","44,98717","1,4"
S1215013,ETANG DE LACANAU,28/07/2008,"-1,11239","44,9872","1,3"
S1215013,ETANG DE LACANAU,28/07/2008,"-1,09808","44,97747","2,3"
S1215013,ETANG DE LACANAU,28/07/2008,"-1,11198","44,98646","1,2"
S1215013,ETANG DE LACANAU,28/07/2008,"-1,10964","44,98429","0,9"
S1215013,ETANG DE LACANAU,28/07/2008,"-1,1085","44,98241","2,6"
S1215013,ETANG DE LACANAU,28/07/2008,"-1,10855","44,98253","2,6"
S1215013,ETANG DE LACANAU,28/07/2008,"-1,1086","44,98263","2,5"
S1215013,ETANG DE LACANAU,28/07/2008,"-1,10868","44,98273","2,2"
S1215013,ETANG DE LACANAU,28/07/2008,"-1,10879","44,98284","1,9"
S1215013,ETANG DE LACANAU,28/07/2008,"-1,10889","44,983","1,4"
S1215013,ETANG DE LACANAU,28/07/2008,"-1,10898","44,98314","1,5"
S1215013,ETANG DE LACANAU,28/07/2008,"-1,10909","44,98327","1,7"
S1215013,ETANG DE LACANAU,28/07/2008,"-1,10916","44,98343","1,4"
S1215013,ETANG DE LACANAU,28/07/2008,"-1,10925","44,98358","1,2"
S1215013,ETANG DE LACANAU,28/07/2008,"-1,10935","44,98373","1,3"
S1215013,ETANG DE LACANAU,28/07/2008,"-1,11082","44,98562",1
S1215013,ETANG DE LACANAU,28/07/2008,"-1,10959","44,9841",1
S1215013,ETANG DE LACANAU,28/07/2008,"-1,1107","44,98553",1
S1215013,ETANG DE LACANAU,28/07/2008,"-1,10968","44,98449","0,8"
S1215013,ETANG DE LACANAU,28/07/2008,"-1,10971","44,98469","0,7"
S1215013,ETANG DE LACANAU,28/07/2008,"-1,10973","44,98487","0,6"
S1215013,ETANG DE LACANAU,28/07/2008,"-1,10976","44,98495","0,6"
S1215013,ETANG DE LACANAU,28/07/2008,"-1,10984","44,985","0,8"
S1215013,ETANG DE LACANAU,28/07/2008,"-1,10997","44,98502","1,1"
S1215013,ETANG DE LACANAU,28/07/2008,"-1,1101","44,98508","1,2"
S1215013,ETANG DE LACANAU,28/07/2008,"-1,11021","44,98518","1,1"
S1215013,ETANG DE LACANAU,28/07/2008,"-1,11032","44,98528","1,1"
S1215013,ETANG DE LACANAU,28/07/2008,"-1,11044","44,98537",1
S1215013,ETANG DE LACANAU,28/07/2008,"-1,11241","44,98724","1,3"
S1215013,ETANG DE LACANAU,28/07/2008,"-1,1095","44,98391","1,2"
S1215013,ETANG DE LACANAU,28/07/2008,"-1,10648","44,94956",1
S1215013,ETANG DE LACANAU,28/07/2008,"-1,10564","44,94895","1,1"
S1215013,ETANG DE LACANAU,28/07/2008,"-1,1057","44,949",1
S1215013,ETANG DE LACANAU,28/07/2008,"-1,10577","44,94905","1,1"
S1215013,ETANG DE LACANAU,28/07/2008,"-1,10584","44,9491","1,1"
S1215013,ETANG DE LACANAU,28/07/2008,"-1,10588","44,94913","1,1"
S1215013,ETANG DE LACANAU,28/07/2008,"-1,10591","44,94916","1,1"
S1215013,ETANG DE LACANAU,28/07/2008,"-1,10595","44,9492","1,1"
S1215013,ETANG DE LACANAU,28/07/2008,"-1,10601","44,94924","1,1"
S1215013,ETANG DE LACANAU,28/07/2008,"-1,10608","44,94928","1,2"
S1215013,ETANG DE LACANAU,28/07/2008,"-1,10616","44,94934","1,2"
S1215013,ETANG DE LACANAU,28/07/2008,"-1,10595","44,94875","1,1"
S1215013,ETANG DE LACANAU,28/07/2008,"-1,10637","44,94948","1,1"
S1215013,ETANG DE LACANAU,28/07/2008,"-1,10546","44,94878",1
S1215013,ETANG DE LACANAU,28/07/2008,"-1,10656","44,94966","1,1"
S1215013,ETANG DE LACANAU,28/07/2008,"-1,10659","44,9497","1,2"
S1215013,ETANG DE LACANAU,28/07/2008,"-1,10691","44,95017","1,2"
S1215013,ETANG DE LACANAU,28/07/2008,"-1,10702","44,95026","1,3"
S1215013,ETANG DE LACANAU,28/07/2008,"-1,10711","44,95032","1,4"
S1215013,ETANG DE LACANAU,28/07/2008,"-1,1072","44,95041","1,4"
S1215013,ETANG DE LACANAU,28/07/2008,"-1,10729","44,95052","1,4"
S1215013,ETANG DE LACANAU,28/07/2008,"-1,10734","44,95062","1,3"
S1215013,ETANG DE LACANAU,28/07/2008,"-1,10739","44,95071","1,1"
S1215013,ETANG DE LACANAU,28/07/2008,"-1,10743","44,9508",1
S1215013,ETANG DE LACANAU,28/07/2008,"-1,10745","44,9509",1
S1215013,ETANG DE LACANAU,28/07/2008,"-1,10626","44,94941","1,2"
S1215013,ETANG DE LACANAU,28/07/2008,"-1,1049","44,94809","0,6"
S1215013,ETANG DE LACANAU,28/07/2008,"-1,10296","44,95781","0,5"
S1215013,ETANG DE LACANAU,28/07/2008,"-1,10583","44,94862","1,1"
S1215013,ETANG DE LACANAU,28/07/2008,"-1,10573","44,94857","1,1"
S1215013,ETANG DE LACANAU,28/07/2008,"-1,10563","44,94852","0,9"
S1215013,ETANG DE LACANAU,28/07/2008,"-1,10555","44,94846","0,8"
S1215013,ETANG DE LACANAU,28/07/2008,"-1,10547","44,9484","0,7"
S1215013,ETANG DE LACANAU,28/07/2008,"-1,10539","44,94834","0,7"
S1215013,ETANG DE LACANAU,28/07/2008,"-1,10529","44,94831","0,8"
S1215013,ETANG DE LACANAU,28/07/2008,"-1,1052","44,94828","0,6"
S1215013,ETANG DE LACANAU,28/07/2008,"-1,10512","44,94827","0,5"
S1215013,ETANG DE LACANAU,28/07/2008,"-1,10507","44,94826","0,4"
S1215013,ETANG DE LACANAU,28/07/2008,"-1,10558","44,94889","1,1"
S1215013,ETANG DE LACANAU,28/07/2008,"-1,10489","44,94812","0,6"
S1215013,ETANG DE LACANAU,28/07/2008,"-1,10552","44,94884",1
S1215013,ETANG DE LACANAU,28/07/2008,"-1,10492","44,94806","0,6"
S1215013,ETANG DE LACANAU,28/07/2008,"-1,10495","44,94808","0,6"
S1215013,ETANG DE LACANAU,28/07/2008,"-1,10497","44,9481","0,7"
S1215013,ETANG DE LACANAU,28/07/2008,"-1,105","44,94849","0,7"
S1215013,ETANG DE LACANAU,28/07/2008,"-1,10508","44,94843","0,7"
S1215013,ETANG DE LACANAU,28/07/2008,"-1,10516","44,94849","0,7"
S1215013,ETANG DE LACANAU,28/07/2008,"-1,10522","44,94854","0,7"
S1215013,ETANG DE LACANAU,28/07/2008,"-1,10528","44,9486","0,8"
S1215013,ETANG DE LACANAU,28/07/2008,"-1,10534","44,94866","0,9"
S1215013,ETANG DE LACANAU,28/07/2008,"-1,1054","44,94872",1
S1215013,ETANG DE LACANAU,28/07/2008,"-1,10753","44,95119","1,1"
S1215013,ETANG DE LACANAU,28/07/2008,"-1,10504","44,94826","0,4"
S1215013,ETANG DE LACANAU,28/07/2008,"-1,10831","44,95467","2,4"
S1215013,ETANG DE LACANAU,28/07/2008,"-1,10747","44,951","1,2"
S1215013,ETANG DE LACANAU,28/07/2008,"-1,10654","44,95359","1,5"
S1215013,ETANG DE LACANAU,28/07/2008,"-1,10658","44,95367","1,6"
S1215013,ETANG DE LACANAU,28/07/2008,"-1,10666","44,95375","1,8"
S1215013,ETANG DE LACANAU,28/07/2008,"-1,10675","44,95383","1,6"
S1215013,ETANG DE LACANAU,28/07/2008,"-1,10684","44,95388","1,4"
S1215013,ETANG DE LACANAU,28/07/2008,"-1,10695","44,95394","1,3"
S1215013,ETANG DE LACANAU,28/07/2008,"-1,1071","44,95403","1,4"
S1215013,ETANG DE LACANAU,28/07/2008,"-1,10726","44,95411","1,8"
S1215013,ETANG DE LACANAU,28/07/2008,"-1,10754","44,95423","2,1"
S1215013,ETANG DE LACANAU,28/07/2008,"-1,10781","44,9544","2,2"
S1215013,ETANG DE LACANAU,28/07/2008,"-1,10647","44,95338","1,1"
S1215013,ETANG DE LACANAU,28/07/2008,"-1,10805","44,95453","2,2"
S1215013,ETANG DE LACANAU,28/07/2008,"-1,10643","44,95326",1
S1215013,ETANG DE LACANAU,28/07/2008,"-1,1086","44,95486","2,5"
S1215013,ETANG DE LACANAU,28/07/2008,"-1,10885","44,95508","2,6"
S1215013,ETANG DE LACANAU,28/07/2008,"-1,10907","44,95531",3
S1215013,ETANG DE LACANAU,28/07/2008,"-1,10932","44,95553","1,7"
S1215013,ETANG DE LACANAU,28/07/2008,"-1,10948","44,95564","1,5"
S1215013,ETANG DE LACANAU,28/07/2008,"-1,1096","44,95575","1,8"
S1215013,ETANG DE LACANAU,28/07/2008,"-1,10972","44,95586","1,9"
S1215013,ETANG DE LACANAU,28/07/2008,"-1,10984","44,95598","1,4"
S1215013,ETANG DE LACANAU,28/07/2008,"-1,10994","44,9561","1,7"
S1215013,ETANG DE LACANAU,28/07/2008,"-1,11006","44,95626","2,8"
S1215013,ETANG DE LACANAU,28/07/2008,"-1,1102","44,95653","2,1"
S1215013,ETANG DE LACANAU,28/07/2008,"-1,10793","44,95447","2,3"
S1215013,ETANG DE LACANAU,28/07/2008,"-1,10738","44,95237","0,6"
S1215013,ETANG DE LACANAU,28/07/2008,"-1,106","44,94882","1,1"
S1215013,ETANG DE LACANAU,28/07/2008,"-1,10756","44,95128",1
S1215013,ETANG DE LACANAU,28/07/2008,"-1,10759","44,95138","0,9"
S1215013,ETANG DE LACANAU,28/07/2008,"-1,10761","44,95147",1
S1215013,ETANG DE LACANAU,28/07/2008,"-1,10759","44,95157",1
S1215013,ETANG DE LACANAU,28/07/2008,"-1,10759","44,95167","1,2"
S1215013,ETANG DE LACANAU,28/07/2008,"-1,10764","44,95177","1,6"
S1215013,ETANG DE LACANAU,28/07/2008,"-1,10769","44,95187","1,8"
S1215013,ETANG DE LACANAU,28/07/2008,"-1,10772","44,95197","1,8"
S1215013,ETANG DE LACANAU,28/07/2008,"-1,10776","44,95208","1,8"
S1215013,ETANG DE LACANAU,28/07/2008,"-1,10777","44,95219","1,9"
S1215013,ETANG DE LACANAU,28/07/2008,"-1,1065","44,95348","1,3"
S1215013,ETANG DE LACANAU,28/07/2008,"-1,10751","44,95231","0,9"
S1215013,ETANG DE LACANAU,28/07/2008,"-1,10749","44,95109","1,2"
S1215013,ETANG DE LACANAU,28/07/2008,"-1,10728","44,95242","0,6"
S1215013,ETANG DE LACANAU,28/07/2008,"-1,10718","44,95248","0,9"
S1215013,ETANG DE LACANAU,28/07/2008,"-1,10706","44,95253","1,4"
S1215013,ETANG DE LACANAU,28/07/2008,"-1,10695","44,9526","1,7"
S1215013,ETANG DE LACANAU,28/07/2008,"-1,10684","44,95267","1,9"
S1215013,ETANG DE LACANAU,28/07/2008,"-1,10672","44,95273","1,9"
S1215013,ETANG DE LACANAU,28/07/2008,"-1,1066","44,95279","1,7"
S1215013,ETANG DE LACANAU,28/07/2008,"-1,10648","44,95285","1,4"
S1215013,ETANG DE LACANAU,28/07/2008,"-1,10641","44,95294","1,2"
S1215013,ETANG DE LACANAU,28/07/2008,"-1,10638","44,95305",1
S1215013,ETANG DE LACANAU,28/07/2008,"-1,1064","44,95316",1
S1215013,ETANG DE LACANAU,28/07/2008,"-1,10766","44,95226","1,5"
S1215013,ETANG DE LACANAU,28/07/2008,"-1,10112","44,95711","0,7"
S1215013,ETANG DE LACANAU,28/07/2008,"-1,10133","44,95743","0,4"
S1215013,ETANG DE LACANAU,28/07/2008,"-1,10127","44,95741","0,4"
S1215013,ETANG DE LACANAU,28/07/2008,"-1,10121","44,9574","0,5"
S1215013,ETANG DE LACANAU,28/07/2008,"-1,10116","44,95737","0,5"
S1215013,ETANG DE LACANAU,28/07/2008,"-1,10109","44,95737","0,6"
S1215013,ETANG DE LACANAU,28/07/2008,"-1,10103","44,95737","0,4"
S1215013,ETANG DE LACANAU,28/07/2008,"-1,10097","44,95737","0,6"
S1215013,ETANG DE LACANAU,28/07/2008,"-1,10092","44,95737","0,5"
S1215013,ETANG DE LACANAU,28/07/2008,"-1,10087","44,95737","0,6"
S1215013,ETANG DE LACANAU,28/07/2008,"-1,10086","44,95737","0,5"
S1215013,ETANG DE LACANAU,28/07/2008,"-1,10593","44,94868","1,2"
S1215013,ETANG DE LACANAU,28/07/2008,"-1,10111","44,95708","0,7"
S1215013,ETANG DE LACANAU,28/07/2008,"-1,10149","44,95749","0,6"
S1215013,ETANG DE LACANAU,28/07/2008,"-1,10113","44,9571","0,8"
S1215013,ETANG DE LACANAU,28/07/2008,"-1,10116","44,9571","0,8"
S1215013,ETANG DE LACANAU,28/07/2008,"-1,1012","44,95708","0,8"
S1215013,ETANG DE LACANAU,28/07/2008,"-1,10124","44,95704","0,8"
S1215013,ETANG DE LACANAU,28/07/2008,"-1,10129","44,957","0,8"
S1215013,ETANG DE LACANAU,28/07/2008,"-1,10134","44,95697","0,8"
S1215013,ETANG DE LACANAU,28/07/2008,"-1,10139","44,95693","0,9"
S1215013,ETANG DE LACANAU,28/07/2008,"-1,10144","44,95687","1,1"
S1215013,ETANG DE LACANAU,28/07/2008,"-1,1015","44,95682",2
S1215013,ETANG DE LACANAU,28/07/2008,"-1,10154","44,95676","2,1"
S1215013,ETANG DE LACANAU,28/07/2008,"-1,10158","44,9567","2,4"
S1215013,ETANG DE LACANAU,28/07/2008,"-1,10107","44,95702","0,6"
S1215013,ETANG DE LACANAU,28/07/2008,"-1,10209","44,95751","0,6"
S1215013,ETANG DE LACANAU,28/07/2008,"-1,10291","44,95778","0,4"
S1215013,ETANG DE LACANAU,28/07/2008,"-1,10285","44,95775","0,4"
S1215013,ETANG DE LACANAU,28/07/2008,"-1,10279","44,95771","0,5"
S1215013,ETANG DE LACANAU,28/07/2008,"-1,10273","44,95768","0,4"
S1215013,ETANG DE LACANAU,28/07/2008,"-1,10266","44,95767","0,5"
S1215013,ETANG DE LACANAU,28/07/2008,"-1,1026","44,95765","0,5"
S1215013,ETANG DE LACANAU,28/07/2008,"-1,10254","44,95764","0,5"
S1215013,ETANG DE LACANAU,28/07/2008,"-1,10247","44,95762","0,5"
S1215013,ETANG DE LACANAU,28/07/2008,"-1,10241","44,95761","0,5"
S1215013,ETANG DE LACANAU,28/07/2008,"-1,10235","44,95759","0,6"
S1215013,ETANG DE LACANAU,28/07/2008,"-1,10228","44,95757","0,6"
S1215013,ETANG DE LACANAU,28/07/2008,"-1,10139","44,95745","0,4"
S1215013,ETANG DE LACANAU,28/07/2008,"-1,10215","44,95753","0,6"
S1215013,ETANG DE LACANAU,28/07/2008,"-1,10144","44,95747","0,4"
S1215013,ETANG DE LACANAU,28/07/2008,"-1,10203","44,95749","0,6"
S1215013,ETANG DE LACANAU,28/07/2008,"-1,10196","44,95748","0,6"
S1215013,ETANG DE LACANAU,28/07/2008,"-1,10191","44,95747","0,6"
S1215013,ETANG DE LACANAU,28/07/2008,"-1,10184","44,95745","0,6"
S1215013,ETANG DE LACANAU,28/07/2008,"-1,10179","44,95748","0,6"
S1215013,ETANG DE LACANAU,28/07/2008,"-1,10174","44,95751","0,5"
S1215013,ETANG DE LACANAU,28/07/2008,"-1,10169","44,95753","0,4"
S1215013,ETANG DE LACANAU,28/07/2008,"-1,10164","44,95754","0,6"
S1215013,ETANG DE LACANAU,28/07/2008,"-1,1016","44,95752","0,5"
S1215013,ETANG DE LACANAU,28/07/2008,"-1,10154","44,95751","0,6"
S1215013,ETANG DE LACANAU,28/07/2008,"-1,10188","44,95644",3
S1215013,ETANG DE LACANAU,28/07/2008,"-1,10222","44,95756","0,6"
S1215013,ETANG DE LACANAU,28/07/2008,"-1,10774","44,95085","1,5"
S1215013,ETANG DE LACANAU,28/07/2008,"-1,10165","44,95662","2,7"
S1215013,ETANG DE LACANAU,28/07/2008,"-1,10602","44,95346","1,6"
S1215013,ETANG DE LACANAU,28/07/2008,"-1,10618","44,95335","1,1"
S1215013,ETANG DE LACANAU,28/07/2008,"-1,10636","44,95323",1
S1215013,ETANG DE LACANAU,28/07/2008,"-1,10653","44,95305","1,1"
S1215013,ETANG DE LACANAU,28/07/2008,"-1,1067","44,95283","1,8"
S1215013,ETANG DE LACANAU,28/07/2008,"-1,10687","44,95258","1,8"
S1215013,ETANG DE LACANAU,28/07/2008,"-1,1071","44,95237","0,8"
S1215013,ETANG DE LACANAU,28/07/2008,"-1,10733","44,95215",1
S1215013,ETANG DE LACANAU,28/07/2008,"-1,10753","44,95192","1,7"
S1215013,ETANG DE LACANAU,28/07/2008,"-1,10767","44,95167","1,8"
S1215013,ETANG DE LACANAU,28/07/2008,"-1,10574","44,95373","2,2"
S1215013,ETANG DE LACANAU,28/07/2008,"-1,10776","44,95113","1,6"
S1215013,ETANG DE LACANAU,28/07/2008,"-1,10563","44,95389","2,2"
S1215013,ETANG DE LACANAU,28/07/2008,"-1,10764","44,95057","1,3"
S1215013,ETANG DE LACANAU,28/07/2008,"-1,10747","44,9503","1,3"
S1215013,ETANG DE LACANAU,28/07/2008,"-1,10728","44,95006","1,4"
S1215013,ETANG DE LACANAU,28/07/2008,"-1,10707","44,94983","1,3"
S1215013,ETANG DE LACANAU,28/07/2008,"-1,10687","44,9496","1,2"
S1215013,ETANG DE LACANAU,28/07/2008,"-1,10666","44,94937","1,1"
S1215013,ETANG DE LACANAU,28/07/2008,"-1,10643","44,94918","1,1"
S1215013,ETANG DE LACANAU,28/07/2008,"-1,10632","44,94909","1,1"
S1215013,ETANG DE LACANAU,28/07/2008,"-1,10624","44,94904","1,1"
S1215013,ETANG DE LACANAU,28/07/2008,"-1,10617","44,94896","1,1"
S1215013,ETANG DE LACANAU,28/07/2008,"-1,10608","44,94889","1,1"
S1215013,ETANG DE LACANAU,28/07/2008,"-1,10774","44,9514","1,5"
S1215013,ETANG DE LACANAU,28/07/2008,"-1,10387","44,9551","1,5"
S1215013,ETANG DE LACANAU,28/07/2008,"-1,1107","44,95733","2,2"
S1215013,ETANG DE LACANAU,28/07/2008,"-1,10197","44,95634","3,1"
S1215013,ETANG DE LACANAU,28/07/2008,"-1,10206","44,95623","2,5"
S1215013,ETANG DE LACANAU,28/07/2008,"-1,10215","44,95611","2,2"
S1215013,ETANG DE LACANAU,28/07/2008,"-1,10228","44,95599",2
S1215013,ETANG DE LACANAU,28/07/2008,"-1,10243","44,9559","2,1"
S1215013,ETANG DE LACANAU,28/07/2008,"-1,10259","44,9558","2,4"
S1215013,ETANG DE LACANAU,28/07/2008,"-1,10272","44,95567","1,9"
S1215013,ETANG DE LACANAU,28/07/2008,"-1,10285","44,95555","1,6"
S1215013,ETANG DE LACANAU,28/07/2008,"-1,10303","44,95544","1,3"
S1215013,ETANG DE LACANAU,28/07/2008,"-1,10319","44,95536","1,2"
S1215013,ETANG DE LACANAU,28/07/2008,"-1,10586","44,95359","1,5"
S1215013,ETANG DE LACANAU,28/07/2008,"-1,10362","44,95522","1,6"
S1215013,ETANG DE LACANAU,28/07/2008,"-1,10175","44,95653",3
S1215013,ETANG DE LACANAU,28/07/2008,"-1,104","44,95495","1,4"
S1215013,ETANG DE LACANAU,28/07/2008,"-1,10408","44,95479","1,4"
S1215013,ETANG DE LACANAU,28/07/2008,"-1,10416","44,95467","1,4"
S1215013,ETANG DE LACANAU,28/07/2008,"-1,10426","44,95455","1,3"
S1215013,ETANG DE LACANAU,28/07/2008,"-1,1044","44,95444","1,3"
S1215013,ETANG DE LACANAU,28/07/2008,"-1,10457","44,95432","1,4"
S1215013,ETANG DE LACANAU,28/07/2008,"-1,10476","44,95422","1,7"
S1215013,ETANG DE LACANAU,28/07/2008,"-1,10496","44,95416","1,3"
S1215013,ETANG DE LACANAU,28/07/2008,"-1,10516","44,95416","1,3"
S1215013,ETANG DE LACANAU,28/07/2008,"-1,10534","44,95415","1,5"
S1215013,ETANG DE LACANAU,28/07/2008,"-1,10549","44,95405","2,1"
S1215013,ETANG DE LACANAU,28/07/2008,"-1,10338","44,95529","1,3"
S1215013,ETANG DE LACANAU,28/07/2008,"-1,09724","44,97741","2,9"
S1215013,ETANG DE LACANAU,28/07/2008,"-1,09899","44,9771","4,4"
S1215013,ETANG DE LACANAU,28/07/2008,"-1,09889","44,97719","3,9"
S1215013,ETANG DE LACANAU,28/07/2008,"-1,09878","44,97728","3,3"
S1215013,ETANG DE LACANAU,28/07/2008,"-1,09864","44,97733",3
S1215013,ETANG DE LACANAU,28/07/2008,"-1,09852","44,97734","3,1"
S1215013,ETANG DE LACANAU,28/07/2008,"-1,09834","44,97735","3,1"
S1215013,ETANG DE LACANAU,28/07/2008,"-1,09818","44,97735",3
S1215013,ETANG DE LACANAU,28/07/2008,"-1,09803","44,97735","2,9"
S1215013,ETANG DE LACANAU,28/07/2008,"-1,09786","44,97737","2,5"
S1215013,ETANG DE LACANAU,28/07/2008,"-1,09771","44,97738","2,3"
S1215013,ETANG DE LACANAU,28/07/2008,"-1,11036","44,95682","2,5"
S1215013,ETANG DE LACANAU,28/07/2008,"-1,09739","44,9774","2,4"
S1215013,ETANG DE LACANAU,28/07/2008,"-1,09926","44,9768","2,6"
S1215013,ETANG DE LACANAU,28/07/2008,"-1,09707","44,97743","1,8"
S1215013,ETANG DE LACANAU,28/07/2008,"-1,09693","44,97743","1,6"
S1215013,ETANG DE LACANAU,28/07/2008,"-1,09679","44,97745","1,6"
S1215013,ETANG DE LACANAU,28/07/2008,"-1,09664","44,97746","1,7"
S1215013,ETANG DE LACANAU,28/07/2008,"-1,0965","44,97748","1,6"
S1215013,ETANG DE LACANAU,28/07/2008,"-1,09635","44,97751","1,4"
S1215013,ETANG DE LACANAU,28/07/2008,"-1,09622","44,97755","1,5"
S1215013,ETANG DE LACANAU,28/07/2008,"-1,09609","44,9776","1,5"
S1215013,ETANG DE LACANAU,28/07/2008,"-1,09596","44,97766","1,5"
S1215013,ETANG DE LACANAU,28/07/2008,"-1,09585","44,97771","1,6"
S1215013,ETANG DE LACANAU,28/07/2008,"-1,09576","44,97778","1,8"
S1215013,ETANG DE LACANAU,28/07/2008,"-1,09755","44,97739","2,2"
S1215013,ETANG DE LACANAU,28/07/2008,"-1,10038","44,97582","2,4"
S1215013,ETANG DE LACANAU,28/07/2008,"-1,10134","44,97465","1,7"
S1215013,ETANG DE LACANAU,28/07/2008,"-1,10132","44,97475","1,3"
S1215013,ETANG DE LACANAU,28/07/2008,"-1,10129","44,97485","0,7"
S1215013,ETANG DE LACANAU,28/07/2008,"-1,10127","44,97495",1
S1215013,ETANG DE LACANAU,28/07/2008,"-1,10125","44,97505","1,3"
S1215013,ETANG DE LACANAU,28/07/2008,"-1,10118","44,97515","1,6"
S1215013,ETANG DE LACANAU,28/07/2008,"-1,10112","44,97525","1,8"
S1215013,ETANG DE LACANAU,28/07/2008,"-1,10106","44,97534","2,1"
S1215013,ETANG DE LACANAU,28/07/2008,"-1,10098","44,97542","2,2"
S1215013,ETANG DE LACANAU,28/07/2008,"-1,1009","44,97551","2,1"
S1215013,ETANG DE LACANAU,28/07/2008,"-1,10073","44,97559","2,1"
S1215013,ETANG DE LACANAU,28/07/2008,"-1,09909","44,977","3,8"
S1215013,ETANG DE LACANAU,28/07/2008,"-1,10048","44,97574","2,4"
S1215013,ETANG DE LACANAU,28/07/2008,"-1,09918","44,9769","2,8"
S1215013,ETANG DE LACANAU,28/07/2008,"-1,10027","44,97589","2,3"
S1215013,ETANG DE LACANAU,28/07/2008,"-1,10017","44,97598","1,9"
S1215013,ETANG DE LACANAU,28/07/2008,"-1,10007","44,97607","1,7"
S1215013,ETANG DE LACANAU,28/07/2008,"-1,09997","44,97616","1,5"
S1215013,ETANG DE LACANAU,28/07/2008,"-1,09986","44,97625","1,4"
S1215013,ETANG DE LACANAU,28/07/2008,"-1,09976","44,97633","1,4"
S1215013,ETANG DE LACANAU,28/07/2008,"-1,09967","44,97643","1,8"
S1215013,ETANG DE LACANAU,28/07/2008,"-1,09958","44,97653","2,3"
S1215013,ETANG DE LACANAU,28/07/2008,"-1,09946","44,97661","2,5"
S1215013,ETANG DE LACANAU,28/07/2008,"-1,09935","44,9767","2,6"
S1215013,ETANG DE LACANAU,28/07/2008,"-1,09554","44,97801","2,2"
S1215013,ETANG DE LACANAU,28/07/2008,"-1,1006","44,97567","2,2"
S1215013,ETANG DE LACANAU,28/07/2008,"-1,09395","44,97885","0,5"
S1215013,ETANG DE LACANAU,28/07/2008,"-1,09568","44,97786",2
S1215013,ETANG DE LACANAU,28/07/2008,"-1,09398","44,97879","0,6"
S1215013,ETANG DE LACANAU,28/07/2008,"-1,09398","44,97879","0,6"
S1215013,ETANG DE LACANAU,28/07/2008,"-1,09398","44,97879","0,7"
S1215013,ETANG DE LACANAU,28/07/2008,"-1,09398","44,9788","0,7"
S1215013,ETANG DE LACANAU,28/07/2008,"-1,09398","44,9788","0,7"
S1215013,ETANG DE LACANAU,28/07/2008,"-1,09397","44,97882","0,6"
S1215013,ETANG DE LACANAU,28/07/2008,"-1,09397","44,97883","0,5"
S1215013,ETANG DE LACANAU,28/07/2008,"-1,09396","44,97884","0,5"
S1215013,ETANG DE LACANAU,28/07/2008,"-1,09396","44,97884","0,5"
S1215013,ETANG DE LACANAU,28/07/2008,"-1,09395","44,97885","0,5"
S1215013,ETANG DE LACANAU,28/07/2008,"-1,09399","44,97879","0,6"
S1215013,ETANG DE LACANAU,28/07/2008,"-1,09395","44,97885","0,5"
S1215013,ETANG DE LACANAU,28/07/2008,"-1,09399","44,97878","0,7"
S1215013,ETANG DE LACANAU,28/07/2008,"-1,09395","44,97885","0,5"
S1215013,ETANG DE LACANAU,28/07/2008,"-1,09395","44,97885","0,5"
S1215013,ETANG DE LACANAU,28/07/2008,"-1,09395","44,97885","0,5"
S1215013,ETANG DE LACANAU,28/07/2008,"-1,09396","44,97885","0,5"
S1215013,ETANG DE LACANAU,28/07/2008,"-1,09396","44,97885","0,5"
S1215013,ETANG DE LACANAU,28/07/2008,"-1,09396","44,97885","0,5"
S1215013,ETANG DE LACANAU,28/07/2008,"-1,09396","44,97885","0,5"
S1215013,ETANG DE LACANAU,28/07/2008,"-1,09396","44,97885","0,5"
S1215013,ETANG DE LACANAU,28/07/2008,"-1,09396","44,97885","0,5"
S1215013,ETANG DE LACANAU,28/07/2008,"-1,11125","44,98864","0,9"
S1215013,ETANG DE LACANAU,28/07/2008,"-1,11942","45,00288","0,5"
S1215013,ETANG DE LACANAU,28/07/2008,"-1,09395","44,97885","0,5"
S1215013,ETANG DE LACANAU,28/07/2008,"-1,09425","44,97851","1,9"
S1215013,ETANG DE LACANAU,28/07/2008,"-1,10136","44,97434","1,5"
S1215013,ETANG DE LACANAU,28/07/2008,"-1,09547","44,97808","2,3"
S1215013,ETANG DE LACANAU,28/07/2008,"-1,09537","44,97814","2,3"
S1215013,ETANG DE LACANAU,28/07/2008,"-1,09526","44,97818","2,1"
S1215013,ETANG DE LACANAU,28/07/2008,"-1,09515","44,97823","2,1"
S1215013,ETANG DE LACANAU,28/07/2008,"-1,09504","44,97826","1,6"
S1215013,ETANG DE LACANAU,28/07/2008,"-1,09493","44,97829","1,6"
S1215013,ETANG DE LACANAU,28/07/2008,"-1,09481","44,97832",2
S1215013,ETANG DE LACANAU,28/07/2008,"-1,09472","44,97833","2,1"
S1215013,ETANG DE LACANAU,28/07/2008,"-1,09463","44,97837","2,2"
S1215013,ETANG DE LACANAU,28/07/2008,"-1,09449","44,97843","2,1"
S1215013,ETANG DE LACANAU,28/07/2008,"-1,09398","44,97879","0,7"
S1215013,ETANG DE LACANAU,28/07/2008,"-1,09435","44,97848",2
S1215013,ETANG DE LACANAU,28/07/2008,"-1,09561","44,97793","2,1"
S1215013,ETANG DE LACANAU,28/07/2008,"-1,09421","44,97851",2
S1215013,ETANG DE LACANAU,28/07/2008,"-1,09418","44,97853",2
S1215013,ETANG DE LACANAU,28/07/2008,"-1,09416","44,97855","2,1"
S1215013,ETANG DE LACANAU,28/07/2008,"-1,09414","44,97857","2,1"
S1215013,ETANG DE LACANAU,28/07/2008,"-1,0941","44,97859",2
S1215013,ETANG DE LACANAU,28/07/2008,"-1,09407","44,97861","1,9"
S1215013,ETANG DE LACANAU,28/07/2008,"-1,09403","44,97864","1,7"
S1215013,ETANG DE LACANAU,28/07/2008,"-1,09401","44,97868","1,4"
S1215013,ETANG DE LACANAU,28/07/2008,"-1,09401","44,97871","1,3"
S1215013,ETANG DE LACANAU,28/07/2008,"-1,094","44,97875","0,9"
S1215013,ETANG DE LACANAU,28/07/2008,"-1,094","44,97877","0,8"
S1215013,ETANG DE LACANAU,28/07/2008,"-1,09444","44,97845","2,1"
S1215013,ETANG DE LACANAU,28/07/2008,"-1,1062","44,96538","1,4"
S1215013,ETANG DE LACANAU,28/07/2008,"-1,10484","44,96844","1,2"
S1215013,ETANG DE LACANAU,28/07/2008,"-1,10627","44,96353","1,2"
S1215013,ETANG DE LACANAU,28/07/2008,"-1,10626","44,96375","1,3"
S1215013,ETANG DE LACANAU,28/07/2008,"-1,10626","44,964","1,1"
S1215013,ETANG DE LACANAU,28/07/2008,"-1,10622","44,96429",1
S1215013,ETANG DE LACANAU,28/07/2008,"-1,10617","44,96457","0,7"
S1215013,ETANG DE LACANAU,28/07/2008,"-1,10616","44,96475","0,6"
S1215013,ETANG DE LACANAU,28/07/2008,"-1,10616","44,96483","0,7"
S1215013,ETANG DE LACANAU,28/07/2008,"-1,10621","44,96492","0,9"
S1215013,ETANG DE LACANAU,28/07/2008,"-1,10623","44,96499","0,8"
S1215013,ETANG DE LACANAU,28/07/2008,"-1,10622","44,96508","0,8"
S1215013,ETANG DE LACANAU,28/07/2008,"-1,10639","44,96311","1,4"
S1215013,ETANG DE LACANAU,28/07/2008,"-1,10622","44,96526",1
S1215013,ETANG DE LACANAU,28/07/2008,"-1,10657","44,96281","1,9"
S1215013,ETANG DE LACANAU,28/07/2008,"-1,10619","44,96554","1,8"
S1215013,ETANG DE LACANAU,28/07/2008,"-1,10615","44,96585","1,9"
S1215013,ETANG DE LACANAU,28/07/2008,"-1,10603","44,96622","1,8"
S1215013,ETANG DE LACANAU,28/07/2008,"-1,10588","44,96651","1,2"
S1215013,ETANG DE LACANAU,28/07/2008,"-1,10577","44,96673","1,3"
S1215013,ETANG DE LACANAU,28/07/2008,"-1,10567","44,96693","1,5"
S1215013,ETANG DE LACANAU,28/07/2008,"-1,10558","44,96711","1,7"
S1215013,ETANG DE LACANAU,28/07/2008,"-1,10548","44,96735",2
S1215013,ETANG DE LACANAU,28/07/2008,"-1,10535","44,96764","2,8"
S1215013,ETANG DE LACANAU,28/07/2008,"-1,10517","44,96789","2,2"
S1215013,ETANG DE LACANAU,28/07/2008,"-1,10133","44,97454","1,7"
S1215013,ETANG DE LACANAU,28/07/2008,"-1,10622","44,96517",1
S1215013,ETANG DE LACANAU,28/07/2008,"-1,10987","44,95972","4,3"
S1215013,ETANG DE LACANAU,28/07/2008,"-1,0944","44,97847","1,9"
S1215013,ETANG DE LACANAU,28/07/2008,"-1,11081","44,95753","1,8"
S1215013,ETANG DE LACANAU,28/07/2008,"-1,11093","44,95775","1,5"
S1215013,ETANG DE LACANAU,28/07/2008,"-1,11105","44,95797","0,9"
S1215013,ETANG DE LACANAU,28/07/2008,"-1,11112","44,95815","1,1"
S1215013,ETANG DE LACANAU,28/07/2008,"-1,11114","44,95835","1,5"
S1215013,ETANG DE LACANAU,28/07/2008,"-1,11111","44,95847","1,5"
S1215013,ETANG DE LACANAU,28/07/2008,"-1,11099","44,95856",2
S1215013,ETANG DE LACANAU,28/07/2008,"-1,11084","44,95863","2,7"
S1215013,ETANG DE LACANAU,28/07/2008,"-1,1107","44,95875","3,6"
S1215013,ETANG DE LACANAU,28/07/2008,"-1,11058","44,95888","3,4"
S1215013,ETANG DE LACANAU,28/07/2008,"-1,10633","44,96333","1,3"
S1215013,ETANG DE LACANAU,28/07/2008,"-1,11011","44,95946","4,2"
S1215013,ETANG DE LACANAU,28/07/2008,"-1,10465","44,96878","1,6"
S1215013,ETANG DE LACANAU,28/07/2008,"-1,10961","44,95997","3,5"
S1215013,ETANG DE LACANAU,28/07/2008,"-1,10938","44,96023","3,1"
S1215013,ETANG DE LACANAU,28/07/2008,"-1,10914","44,96049","3,2"
S1215013,ETANG DE LACANAU,28/07/2008,"-1,10887","44,96078","3,8"
S1215013,ETANG DE LACANAU,28/07/2008,"-1,10864","44,96099","3,7"
S1215013,ETANG DE LACANAU,28/07/2008,"-1,10825","44,96126","2,9"
S1215013,ETANG DE LACANAU,28/07/2008,"-1,1079","44,96146","2,5"
S1215013,ETANG DE LACANAU,28/07/2008,"-1,10759","44,96174",3
S1215013,ETANG DE LACANAU,28/07/2008,"-1,10733","44,96198","3,3"
S1215013,ETANG DE LACANAU,28/07/2008,"-1,10703","44,96225",3
S1215013,ETANG DE LACANAU,28/07/2008,"-1,10684","44,96249","2,4"
S1215013,ETANG DE LACANAU,28/07/2008,"-1,11038","44,95912","4,4"
S1215013,ETANG DE LACANAU,28/07/2008,"-1,10202","44,97324","1,2"
S1215013,ETANG DE LACANAU,28/07/2008,"-1,10502","44,96813","1,4"
S1215013,ETANG DE LACANAU,28/07/2008,"-1,10277","44,97248","0,8"
S1215013,ETANG DE LACANAU,28/07/2008,"-1,10274","44,97254","0,8"
S1215013,ETANG DE LACANAU,28/07/2008,"-1,1027","44,97259","0,8"
S1215013,ETANG DE LACANAU,28/07/2008,"-1,10265","44,97265",1
S1215013,ETANG DE LACANAU,28/07/2008,"-1,10263","44,9727",1
S1215013,ETANG DE LACANAU,28/07/2008,"-1,10261","44,97275",1
S1215013,ETANG DE LACANAU,28/07/2008,"-1,10253","44,9728",1
S1215013,ETANG DE LACANAU,28/07/2008,"-1,10244","44,97285","1,1"
S1215013,ETANG DE LACANAU,28/07/2008,"-1,10235","44,97292",1
S1215013,ETANG DE LACANAU,28/07/2008,"-1,10225","44,97298","1,1"
S1215013,ETANG DE LACANAU,28/07/2008,"-1,10295","44,97212","0,5"
S1215013,ETANG DE LACANAU,28/07/2008,"-1,10209","44,97316","1,2"
S1215013,ETANG DE LACANAU,28/07/2008,"-1,10295","44,97207","0,4"
S1215013,ETANG DE LACANAU,28/07/2008,"-1,10196","44,97334","1,1"
S1215013,ETANG DE LACANAU,28/07/2008,"-1,1019","44,97345","1,2"
S1215013,ETANG DE LACANAU,28/07/2008,"-1,10184","44,97355","1,2"
S1215013,ETANG DE LACANAU,28/07/2008,"-1,10178","44,97366","1,1"
S1215013,ETANG DE LACANAU,28/07/2008,"-1,10173","44,97376","1,1"
S1215013,ETANG DE LACANAU,28/07/2008,"-1,10168","44,97387","1,2"
S1215013,ETANG DE LACANAU,28/07/2008,"-1,10161","44,97397","1,2"
S1215013,ETANG DE LACANAU,28/07/2008,"-1,10152","44,97404",2
S1215013,ETANG DE LACANAU,28/07/2008,"-1,10146","44,97413","1,9"
S1215013,ETANG DE LACANAU,28/07/2008,"-1,10141","44,97423","1,8"
S1215013,ETANG DE LACANAU,28/07/2008,"-1,11055","44,95711","2,4"
S1215013,ETANG DE LACANAU,28/07/2008,"-1,10217","44,97307","1,2"
S1215013,ETANG DE LACANAU,28/07/2008,"-1,10326","44,97184","0,5"
S1215013,ETANG DE LACANAU,28/07/2008,"-1,10448","44,96906","1,7"
S1215013,ETANG DE LACANAU,28/07/2008,"-1,10429","44,9693","1,8"
S1215013,ETANG DE LACANAU,28/07/2008,"-1,10417","44,96951","1,5"
S1215013,ETANG DE LACANAU,28/07/2008,"-1,10406","44,96974","1,5"
S1215013,ETANG DE LACANAU,28/07/2008,"-1,10393","44,97008","1,4"
S1215013,ETANG DE LACANAU,28/07/2008,"-1,10381","44,97038","1,2"
S1215013,ETANG DE LACANAU,28/07/2008,"-1,10373","44,97057",1
S1215013,ETANG DE LACANAU,28/07/2008,"-1,10365","44,97087","1,3"
S1215013,ETANG DE LACANAU,28/07/2008,"-1,10361","44,97109",2
S1215013,ETANG DE LACANAU,28/07/2008,"-1,10357","44,97123",1
S1215013,ETANG DE LACANAU,28/07/2008,"-1,10354","44,97134","0,7"
S1215013,ETANG DE LACANAU,28/07/2008,"-1,10278","44,97242","0,6"
S1215013,ETANG DE LACANAU,28/07/2008,"-1,10334","44,9717","0,5"
S1215013,ETANG DE LACANAU,28/07/2008,"-1,10134","44,97444","1,8"
S1215013,ETANG DE LACANAU,28/07/2008,"-1,10316","44,97201","0,4"
S1215013,ETANG DE LACANAU,28/07/2008,"-1,10309","44,97206","0,4"
S1215013,ETANG DE LACANAU,28/07/2008,"-1,10305","44,97206","0,4"
S1215013,ETANG DE LACANAU,28/07/2008,"-1,10303","44,97204","0,4"
S1215013,ETANG DE LACANAU,28/07/2008,"-1,10305","44,97202","0,4"
S1215013,ETANG DE LACANAU,28/07/2008,"-1,10306","44,97199","0,4"
S1215013,ETANG DE LACANAU,28/07/2008,"-1,10304","44,97197","0,5"
S1215013,ETANG DE LACANAU,28/07/2008,"-1,10301","44,97196","0,4"
S1215013,ETANG DE LACANAU,28/07/2008,"-1,10296","44,97198","0,4"
S1215013,ETANG DE LACANAU,28/07/2008,"-1,10293","44,97201","0,4"
S1215013,ETANG DE LACANAU,28/07/2008,"-1,10294","44,97204","0,4"
S1215013,ETANG DE LACANAU,28/07/2008,"-1,10343","44,97152","0,8"
S1215013,ETANG DE LACANAU,28/07/2008,"-1,10816","44,98367","0,7"
S1215013,ETANG DE LACANAU,28/07/2008,"-1,10829","44,98383","0,7"
S1215013,ETANG DE LACANAU,28/07/2008,"-1,10828","44,98383","0,7"
S1215013,ETANG DE LACANAU,28/07/2008,"-1,10827","44,98383","0,7"
S1215013,ETANG DE LACANAU,28/07/2008,"-1,10825","44,98382","0,7"
S1215013,ETANG DE LACANAU,28/07/2008,"-1,10825","44,98381","0,7"
S1215013,ETANG DE LACANAU,28/07/2008,"-1,10824","44,98381","0,7"
S1215013,ETANG DE LACANAU,28/07/2008,"-1,10823","44,9838","0,7"
S1215013,ETANG DE LACANAU,28/07/2008,"-1,10822","44,9838","0,7"
S1215013,ETANG DE LACANAU,28/07/2008,"-1,1082","44,9838","0,7"
S1215013,ETANG DE LACANAU,28/07/2008,"-1,10819","44,98379","0,7"
S1215013,ETANG DE LACANAU,28/07/2008,"-1,10775","44,98558","0,5"
S1215013,ETANG DE LACANAU,28/07/2008,"-1,10816","44,98372","0,7"
S1215013,ETANG DE LACANAU,28/07/2008,"-1,10831","44,98386","0,7"
S1215013,ETANG DE LACANAU,28/07/2008,"-1,10814","44,98361","0,7"
S1215013,ETANG DE LACANAU,28/07/2008,"-1,1081","44,98356","0,6"
S1215013,ETANG DE LACANAU,28/07/2008,"-1,10803","44,98351","0,6"
S1215013,ETANG DE LACANAU,28/07/2008,"-1,10795","44,98347","0,6"
S1215013,ETANG DE LACANAU,28/07/2008,"-1,10786","44,98342","0,6"
S1215013,ETANG DE LACANAU,28/07/2008,"-1,10776","44,98338","0,6"
S1215013,ETANG DE LACANAU,28/07/2008,"-1,10767","44,98333","0,6"
S1215013,ETANG DE LACANAU,28/07/2008,"-1,10758","44,98329","0,7"
S1215013,ETANG DE LACANAU,28/07/2008,"-1,10749","44,98324","0,7"
S1215013,ETANG DE LACANAU,28/07/2008,"-1,10742","44,98318","0,8"
S1215013,ETANG DE LACANAU,28/07/2008,"-1,10735","44,98311","0,7"
S1215013,ETANG DE LACANAU,28/07/2008,"-1,10817","44,98377","0,7"
S1215013,ETANG DE LACANAU,28/07/2008,"-1,10802","44,98453","0,5"
S1215013,ETANG DE LACANAU,28/07/2008,"-1,09888","44,97638","2,2"
S1215013,ETANG DE LACANAU,28/07/2008,"-1,10779","44,98544","0,5"
S1215013,ETANG DE LACANAU,28/07/2008,"-1,1078","44,98537","0,5"
S1215013,ETANG DE LACANAU,28/07/2008,"-1,10782","44,98531","0,5"
S1215013,ETANG DE LACANAU,28/07/2008,"-1,10783","44,98524","0,6"
S1215013,ETANG DE LACANAU,28/07/2008,"-1,10785","44,98517","0,6"
S1215013,ETANG DE LACANAU,28/07/2008,"-1,10786","44,9851","0,6"
S1215013,ETANG DE LACANAU,28/07/2008,"-1,10786","44,98507","0,6"
S1215013,ETANG DE LACANAU,28/07/2008,"-1,10786","44,98484","0,5"
S1215013,ETANG DE LACANAU,28/07/2008,"-1,1079","44,98478","0,6"
S1215013,ETANG DE LACANAU,28/07/2008,"-1,1079","44,98473","0,5"
S1215013,ETANG DE LACANAU,28/07/2008,"-1,1083","44,98383","0,7"
S1215013,ETANG DE LACANAU,28/07/2008,"-1,10799","44,98459","0,6"
S1215013,ETANG DE LACANAU,28/07/2008,"-1,10831","44,98384","0,7"
S1215013,ETANG DE LACANAU,28/07/2008,"-1,10805","44,98447","0,5"
S1215013,ETANG DE LACANAU,28/07/2008,"-1,10808","44,9844","0,5"
S1215013,ETANG DE LACANAU,28/07/2008,"-1,10811","44,98437","0,6"
S1215013,ETANG DE LACANAU,28/07/2008,"-1,10819","44,98433","0,7"
S1215013,ETANG DE LACANAU,28/07/2008,"-1,10823","44,98426","0,8"
S1215013,ETANG DE LACANAU,28/07/2008,"-1,10826","44,98417","0,7"
S1215013,ETANG DE LACANAU,28/07/2008,"-1,10829","44,98408","0,5"
S1215013,ETANG DE LACANAU,28/07/2008,"-1,1083","44,98399","0,6"
S1215013,ETANG DE LACANAU,28/07/2008,"-1,10831","44,98393","0,7"
S1215013,ETANG DE LACANAU,28/07/2008,"-1,10832","44,98389","0,7"
S1215013,ETANG DE LACANAU,28/07/2008,"-1,10712","44,98286",1
S1215013,ETANG DE LACANAU,28/07/2008,"-1,10795","44,98466","0,5"
S1215013,ETANG DE LACANAU,28/07/2008,"-1,10113","44,97664","3,5"
S1215013,ETANG DE LACANAU,28/07/2008,"-1,10727","44,98303","0,8"
S1215013,ETANG DE LACANAU,28/07/2008,"-1,10303","44,97794","3,4"
S1215013,ETANG DE LACANAU,28/07/2008,"-1,10299","44,97766","2,9"
S1215013,ETANG DE LACANAU,28/07/2008,"-1,10295","44,97738","2,6"
S1215013,ETANG DE LACANAU,28/07/2008,"-1,1029","44,9771","2,4"
S1215013,ETANG DE LACANAU,28/07/2008,"-1,10281","44,97687","2,8"
S1215013,ETANG DE LACANAU,28/07/2008,"-1,1027","44,97671",3
S1215013,ETANG DE LACANAU,28/07/2008,"-1,10261","44,97657","2,9"
S1215013,ETANG DE LACANAU,28/07/2008,"-1,10243","44,97649","2,7"
S1215013,ETANG DE LACANAU,28/07/2008,"-1,1022","44,97651","2,5"
S1215013,ETANG DE LACANAU,28/07/2008,"-1,10197","44,97654","2,2"
S1215013,ETANG DE LACANAU,28/07/2008,"-1,1032","44,97848","3,2"
S1215013,ETANG DE LACANAU,28/07/2008,"-1,10145","44,97656","1,9"
S1215013,ETANG DE LACANAU,28/07/2008,"-1,10326","44,97875","5,1"
S1215013,ETANG DE LACANAU,28/07/2008,"-1,10069","44,97675","4,4"
S1215013,ETANG DE LACANAU,28/07/2008,"-1,10036","44,97681",4
S1215013,ETANG DE LACANAU,28/07/2008,"-1,10022","44,97683","3,1"
S1215013,ETANG DE LACANAU,28/07/2008,"-1,10001","44,97683","2,5"
S1215013,ETANG DE LACANAU,28/07/2008,"-1,09984","44,97678","2,5"
S1215013,ETANG DE LACANAU,28/07/2008,"-1,09968","44,97673","2,5"
S1215013,ETANG DE LACANAU,28/07/2008,"-1,09951","44,97668","2,6"
S1215013,ETANG DE LACANAU,28/07/2008,"-1,09935","44,97661","2,5"
S1215013,ETANG DE LACANAU,28/07/2008,"-1,09922","44,97656","2,5"
S1215013,ETANG DE LACANAU,28/07/2008,"-1,09912","44,97651","2,3"
S1215013,ETANG DE LACANAU,28/07/2008,"-1,099","44,97646","2,2"
S1215013,ETANG DE LACANAU,28/07/2008,"-1,10174","44,97654",2
S1215013,ETANG DE LACANAU,28/07/2008,"-1,1057","44,98143","3,4"
S1215013,ETANG DE LACANAU,28/07/2008,"-1,10773","44,98564","0,5"
S1215013,ETANG DE LACANAU,28/07/2008,"-1,10706","44,98277","0,9"
S1215013,ETANG DE LACANAU,28/07/2008,"-1,107","44,98267","0,9"
S1215013,ETANG DE LACANAU,28/07/2008,"-1,10695","44,98256","0,9"
S1215013,ETANG DE LACANAU,28/07/2008,"-1,10691","44,98244","0,9"
S1215013,ETANG DE LACANAU,28/07/2008,"-1,10686","44,98233",1
S1215013,ETANG DE LACANAU,28/07/2008,"-1,10681","44,98221","1,7"
S1215013,ETANG DE LACANAU,28/07/2008,"-1,10675","44,98207",3
S1215013,ETANG DE LACANAU,28/07/2008,"-1,10665","44,98196","3,2"
S1215013,ETANG DE LACANAU,28/07/2008,"-1,10649","44,98187","3,2"
S1215013,ETANG DE LACANAU,28/07/2008,"-1,10634","44,98179","3,3"
S1215013,ETANG DE LACANAU,28/07/2008,"-1,10312","44,97821","3,7"
S1215013,ETANG DE LACANAU,28/07/2008,"-1,10592","44,98156","3,3"
S1215013,ETANG DE LACANAU,28/07/2008,"-1,10719","44,98295","0,8"
S1215013,ETANG DE LACANAU,28/07/2008,"-1,10552","44,98132","3,6"
S1215013,ETANG DE LACANAU,28/07/2008,"-1,10529","44,98118","3,7"
S1215013,ETANG DE LACANAU,28/07/2008,"-1,10504","44,98102","3,9"
S1215013,ETANG DE LACANAU,28/07/2008,"-1,10478","44,98083","3,9"
S1215013,ETANG DE LACANAU,28/07/2008,"-1,10447","44,98057","3,7"
S1215013,ETANG DE LACANAU,28/07/2008,"-1,10421","44,98029","3,6"
S1215013,ETANG DE LACANAU,28/07/2008,"-1,10399","44,98006","4,3"
S1215013,ETANG DE LACANAU,28/07/2008,"-1,10378","44,97977","4,3"
S1215013,ETANG DE LACANAU,28/07/2008,"-1,10362","44,97953","4,7"
S1215013,ETANG DE LACANAU,28/07/2008,"-1,10344","44,97926","4,8"
S1215013,ETANG DE LACANAU,28/07/2008,"-1,10334","44,97902","4,6"
S1215013,ETANG DE LACANAU,28/07/2008,"-1,10611","44,98167","3,3"
S1215013,ETANG DE LACANAU,28/07/2008,"-1,10672","44,98892","1,8"
S1215013,ETANG DE LACANAU,28/07/2008,"-1,10751","44,98858","1,8"
S1215013,ETANG DE LACANAU,28/07/2008,"-1,10743","44,98861","1,8"
S1215013,ETANG DE LACANAU,28/07/2008,"-1,10735","44,98865","1,8"
S1215013,ETANG DE LACANAU,28/07/2008,"-1,10727","44,98868","1,8"
S1215013,ETANG DE LACANAU,28/07/2008,"-1,10719","44,98872","1,8"
S1215013,ETANG DE LACANAU,28/07/2008,"-1,10712","44,98876","1,7"
S1215013,ETANG DE LACANAU,28/07/2008,"-1,10707","44,98879","1,7"
S1215013,ETANG DE LACANAU,28/07/2008,"-1,10701","44,98882","1,7"
S1215013,ETANG DE LACANAU,28/07/2008,"-1,10695","44,98885","1,7"
S1215013,ETANG DE LACANAU,28/07/2008,"-1,1069","44,98887","1,7"
S1215013,ETANG DE LACANAU,28/07/2008,"-1,10779","44,98552","0,5"
S1215013,ETANG DE LACANAU,28/07/2008,"-1,10678","44,9889","1,8"
S1215013,ETANG DE LACANAU,28/07/2008,"-1,1077","44,9885","1,5"
S1215013,ETANG DE LACANAU,28/07/2008,"-1,10667","44,98893","1,8"
S1215013,ETANG DE LACANAU,28/07/2008,"-1,10661","44,98895","1,7"
S1215013,ETANG DE LACANAU,28/07/2008,"-1,10653","44,98897","1,7"
S1215013,ETANG DE LACANAU,28/07/2008,"-1,10642","44,98899","1,8"
S1215013,ETANG DE LACANAU,28/07/2008,"-1,10631","44,98901","1,6"
S1215013,ETANG DE LACANAU,28/07/2008,"-1,1062","44,98903","1,6"
S1215013,ETANG DE LACANAU,28/07/2008,"-1,10607","44,98906","1,5"
S1215013,ETANG DE LACANAU,28/07/2008,"-1,10597","44,98912","1,5"
S1215013,ETANG DE LACANAU,28/07/2008,"-1,10589","44,98918","1,6"
S1215013,ETANG DE LACANAU,28/07/2008,"-1,10582","44,98923","1,6"
S1215013,ETANG DE LACANAU,28/07/2008,"-1,10575","44,98926","1,6"
S1215013,ETANG DE LACANAU,28/07/2008,"-1,10684","44,98889","1,7"
S1215013,ETANG DE LACANAU,28/07/2008,"-1,10942","44,98777",2
S1215013,ETANG DE LACANAU,28/07/2008,"-1,11111","44,9881",1
S1215013,ETANG DE LACANAU,28/07/2008,"-1,11118","44,98837","0,9"
S1215013,ETANG DE LACANAU,28/07/2008,"-1,0943","44,97849","1,9"
S1215013,ETANG DE LACANAU,28/07/2008,"-1,10301","44,95785","0,5"
S1215013,ETANG DE LACANAU,28/07/2008,"-1,11099","44,98784",1
S1215013,ETANG DE LACANAU,28/07/2008,"-1,11086","44,98759",1
S1215013,ETANG DE LACANAU,28/07/2008,"-1,11071","44,98739","1,1"
S1215013,ETANG DE LACANAU,28/07/2008,"-1,11064","44,9873","2,3"
S1215013,ETANG DE LACANAU,28/07/2008,"-1,11055","44,98725","1,1"
S1215013,ETANG DE LACANAU,28/07/2008,"-1,11042","44,9873",1
S1215013,ETANG DE LACANAU,28/07/2008,"-1,11021","44,98742","1,4"
S1215013,ETANG DE LACANAU,28/07/2008,"-1,10759","44,98856","1,7"
S1215013,ETANG DE LACANAU,28/07/2008,"-1,1096","44,9877","2,2"
S1215013,ETANG DE LACANAU,28/07/2008,"-1,10765","44,98853","1,6"
S1215013,ETANG DE LACANAU,28/07/2008,"-1,10925","44,98783",2
S1215013,ETANG DE LACANAU,28/07/2008,"-1,1091","44,98788",2
S1215013,ETANG DE LACANAU,28/07/2008,"-1,10894","44,98793","1,8"
S1215013,ETANG DE LACANAU,28/07/2008,"-1,10878","44,98799","1,3"
S1215013,ETANG DE LACANAU,28/07/2008,"-1,10862","44,98805","1,4"
S1215013,ETANG DE LACANAU,28/07/2008,"-1,10847","44,98811","1,5"
S1215013,ETANG DE LACANAU,28/07/2008,"-1,10832","44,98818","1,4"
S1215013,ETANG DE LACANAU,28/07/2008,"-1,10817","44,98824","1,4"
S1215013,ETANG DE LACANAU,28/07/2008,"-1,10802","44,98829","1,3"
S1215013,ETANG DE LACANAU,28/07/2008,"-1,10781","44,98842","1,5"
S1215013,ETANG DE LACANAU,28/07/2008,"-1,10559","44,98936","1,5"
S1215013,ETANG DE LACANAU,28/07/2008,"-1,10987","44,98757","2,3"
S1215013,ETANG DE LACANAU,28/07/2008,"-1,10842","44,98631","0,5"
S1215013,ETANG DE LACANAU,28/07/2008,"-1,10568","44,98929","1,6"
S1215013,ETANG DE LACANAU,28/07/2008,"-1,10926","44,98793","1,8"
S1215013,ETANG DE LACANAU,28/07/2008,"-1,10947","44,98783","1,9"
S1215013,ETANG DE LACANAU,28/07/2008,"-1,10971","44,98771","2,2"
S1215013,ETANG DE LACANAU,28/07/2008,"-1,10993","44,98756","2,1"
S1215013,ETANG DE LACANAU,28/07/2008,"-1,11","44,98736","0,9"
S1215013,ETANG DE LACANAU,28/07/2008,"-1,10982","44,98708","0,8"
S1215013,ETANG DE LACANAU,28/07/2008,"-1,1096","44,98682",1
S1215013,ETANG DE LACANAU,28/07/2008,"-1,10941","44,98653",1
S1215013,ETANG DE LACANAU,28/07/2008,"-1,10912","44,98632",1
S1215013,ETANG DE LACANAU,28/07/2008,"-1,10885","44,98627","0,7"
S1215013,ETANG DE LACANAU,28/07/2008,"-1,10877","44,98812","1,7"
S1215013,ETANG DE LACANAU,28/07/2008,"-1,10858","44,98631","0,8"
S1215013,ETANG DE LACANAU,28/07/2008,"-1,10854","44,98822","1,6"
S1215013,ETANG DE LACANAU,28/07/2008,"-1,10827","44,98632","0,5"
S1215013,ETANG DE LACANAU,28/07/2008,"-1,10817","44,98633","0,6"
S1215013,ETANG DE LACANAU,28/07/2008,"-1,10808","44,98636","0,5"
S1215013,ETANG DE LACANAU,28/07/2008,"-1,108","44,98637","0,5"
S1215013,ETANG DE LACANAU,28/07/2008,"-1,10793","44,98638","0,5"
S1215013,ETANG DE LACANAU,28/07/2008,"-1,10787","44,98639","0,5"
S1215013,ETANG DE LACANAU,28/07/2008,"-1,1078","44,9864","0,4"
S1215013,ETANG DE LACANAU,28/07/2008,"-1,10772","44,98642","0,4"
S1215013,ETANG DE LACANAU,28/07/2008,"-1,10766","44,98645","0,4"
S1215013,ETANG DE LACANAU,28/07/2008,"-1,1076","44,9865","0,4"
S1215013,ETANG DE LACANAU,28/07/2008,"-1,10754","44,98654","0,3"
S1215013,ETANG DE LACANAU,28/07/2008,"-1,10872","44,98629","0,8"
S1215013,ETANG DE LACANAU,28/07/2008,"-1,10671","44,98892","1,7"
S1215013,ETANG DE LACANAU,28/07/2008,"-1,10776","44,98846","1,5"
S1215013,ETANG DE LACANAU,28/07/2008,"-1,10561","44,9894",1
S1215013,ETANG DE LACANAU,28/07/2008,"-1,10569","44,9894","0,9"
S1215013,ETANG DE LACANAU,28/07/2008,"-1,10577","44,98936","1,1"
S1215013,ETANG DE LACANAU,28/07/2008,"-1,10585","44,9893","1,5"
S1215013,ETANG DE LACANAU,28/07/2008,"-1,10591","44,98924","1,6"
S1215013,ETANG DE LACANAU,28/07/2008,"-1,10597","44,98921","1,7"
S1215013,ETANG DE LACANAU,28/07/2008,"-1,10603","44,98917","1,6"
S1215013,ETANG DE LACANAU,28/07/2008,"-1,10609","44,98913","1,6"
S1215013,ETANG DE LACANAU,28/07/2008,"-1,10618","44,98909","1,5"
S1215013,ETANG DE LACANAU,28/07/2008,"-1,10629","44,98905","1,6"
S1215013,ETANG DE LACANAU,28/07/2008,"-1,10904","44,98802","1,8"
S1215013,ETANG DE LACANAU,28/07/2008,"-1,10656","44,98896","1,7"
S1215013,ETANG DE LACANAU,28/07/2008,"-1,10562","44,98933","1,6"
S1215013,ETANG DE LACANAU,28/07/2008,"-1,10685","44,98887","1,7"
S1215013,ETANG DE LACANAU,28/07/2008,"-1,10699","44,98882","1,7"
S1215013,ETANG DE LACANAU,28/07/2008,"-1,10711","44,98876","1,6"
S1215013,ETANG DE LACANAU,28/07/2008,"-1,10723","44,98871","1,7"
S1215013,ETANG DE LACANAU,28/07/2008,"-1,10735","44,98865","1,8"
S1215013,ETANG DE LACANAU,28/07/2008,"-1,1075","44,98858","1,7"
S1215013,ETANG DE LACANAU,28/07/2008,"-1,10767","44,98851","1,6"
S1215013,ETANG DE LACANAU,28/07/2008,"-1,10784","44,98845","1,4"
S1215013,ETANG DE LACANAU,28/07/2008,"-1,10801","44,9884","1,3"
S1215013,ETANG DE LACANAU,28/07/2008,"-1,10818","44,98833","1,3"
S1215013,ETANG DE LACANAU,28/07/2008,"-1,10835","44,98828","1,5"
S1215013,ETANG DE LACANAU,28/07/2008,"-1,10642","44,989","1,6"
S1215013,ETANG DE LACANAU,28/07/2008,"-1,10514","44,96581","1,4"
S1215013,ETANG DE LACANAU,28/07/2008,"-1,10414","44,96572","1,5"
S1215013,ETANG DE LACANAU,28/07/2008,"-1,10412","44,96569","1,4"
S1215013,ETANG DE LACANAU,28/07/2008,"-1,10411","44,96566","1,4"
S1215013,ETANG DE LACANAU,28/07/2008,"-1,10411","44,96565","1,4"
S1215013,ETANG DE LACANAU,28/07/2008,"-1,10412","44,96563","1,3"
S1215013,ETANG DE LACANAU,28/07/2008,"-1,10418","44,96564","1,2"
S1215013,ETANG DE LACANAU,28/07/2008,"-1,10426","44,96567","1,2"
S1215013,ETANG DE LACANAU,28/07/2008,"-1,10438","44,96569","1,1"
S1215013,ETANG DE LACANAU,28/07/2008,"-1,10452","44,96573","1,1"
S1215013,ETANG DE LACANAU,28/07/2008,"-1,10467","44,96577","1,1"
S1215013,ETANG DE LACANAU,28/07/2008,"-1,1041","44,96861","1,3"
S1215013,ETANG DE LACANAU,28/07/2008,"-1,10497","44,96585","1,3"
S1215013,ETANG DE LACANAU,28/07/2008,"-1,10418","44,96582","1,5"
S1215013,ETANG DE LACANAU,28/07/2008,"-1,1053","44,96576","1,6"
S1215013,ETANG DE LACANAU,28/07/2008,"-1,10541","44,96568","1,4"
S1215013,ETANG DE LACANAU,28/07/2008,"-1,10551","44,96558","1,2"
S1215013,ETANG DE LACANAU,28/07/2008,"-1,10559","44,96547",1
S1215013,ETANG DE LACANAU,28/07/2008,"-1,10567","44,96536","0,9"
S1215013,ETANG DE LACANAU,28/07/2008,"-1,10574","44,96526",1
S1215013,ETANG DE LACANAU,28/07/2008,"-1,10581","44,96515","0,8"
S1215013,ETANG DE LACANAU,28/07/2008,"-1,10589","44,96506","0,7"
S1215013,ETANG DE LACANAU,28/07/2008,"-1,10597","44,96492","0,8"
S1215013,ETANG DE LACANAU,28/07/2008,"-1,106","44,96475","0,8"
S1215013,ETANG DE LACANAU,28/07/2008,"-1,10608","44,96454","0,7"
S1215013,ETANG DE LACANAU,28/07/2008,"-1,10482","44,96582","1,3"
S1215013,ETANG DE LACANAU,28/07/2008,"-1,10451","44,9662","0,7"
S1215013,ETANG DE LACANAU,28/07/2008,"-1,10423","44,96835",1
S1215013,ETANG DE LACANAU,28/07/2008,"-1,10435","44,96808","0,9"
S1215013,ETANG DE LACANAU,28/07/2008,"-1,10448","44,96783",1
S1215013,ETANG DE LACANAU,28/07/2008,"-1,10461","44,96757",1
S1215013,ETANG DE LACANAU,28/07/2008,"-1,10473","44,9673","1,5"
S1215013,ETANG DE LACANAU,28/07/2008,"-1,10485","44,96704","1,6"
S1215013,ETANG DE LACANAU,28/07/2008,"-1,10496","44,96679",1
S1215013,ETANG DE LACANAU,28/07/2008,"-1,10499","44,96658","0,8"
S1215013,ETANG DE LACANAU,28/07/2008,"-1,10493","44,96648","0,5"
S1215013,ETANG DE LACANAU,28/07/2008,"-1,10482","44,96639","0,7"
S1215013,ETANG DE LACANAU,28/07/2008,"-1,10472","44,96634","0,7"
S1215013,ETANG DE LACANAU,28/07/2008,"-1,10416","44,96575","1,5"
S1215013,ETANG DE LACANAU,28/07/2008,"-1,10456","44,96624","0,6"
S1215013,ETANG DE LACANAU,28/07/2008,"-1,10416","44,96579","1,5"
S1215013,ETANG DE LACANAU,28/07/2008,"-1,10445","44,96616",1
S1215013,ETANG DE LACANAU,28/07/2008,"-1,1044","44,96613",1
S1215013,ETANG DE LACANAU,28/07/2008,"-1,10438","44,9661",1
S1215013,ETANG DE LACANAU,28/07/2008,"-1,10436","44,96607","1,1"
S1215013,ETANG DE LACANAU,28/07/2008,"-1,10434","44,96604","1,2"
S1215013,ETANG DE LACANAU,28/07/2008,"-1,10433","44,966","1,2"
S1215013,ETANG DE LACANAU,28/07/2008,"-1,10431","44,96597","1,3"
S1215013,ETANG DE LACANAU,28/07/2008,"-1,10427","44,96594","1,4"
S1215013,ETANG DE LACANAU,28/07/2008,"-1,10423","44,96589","1,4"
S1215013,ETANG DE LACANAU,28/07/2008,"-1,10419","44,96586","1,5"
S1215013,ETANG DE LACANAU,28/07/2008,"-1,10638","44,96386","1,2"
S1215013,ETANG DE LACANAU,28/07/2008,"-1,10463","44,96629","0,7"
S1215013,ETANG DE LACANAU,28/07/2008,"-1,10415","44,95837","1,1"
S1215013,ETANG DE LACANAU,28/07/2008,"-1,10619","44,96431","0,9"
S1215013,ETANG DE LACANAU,28/07/2008,"-1,10486","44,96132","1,1"
S1215013,ETANG DE LACANAU,28/07/2008,"-1,10482","44,96119","1,1"
S1215013,ETANG DE LACANAU,28/07/2008,"-1,10476","44,96096",1
S1215013,ETANG DE LACANAU,28/07/2008,"-1,10472","44,96062","1,4"
S1215013,ETANG DE LACANAU,28/07/2008,"-1,10465","44,96026","1,3"
S1215013,ETANG DE LACANAU,28/07/2008,"-1,10456","44,95988","1,1"
S1215013,ETANG DE LACANAU,28/07/2008,"-1,10452","44,95954",1
S1215013,ETANG DE LACANAU,28/07/2008,"-1,1045","44,95908","0,9"
S1215013,ETANG DE LACANAU,28/07/2008,"-1,10447","44,95874","1,2"
S1215013,ETANG DE LACANAU,28/07/2008,"-1,10455","44,9586","1,1"
S1215013,ETANG DE LACANAU,28/07/2008,"-1,1049","44,96156","1,2"
S1215013,ETANG DE LACANAU,28/07/2008,"-1,10432","44,95845","1,2"
S1215013,ETANG DE LACANAU,28/07/2008,"-1,10494","44,96169","1,2"
S1215013,ETANG DE LACANAU,28/07/2008,"-1,10401","44,95828","1,1"
S1215013,ETANG DE LACANAU,28/07/2008,"-1,10387","44,95821","1,1"
S1215013,ETANG DE LACANAU,28/07/2008,"-1,10373","44,95816","1,1"
S1215013,ETANG DE LACANAU,28/07/2008,"-1,10358","44,95811",1
S1215013,ETANG DE LACANAU,28/07/2008,"-1,10343","44,95806","0,9"
S1215013,ETANG DE LACANAU,28/07/2008,"-1,10306","44,95788","0,5"
S1215013,ETANG DE LACANAU,28/07/2008,"-1,10312","44,95792","0,7"
S1215013,ETANG DE LACANAU,28/07/2008,"-1,09883","44,97627","2,2"
S1215013,ETANG DE LACANAU,28/07/2008,"-1,10789","44,98837","1,5"
S1215013,ETANG DE LACANAU,28/07/2008,"-1,10329","44,958","0,9"
S1215013,ETANG DE LACANAU,28/07/2008,"-1,1032","44,95795","0,7"
S1215013,ETANG DE LACANAU,28/07/2008,"-1,10449","44,9585","1,3"
S1215013,ETANG DE LACANAU,28/07/2008,"-1,10569","44,96204","1,4"
S1215013,ETANG DE LACANAU,28/07/2008,"-1,1045","44,95931","0,8"
S1215013,ETANG DE LACANAU,28/07/2008,"-1,10646","44,96363","1,3"
S1215013,ETANG DE LACANAU,28/07/2008,"-1,10643","44,96339","1,3"
S1215013,ETANG DE LACANAU,28/07/2008,"-1,10638","44,96316","1,3"
S1215013,ETANG DE LACANAU,28/07/2008,"-1,10635","44,96294","1,3"
S1215013,ETANG DE LACANAU,28/07/2008,"-1,10628","44,96276","1,4"
S1215013,ETANG DE LACANAU,28/07/2008,"-1,10618","44,96262","1,3"
S1215013,ETANG DE LACANAU,28/07/2008,"-1,10607","44,96248","1,3"
S1215013,ETANG DE LACANAU,28/07/2008,"-1,10601","44,96239","1,3"
S1215013,ETANG DE LACANAU,28/07/2008,"-1,10595","44,96229","1,4"
S1215013,ETANG DE LACANAU,28/07/2008,"-1,10587","44,9622","1,4"
S1215013,ETANG DE LACANAU,28/07/2008,"-1,10487","44,96145","1,2"
S1215013,ETANG DE LACANAU,28/07/2008,"-1,10574","44,96209","1,4"
S1215013,ETANG DE LACANAU,28/07/2008,"-1,10628","44,96409","0,7"
S1215013,ETANG DE LACANAU,28/07/2008,"-1,10563","44,96201","1,4"
S1215013,ETANG DE LACANAU,28/07/2008,"-1,10556","44,96197","1,4"
S1215013,ETANG DE LACANAU,28/07/2008,"-1,1055","44,96194","1,4"
S1215013,ETANG DE LACANAU,28/07/2008,"-1,10543","44,96192","1,4"
S1215013,ETANG DE LACANAU,28/07/2008,"-1,10536","44,9619","1,4"
S1215013,ETANG DE LACANAU,28/07/2008,"-1,1053","44,96187","1,4"
S1215013,ETANG DE LACANAU,28/07/2008,"-1,10524","44,96185","1,3"
S1215013,ETANG DE LACANAU,28/07/2008,"-1,10518","44,96183","1,3"
S1215013,ETANG DE LACANAU,28/07/2008,"-1,10512","44,96182","1,3"
S1215013,ETANG DE LACANAU,28/07/2008,"-1,10505","44,96181","1,2"
S1215013,ETANG DE LACANAU,28/07/2008,"-1,10499","44,96178","1,2"
S1215013,ETANG DE LACANAU,28/07/2008,"-1,1058","44,96214","1,4"
S1215013,ETANG DE LACANAU,28/07/2008,"-1,09887","44,97137","0,4"
S1215013,ETANG DE LACANAU,28/07/2008,"-1,09896","44,97116","0,5"
S1215013,ETANG DE LACANAU,28/07/2008,"-1,09969","44,97182","1,1"
S1215013,ETANG DE LACANAU,28/07/2008,"-1,09973","44,97172","0,8"
S1215013,ETANG DE LACANAU,28/07/2008,"-1,09981","44,97164","0,9"
S1215013,ETANG DE LACANAU,28/07/2008,"-1,09984","44,97156","0,9"
S1215013,ETANG DE LACANAU,28/07/2008,"-1,09975","44,9715","0,8"
S1215013,ETANG DE LACANAU,28/07/2008,"-1,09962","44,97149","0,8"
S1215013,ETANG DE LACANAU,28/07/2008,"-1,09948","44,97149","0,8"
S1215013,ETANG DE LACANAU,28/07/2008,"-1,09935","44,97148","0,8"
S1215013,ETANG DE LACANAU,28/07/2008,"-1,09924","44,97147","0,7"
S1215013,ETANG DE LACANAU,28/07/2008,"-1,09912","44,97145","0,6"
S1215013,ETANG DE LACANAU,28/07/2008,"-1,09971","44,97203","1,8"
S1215013,ETANG DE LACANAU,28/07/2008,"-1,09893","44,9714","0,5"
S1215013,ETANG DE LACANAU,28/07/2008,"-1,09969","44,97214",2
S1215013,ETANG DE LACANAU,28/07/2008,"-1,09881","44,97135","0,4"
S1215013,ETANG DE LACANAU,28/07/2008,"-1,09878","44,97135","0,4"
S1215013,ETANG DE LACANAU,28/07/2008,"-1,09877","44,97135","0,4"
S1215013,ETANG DE LACANAU,28/07/2008,"-1,09876","44,97135","0,4"
S1215013,ETANG DE LACANAU,28/07/2008,"-1,09875","44,97136","0,3"
S1215013,ETANG DE LACANAU,28/07/2008,"-1,09873","44,97135","0,4"
S1215013,ETANG DE LACANAU,28/07/2008,"-1,09871","44,97135","0,4"
S1215013,ETANG DE LACANAU,28/07/2008,"-1,09869","44,97134","0,4"
S1215013,ETANG DE LACANAU,28/07/2008,"-1,09868","44,97134","0,4"
S1215013,ETANG DE LACANAU,28/07/2008,"-1,09867","44,97134","0,4"
S1215013,ETANG DE LACANAU,28/07/2008,"-1,09904","44,97115","0,8"
S1215013,ETANG DE LACANAU,28/07/2008,"-1,09902","44,97142","0,6"
S1215013,ETANG DE LACANAU,28/07/2008,"-1,09891","44,97563","2,2"
S1215013,ETANG DE LACANAU,28/07/2008,"-1,09879","44,97593","2,1"
S1215013,ETANG DE LACANAU,28/07/2008,"-1,09885","44,97579","2,1"
S1215013,ETANG DE LACANAU,28/07/2008,"-1,10444","44,95888",1
S1215013,ETANG DE LACANAU,28/07/2008,"-1,10394","44,96886","1,4"
S1215013,ETANG DE LACANAU,28/07/2008,"-1,09899","44,97546","1,2"
S1215013,ETANG DE LACANAU,28/07/2008,"-1,09877","44,97606","2,1"
S1215013,ETANG DE LACANAU,28/07/2008,"-1,09881","44,97617","2,2"
S1215013,ETANG DE LACANAU,28/07/2008,"-1,09911","44,97528","1,1"
S1215013,ETANG DE LACANAU,28/07/2008,"-1,09926","44,97506",1
S1215013,ETANG DE LACANAU,28/07/2008,"-1,09943","44,9748","0,9"
S1215013,ETANG DE LACANAU,28/07/2008,"-1,09956","44,97459","0,6"
S1215013,ETANG DE LACANAU,28/07/2008,"-1,0997","44,97193","1,6"
S1215013,ETANG DE LACANAU,28/07/2008,"-1,09992","44,97403","0,7"
S1215013,ETANG DE LACANAU,28/07/2008,"-1,09988","44,97386","0,7"
S1215013,ETANG DE LACANAU,28/07/2008,"-1,09985","44,97368","0,6"
S1215013,ETANG DE LACANAU,28/07/2008,"-1,0998","44,97348","0,6"
S1215013,ETANG DE LACANAU,28/07/2008,"-1,09975","44,97323","0,7"
S1215013,ETANG DE LACANAU,28/07/2008,"-1,09972","44,973","0,7"
S1215013,ETANG DE LACANAU,28/07/2008,"-1,09968","44,97282","0,6"
S1215013,ETANG DE LACANAU,28/07/2008,"-1,09967","44,97276","0,5"
S1215013,ETANG DE LACANAU,28/07/2008,"-1,09966","44,97267","0,9"
S1215013,ETANG DE LACANAU,28/07/2008,"-1,09966","44,97257","1,3"
S1215013,ETANG DE LACANAU,28/07/2008,"-1,09966","44,97247","1,6"
S1215013,ETANG DE LACANAU,28/07/2008,"-1,09966","44,97236","1,4"
S1215013,ETANG DE LACANAU,28/07/2008,"-1,09966","44,97225","1,6"
S1215013,ETANG DE LACANAU,28/07/2008,"-1,09972","44,97436","0,7"
S1215013,ETANG DE LACANAU,28/07/2008,"-1,10181","44,97091","0,5"
S1215013,ETANG DE LACANAU,28/07/2008,"-1,10079","44,97141","0,6"
S1215013,ETANG DE LACANAU,28/07/2008,"-1,10092","44,97139","0,6"
S1215013,ETANG DE LACANAU,28/07/2008,"-1,10105","44,97138","0,6"
S1215013,ETANG DE LACANAU,28/07/2008,"-1,10117","44,97137","0,6"
S1215013,ETANG DE LACANAU,28/07/2008,"-1,10129","44,97134","0,6"
S1215013,ETANG DE LACANAU,28/07/2008,"-1,10371","44,96906","1,4"
S1215013,ETANG DE LACANAU,28/07/2008,"-1,1014","44,97132","0,6"
S1215013,ETANG DE LACANAU,28/07/2008,"-1,1015","44,97127","0,5"
S1215013,ETANG DE LACANAU,28/07/2008,"-1,1016","44,97121","0,5"
S1215013,ETANG DE LACANAU,28/07/2008,"-1,10167","44,97112","0,4"
S1215013,ETANG DE LACANAU,28/07/2008,"-1,1035","44,96928",1
S1215013,ETANG DE LACANAU,28/07/2008,"-1,10066","44,97144","0,6"
S1215013,ETANG DE LACANAU,28/07/2008,"-1,10176","44,97097","0,5"
S1215013,ETANG DE LACANAU,28/07/2008,"-1,10193","44,97074","0,8"
S1215013,ETANG DE LACANAU,28/07/2008,"-1,10186","44,97083","0,7"
S1215013,ETANG DE LACANAU,28/07/2008,"-1,102","44,97065","1,2"
S1215013,ETANG DE LACANAU,28/07/2008,"-1,10208","44,97058","1,4"
S1215013,ETANG DE LACANAU,28/07/2008,"-1,1022","44,9705","1,5"
S1215013,ETANG DE LACANAU,28/07/2008,"-1,10232","44,97043","1,6"
S1215013,ETANG DE LACANAU,28/07/2008,"-1,10246","44,97032","1,9"
S1215013,ETANG DE LACANAU,28/07/2008,"-1,1026","44,97016","1,8"
S1215013,ETANG DE LACANAU,28/07/2008,"-1,09894","44,97122","0,5"
S1215013,ETANG DE LACANAU,28/07/2008,"-1,09988","44,97419","0,7"
S1215013,ETANG DE LACANAU,28/07/2008,"-1,10285","44,96995","2,1"
S1215013,ETANG DE LACANAU,28/07/2008,"-1,1031","44,96973","1,8"
S1215013,ETANG DE LACANAU,28/07/2008,"-1,1033","44,96951","1,3"
S1215013,ETANG DE LACANAU,28/07/2008,"-1,10173","44,97104","0,5"
S1215013,ETANG DE LACANAU,28/07/2008,"-1,09923","44,97148","0,7"
S1215013,ETANG DE LACANAU,28/07/2008,"-1,09893","44,97145","0,6"
S1215013,ETANG DE LACANAU,28/07/2008,"-1,10052","44,97147","0,7"
S1215013,ETANG DE LACANAU,28/07/2008,"-1,09903","44,97156","0,6"
S1215013,ETANG DE LACANAU,28/07/2008,"-1,09909","44,97153","0,7"
S1215013,ETANG DE LACANAU,28/07/2008,"-1,09915","44,97152","0,7"
S1215013,ETANG DE LACANAU,28/07/2008,"-1,09893","44,97151","0,4"
S1215013,ETANG DE LACANAU,28/07/2008,"-1,09919","44,9715","0,7"
S1215013,ETANG DE LACANAU,28/07/2008,"-1,09897","44,97155","0,5"
S1215013,ETANG DE LACANAU,28/07/2008,"-1,09926","44,97148","0,8"
S1215013,ETANG DE LACANAU,28/07/2008,"-1,09928","44,97147","0,8"
S1215013,ETANG DE LACANAU,28/07/2008,"-1,09932","44,97151","0,9"
S1215013,ETANG DE LACANAU,28/07/2008,"-1,0994","44,97151","0,9"
S1215013,ETANG DE LACANAU,28/07/2008,"-1,09894","44,97133","0,6"
S1215013,ETANG DE LACANAU,28/07/2008,"-1,10014","44,97149","0,8"
S1215013,ETANG DE LACANAU,28/07/2008,"-1,09894","44,97139","0,7"
S1215013,ETANG DE LACANAU,28/07/2008,"-1,09894","44,97127","0,4"
S1215013,ETANG DE LACANAU,28/07/2008,"-1,10026","44,97149","0,8"
S1215013,ETANG DE LACANAU,28/07/2008,"-1,10002","44,97151","0,9"
S1215013,ETANG DE LACANAU,28/07/2008,"-1,09991","44,97152","0,9"
S1215013,ETANG DE LACANAU,28/07/2008,"-1,09979","44,97153","0,9"
S1215013,ETANG DE LACANAU,28/07/2008,"-1,09969","44,97153","0,9"
S1215013,ETANG DE LACANAU,28/07/2008,"-1,1004","44,97148","0,6"
S1215013,ETANG DE LACANAU,28/07/2008,"-1,0996","44,97152","0,9"
S1215013,ETANG DE LACANAU,28/07/2008,"-1,0995","44,97151","0,9"
S1215013,ETANG DE LACANAU,29/07/2008,"-1,1038","44,95361","2,1"
S1215013,ETANG DE LACANAU,29/07/2008,"-1,10299","44,95367","0,4"
S1215013,ETANG DE LACANAU,29/07/2008,"-1,10448","44,95359","1,4"
S1215013,ETANG DE LACANAU,29/07/2008,"-1,10306","44,95366","0,6"
S1215013,ETANG DE LACANAU,29/07/2008,"-1,10188","44,95358","0,7"
S1215013,ETANG DE LACANAU,29/07/2008,"-1,10313","44,95365","0,7"
S1215013,ETANG DE LACANAU,29/07/2008,"-1,10321","44,95362","0,9"
S1215013,ETANG DE LACANAU,29/07/2008,"-1,10332","44,95361","1,4"
S1215013,ETANG DE LACANAU,29/07/2008,"-1,10363","44,95361",2
S1215013,ETANG DE LACANAU,29/07/2008,"-1,10397","44,9536","2,1"
S1215013,ETANG DE LACANAU,29/07/2008,"-1,10293","44,95368","0,4"
S1215013,ETANG DE LACANAU,29/07/2008,"-1,10431","44,95361","1,8"
S1215013,ETANG DE LACANAU,29/07/2008,"-1,10261","44,95376","0,4"
S1215013,ETANG DE LACANAU,29/07/2008,"-1,10414","44,9536",2
S1215013,ETANG DE LACANAU,29/07/2008,"-1,10347","44,9536","1,9"
S1215013,ETANG DE LACANAU,29/07/2008,"-1,10247","44,95378","0,6"
S1215013,ETANG DE LACANAU,29/07/2008,"-1,10201","44,9536","0,9"
S1215013,ETANG DE LACANAU,29/07/2008,"-1,10196","44,95358",1
S1215013,ETANG DE LACANAU,29/07/2008,"-1,10206","44,95362","0,8"
S1215013,ETANG DE LACANAU,29/07/2008,"-1,10212","44,95366","0,8"
S1215013,ETANG DE LACANAU,29/07/2008,"-1,1065","44,95248","0,9"
S1215013,ETANG DE LACANAU,29/07/2008,"-1,10225","44,95373","0,8"
S1215013,ETANG DE LACANAU,29/07/2008,"-1,10273","44,95373","0,5"
S1215013,ETANG DE LACANAU,29/07/2008,"-1,10241","44,95377","0,7"
S1215013,ETANG DE LACANAU,29/07/2008,"-1,10288","44,9537","0,7"
S1215013,ETANG DE LACANAU,29/07/2008,"-1,10253","44,95377","0,4"
S1215013,ETANG DE LACANAU,29/07/2008,"-1,10268","44,95374","0,4"
S1215013,ETANG DE LACANAU,29/07/2008,"-1,10218","44,9537","0,8"
S1215013,ETANG DE LACANAU,29/07/2008,"-1,10278","44,95373","0,7"
S1215013,ETANG DE LACANAU,29/07/2008,"-1,10283","44,95371","0,8"
S1215013,ETANG DE LACANAU,29/07/2008,"-1,10192","44,95356","0,8"
S1215013,ETANG DE LACANAU,29/07/2008,"-1,10233","44,95375","0,8"
S1215013,ETANG DE LACANAU,29/07/2008,"-1,09713","44,95348","0,9"
S1215013,ETANG DE LACANAU,29/07/2008,"-1,10613","44,95179","0,5"
S1215013,ETANG DE LACANAU,29/07/2008,"-1,10617","44,95176","0,5"
S1215013,ETANG DE LACANAU,29/07/2008,"-1,10622","44,95175","0,5"
S1215013,ETANG DE LACANAU,29/07/2008,"-1,10623","44,95175","0,5"
S1215013,ETANG DE LACANAU,29/07/2008,"-1,10646","44,95229","0,6"
S1215013,ETANG DE LACANAU,29/07/2008,"-1,10655","44,95215","0,6"
S1215013,ETANG DE LACANAU,29/07/2008,"-1,10629","44,95263","1,7"
S1215013,ETANG DE LACANAU,29/07/2008,"-1,10183","44,95355","0,7"
S1215013,ETANG DE LACANAU,29/07/2008,"-1,10653","44,95238","0,5"
S1215013,ETANG DE LACANAU,29/07/2008,"-1,10672","44,9519","0,7"
S1215013,ETANG DE LACANAU,29/07/2008,"-1,10685","44,95183","0,7"
S1215013,ETANG DE LACANAU,29/07/2008,"-1,10698","44,95177","0,6"
S1215013,ETANG DE LACANAU,29/07/2008,"-1,10709","44,9517","0,6"
S1215013,ETANG DE LACANAU,29/07/2008,"-1,10717","44,9516","0,5"
S1215013,ETANG DE LACANAU,29/07/2008,"-1,10723","44,95151","0,4"
S1215013,ETANG DE LACANAU,29/07/2008,"-1,10664","44,95207","0,6"
S1215013,ETANG DE LACANAU,29/07/2008,"-1,10579","44,95311","0,9"
S1215013,ETANG DE LACANAU,29/07/2008,"-1,1048","44,95356","1,1"
S1215013,ETANG DE LACANAU,29/07/2008,"-1,10497","44,95354","1,6"
S1215013,ETANG DE LACANAU,29/07/2008,"-1,10514","44,95351","2,2"
S1215013,ETANG DE LACANAU,29/07/2008,"-1,10529","44,95344","1,9"
S1215013,ETANG DE LACANAU,29/07/2008,"-1,10543","44,95337","1,3"
S1215013,ETANG DE LACANAU,29/07/2008,"-1,10558","44,95331","1,4"
S1215013,ETANG DE LACANAU,29/07/2008,"-1,10612","44,95182","0,4"
S1215013,ETANG DE LACANAU,29/07/2008,"-1,10575","44,95316","0,9"
S1215013,ETANG DE LACANAU,29/07/2008,"-1,10652","44,95232","0,7"
S1215013,ETANG DE LACANAU,29/07/2008,"-1,10587","44,95306","0,7"
S1215013,ETANG DE LACANAU,29/07/2008,"-1,10596","44,953","0,8"
S1215013,ETANG DE LACANAU,29/07/2008,"-1,10605","44,95292","0,9"
S1215013,ETANG DE LACANAU,29/07/2008,"-1,10614","44,95283","1,3"
S1215013,ETANG DE LACANAU,29/07/2008,"-1,10621","44,95273","1,7"
S1215013,ETANG DE LACANAU,29/07/2008,"-1,10642","44,95257","1,6"
S1215013,ETANG DE LACANAU,29/07/2008,"-1,10464","44,95357","1,1"
S1215013,ETANG DE LACANAU,29/07/2008,"-1,10569","44,95323",1
S1215013,ETANG DE LACANAU,29/07/2008,"-1,09833","44,95434","0,9"
S1215013,ETANG DE LACANAU,29/07/2008,"-1,09696","44,95307",1
S1215013,ETANG DE LACANAU,29/07/2008,"-1,09857","44,955",1
S1215013,ETANG DE LACANAU,29/07/2008,"-1,09849","44,95491","0,9"
S1215013,ETANG DE LACANAU,29/07/2008,"-1,09843","44,95481","0,8"
S1215013,ETANG DE LACANAU,29/07/2008,"-1,09838","44,95472","0,8"
S1215013,ETANG DE LACANAU,29/07/2008,"-1,09838","44,95463","0,9"
S1215013,ETANG DE LACANAU,29/07/2008,"-1,09873","44,95516","1,3"
S1215013,ETANG DE LACANAU,29/07/2008,"-1,09835","44,95443","0,8"
S1215013,ETANG DE LACANAU,29/07/2008,"-1,09881","44,95524","1,4"
S1215013,ETANG DE LACANAU,29/07/2008,"-1,09828","44,95423","1,3"
S1215013,ETANG DE LACANAU,29/07/2008,"-1,09821","44,95413","2,1"
S1215013,ETANG DE LACANAU,29/07/2008,"-1,09812","44,95403",2
S1215013,ETANG DE LACANAU,29/07/2008,"-1,09801","44,95393","1,9"
S1215013,ETANG DE LACANAU,29/07/2008,"-1,09789","44,95382","1,9"
S1215013,ETANG DE LACANAU,29/07/2008,"-1,09769","44,95369","2,2"
S1215013,ETANG DE LACANAU,29/07/2008,"-1,09837","44,95453","0,8"
S1215013,ETANG DE LACANAU,29/07/2008,"-1,09917","44,95577","1,1"
S1215013,ETANG DE LACANAU,29/07/2008,"-1,0991","44,95621","1,2"
S1215013,ETANG DE LACANAU,29/07/2008,"-1,09911","44,95614","1,2"
S1215013,ETANG DE LACANAU,29/07/2008,"-1,09909","44,95607","1,2"
S1215013,ETANG DE LACANAU,29/07/2008,"-1,0991","44,956","1,2"
S1215013,ETANG DE LACANAU,29/07/2008,"-1,10527","44,94842","0,5"
S1215013,ETANG DE LACANAU,29/07/2008,"-1,10728","44,95142","0,4"
S1215013,ETANG DE LACANAU,29/07/2008,"-1,09865","44,95508","1,2"
S1215013,ETANG DE LACANAU,29/07/2008,"-1,09915","44,95585",1
S1215013,ETANG DE LACANAU,29/07/2008,"-1,09715","44,95289","2,1"
S1215013,ETANG DE LACANAU,29/07/2008,"-1,09919","44,9557","1,3"
S1215013,ETANG DE LACANAU,29/07/2008,"-1,09919","44,95562","1,6"
S1215013,ETANG DE LACANAU,29/07/2008,"-1,09914","44,95554","1,5"
S1215013,ETANG DE LACANAU,29/07/2008,"-1,09907","44,95546","1,5"
S1215013,ETANG DE LACANAU,29/07/2008,"-1,09898","44,95539","1,5"
S1215013,ETANG DE LACANAU,29/07/2008,"-1,09889","44,95532","1,5"
S1215013,ETANG DE LACANAU,29/07/2008,"-1,09912","44,95592","1,1"
S1215013,ETANG DE LACANAU,29/07/2008,"-1,10104","44,95309",1
S1215013,ETANG DE LACANAU,29/07/2008,"-1,09991","44,95304","1,4"
S1215013,ETANG DE LACANAU,29/07/2008,"-1,10003","44,95304","1,6"
S1215013,ETANG DE LACANAU,29/07/2008,"-1,10019","44,95305","1,1"
S1215013,ETANG DE LACANAU,29/07/2008,"-1,10034","44,95305","1,1"
S1215013,ETANG DE LACANAU,29/07/2008,"-1,10047","44,95305",1
S1215013,ETANG DE LACANAU,29/07/2008,"-1,1006","44,95305","0,9"
S1215013,ETANG DE LACANAU,29/07/2008,"-1,09745","44,95357",2
S1215013,ETANG DE LACANAU,29/07/2008,"-1,10089","44,95306","0,9"
S1215013,ETANG DE LACANAU,29/07/2008,"-1,09952","44,95305","1,2"
S1215013,ETANG DE LACANAU,29/07/2008,"-1,10118","44,95317",1
S1215013,ETANG DE LACANAU,29/07/2008,"-1,10132","44,95325",1
S1215013,ETANG DE LACANAU,29/07/2008,"-1,10144","44,95333","0,7"
S1215013,ETANG DE LACANAU,29/07/2008,"-1,10154","44,95338","0,7"
S1215013,ETANG DE LACANAU,29/07/2008,"-1,10163","44,95343","0,7"
S1215013,ETANG DE LACANAU,29/07/2008,"-1,10171","44,95347","0,6"
S1215013,ETANG DE LACANAU,29/07/2008,"-1,10074","44,95305","0,9"
S1215013,ETANG DE LACANAU,29/07/2008,"-1,09824","44,95314","0,9"
S1215013,ETANG DE LACANAU,29/07/2008,"-1,10178","44,95352","0,6"
S1215013,ETANG DE LACANAU,29/07/2008,"-1,09731","44,95279",2
S1215013,ETANG DE LACANAU,29/07/2008,"-1,09745","44,95283","1,8"
S1215013,ETANG DE LACANAU,29/07/2008,"-1,09745","44,95302","1,9"
S1215013,ETANG DE LACANAU,29/07/2008,"-1,0976","44,95317","1,9"
S1215013,ETANG DE LACANAU,29/07/2008,"-1,09778","44,95325","1,8"
S1215013,ETANG DE LACANAU,29/07/2008,"-1,09981","44,95305","1,4"
S1215013,ETANG DE LACANAU,29/07/2008,"-1,09811","44,9532","0,8"
S1215013,ETANG DE LACANAU,29/07/2008,"-1,09969","44,95305","1,4"
S1215013,ETANG DE LACANAU,29/07/2008,"-1,09838","44,95307","1,1"
S1215013,ETANG DE LACANAU,29/07/2008,"-1,09857","44,95302",1
S1215013,ETANG DE LACANAU,29/07/2008,"-1,09883","44,953",1
S1215013,ETANG DE LACANAU,29/07/2008,"-1,09904","44,953",1
S1215013,ETANG DE LACANAU,29/07/2008,"-1,0992","44,953","1,1"
S1215013,ETANG DE LACANAU,29/07/2008,"-1,09936","44,95301","1,1"
S1215013,ETANG DE LACANAU,29/07/2008,"-1,0969","44,9533",1
S1215013,ETANG DE LACANAU,29/07/2008,"-1,09795","44,95326","1,3"
S1215013,ETANG DE LACANAU,29/07/2008,"-1,10752","44,95023","1,4"
S1215013,ETANG DE LACANAU,29/07/2008,"-1,10507","44,94801","0,8"
S1215013,ETANG DE LACANAU,29/07/2008,"-1,10689","44,9493","1,2"
S1215013,ETANG DE LACANAU,29/07/2008,"-1,10709","44,94949","1,2"
S1215013,ETANG DE LACANAU,29/07/2008,"-1,10726","44,94968","1,3"
S1215013,ETANG DE LACANAU,29/07/2008,"-1,1074","44,94986","1,3"
S1215013,ETANG DE LACANAU,29/07/2008,"-1,10747","44,94996","1,5"
S1215013,ETANG DE LACANAU,29/07/2008,"-1,10651","44,9491","1,1"
S1215013,ETANG DE LACANAU,29/07/2008,"-1,10754","44,9501","1,3"
S1215013,ETANG DE LACANAU,29/07/2008,"-1,10628","44,94904",1
S1215013,ETANG DE LACANAU,29/07/2008,"-1,10754","44,95042","1,3"
S1215013,ETANG DE LACANAU,29/07/2008,"-1,1076","44,95063","1,3"
S1215013,ETANG DE LACANAU,29/07/2008,"-1,1077","44,95085","1,3"
S1215013,ETANG DE LACANAU,29/07/2008,"-1,10779","44,95108","1,4"
S1215013,ETANG DE LACANAU,29/07/2008,"-1,10787","44,95131","1,7"
S1215013,ETANG DE LACANAU,29/07/2008,"-1,10794","44,95155","1,8"
S1215013,ETANG DE LACANAU,29/07/2008,"-1,10752","44,95003","1,4"
S1215013,ETANG DE LACANAU,29/07/2008,"-1,10532","44,94859","0,7"
S1215013,ETANG DE LACANAU,29/07/2008,"-1,10524","44,94832","0,5"
S1215013,ETANG DE LACANAU,29/07/2008,"-1,10512","44,94813","0,7"
S1215013,ETANG DE LACANAU,29/07/2008,"-1,10513","44,94818","0,6"
S1215013,ETANG DE LACANAU,29/07/2008,"-1,10516","44,94824","0,7"
S1215013,ETANG DE LACANAU,29/07/2008,"-1,10521","44,94828","0,6"
S1215013,ETANG DE LACANAU,29/07/2008,"-1,10526","44,94837","0,5"
S1215013,ETANG DE LACANAU,29/07/2008,"-1,1067","44,94918","1,2"
S1215013,ETANG DE LACANAU,29/07/2008,"-1,10529","44,94854","0,7"
S1215013,ETANG DE LACANAU,29/07/2008,"-1,10806","44,95224","1,9"
S1215013,ETANG DE LACANAU,29/07/2008,"-1,10537","44,94865","0,8"
S1215013,ETANG DE LACANAU,29/07/2008,"-1,10542","44,94867","0,7"
S1215013,ETANG DE LACANAU,29/07/2008,"-1,1055","44,94871","0,7"
S1215013,ETANG DE LACANAU,29/07/2008,"-1,10563","44,9488",1
S1215013,ETANG DE LACANAU,29/07/2008,"-1,10579","44,94887",1
S1215013,ETANG DE LACANAU,29/07/2008,"-1,10604","44,94897","1,1"
S1215013,ETANG DE LACANAU,29/07/2008,"-1,10527","44,94847","0,6"
S1215013,ETANG DE LACANAU,29/07/2008,"-1,11179","44,95257","0,4"
S1215013,ETANG DE LACANAU,29/07/2008,"-1,10936","44,95347","0,7"
S1215013,ETANG DE LACANAU,29/07/2008,"-1,10968","44,95341","0,8"
S1215013,ETANG DE LACANAU,29/07/2008,"-1,10997","44,95335",1
S1215013,ETANG DE LACANAU,29/07/2008,"-1,11029","44,95324","1,4"
S1215013,ETANG DE LACANAU,29/07/2008,"-1,11062","44,9531","1,9"
S1215013,ETANG DE LACANAU,29/07/2008,"-1,11095","44,95293","1,5"
S1215013,ETANG DE LACANAU,29/07/2008,"-1,10799","44,95178","1,8"
S1215013,ETANG DE LACANAU,29/07/2008,"-1,11152","44,9526","0,6"
S1215013,ETANG DE LACANAU,29/07/2008,"-1,1084","44,9537","0,6"
S1215013,ETANG DE LACANAU,29/07/2008,"-1,11187","44,95259","0,5"
S1215013,ETANG DE LACANAU,29/07/2008,"-1,11194","44,95261","0,4"
S1215013,ETANG DE LACANAU,29/07/2008,"-1,09911","44,95627","1,1"
S1215013,ETANG DE LACANAU,29/07/2008,"-1,10303","44,95783","0,5"
S1215013,ETANG DE LACANAU,29/07/2008,"-1,11203","44,95257","0,5"
S1215013,ETANG DE LACANAU,29/07/2008,"-1,11208","44,95254","0,5"
S1215013,ETANG DE LACANAU,29/07/2008,"-1,11121","44,95283","0,7"
S1215013,ETANG DE LACANAU,29/07/2008,"-1,1067","44,9538","1,6"
S1215013,ETANG DE LACANAU,29/07/2008,"-1,10506","44,94795","0,8"
S1215013,ETANG DE LACANAU,29/07/2008,"-1,1079","44,95243","1,9"
S1215013,ETANG DE LACANAU,29/07/2008,"-1,10755","44,95257","1,3"
S1215013,ETANG DE LACANAU,29/07/2008,"-1,1072","44,95274","1,4"
S1215013,ETANG DE LACANAU,29/07/2008,"-1,10692","44,9529",2
S1215013,ETANG DE LACANAU,29/07/2008,"-1,10669","44,95309","1,5"
S1215013,ETANG DE LACANAU,29/07/2008,"-1,10901","44,95355","0,5"
S1215013,ETANG DE LACANAU,29/07/2008,"-1,10662","44,95364","1,3"
S1215013,ETANG DE LACANAU,29/07/2008,"-1,10866","44,95364","0,6"
S1215013,ETANG DE LACANAU,29/07/2008,"-1,10685","44,95394","1,6"
S1215013,ETANG DE LACANAU,29/07/2008,"-1,1071","44,95403","1,6"
S1215013,ETANG DE LACANAU,29/07/2008,"-1,10744","44,95404",2
S1215013,ETANG DE LACANAU,29/07/2008,"-1,1078","44,95399","0,7"
S1215013,ETANG DE LACANAU,29/07/2008,"-1,10805","44,95387","0,7"
S1215013,ETANG DE LACANAU,29/07/2008,"-1,10824","44,95377","0,6"
S1215013,ETANG DE LACANAU,29/07/2008,"-1,10807","44,95202","1,9"
S1215013,ETANG DE LACANAU,29/07/2008,"-1,10661","44,95338","1,1"
S1215013,ETANG DE LACANAU,29/07/2008,"-1,10591","44,94919","0,6"
S1215013,ETANG DE LACANAU,29/07/2008,"-1,10509","44,94807","0,7"
S1215013,ETANG DE LACANAU,29/07/2008,"-1,10643","44,94966","1,2"
S1215013,ETANG DE LACANAU,29/07/2008,"-1,10629","44,94961","1,1"
S1215013,ETANG DE LACANAU,29/07/2008,"-1,10618","44,94959",1
S1215013,ETANG DE LACANAU,29/07/2008,"-1,10611","44,94955","0,8"
S1215013,ETANG DE LACANAU,29/07/2008,"-1,10604","44,94947","0,9"
S1215013,ETANG DE LACANAU,29/07/2008,"-1,10666","44,9498","1,3"
S1215013,ETANG DE LACANAU,29/07/2008,"-1,10595","44,94929","0,7"
S1215013,ETANG DE LACANAU,29/07/2008,"-1,10677","44,94987","1,3"
S1215013,ETANG DE LACANAU,29/07/2008,"-1,10587","44,9491","0,6"
S1215013,ETANG DE LACANAU,29/07/2008,"-1,10582","44,94901","0,8"
S1215013,ETANG DE LACANAU,29/07/2008,"-1,10576","44,94891","0,8"
S1215013,ETANG DE LACANAU,29/07/2008,"-1,10569","44,94882","0,8"
S1215013,ETANG DE LACANAU,29/07/2008,"-1,10563","44,94872","0,8"
S1215013,ETANG DE LACANAU,29/07/2008,"-1,10558","44,94863","0,8"
S1215013,ETANG DE LACANAU,29/07/2008,"-1,10599","44,94938","0,9"
S1215013,ETANG DE LACANAU,29/07/2008,"-1,10734","44,95049",1
S1215013,ETANG DE LACANAU,29/07/2008,"-1,10727","44,95127","0,4"
S1215013,ETANG DE LACANAU,29/07/2008,"-1,10724","44,9512","0,4"
S1215013,ETANG DE LACANAU,29/07/2008,"-1,10724","44,95111","0,5"
S1215013,ETANG DE LACANAU,29/07/2008,"-1,10727","44,95102","1,1"
S1215013,ETANG DE LACANAU,29/07/2008,"-1,10731","44,95091","0,9"
S1215013,ETANG DE LACANAU,29/07/2008,"-1,10734","44,9508","1,1"
S1215013,ETANG DE LACANAU,29/07/2008,"-1,10654","44,94973","1,2"
S1215013,ETANG DE LACANAU,29/07/2008,"-1,10736","44,95059","0,8"
S1215013,ETANG DE LACANAU,29/07/2008,"-1,10537","44,94836","0,6"
S1215013,ETANG DE LACANAU,29/07/2008,"-1,10729","44,95039","1,4"
S1215013,ETANG DE LACANAU,29/07/2008,"-1,10724","44,95028","1,4"
S1215013,ETANG DE LACANAU,29/07/2008,"-1,10718","44,95018","1,3"
S1215013,ETANG DE LACANAU,29/07/2008,"-1,1071","44,95009","1,3"
S1215013,ETANG DE LACANAU,29/07/2008,"-1,10701","44,95001","1,2"
S1215013,ETANG DE LACANAU,29/07/2008,"-1,10689","44,94994","1,2"
S1215013,ETANG DE LACANAU,29/07/2008,"-1,10736","44,9507","0,9"
S1215013,ETANG DE LACANAU,29/07/2008,"-1,10493","44,94774","0,5"
S1215013,ETANG DE LACANAU,29/07/2008,"-1,10363","44,94708","0,4"
S1215013,ETANG DE LACANAU,29/07/2008,"-1,10363","44,94708","0,4"
S1215013,ETANG DE LACANAU,29/07/2008,"-1,1049","44,94777","0,4"
S1215013,ETANG DE LACANAU,29/07/2008,"-1,10491","44,94777","0,4"
S1215013,ETANG DE LACANAU,29/07/2008,"-1,10493","44,94777","0,5"
S1215013,ETANG DE LACANAU,29/07/2008,"-1,10497","44,94777","0,4"
S1215013,ETANG DE LACANAU,29/07/2008,"-1,10551","44,94854","0,8"
S1215013,ETANG DE LACANAU,29/07/2008,"-1,10497","44,94776","0,5"
S1215013,ETANG DE LACANAU,29/07/2008,"-1,10468","44,94744","0,4"
S1215013,ETANG DE LACANAU,29/07/2008,"-1,10493","44,94772","0,5"
S1215013,ETANG DE LACANAU,29/07/2008,"-1,10496","44,94771","0,5"
S1215013,ETANG DE LACANAU,29/07/2008,"-1,10501","44,94774","0,5"
S1215013,ETANG DE LACANAU,29/07/2008,"-1,10503","44,94779","0,5"
S1215013,ETANG DE LACANAU,29/07/2008,"-1,10503","44,94784","0,5"
S1215013,ETANG DE LACANAU,29/07/2008,"-1,10505","44,94789","0,6"
S1215013,ETANG DE LACANAU,29/07/2008,"-1,10497","44,94777","0,5"
S1215013,ETANG DE LACANAU,29/07/2008,"-1,10512","44,94768","0,7"
S1215013,ETANG DE LACANAU,29/07/2008,"-1,1073","44,95133","0,4"
S1215013,ETANG DE LACANAU,29/07/2008,"-1,10532","44,94827","0,7"
S1215013,ETANG DE LACANAU,29/07/2008,"-1,10528","44,94818","0,6"
S1215013,ETANG DE LACANAU,29/07/2008,"-1,10524","44,9481","0,5"
S1215013,ETANG DE LACANAU,29/07/2008,"-1,10522","44,94802","0,5"
S1215013,ETANG DE LACANAU,29/07/2008,"-1,10521","44,94793","0,6"
S1215013,ETANG DE LACANAU,29/07/2008,"-1,10363","44,94708","0,4"
S1215013,ETANG DE LACANAU,29/07/2008,"-1,10518","44,94776","0,7"
S1215013,ETANG DE LACANAU,29/07/2008,"-1,10363","44,94708","0,5"
S1215013,ETANG DE LACANAU,29/07/2008,"-1,10505","44,94761","0,5"
S1215013,ETANG DE LACANAU,29/07/2008,"-1,10497","44,94755","0,4"
S1215013,ETANG DE LACANAU,29/07/2008,"-1,10489","44,94751","0,4"
S1215013,ETANG DE LACANAU,29/07/2008,"-1,1048","44,9475","0,6"
S1215013,ETANG DE LACANAU,29/07/2008,"-1,10471","44,94748","0,5"
S1215013,ETANG DE LACANAU,29/07/2008,"-1,10468","44,94745","0,6"
S1215013,ETANG DE LACANAU,29/07/2008,"-1,10543","44,94845","0,7"
S1215013,ETANG DE LACANAU,29/07/2008,"-1,1052","44,94784","0,6"
S1215013,ETANG DE LACANAU,29/07/2008,"-1,10359","44,95972","0,4"
S1215013,ETANG DE LACANAU,29/07/2008,"-1,10282","44,96143","0,6"
S1215013,ETANG DE LACANAU,29/07/2008,"-1,10347","44,96028","0,6"
S1215013,ETANG DE LACANAU,29/07/2008,"-1,10352","44,96021","0,6"
S1215013,ETANG DE LACANAU,29/07/2008,"-1,10351","44,96013","0,5"
S1215013,ETANG DE LACANAU,29/07/2008,"-1,10353","44,96005","0,5"
S1215013,ETANG DE LACANAU,29/07/2008,"-1,10355","44,95997","0,5"
S1215013,ETANG DE LACANAU,29/07/2008,"-1,10336","44,96041","0,6"
S1215013,ETANG DE LACANAU,29/07/2008,"-1,10358","44,9598","0,5"
S1215013,ETANG DE LACANAU,29/07/2008,"-1,10327","44,96047","0,6"
S1215013,ETANG DE LACANAU,29/07/2008,"-1,10364","44,95965","0,5"
S1215013,ETANG DE LACANAU,29/07/2008,"-1,10365","44,95956","0,5"
S1215013,ETANG DE LACANAU,29/07/2008,"-1,10368","44,95949","0,5"
S1215013,ETANG DE LACANAU,29/07/2008,"-1,10374","44,95942","0,4"
S1215013,ETANG DE LACANAU,29/07/2008,"-1,10376","44,95935","0,5"
S1215013,ETANG DE LACANAU,29/07/2008,"-1,10382","44,95928","0,5"
S1215013,ETANG DE LACANAU,29/07/2008,"-1,10358","44,95989","0,5"
S1215013,ETANG DE LACANAU,29/07/2008,"-1,10279","44,96066","0,6"
S1215013,ETANG DE LACANAU,29/07/2008,"-1,10174","44,95636","3,1"
S1215013,ETANG DE LACANAU,29/07/2008,"-1,10283","44,96127","0,7"
S1215013,ETANG DE LACANAU,29/07/2008,"-1,10283","44,96118","0,9"
S1215013,ETANG DE LACANAU,29/07/2008,"-1,10282","44,96109",1
S1215013,ETANG DE LACANAU,29/07/2008,"-1,10283","44,961",1
S1215013,ETANG DE LACANAU,29/07/2008,"-1,10282","44,96092","0,9"
S1215013,ETANG DE LACANAU,29/07/2008,"-1,10344","44,96035","0,6"
S1215013,ETANG DE LACANAU,29/07/2008,"-1,10279","44,96074","0,6"
S1215013,ETANG DE LACANAU,29/07/2008,"-1,10395","44,95906","0,7"
S1215013,ETANG DE LACANAU,29/07/2008,"-1,10281","44,96058","0,4"
S1215013,ETANG DE LACANAU,29/07/2008,"-1,10284","44,96051","0,4"
S1215013,ETANG DE LACANAU,29/07/2008,"-1,10291","44,96045","0,4"
S1215013,ETANG DE LACANAU,29/07/2008,"-1,10299","44,9604","0,3"
S1215013,ETANG DE LACANAU,29/07/2008,"-1,10313","44,96044","0,5"
S1215013,ETANG DE LACANAU,29/07/2008,"-1,10318","44,96049","0,6"
S1215013,ETANG DE LACANAU,29/07/2008,"-1,10281","44,96083","0,7"
S1215013,ETANG DE LACANAU,29/07/2008,"-1,10219","44,95706","0,6"
S1215013,ETANG DE LACANAU,29/07/2008,"-1,10268","44,95762","0,4"
S1215013,ETANG DE LACANAU,29/07/2008,"-1,10261","44,95756","0,5"
S1215013,ETANG DE LACANAU,29/07/2008,"-1,10255","44,95749","0,5"
S1215013,ETANG DE LACANAU,29/07/2008,"-1,10248","44,95742","0,5"
S1215013,ETANG DE LACANAU,29/07/2008,"-1,10241","44,95735","0,5"
S1215013,ETANG DE LACANAU,29/07/2008,"-1,10236","44,95727","0,5"
S1215013,ETANG DE LACANAU,29/07/2008,"-1,10386","44,95921","0,4"
S1215013,ETANG DE LACANAU,29/07/2008,"-1,10226","44,95712","0,5"
S1215013,ETANG DE LACANAU,29/07/2008,"-1,10311","44,95789","0,6"
S1215013,ETANG DE LACANAU,29/07/2008,"-1,10214","44,95698","0,8"
S1215013,ETANG DE LACANAU,29/07/2008,"-1,10211","44,95689","1,9"
S1215013,ETANG DE LACANAU,29/07/2008,"-1,10208","44,9568","2,5"
S1215013,ETANG DE LACANAU,29/07/2008,"-1,10203","44,95672",3
S1215013,ETANG DE LACANAU,29/07/2008,"-1,10198","44,95666","3,1"
S1215013,ETANG DE LACANAU,29/07/2008,"-1,10285","44,95773","0,4"
S1215013,ETANG DE LACANAU,29/07/2008,"-1,10231","44,9572","0,4"
S1215013,ETANG DE LACANAU,29/07/2008,"-1,10369","44,95836","0,6"
S1215013,ETANG DE LACANAU,29/07/2008,"-1,10283","44,96151","0,5"
S1215013,ETANG DE LACANAU,29/07/2008,"-1,10396","44,95897","0,6"
S1215013,ETANG DE LACANAU,29/07/2008,"-1,10394","44,95888","0,9"
S1215013,ETANG DE LACANAU,29/07/2008,"-1,10393","44,95879","0,9"
S1215013,ETANG DE LACANAU,29/07/2008,"-1,1039","44,9587","0,9"
S1215013,ETANG DE LACANAU,29/07/2008,"-1,10387","44,9586","0,9"
S1215013,ETANG DE LACANAU,29/07/2008,"-1,10276","44,95767","0,4"
S1215013,ETANG DE LACANAU,29/07/2008,"-1,10375","44,95844","0,7"
S1215013,ETANG DE LACANAU,29/07/2008,"-1,10293","44,95779","0,4"
S1215013,ETANG DE LACANAU,29/07/2008,"-1,10361","44,95829","0,8"
S1215013,ETANG DE LACANAU,29/07/2008,"-1,10353","44,95822","0,8"
S1215013,ETANG DE LACANAU,29/07/2008,"-1,10344","44,95815","0,9"
S1215013,ETANG DE LACANAU,29/07/2008,"-1,10336","44,95808","0,9"
S1215013,ETANG DE LACANAU,29/07/2008,"-1,10327","44,95801","0,8"
S1215013,ETANG DE LACANAU,29/07/2008,"-1,10321","44,95794","0,7"
S1215013,ETANG DE LACANAU,29/07/2008,"-1,10391","44,95914","0,6"
S1215013,ETANG DE LACANAU,29/07/2008,"-1,10382","44,95852","0,8"
S1215013,ETANG DE LACANAU,29/07/2008,"-1,09892","44,96249","1,1"
S1215013,ETANG DE LACANAU,29/07/2008,"-1,10283","44,96135","0,5"
S1215013,ETANG DE LACANAU,29/07/2008,"-1,09958","44,96275","1,4"
S1215013,ETANG DE LACANAU,29/07/2008,"-1,09945","44,96266","1,3"
S1215013,ETANG DE LACANAU,29/07/2008,"-1,09934","44,96258","1,3"
S1215013,ETANG DE LACANAU,29/07/2008,"-1,09925","44,96253",1
S1215013,ETANG DE LACANAU,29/07/2008,"-1,09917","44,9625",1
S1215013,ETANG DE LACANAU,29/07/2008,"-1,09982","44,96293","1,2"
S1215013,ETANG DE LACANAU,29/07/2008,"-1,09903","44,96244","0,9"
S1215013,ETANG DE LACANAU,29/07/2008,"-1,0999","44,96298","1,2"
S1215013,ETANG DE LACANAU,29/07/2008,"-1,09899","44,96258","0,7"
S1215013,ETANG DE LACANAU,29/07/2008,"-1,09914","44,96264","0,9"
S1215013,ETANG DE LACANAU,29/07/2008,"-1,09927","44,96271","1,1"
S1215013,ETANG DE LACANAU,29/07/2008,"-1,0994","44,96282","1,3"
S1215013,ETANG DE LACANAU,29/07/2008,"-1,09951","44,96294","1,1"
S1215013,ETANG DE LACANAU,29/07/2008,"-1,09962","44,96305","1,1"
S1215013,ETANG DE LACANAU,29/07/2008,"-1,0991","44,96247","0,9"
S1215013,ETANG DE LACANAU,29/07/2008,"-1,1002","44,96319","0,5"
S1215013,ETANG DE LACANAU,29/07/2008,"-1,11911","44,94769","1,2"
S1215013,ETANG DE LACANAU,29/07/2008,"-1,11211","44,9525","0,4"
S1215013,ETANG DE LACANAU,29/07/2008,"-1,10058","44,96328","0,5"
S1215013,ETANG DE LACANAU,29/07/2008,"-1,10051","44,96327","0,4"
S1215013,ETANG DE LACANAU,29/07/2008,"-1,10045","44,96326","0,4"
S1215013,ETANG DE LACANAU,29/07/2008,"-1,10038","44,96324","0,4"
S1215013,ETANG DE LACANAU,29/07/2008,"-1,09971","44,96284","1,3"
S1215013,ETANG DE LACANAU,29/07/2008,"-1,10026","44,96321","0,5"
S1215013,ETANG DE LACANAU,29/07/2008,"-1,09988","44,96339","0,9"
S1215013,ETANG DE LACANAU,29/07/2008,"-1,10016","44,96315","0,5"
S1215013,ETANG DE LACANAU,29/07/2008,"-1,10013","44,9631","0,6"
S1215013,ETANG DE LACANAU,29/07/2008,"-1,10009","44,96307","0,7"
S1215013,ETANG DE LACANAU,29/07/2008,"-1,10005","44,96304","0,9"
S1215013,ETANG DE LACANAU,29/07/2008,"-1,1","44,96302","1,1"
S1215013,ETANG DE LACANAU,29/07/2008,"-1,09994","44,963","1,1"
S1215013,ETANG DE LACANAU,29/07/2008,"-1,10032","44,96323","0,5"
S1215013,ETANG DE LACANAU,29/07/2008,"-1,10291","44,96206","0,8"
S1215013,ETANG DE LACANAU,29/07/2008,"-1,10221","44,96269","1,2"
S1215013,ETANG DE LACANAU,29/07/2008,"-1,1023","44,96264","1,5"
S1215013,ETANG DE LACANAU,29/07/2008,"-1,10241","44,96259","1,7"
S1215013,ETANG DE LACANAU,29/07/2008,"-1,10254","44,96255","1,5"
S1215013,ETANG DE LACANAU,29/07/2008,"-1,10266","44,96249","1,4"
S1215013,ETANG DE LACANAU,29/07/2008,"-1,10278","44,96241","1,4"
S1215013,ETANG DE LACANAU,29/07/2008,"-1,09971","44,96316","0,9"
S1215013,ETANG DE LACANAU,29/07/2008,"-1,1029","44,96219","1,2"
S1215013,ETANG DE LACANAU,29/07/2008,"-1,10204","44,96285","0,8"
S1215013,ETANG DE LACANAU,29/07/2008,"-1,10291","44,96196","0,7"
S1215013,ETANG DE LACANAU,29/07/2008,"-1,10293","44,96187","0,6"
S1215013,ETANG DE LACANAU,29/07/2008,"-1,10294","44,96179","0,4"
S1215013,ETANG DE LACANAU,29/07/2008,"-1,10295","44,96172","0,5"
S1215013,ETANG DE LACANAU,29/07/2008,"-1,10291","44,96165","0,5"
S1215013,ETANG DE LACANAU,29/07/2008,"-1,10285","44,96159","0,5"
S1215013,ETANG DE LACANAU,29/07/2008,"-1,10286","44,96231","1,4"
S1215013,ETANG DE LACANAU,29/07/2008,"-1,10099","44,96349","1,1"
S1215013,ETANG DE LACANAU,29/07/2008,"-1,10161","44,95624",3
S1215013,ETANG DE LACANAU,29/07/2008,"-1,09995","44,9635","0,8"
S1215013,ETANG DE LACANAU,29/07/2008,"-1,10002","44,96361","0,7"
S1215013,ETANG DE LACANAU,29/07/2008,"-1,10011","44,96371","0,8"
S1215013,ETANG DE LACANAU,29/07/2008,"-1,10028","44,96374",1
S1215013,ETANG DE LACANAU,29/07/2008,"-1,10047","44,96371","1,1"
S1215013,ETANG DE LACANAU,29/07/2008,"-1,10215","44,96275",1
S1215013,ETANG DE LACANAU,29/07/2008,"-1,10081","44,96358","1,1"
S1215013,ETANG DE LACANAU,29/07/2008,"-1,1021","44,96281","0,9"
S1215013,ETANG DE LACANAU,29/07/2008,"-1,10117","44,96339",1
S1215013,ETANG DE LACANAU,29/07/2008,"-1,10136","44,96328","0,9"
S1215013,ETANG DE LACANAU,29/07/2008,"-1,10159","44,96314","0,6"
S1215013,ETANG DE LACANAU,29/07/2008,"-1,10175","44,96305","0,6"
S1215013,ETANG DE LACANAU,29/07/2008,"-1,10185","44,96298","0,6"
S1215013,ETANG DE LACANAU,29/07/2008,"-1,10195","44,96291","0,5"
S1215013,ETANG DE LACANAU,29/07/2008,"-1,0998","44,96327","0,9"
S1215013,ETANG DE LACANAU,29/07/2008,"-1,10065","44,96366",1
S1215013,ETANG DE LACANAU,29/07/2008,"-1,09791","44,95698","0,5"
S1215013,ETANG DE LACANAU,29/07/2008,"-1,09836","44,95713","0,7"
S1215013,ETANG DE LACANAU,29/07/2008,"-1,09779","44,95693","0,6"
S1215013,ETANG DE LACANAU,29/07/2008,"-1,09778","44,95693","0,4"
S1215013,ETANG DE LACANAU,29/07/2008,"-1,09779","44,95698","0,5"
S1215013,ETANG DE LACANAU,29/07/2008,"-1,09782","44,957","0,5"
S1215013,ETANG DE LACANAU,29/07/2008,"-1,09788","44,957","0,4"
S1215013,ETANG DE LACANAU,29/07/2008,"-1,09782","44,95693","0,5"
S1215013,ETANG DE LACANAU,29/07/2008,"-1,0979","44,95699","0,5"
S1215013,ETANG DE LACANAU,29/07/2008,"-1,09784","44,95693","0,4"
S1215013,ETANG DE LACANAU,29/07/2008,"-1,09796","44,95697","0,5"
S1215013,ETANG DE LACANAU,29/07/2008,"-1,09798","44,95697","0,5"
S1215013,ETANG DE LACANAU,29/07/2008,"-1,098","44,95698","0,4"
S1215013,ETANG DE LACANAU,29/07/2008,"-1,09801","44,95699","0,4"
S1215013,ETANG DE LACANAU,29/07/2008,"-1,09803","44,957","0,4"
S1215013,ETANG DE LACANAU,29/07/2008,"-1,09806","44,957","0,5"
S1215013,ETANG DE LACANAU,29/07/2008,"-1,0979","44,957","0,5"
S1215013,ETANG DE LACANAU,29/07/2008,"-1,09794","44,95697","0,6"
S1215013,ETANG DE LACANAU,29/07/2008,"-1,10189","44,9565",3
S1215013,ETANG DE LACANAU,29/07/2008,"-1,09832","44,95707","0,6"
S1215013,ETANG DE LACANAU,29/07/2008,"-1,09824","44,95703","0,7"
S1215013,ETANG DE LACANAU,29/07/2008,"-1,09815","44,95702","0,6"
S1215013,ETANG DE LACANAU,29/07/2008,"-1,09807","44,95701","0,4"
S1215013,ETANG DE LACANAU,29/07/2008,"-1,09799","44,95699","0,6"
S1215013,ETANG DE LACANAU,29/07/2008,"-1,0978","44,95693","0,6"
S1215013,ETANG DE LACANAU,29/07/2008,"-1,09795","44,95697","0,5"
S1215013,ETANG DE LACANAU,29/07/2008,"-1,09812","44,95702","0,6"
S1215013,ETANG DE LACANAU,29/07/2008,"-1,09793","44,95696","0,7"
S1215013,ETANG DE LACANAU,29/07/2008,"-1,09792","44,95696","0,5"
S1215013,ETANG DE LACANAU,29/07/2008,"-1,09788","44,95696","0,5"
S1215013,ETANG DE LACANAU,29/07/2008,"-1,09787","44,95694","0,5"
S1215013,ETANG DE LACANAU,29/07/2008,"-1,09786","44,95694","0,5"
S1215013,ETANG DE LACANAU,29/07/2008,"-1,09785","44,95693","0,4"
S1215013,ETANG DE LACANAU,29/07/2008,"-1,09796","44,95697","0,4"
S1215013,ETANG DE LACANAU,29/07/2008,"-1,09917","44,95681","0,6"
S1215013,ETANG DE LACANAU,29/07/2008,"-1,09892","44,95711","0,4"
S1215013,ETANG DE LACANAU,29/07/2008,"-1,09901","44,95708","0,5"
S1215013,ETANG DE LACANAU,29/07/2008,"-1,09905","44,95705","0,5"
S1215013,ETANG DE LACANAU,29/07/2008,"-1,09909","44,95702","0,6"
S1215013,ETANG DE LACANAU,29/07/2008,"-1,09911","44,95698","0,6"
S1215013,ETANG DE LACANAU,29/07/2008,"-1,09912","44,95694","0,6"
S1215013,ETANG DE LACANAU,29/07/2008,"-1,09808","44,957","0,5"
S1215013,ETANG DE LACANAU,29/07/2008,"-1,09914","44,95685","0,6"
S1215013,ETANG DE LACANAU,29/07/2008,"-1,09875","44,95721","0,7"
S1215013,ETANG DE LACANAU,29/07/2008,"-1,09919","44,95676","0,6"
S1215013,ETANG DE LACANAU,29/07/2008,"-1,09922","44,9567","0,7"
S1215013,ETANG DE LACANAU,29/07/2008,"-1,09922","44,95665","0,8"
S1215013,ETANG DE LACANAU,29/07/2008,"-1,09922","44,95657","0,9"
S1215013,ETANG DE LACANAU,29/07/2008,"-1,09921","44,9565",1
S1215013,ETANG DE LACANAU,29/07/2008,"-1,09917","44,95643","0,9"
S1215013,ETANG DE LACANAU,29/07/2008,"-1,09913","44,9569","0,6"
S1215013,ETANG DE LACANAU,29/07/2008,"-1,09834","44,95731","0,8"
S1215013,ETANG DE LACANAU,29/07/2008,"-1,09835","44,95715","0,7"
S1215013,ETANG DE LACANAU,29/07/2008,"-1,09814","44,95705","0,6"
S1215013,ETANG DE LACANAU,29/07/2008,"-1,09816","44,95709","0,6"
S1215013,ETANG DE LACANAU,29/07/2008,"-1,09818","44,95712","0,6"
S1215013,ETANG DE LACANAU,29/07/2008,"-1,09821","44,95716","0,6"
S1215013,ETANG DE LACANAU,29/07/2008,"-1,09825","44,95719","0,7"
S1215013,ETANG DE LACANAU,29/07/2008,"-1,09887","44,95714","0,4"
S1215013,ETANG DE LACANAU,29/07/2008,"-1,09833","44,95726","0,7"
S1215013,ETANG DE LACANAU,29/07/2008,"-1,09881","44,95718","0,4"
S1215013,ETANG DE LACANAU,29/07/2008,"-1,09837","44,95736","0,8"
S1215013,ETANG DE LACANAU,29/07/2008,"-1,09843","44,95738","0,7"
S1215013,ETANG DE LACANAU,29/07/2008,"-1,09851","44,95738","0,7"
S1215013,ETANG DE LACANAU,29/07/2008,"-1,09857","44,95735","0,8"
S1215013,ETANG DE LACANAU,29/07/2008,"-1,09863","44,9573","0,8"
S1215013,ETANG DE LACANAU,29/07/2008,"-1,09869","44,95726","0,8"
S1215013,ETANG DE LACANAU,29/07/2008,"-1,0981","44,95701","0,5"
S1215013,ETANG DE LACANAU,29/07/2008,"-1,0983","44,95722","0,7"
S1215013,ETANG DE LACANAU,29/07/2008,"-1,09904","44,95644","0,7"
S1215013,ETANG DE LACANAU,29/07/2008,"-1,09836","44,95711","0,7"
S1215013,ETANG DE LACANAU,29/07/2008,"-1,09903","44,95579","0,8"
S1215013,ETANG DE LACANAU,29/07/2008,"-1,09902","44,95591","0,9"
S1215013,ETANG DE LACANAU,29/07/2008,"-1,09905","44,95602","1,2"
S1215013,ETANG DE LACANAU,29/07/2008,"-1,09912","44,95612","0,9"
S1215013,ETANG DE LACANAU,29/07/2008,"-1,09911","44,95621","0,9"
S1215013,ETANG DE LACANAU,29/07/2008,"-1,09915","44,9555","1,8"
S1215013,ETANG DE LACANAU,29/07/2008,"-1,09898","44,95634","0,7"
S1215013,ETANG DE LACANAU,29/07/2008,"-1,09923","44,95536",2
S1215013,ETANG DE LACANAU,29/07/2008,"-1,09911","44,95653","0,9"
S1215013,ETANG DE LACANAU,29/07/2008,"-1,09915","44,95662","0,9"
S1215013,ETANG DE LACANAU,29/07/2008,"-1,09918","44,95671","0,7"
S1215013,ETANG DE LACANAU,29/07/2008,"-1,09921","44,95679","0,7"
S1215013,ETANG DE LACANAU,29/07/2008,"-1,09924","44,95687","0,6"
S1215013,ETANG DE LACANAU,29/07/2008,"-1,09927","44,95697","0,6"
S1215013,ETANG DE LACANAU,29/07/2008,"-1,09899","44,95625","1,1"
S1215013,ETANG DE LACANAU,29/07/2008,"-1,10032","44,95516","2,5"
S1215013,ETANG DE LACANAU,29/07/2008,"-1,10149","44,95612","2,6"
S1215013,ETANG DE LACANAU,29/07/2008,"-1,10136","44,95599","2,5"
S1215013,ETANG DE LACANAU,29/07/2008,"-1,10123","44,95587","2,5"
S1215013,ETANG DE LACANAU,29/07/2008,"-1,10112","44,95573","2,5"
S1215013,ETANG DE LACANAU,29/07/2008,"-1,10098","44,95558",2
S1215013,ETANG DE LACANAU,29/07/2008,"-1,10084","44,95546","2,2"
S1215013,ETANG DE LACANAU,29/07/2008,"-1,09908","44,95565","1,3"
S1215013,ETANG DE LACANAU,29/07/2008,"-1,1005","44,95526","2,4"
S1215013,ETANG DE LACANAU,29/07/2008,"-1,09915","44,95716","0,7"
S1215013,ETANG DE LACANAU,29/07/2008,"-1,10016","44,95505","2,5"
S1215013,ETANG DE LACANAU,29/07/2008,"-1,10002","44,95493","2,5"
S1215013,ETANG DE LACANAU,29/07/2008,"-1,09983","44,9549","2,6"
S1215013,ETANG DE LACANAU,29/07/2008,"-1,09964","44,95498","2,6"
S1215013,ETANG DE LACANAU,29/07/2008,"-1,09949","44,9551","2,4"
S1215013,ETANG DE LACANAU,29/07/2008,"-1,09935","44,95523","1,9"
S1215013,ETANG DE LACANAU,29/07/2008,"-1,10068","44,95535","2,2"
S1215013,ETANG DE LACANAU,29/07/2008,"-1,09837","44,95716","0,7"
S1215013,ETANG DE LACANAU,29/07/2008,"-1,09837","44,95721","0,8"
S1215013,ETANG DE LACANAU,29/07/2008,"-1,09837","44,95721","0,7"
S1215013,ETANG DE LACANAU,29/07/2008,"-1,09837","44,9572","0,8"
S1215013,ETANG DE LACANAU,29/07/2008,"-1,09837","44,95718","0,8"
S1215013,ETANG DE LACANAU,29/07/2008,"-1,09837","44,95717","0,7"
S1215013,ETANG DE LACANAU,29/07/2008,"-1,09837","44,95717","0,7"
S1215013,ETANG DE LACANAU,29/07/2008,"-1,09927","44,95706","0,7"
S1215013,ETANG DE LACANAU,29/07/2008,"-1,09837","44,95716","0,7"
S1215013,ETANG DE LACANAU,29/07/2008,"-1,09837","44,95722","0,8"
S1215013,ETANG DE LACANAU,29/07/2008,"-1,09837","44,95716","0,8"
S1215013,ETANG DE LACANAU,29/07/2008,"-1,09836","44,95716","0,7"
S1215013,ETANG DE LACANAU,29/07/2008,"-1,09836","44,95716","0,7"
S1215013,ETANG DE LACANAU,29/07/2008,"-1,09835","44,95716","0,8"
S1215013,ETANG DE LACANAU,29/07/2008,"-1,09835","44,95715","0,7"
S1215013,ETANG DE LACANAU,29/07/2008,"-1,09835","44,95715","0,7"
S1215013,ETANG DE LACANAU,29/07/2008,"-1,09837","44,95716","0,7"
S1215013,ETANG DE LACANAU,29/07/2008,"-1,09864","44,9572","0,7"
S1215013,ETANG DE LACANAU,29/07/2008,"-1,09912","44,95635","0,9"
S1215013,ETANG DE LACANAU,29/07/2008,"-1,0991","44,95719","0,6"
S1215013,ETANG DE LACANAU,29/07/2008,"-1,09906","44,95722","0,6"
S1215013,ETANG DE LACANAU,29/07/2008,"-1,099","44,95722","0,5"
S1215013,ETANG DE LACANAU,29/07/2008,"-1,09894","44,95721","0,4"
S1215013,ETANG DE LACANAU,29/07/2008,"-1,0989","44,9572","0,3"
S1215013,ETANG DE LACANAU,29/07/2008,"-1,09837","44,95721","0,8"
S1215013,ETANG DE LACANAU,29/07/2008,"-1,09871","44,95719","0,6"
S1215013,ETANG DE LACANAU,29/07/2008,"-1,09837","44,95721","0,7"
S1215013,ETANG DE LACANAU,29/07/2008,"-1,09856","44,95722","0,8"
S1215013,ETANG DE LACANAU,29/07/2008,"-1,09849","44,95724","0,8"
S1215013,ETANG DE LACANAU,29/07/2008,"-1,09845","44,95724","0,8"
S1215013,ETANG DE LACANAU,29/07/2008,"-1,09842","44,95725","0,8"
S1215013,ETANG DE LACANAU,29/07/2008,"-1,0984","44,95724","0,8"
S1215013,ETANG DE LACANAU,29/07/2008,"-1,09838","44,95722","0,8"
S1215013,ETANG DE LACANAU,29/07/2008,"-1,09922","44,95712","0,7"
S1215013,ETANG DE LACANAU,29/07/2008,"-1,09878","44,95719","0,4"
S1215013,ETANG DE LACANAU,29/07/2008,"-1,11978","44,94051","0,5"
S1215013,ETANG DE LACANAU,29/07/2008,"-1,12104","44,94187",1
S1215013,ETANG DE LACANAU,29/07/2008,"-1,11927","44,94064","0,5"
S1215013,ETANG DE LACANAU,29/07/2008,"-1,11932","44,94058","0,6"
S1215013,ETANG DE LACANAU,29/07/2008,"-1,11937","44,94052","0,6"
S1215013,ETANG DE LACANAU,29/07/2008,"-1,11941","44,94047","0,6"
S1215013,ETANG DE LACANAU,29/07/2008,"-1,11948","44,94042","0,6"
S1215013,ETANG DE LACANAU,29/07/2008,"-1,11925","44,94074","0,5"
S1215013,ETANG DE LACANAU,29/07/2008,"-1,11967","44,94043","0,6"
S1215013,ETANG DE LACANAU,29/07/2008,"-1,11917","44,94078","0,5"
S1215013,ETANG DE LACANAU,29/07/2008,"-1,11993","44,94061","0,6"
S1215013,ETANG DE LACANAU,29/07/2008,"-1,12019","44,94072","0,6"
S1215013,ETANG DE LACANAU,29/07/2008,"-1,1204","44,94089","0,7"
S1215013,ETANG DE LACANAU,29/07/2008,"-1,12063","44,94108","0,8"
S1215013,ETANG DE LACANAU,29/07/2008,"-1,12086","44,9413","0,8"
S1215013,ETANG DE LACANAU,29/07/2008,"-1,11409","44,94918","0,5"
S1215013,ETANG DE LACANAU,29/07/2008,"-1,11958","44,94041","0,6"
S1215013,ETANG DE LACANAU,29/07/2008,"-1,11863","44,9409","0,5"
S1215013,ETANG DE LACANAU,29/07/2008,"-1,11823","44,94139","0,5"
S1215013,ETANG DE LACANAU,29/07/2008,"-1,11826","44,94131","0,6"
S1215013,ETANG DE LACANAU,29/07/2008,"-1,1183","44,94123","0,5"
S1215013,ETANG DE LACANAU,29/07/2008,"-1,11836","44,94116","0,5"
S1215013,ETANG DE LACANAU,29/07/2008,"-1,11842","44,94109","0,5"
S1215013,ETANG DE LACANAU,29/07/2008,"-1,11848","44,94103","0,5"
S1215013,ETANG DE LACANAU,29/07/2008,"-1,11927","44,9407","0,5"
S1215013,ETANG DE LACANAU,29/07/2008,"-1,11861","44,94095","0,5"
S1215013,ETANG DE LACANAU,29/07/2008,"-1,12105","44,94217",1
S1215013,ETANG DE LACANAU,29/07/2008,"-1,11867","44,94085","0,5"
S1215013,ETANG DE LACANAU,29/07/2008,"-1,11874","44,94081","0,5"
S1215013,ETANG DE LACANAU,29/07/2008,"-1,11881","44,94079","0,5"
S1215013,ETANG DE LACANAU,29/07/2008,"-1,1189","44,94078","0,5"
S1215013,ETANG DE LACANAU,29/07/2008,"-1,11899","44,94077","0,5"
S1215013,ETANG DE LACANAU,29/07/2008,"-1,11908","44,94079","0,5"
S1215013,ETANG DE LACANAU,29/07/2008,"-1,11855","44,94099","0,5"
S1215013,ETANG DE LACANAU,29/07/2008,"-1,11865","44,94771","0,5"
S1215013,ETANG DE LACANAU,29/07/2008,"-1,12099","44,94158","0,9"
S1215013,ETANG DE LACANAU,29/07/2008,"-1,11968","44,94717",2
S1215013,ETANG DE LACANAU,29/07/2008,"-1,11949","44,9473","2,4"
S1215013,ETANG DE LACANAU,29/07/2008,"-1,11927","44,94746",2
S1215013,ETANG DE LACANAU,29/07/2008,"-1,11906","44,94762","1,7"
S1215013,ETANG DE LACANAU,29/07/2008,"-1,11894","44,94768",1
S1215013,ETANG DE LACANAU,29/07/2008,"-1,11998","44,94698","1,4"
S1215013,ETANG DE LACANAU,29/07/2008,"-1,11874","44,9477","0,5"
S1215013,ETANG DE LACANAU,29/07/2008,"-1,12013","44,94678",1
S1215013,ETANG DE LACANAU,29/07/2008,"-1,11859","44,94775","0,5"
S1215013,ETANG DE LACANAU,29/07/2008,"-1,11852","44,94776","0,6"
S1215013,ETANG DE LACANAU,29/07/2008,"-1,11843","44,94776","0,6"
S1215013,ETANG DE LACANAU,29/07/2008,"-1,11833","44,94775","0,6"
S1215013,ETANG DE LACANAU,29/07/2008,"-1,11822","44,94773","0,6"
S1215013,ETANG DE LACANAU,29/07/2008,"-1,11811","44,94772","0,7"
S1215013,ETANG DE LACANAU,29/07/2008,"-1,11883","44,9477","0,5"
S1215013,ETANG DE LACANAU,29/07/2008,"-1,12067","44,94491","1,1"
S1215013,ETANG DE LACANAU,29/07/2008,"-1,12106","44,94246",1
S1215013,ETANG DE LACANAU,29/07/2008,"-1,12106","44,94276",1
S1215013,ETANG DE LACANAU,29/07/2008,"-1,12106","44,94306",1
S1215013,ETANG DE LACANAU,29/07/2008,"-1,12102","44,94336","1,1"
S1215013,ETANG DE LACANAU,29/07/2008,"-1,12097","44,94369","1,1"
S1215013,ETANG DE LACANAU,29/07/2008,"-1,12094","44,94403",1
S1215013,ETANG DE LACANAU,29/07/2008,"-1,11986","44,94708","1,8"
S1215013,ETANG DE LACANAU,29/07/2008,"-1,12077","44,94461","1,1"
S1215013,ETANG DE LACANAU,29/07/2008,"-1,11827","44,94162","0,5"
S1215013,ETANG DE LACANAU,29/07/2008,"-1,12061","44,94517","1,1"
S1215013,ETANG DE LACANAU,29/07/2008,"-1,12054","44,94543","1,2"
S1215013,ETANG DE LACANAU,29/07/2008,"-1,12049","44,94569","1,2"
S1215013,ETANG DE LACANAU,29/07/2008,"-1,12046","44,94597","1,3"
S1215013,ETANG DE LACANAU,29/07/2008,"-1,1204","44,94624","1,2"
S1215013,ETANG DE LACANAU,29/07/2008,"-1,12029","44,94652","1,1"
S1215013,ETANG DE LACANAU,29/07/2008,"-1,12088","44,94431",1
S1215013,ETANG DE LACANAU,29/07/2008,"-1,11831","44,94852",1
S1215013,ETANG DE LACANAU,29/07/2008,"-1,11821","44,94147","0,5"
S1215013,ETANG DE LACANAU,29/07/2008,"-1,11738","44,94859",1
S1215013,ETANG DE LACANAU,29/07/2008,"-1,11787","44,94866","0,9"
S1215013,ETANG DE LACANAU,29/07/2008,"-1,11833","44,94877","1,1"
S1215013,ETANG DE LACANAU,29/07/2008,"-1,11856","44,94871","0,8"
S1215013,ETANG DE LACANAU,29/07/2008,"-1,11859","44,94863","0,9"
S1215013,ETANG DE LACANAU,29/07/2008,"-1,11651","44,94849","0,9"
S1215013,ETANG DE LACANAU,29/07/2008,"-1,11843","44,94852",1
S1215013,ETANG DE LACANAU,29/07/2008,"-1,11631","44,94846","0,6"
S1215013,ETANG DE LACANAU,29/07/2008,"-1,11822","44,94848","0,9"
S1215013,ETANG DE LACANAU,29/07/2008,"-1,11829","44,9484","0,8"
S1215013,ETANG DE LACANAU,29/07/2008,"-1,1184","44,94832","0,9"
S1215013,ETANG DE LACANAU,29/07/2008,"-1,11852","44,94824","0,8"
S1215013,ETANG DE LACANAU,29/07/2008,"-1,11864","44,94816","0,7"
S1215013,ETANG DE LACANAU,29/07/2008,"-1,11878","44,94808","0,6"
S1215013,ETANG DE LACANAU,29/07/2008,"-1,11853","44,94856","0,9"
S1215013,ETANG DE LACANAU,29/07/2008,"-1,11533","44,94864","0,5"
S1215013,ETANG DE LACANAU,29/07/2008,"-1,11898","44,94783","0,6"
S1215013,ETANG DE LACANAU,29/07/2008,"-1,11409","44,94918","0,5"
S1215013,ETANG DE LACANAU,29/07/2008,"-1,11415","44,94916","0,5"
S1215013,ETANG DE LACANAU,29/07/2008,"-1,11432","44,94943","0,5"
S1215013,ETANG DE LACANAU,29/07/2008,"-1,11457","44,94842","0,5"
S1215013,ETANG DE LACANAU,29/07/2008,"-1,11458","44,94862","0,5"
S1215013,ETANG DE LACANAU,29/07/2008,"-1,11692","44,94855",1
S1215013,ETANG DE LACANAU,29/07/2008,"-1,11516","44,94872","0,5"
S1215013,ETANG DE LACANAU,29/07/2008,"-1,10066","44,96327","0,5"
S1215013,ETANG DE LACANAU,29/07/2008,"-1,11549","44,94858","0,5"
S1215013,ETANG DE LACANAU,29/07/2008,"-1,11562","44,94852","0,5"
S1215013,ETANG DE LACANAU,29/07/2008,"-1,11573","44,94848","0,5"
S1215013,ETANG DE LACANAU,29/07/2008,"-1,11585","44,94845","0,5"
S1215013,ETANG DE LACANAU,29/07/2008,"-1,11598","44,94844","0,5"
S1215013,ETANG DE LACANAU,29/07/2008,"-1,11616","44,94844","0,6"
S1215013,ETANG DE LACANAU,29/07/2008,"-1,11457","44,94949","0,5"
S1215013,ETANG DE LACANAU,29/07/2008,"-1,11873","44,9424","0,7"
S1215013,ETANG DE LACANAU,29/07/2008,"-1,11861","44,94432","0,7"
S1215013,ETANG DE LACANAU,29/07/2008,"-1,11845","44,94413","0,7"
S1215013,ETANG DE LACANAU,29/07/2008,"-1,1185","44,9439","0,7"
S1215013,ETANG DE LACANAU,29/07/2008,"-1,11859","44,94366","0,7"
S1215013,ETANG DE LACANAU,29/07/2008,"-1,11866","44,9434","0,6"
S1215013,ETANG DE LACANAU,29/07/2008,"-1,11872","44,94314","0,6"
S1215013,ETANG DE LACANAU,29/07/2008,"-1,11891","44,94796","0,4"
S1215013,ETANG DE LACANAU,29/07/2008,"-1,11887","44,94266","0,7"
S1215013,ETANG DE LACANAU,29/07/2008,"-1,11891","44,94499","0,8"
S1215013,ETANG DE LACANAU,29/07/2008,"-1,11853","44,94218","0,5"
S1215013,ETANG DE LACANAU,29/07/2008,"-1,11845","44,94197","0,6"
S1215013,ETANG DE LACANAU,29/07/2008,"-1,11839","44,94184","0,5"
S1215013,ETANG DE LACANAU,29/07/2008,"-1,11836","44,94177","0,5"
S1215013,ETANG DE LACANAU,29/07/2008,"-1,11831","44,9417","0,5"
S1215013,ETANG DE LACANAU,29/07/2008,"-1,11774","44,94768","0,7"
S1215013,ETANG DE LACANAU,29/07/2008,"-1,11884","44,94292","0,7"
S1215013,ETANG DE LACANAU,29/07/2008,"-1,11925","44,94663","0,8"
S1215013,ETANG DE LACANAU,29/07/2008,"-1,11823","44,94154","0,6"
S1215013,ETANG DE LACANAU,29/07/2008,"-1,11905","44,94776","0,8"
S1215013,ETANG DE LACANAU,29/07/2008,"-1,10481","44,98316","0,5"
S1215013,ETANG DE LACANAU,29/07/2008,"-1,11917","44,94759","1,7"
S1215013,ETANG DE LACANAU,29/07/2008,"-1,11922","44,94747","1,9"
S1215013,ETANG DE LACANAU,29/07/2008,"-1,11924","44,94731","2,2"
S1215013,ETANG DE LACANAU,29/07/2008,"-1,11872","44,94455","0,8"
S1215013,ETANG DE LACANAU,29/07/2008,"-1,11928","44,94689","0,8"
S1215013,ETANG DE LACANAU,29/07/2008,"-1,11881","44,94478","0,8"
S1215013,ETANG DE LACANAU,29/07/2008,"-1,11922","44,94636",1
S1215013,ETANG DE LACANAU,29/07/2008,"-1,11923","44,94609","1,2"
S1215013,ETANG DE LACANAU,29/07/2008,"-1,11915","44,94584","0,9"
S1215013,ETANG DE LACANAU,29/07/2008,"-1,11905","44,94558","0,8"
S1215013,ETANG DE LACANAU,29/07/2008,"-1,11901","44,94535","0,8"
S1215013,ETANG DE LACANAU,29/07/2008,"-1,11897","44,94517","0,8"
S1215013,ETANG DE LACANAU,29/07/2008,"-1,11895","44,94789","0,4"
S1215013,ETANG DE LACANAU,29/07/2008,"-1,11927","44,94712","2,1"
S1215013,ETANG DE LACANAU,29/07/2008,"-1,11833","44,94461","0,6"
S1215013,ETANG DE LACANAU,29/07/2008,"-1,11874","44,94714","1,3"
S1215013,ETANG DE LACANAU,29/07/2008,"-1,11863","44,94534","0,6"
S1215013,ETANG DE LACANAU,29/07/2008,"-1,1186","44,94523","0,7"
S1215013,ETANG DE LACANAU,29/07/2008,"-1,11856","44,94512","0,7"
S1215013,ETANG DE LACANAU,29/07/2008,"-1,1185","44,94502","0,7"
S1215013,ETANG DE LACANAU,29/07/2008,"-1,11846","44,94492","0,7"
S1215013,ETANG DE LACANAU,29/07/2008,"-1,11871","44,94555","0,6"
S1215013,ETANG DE LACANAU,29/07/2008,"-1,11838","44,94472","0,6"
S1215013,ETANG DE LACANAU,29/07/2008,"-1,11875","44,94568","0,7"
S1215013,ETANG DE LACANAU,29/07/2008,"-1,11828","44,94452","0,6"
S1215013,ETANG DE LACANAU,29/07/2008,"-1,11824","44,94442","0,6"
S1215013,ETANG DE LACANAU,29/07/2008,"-1,11818","44,94432","0,6"
S1215013,ETANG DE LACANAU,29/07/2008,"-1,11812","44,94423","0,5"
S1215013,ETANG DE LACANAU,29/07/2008,"-1,11807","44,94414","0,5"
S1215013,ETANG DE LACANAU,29/07/2008,"-1,11803","44,94404","0,6"
S1215013,ETANG DE LACANAU,29/07/2008,"-1,11841","44,94483","0,7"
S1215013,ETANG DE LACANAU,29/07/2008,"-1,11882","44,94639","0,7"
S1215013,ETANG DE LACANAU,29/07/2008,"-1,11799","44,9477","0,7"
S1215013,ETANG DE LACANAU,29/07/2008,"-1,1188","44,94698","2,3"
S1215013,ETANG DE LACANAU,29/07/2008,"-1,11886","44,94688","1,8"
S1215013,ETANG DE LACANAU,29/07/2008,"-1,11889","44,94679","0,7"
S1215013,ETANG DE LACANAU,29/07/2008,"-1,11891","44,94671","0,5"
S1215013,ETANG DE LACANAU,29/07/2008,"-1,11889","44,94663","0,6"
S1215013,ETANG DE LACANAU,29/07/2008,"-1,11868","44,94545","0,7"
S1215013,ETANG DE LACANAU,29/07/2008,"-1,11886","44,94648","0,8"
S1215013,ETANG DE LACANAU,29/07/2008,"-1,11787","44,94377","0,5"
S1215013,ETANG DE LACANAU,29/07/2008,"-1,11878","44,94629","0,6"
S1215013,ETANG DE LACANAU,29/07/2008,"-1,11875","44,94619",1
S1215013,ETANG DE LACANAU,29/07/2008,"-1,11874","44,94609","1,6"
S1215013,ETANG DE LACANAU,29/07/2008,"-1,11875","44,94599",2
S1215013,ETANG DE LACANAU,29/07/2008,"-1,11878","44,94588","1,2"
S1215013,ETANG DE LACANAU,29/07/2008,"-1,11878","44,94578","0,8"
S1215013,ETANG DE LACANAU,29/07/2008,"-1,11888","44,94656","0,7"
S1215013,ETANG DE LACANAU,29/07/2008,"-1,11736","44,94221","0,4"
S1215013,ETANG DE LACANAU,29/07/2008,"-1,11752","44,94266","0,5"
S1215013,ETANG DE LACANAU,29/07/2008,"-1,11748","44,9426","0,5"
S1215013,ETANG DE LACANAU,29/07/2008,"-1,11745","44,94254","0,4"
S1215013,ETANG DE LACANAU,29/07/2008,"-1,11743","44,94248","0,4"
S1215013,ETANG DE LACANAU,29/07/2008,"-1,1174","44,94243","0,4"
S1215013,ETANG DE LACANAU,29/07/2008,"-1,11738","44,94237","0,4"
S1215013,ETANG DE LACANAU,29/07/2008,"-1,11799","44,94394","0,6"
S1215013,ETANG DE LACANAU,29/07/2008,"-1,11736","44,94227","0,4"
S1215013,ETANG DE LACANAU,29/07/2008,"-1,11759","44,94286","0,5"
S1215013,ETANG DE LACANAU,29/07/2008,"-1,11736","44,94216","0,4"
S1215013,ETANG DE LACANAU,29/07/2008,"-1,11735","44,9421","0,4"
S1215013,ETANG DE LACANAU,29/07/2008,"-1,11734","44,94204","0,4"
S1215013,ETANG DE LACANAU,29/07/2008,"-1,11732","44,94198","0,4"
S1215013,ETANG DE LACANAU,29/07/2008,"-1,1173","44,94193","0,4"
S1215013,ETANG DE LACANAU,29/07/2008,"-1,11728","44,94187","0,4"
S1215013,ETANG DE LACANAU,29/07/2008,"-1,11737","44,94232","0,4"
S1215013,ETANG DE LACANAU,29/07/2008,"-1,11763","44,94325","0,5"
S1215013,ETANG DE LACANAU,29/07/2008,"-1,11868","44,94721","0,7"
S1215013,ETANG DE LACANAU,29/07/2008,"-1,11783","44,94369","0,5"
S1215013,ETANG DE LACANAU,29/07/2008,"-1,1178","44,94362","0,6"
S1215013,ETANG DE LACANAU,29/07/2008,"-1,11777","44,94355","0,6"
S1215013,ETANG DE LACANAU,29/07/2008,"-1,11775","44,94349","0,6"
S1215013,ETANG DE LACANAU,29/07/2008,"-1,1177","44,94343","0,5"
S1215013,ETANG DE LACANAU,29/07/2008,"-1,11755","44,94272","0,5"
S1215013,ETANG DE LACANAU,29/07/2008,"-1,11765","44,94331","0,5"
S1215013,ETANG DE LACANAU,29/07/2008,"-1,11757","44,94279","0,5"
S1215013,ETANG DE LACANAU,29/07/2008,"-1,11762","44,9432","0,5"
S1215013,ETANG DE LACANAU,29/07/2008,"-1,1176","44,94314","0,5"
S1215013,ETANG DE LACANAU,29/07/2008,"-1,11759","44,94309","0,5"
S1215013,ETANG DE LACANAU,29/07/2008,"-1,11758","44,94303","0,5"
S1215013,ETANG DE LACANAU,29/07/2008,"-1,11759","44,94298","0,5"
S1215013,ETANG DE LACANAU,29/07/2008,"-1,11759","44,94292","0,5"
S1215013,ETANG DE LACANAU,29/07/2008,"-1,11794","44,94385","0,5"
S1215013,ETANG DE LACANAU,29/07/2008,"-1,11768","44,94337","0,5"
S1215013,ETANG DE LACANAU,29/07/2008,"-1,11543","44,94691","0,4"
S1215013,ETANG DE LACANAU,29/07/2008,"-1,11877","44,94707",2
S1215013,ETANG DE LACANAU,29/07/2008,"-1,116","44,94719","0,6"
S1215013,ETANG DE LACANAU,29/07/2008,"-1,11591","44,94715","0,6"
S1215013,ETANG DE LACANAU,29/07/2008,"-1,11584","44,9471","0,6"
S1215013,ETANG DE LACANAU,29/07/2008,"-1,11577","44,94706","0,6"
S1215013,ETANG DE LACANAU,29/07/2008,"-1,11569","44,94702","0,5"
S1215013,ETANG DE LACANAU,29/07/2008,"-1,11619","44,94724","0,6"
S1215013,ETANG DE LACANAU,29/07/2008,"-1,11552","44,94694","0,4"
S1215013,ETANG DE LACANAU,29/07/2008,"-1,11628","44,94726","0,6"
S1215013,ETANG DE LACANAU,29/07/2008,"-1,11535","44,94687","0,4"
S1215013,ETANG DE LACANAU,29/07/2008,"-1,11526","44,94684","0,4"
S1215013,ETANG DE LACANAU,29/07/2008,"-1,11518","44,9468","0,4"
S1215013,ETANG DE LACANAU,29/07/2008,"-1,11511","44,94676","0,4"
S1215013,ETANG DE LACANAU,29/07/2008,"-1,11503","44,94672","0,4"
S1215013,ETANG DE LACANAU,29/07/2008,"-1,11496","44,9467","0,4"
S1215013,ETANG DE LACANAU,29/07/2008,"-1,1156","44,94698","0,5"
S1215013,ETANG DE LACANAU,29/07/2008,"-1,11687","44,94736","0,6"
S1215013,ETANG DE LACANAU,29/07/2008,"-1,11409","44,94917","0,5"
S1215013,ETANG DE LACANAU,29/07/2008,"-1,11761","44,94766","0,7"
S1215013,ETANG DE LACANAU,29/07/2008,"-1,11749","44,94762","0,7"
S1215013,ETANG DE LACANAU,29/07/2008,"-1,1174","44,94755","0,6"
S1215013,ETANG DE LACANAU,29/07/2008,"-1,1173","44,94748","0,7"
S1215013,ETANG DE LACANAU,29/07/2008,"-1,1172","44,94743","0,6"
S1215013,ETANG DE LACANAU,29/07/2008,"-1,1161","44,94722","0,6"
S1215013,ETANG DE LACANAU,29/07/2008,"-1,11697","44,94737","0,7"
S1215013,ETANG DE LACANAU,29/07/2008,"-1,11563","44,94689","0,4"
S1215013,ETANG DE LACANAU,29/07/2008,"-1,11678","44,94735","0,6"
S1215013,ETANG DE LACANAU,29/07/2008,"-1,1167","44,94734","0,6"
S1215013,ETANG DE LACANAU,29/07/2008,"-1,11662","44,94732","0,6"
S1215013,ETANG DE LACANAU,29/07/2008,"-1,11654","44,9473","0,6"
S1215013,ETANG DE LACANAU,29/07/2008,"-1,11646","44,94728","0,6"
S1215013,ETANG DE LACANAU,29/07/2008,"-1,11638","44,94727","0,6"
S1215013,ETANG DE LACANAU,29/07/2008,"-1,11709","44,9474","0,6"
S1215013,ETANG DE LACANAU,29/07/2008,"-1,11806","44,94748","0,5"
S1215013,ETANG DE LACANAU,29/07/2008,"-1,11715","44,94751","0,7"
S1215013,ETANG DE LACANAU,29/07/2008,"-1,11727","44,94751","0,7"
S1215013,ETANG DE LACANAU,29/07/2008,"-1,11738","44,94752","0,7"
S1215013,ETANG DE LACANAU,29/07/2008,"-1,1175","44,94752","0,7"
S1215013,ETANG DE LACANAU,29/07/2008,"-1,11761","44,94752","0,7"
S1215013,ETANG DE LACANAU,29/07/2008,"-1,11773","44,94751","0,7"
S1215013,ETANG DE LACANAU,29/07/2008,"-1,11545","44,94687","0,4"
S1215013,ETANG DE LACANAU,29/07/2008,"-1,11795","44,9475","0,6"
S1215013,ETANG DE LACANAU,29/07/2008,"-1,11682","44,94746","0,6"
S1215013,ETANG DE LACANAU,29/07/2008,"-1,11816","44,94747","0,5"
S1215013,ETANG DE LACANAU,29/07/2008,"-1,11827","44,94744","0,4"
S1215013,ETANG DE LACANAU,29/07/2008,"-1,11835","44,9474","0,4"
S1215013,ETANG DE LACANAU,29/07/2008,"-1,11845","44,94736","0,4"
S1215013,ETANG DE LACANAU,29/07/2008,"-1,11854","44,94733","0,4"
S1215013,ETANG DE LACANAU,29/07/2008,"-1,11861","44,94727","0,5"
S1215013,ETANG DE LACANAU,29/07/2008,"-1,11784","44,9475","0,6"
S1215013,ETANG DE LACANAU,29/07/2008,"-1,11622","44,94717","0,6"
S1215013,ETANG DE LACANAU,29/07/2008,"-1,11786","44,94768","0,7"
S1215013,ETANG DE LACANAU,29/07/2008,"-1,11571","44,94693","0,5"
S1215013,ETANG DE LACANAU,29/07/2008,"-1,11579","44,94696","0,5"
S1215013,ETANG DE LACANAU,29/07/2008,"-1,11588","44,94698","0,5"
S1215013,ETANG DE LACANAU,29/07/2008,"-1,11594","44,94702","0,5"
S1215013,ETANG DE LACANAU,29/07/2008,"-1,11601","44,94706","0,6"
S1215013,ETANG DE LACANAU,29/07/2008,"-1,11703","44,94749","0,7"
S1215013,ETANG DE LACANAU,29/07/2008,"-1,11616","44,94712","0,6"
S1215013,ETANG DE LACANAU,29/07/2008,"-1,11693","44,94747","0,6"
S1215013,ETANG DE LACANAU,29/07/2008,"-1,11629","44,94721","0,6"
S1215013,ETANG DE LACANAU,29/07/2008,"-1,11637","44,94725","0,6"
S1215013,ETANG DE LACANAU,29/07/2008,"-1,11644","44,94731","0,6"
S1215013,ETANG DE LACANAU,29/07/2008,"-1,11653","44,94735","0,6"
S1215013,ETANG DE LACANAU,29/07/2008,"-1,11664","44,94738","0,6"
S1215013,ETANG DE LACANAU,29/07/2008,"-1,11673","44,94741","0,6"
S1215013,ETANG DE LACANAU,29/07/2008,"-1,11551","44,94687","0,4"
S1215013,ETANG DE LACANAU,29/07/2008,"-1,11609","44,94708","0,6"
S1215013,ETANG DE LACANAU,29/07/2008,"-1,11182","44,95077","1,5"
S1215013,ETANG DE LACANAU,29/07/2008,"-1,11176","44,95071","1,4"
S1215013,ETANG DE LACANAU,29/07/2008,"-1,11188","44,95086","1,6"
S1215013,ETANG DE LACANAU,29/07/2008,"-1,11187","44,95084","1,5"
S1215013,ETANG DE LACANAU,29/07/2008,"-1,11186","44,9508","1,6"
S1215013,ETANG DE LACANAU,29/07/2008,"-1,11185","44,95078","1,5"
S1215013,ETANG DE LACANAU,29/07/2008,"-1,11184","44,95076","1,5"
S1215013,ETANG DE LACANAU,29/07/2008,"-1,11191","44,95088","1,6"
S1215013,ETANG DE LACANAU,29/07/2008,"-1,11183","44,95078","1,5"
S1215013,ETANG DE LACANAU,29/07/2008,"-1,11192","44,95091","1,6"
S1215013,ETANG DE LACANAU,29/07/2008,"-1,11181","44,95076","1,4"
S1215013,ETANG DE LACANAU,29/07/2008,"-1,1118","44,95075","1,4"
S1215013,ETANG DE LACANAU,29/07/2008,"-1,11179","44,95074","1,4"
S1215013,ETANG DE LACANAU,29/07/2008,"-1,11178","44,95073","1,4"
S1215013,ETANG DE LACANAU,29/07/2008,"-1,11177","44,95072","1,4"
S1215013,ETANG DE LACANAU,29/07/2008,"-1,11409","44,94918","0,5"
S1215013,ETANG DE LACANAU,29/07/2008,"-1,11184","44,95076","1,5"
S1215013,ETANG DE LACANAU,29/07/2008,"-1,11205","44,95097","0,9"
S1215013,ETANG DE LACANAU,29/07/2008,"-1,11209","44,95108","0,6"
S1215013,ETANG DE LACANAU,29/07/2008,"-1,11209","44,95107","0,6"
S1215013,ETANG DE LACANAU,29/07/2008,"-1,11208","44,95105","0,7"
S1215013,ETANG DE LACANAU,29/07/2008,"-1,11208","44,95103","0,7"
S1215013,ETANG DE LACANAU,29/07/2008,"-1,11207","44,95101","0,7"
S1215013,ETANG DE LACANAU,29/07/2008,"-1,11207","44,951","0,7"
S1215013,ETANG DE LACANAU,29/07/2008,"-1,1119","44,95086","1,6"
S1215013,ETANG DE LACANAU,29/07/2008,"-1,11206","44,95098","0,8"
S1215013,ETANG DE LACANAU,29/07/2008,"-1,11176","44,9507","1,3"
S1215013,ETANG DE LACANAU,29/07/2008,"-1,11204","44,95097","0,9"
S1215013,ETANG DE LACANAU,29/07/2008,"-1,11201","44,95097",1
S1215013,ETANG DE LACANAU,29/07/2008,"-1,112","44,95098","1,1"
S1215013,ETANG DE LACANAU,29/07/2008,"-1,11198","44,95098","1,2"
S1215013,ETANG DE LACANAU,29/07/2008,"-1,11195","44,95098","1,4"
S1215013,ETANG DE LACANAU,29/07/2008,"-1,11192","44,95096","1,5"
S1215013,ETANG DE LACANAU,29/07/2008,"-1,11206","44,95099","0,8"
S1215013,ETANG DE LACANAU,29/07/2008,"-1,11153","44,94946","0,5"
S1215013,ETANG DE LACANAU,29/07/2008,"-1,11176","44,95071","1,4"
S1215013,ETANG DE LACANAU,29/07/2008,"-1,11154","44,95051","0,5"
S1215013,ETANG DE LACANAU,29/07/2008,"-1,11153","44,9505","0,5"
S1215013,ETANG DE LACANAU,29/07/2008,"-1,11153","44,95046","0,4"
S1215013,ETANG DE LACANAU,29/07/2008,"-1,11152","44,95044","0,4"
S1215013,ETANG DE LACANAU,29/07/2008,"-1,11151","44,95041","0,6"
S1215013,ETANG DE LACANAU,29/07/2008,"-1,11157","44,95056","0,5"
S1215013,ETANG DE LACANAU,29/07/2008,"-1,11154","44,94947","0,5"
S1215013,ETANG DE LACANAU,29/07/2008,"-1,11157","44,95058","0,8"
S1215013,ETANG DE LACANAU,29/07/2008,"-1,11152","44,94945","0,6"
S1215013,ETANG DE LACANAU,29/07/2008,"-1,1115","44,94945","0,6"
S1215013,ETANG DE LACANAU,29/07/2008,"-1,1115","44,94945","0,6"
S1215013,ETANG DE LACANAU,29/07/2008,"-1,11149","44,94945","0,6"
S1215013,ETANG DE LACANAU,29/07/2008,"-1,11148","44,94944","0,6"
S1215013,ETANG DE LACANAU,29/07/2008,"-1,11147","44,94944","0,6"
S1215013,ETANG DE LACANAU,29/07/2008,"-1,11149","44,95037","0,5"
S1215013,ETANG DE LACANAU,29/07/2008,"-1,11163","44,95061","1,3"
S1215013,ETANG DE LACANAU,29/07/2008,"-1,11175","44,9507","1,3"
S1215013,ETANG DE LACANAU,29/07/2008,"-1,11174","44,95072","1,3"
S1215013,ETANG DE LACANAU,29/07/2008,"-1,11173","44,95071","1,3"
S1215013,ETANG DE LACANAU,29/07/2008,"-1,11171","44,95071","1,3"
S1215013,ETANG DE LACANAU,29/07/2008,"-1,11169","44,9507","1,4"
S1215013,ETANG DE LACANAU,29/07/2008,"-1,11167","44,95065","1,4"
S1215013,ETANG DE LACANAU,29/07/2008,"-1,11155","44,95052","0,7"
S1215013,ETANG DE LACANAU,29/07/2008,"-1,11163","44,95062","1,3"
S1215013,ETANG DE LACANAU,29/07/2008,"-1,11211","44,9511","0,6"
S1215013,ETANG DE LACANAU,29/07/2008,"-1,11163","44,9506","1,2"
S1215013,ETANG DE LACANAU,29/07/2008,"-1,11163","44,95059","1,1"
S1215013,ETANG DE LACANAU,29/07/2008,"-1,11164","44,95058","0,9"
S1215013,ETANG DE LACANAU,29/07/2008,"-1,11163","44,95059","0,8"
S1215013,ETANG DE LACANAU,29/07/2008,"-1,1116","44,95059","0,8"
S1215013,ETANG DE LACANAU,29/07/2008,"-1,11158","44,95058","0,9"
S1215013,ETANG DE LACANAU,29/07/2008,"-1,11164","44,95063","1,4"
S1215013,ETANG DE LACANAU,29/07/2008,"-1,11249","44,95157","0,6"
S1215013,ETANG DE LACANAU,29/07/2008,"-1,1121","44,95108","0,6"
S1215013,ETANG DE LACANAU,29/07/2008,"-1,11299","44,9517","0,9"
S1215013,ETANG DE LACANAU,29/07/2008,"-1,11293","44,95169",1
S1215013,ETANG DE LACANAU,29/07/2008,"-1,11287","44,95167",1
S1215013,ETANG DE LACANAU,29/07/2008,"-1,1128","44,95165","0,9"
S1215013,ETANG DE LACANAU,29/07/2008,"-1,11273","44,95162","0,9"
S1215013,ETANG DE LACANAU,29/07/2008,"-1,11313","44,95174","0,7"
S1215013,ETANG DE LACANAU,29/07/2008,"-1,11259","44,95157","0,7"
S1215013,ETANG DE LACANAU,29/07/2008,"-1,11321","44,95172","0,5"
S1215013,ETANG DE LACANAU,29/07/2008,"-1,11236","44,95159","0,5"
S1215013,ETANG DE LACANAU,29/07/2008,"-1,11232","44,95149","0,5"
S1215013,ETANG DE LACANAU,29/07/2008,"-1,11227","44,95166","0,4"
S1215013,ETANG DE LACANAU,29/07/2008,"-1,11226","44,95165","0,4"
S1215013,ETANG DE LACANAU,29/07/2008,"-1,11224","44,95164","0,8"
S1215013,ETANG DE LACANAU,29/07/2008,"-1,11222","44,95164","0,4"
S1215013,ETANG DE LACANAU,29/07/2008,"-1,11266","44,95159","0,8"
S1215013,ETANG DE LACANAU,29/07/2008,"-1,11317","44,95233","0,6"
S1215013,ETANG DE LACANAU,29/07/2008,"-1,11256","44,95273","0,6"
S1215013,ETANG DE LACANAU,29/07/2008,"-1,11268","44,95269","0,7"
S1215013,ETANG DE LACANAU,29/07/2008,"-1,11279","44,95262","0,8"
S1215013,ETANG DE LACANAU,29/07/2008,"-1,11289","44,95254","0,8"
S1215013,ETANG DE LACANAU,29/07/2008,"-1,11297","44,9525","0,9"
S1215013,ETANG DE LACANAU,29/07/2008,"-1,11304","44,95246","0,8"
S1215013,ETANG DE LACANAU,29/07/2008,"-1,11305","44,95173","0,8"
S1215013,ETANG DE LACANAU,29/07/2008,"-1,11313","44,95238","0,6"
S1215013,ETANG DE LACANAU,29/07/2008,"-1,11218","44,9516","0,4"
S1215013,ETANG DE LACANAU,29/07/2008,"-1,11319","44,95227","0,5"
S1215013,ETANG DE LACANAU,29/07/2008,"-1,11321","44,95222","0,5"
S1215013,ETANG DE LACANAU,29/07/2008,"-1,11323","44,95216","0,4"
S1215013,ETANG DE LACANAU,29/07/2008,"-1,11323","44,95208","0,5"
S1215013,ETANG DE LACANAU,29/07/2008,"-1,1132","44,95207","0,5"
S1215013,ETANG DE LACANAU,29/07/2008,"-1,11325","44,95174","0,5"
S1215013,ETANG DE LACANAU,29/07/2008,"-1,11309","44,95242","0,7"
S1215013,ETANG DE LACANAU,29/07/2008,"-1,11217","44,95111","0,5"
S1215013,ETANG DE LACANAU,29/07/2008,"-1,11215","44,95121","0,4"
S1215013,ETANG DE LACANAU,29/07/2008,"-1,11216","44,9512","0,4"
S1215013,ETANG DE LACANAU,29/07/2008,"-1,11216","44,95119","0,4"
S1215013,ETANG DE LACANAU,29/07/2008,"-1,11216","44,95118","0,4"
S1215013,ETANG DE LACANAU,29/07/2008,"-1,11217","44,95116","0,5"
S1215013,ETANG DE LACANAU,29/07/2008,"-1,11217","44,95114","0,5"
S1215013,ETANG DE LACANAU,29/07/2008,"-1,11221","44,95163","0,4"
S1215013,ETANG DE LACANAU,29/07/2008,"-1,11217","44,95111","0,5"
S1215013,ETANG DE LACANAU,29/07/2008,"-1,11214","44,95129","0,4"
S1215013,ETANG DE LACANAU,29/07/2008,"-1,11216","44,95113","0,5"
S1215013,ETANG DE LACANAU,29/07/2008,"-1,11214","44,95115","0,5"
S1215013,ETANG DE LACANAU,29/07/2008,"-1,11213","44,95116","0,5"
S1215013,ETANG DE LACANAU,29/07/2008,"-1,11212","44,95115","0,6"
S1215013,ETANG DE LACANAU,29/07/2008,"-1,11212","44,95113","0,6"
S1215013,ETANG DE LACANAU,29/07/2008,"-1,11144","44,94941","0,6"
S1215013,ETANG DE LACANAU,29/07/2008,"-1,11218","44,95111","0,5"
S1215013,ETANG DE LACANAU,29/07/2008,"-1,11212","44,95147","0,6"
S1215013,ETANG DE LACANAU,29/07/2008,"-1,11211","44,9511","0,6"
S1215013,ETANG DE LACANAU,29/07/2008,"-1,11217","44,95159","0,4"
S1215013,ETANG DE LACANAU,29/07/2008,"-1,11216","44,95157","0,4"
S1215013,ETANG DE LACANAU,29/07/2008,"-1,11215","44,95155","0,4"
S1215013,ETANG DE LACANAU,29/07/2008,"-1,11214","44,95154","0,4"
S1215013,ETANG DE LACANAU,29/07/2008,"-1,11213","44,95152","0,5"
S1215013,ETANG DE LACANAU,29/07/2008,"-1,11215","44,95123","0,4"
S1215013,ETANG DE LACANAU,29/07/2008,"-1,11212","44,95149","0,8"
S1215013,ETANG DE LACANAU,29/07/2008,"-1,11215","44,95126","0,4"
S1215013,ETANG DE LACANAU,29/07/2008,"-1,11219","44,95114","0,4"
S1215013,ETANG DE LACANAU,29/07/2008,"-1,11212","44,95108","0,9"
S1215013,ETANG DE LACANAU,29/07/2008,"-1,11212","44,95129","0,7"
S1215013,ETANG DE LACANAU,29/07/2008,"-1,11214","44,95135","0,8"
S1215013,ETANG DE LACANAU,29/07/2008,"-1,11213","44,95135","0,4"
S1215013,ETANG DE LACANAU,29/07/2008,"-1,11214","44,95131","0,4"
S1215013,ETANG DE LACANAU,29/07/2008,"-1,11219","44,95162","0,4"
S1215013,ETANG DE LACANAU,29/07/2008,"-1,11212","44,95151","0,4"
S1215013,ETANG DE LACANAU,29/07/2008,"-1,11403","44,94892","0,5"
S1215013,ETANG DE LACANAU,29/07/2008,"-1,11404","44,94888","0,5"
S1215013,ETANG DE LACANAU,29/07/2008,"-1,11405","44,94886","0,5"
S1215013,ETANG DE LACANAU,29/07/2008,"-1,11405","44,94886","0,5"
S1215013,ETANG DE LACANAU,29/07/2008,"-1,11405","44,94885","0,5"
S1215013,ETANG DE LACANAU,29/07/2008,"-1,11404","44,94887","0,5"
S1215013,ETANG DE LACANAU,29/07/2008,"-1,11404","44,94889","0,5"
S1215013,ETANG DE LACANAU,29/07/2008,"-1,11405","44,94886","0,5"
S1215013,ETANG DE LACANAU,29/07/2008,"-1,11403","44,94891","0,5"
S1215013,ETANG DE LACANAU,29/07/2008,"-1,11405","44,94886","0,5"
S1215013,ETANG DE LACANAU,29/07/2008,"-1,114","44,94898","0,5"
S1215013,ETANG DE LACANAU,29/07/2008,"-1,114","44,94899","0,5"
S1215013,ETANG DE LACANAU,29/07/2008,"-1,11399","44,949","0,5"
S1215013,ETANG DE LACANAU,29/07/2008,"-1,11399","44,949","0,5"
S1215013,ETANG DE LACANAU,29/07/2008,"-1,11399","44,94901","0,5"
S1215013,ETANG DE LACANAU,29/07/2008,"-1,11399","44,94901","0,5"
S1215013,ETANG DE LACANAU,29/07/2008,"-1,11403","44,9489","0,5"
S1215013,ETANG DE LACANAU,29/07/2008,"-1,11405","44,94886","0,5"
S1215013,ETANG DE LACANAU,29/07/2008,"-1,11145","44,94943","0,6"
S1215013,ETANG DE LACANAU,29/07/2008,"-1,11404","44,94887","0,5"
S1215013,ETANG DE LACANAU,29/07/2008,"-1,11404","44,94887","0,5"
S1215013,ETANG DE LACANAU,29/07/2008,"-1,11404","44,94887","0,5"
S1215013,ETANG DE LACANAU,29/07/2008,"-1,11405","44,94886","0,5"
S1215013,ETANG DE LACANAU,29/07/2008,"-1,11405","44,94886","0,5"
S1215013,ETANG DE LACANAU,29/07/2008,"-1,11405","44,94886","0,5"
S1215013,ETANG DE LACANAU,29/07/2008,"-1,11405","44,94886","0,5"
S1215013,ETANG DE LACANAU,29/07/2008,"-1,114","44,949","0,5"
S1215013,ETANG DE LACANAU,29/07/2008,"-1,11405","44,94886","0,5"
S1215013,ETANG DE LACANAU,29/07/2008,"-1,11405","44,94886","0,5"
S1215013,ETANG DE LACANAU,29/07/2008,"-1,11405","44,94886","0,5"
S1215013,ETANG DE LACANAU,29/07/2008,"-1,11405","44,94886","0,5"
S1215013,ETANG DE LACANAU,29/07/2008,"-1,11405","44,94886","0,5"
S1215013,ETANG DE LACANAU,29/07/2008,"-1,11405","44,94886","0,5"
S1215013,ETANG DE LACANAU,29/07/2008,"-1,11405","44,94886","0,5"
S1215013,ETANG DE LACANAU,29/07/2008,"-1,11414","44,94914","0,5"
S1215013,ETANG DE LACANAU,29/07/2008,"-1,11399","44,94895","0,5"
S1215013,ETANG DE LACANAU,29/07/2008,"-1,11399","44,94895","0,5"
S1215013,ETANG DE LACANAU,29/07/2008,"-1,11399","44,94895","0,5"
S1215013,ETANG DE LACANAU,29/07/2008,"-1,11405","44,94888","0,5"
S1215013,ETANG DE LACANAU,29/07/2008,"-1,11405","44,94889","0,5"
S1215013,ETANG DE LACANAU,29/07/2008,"-1,11404","44,9489","0,5"
S1215013,ETANG DE LACANAU,29/07/2008,"-1,11399","44,94901","0,5"
S1215013,ETANG DE LACANAU,29/07/2008,"-1,11418","44,94909","0,5"
S1215013,ETANG DE LACANAU,29/07/2008,"-1,11398","44,94896","0,5"
S1215013,ETANG DE LACANAU,29/07/2008,"-1,11412","44,94915","0,5"
S1215013,ETANG DE LACANAU,29/07/2008,"-1,11411","44,94916","0,5"
S1215013,ETANG DE LACANAU,29/07/2008,"-1,11411","44,94916","0,5"
S1215013,ETANG DE LACANAU,29/07/2008,"-1,1141","44,94917","0,5"
S1215013,ETANG DE LACANAU,29/07/2008,"-1,11409","44,94917","0,5"
S1215013,ETANG DE LACANAU,29/07/2008,"-1,11409","44,94917","0,5"
S1215013,ETANG DE LACANAU,29/07/2008,"-1,11404","44,94891","0,5"
S1215013,ETANG DE LACANAU,29/07/2008,"-1,11399","44,94895","0,5"
S1215013,ETANG DE LACANAU,29/07/2008,"-1,11403","44,94889","0,5"
S1215013,ETANG DE LACANAU,29/07/2008,"-1,11402","44,94894","0,5"
S1215013,ETANG DE LACANAU,29/07/2008,"-1,11401","44,94894","0,5"
S1215013,ETANG DE LACANAU,29/07/2008,"-1,11401","44,94894","0,5"
S1215013,ETANG DE LACANAU,29/07/2008,"-1,11401","44,94894","0,5"
S1215013,ETANG DE LACANAU,29/07/2008,"-1,114","44,94894","0,5"
S1215013,ETANG DE LACANAU,29/07/2008,"-1,11398","44,94895","0,5"
S1215013,ETANG DE LACANAU,29/07/2008,"-1,11399","44,94895","0,5"
S1215013,ETANG DE LACANAU,29/07/2008,"-1,11398","44,94896","0,5"
S1215013,ETANG DE LACANAU,29/07/2008,"-1,11399","44,94896","0,5"
S1215013,ETANG DE LACANAU,29/07/2008,"-1,11398","44,94896","0,5"
S1215013,ETANG DE LACANAU,29/07/2008,"-1,11398","44,94896","0,5"
S1215013,ETANG DE LACANAU,29/07/2008,"-1,11398","44,94896","0,5"
S1215013,ETANG DE LACANAU,29/07/2008,"-1,11398","44,94896","0,5"
S1215013,ETANG DE LACANAU,29/07/2008,"-1,11398","44,94896","0,5"
S1215013,ETANG DE LACANAU,29/07/2008,"-1,11399","44,949","0,5"
S1215013,ETANG DE LACANAU,29/07/2008,"-1,114","44,94895","0,5"
S1215013,ETANG DE LACANAU,29/07/2008,"-1,11315","44,94912","0,4"
S1215013,ETANG DE LACANAU,29/07/2008,"-1,11404","44,94888","0,5"
S1215013,ETANG DE LACANAU,29/07/2008,"-1,11146","44,94916","0,4"
S1215013,ETANG DE LACANAU,29/07/2008,"-1,11147","44,94914","0,4"
S1215013,ETANG DE LACANAU,29/07/2008,"-1,11148","44,94911","0,4"
S1215013,ETANG DE LACANAU,29/07/2008,"-1,11148","44,94909","0,6"
S1215013,ETANG DE LACANAU,29/07/2008,"-1,11317","44,94909","0,4"
S1215013,ETANG DE LACANAU,29/07/2008,"-1,11144","44,94918","0,4"
S1215013,ETANG DE LACANAU,29/07/2008,"-1,11316","44,9491","0,4"
S1215013,ETANG DE LACANAU,29/07/2008,"-1,11144","44,94918","0,4"
S1215013,ETANG DE LACANAU,29/07/2008,"-1,11314","44,94912","0,4"
S1215013,ETANG DE LACANAU,29/07/2008,"-1,11314","44,94912","0,4"
S1215013,ETANG DE LACANAU,29/07/2008,"-1,11315","44,94912","0,4"
S1215013,ETANG DE LACANAU,29/07/2008,"-1,11317","44,94913","0,4"
S1215013,ETANG DE LACANAU,29/07/2008,"-1,11322","44,94911","0,4"
S1215013,ETANG DE LACANAU,29/07/2008,"-1,11344","44,94872","0,4"
S1215013,ETANG DE LACANAU,29/07/2008,"-1,11317","44,94909","0,6"
S1215013,ETANG DE LACANAU,29/07/2008,"-1,11141","44,94934","0,8"
S1215013,ETANG DE LACANAU,29/07/2008,"-1,11247","44,95274","0,6"
S1215013,ETANG DE LACANAU,29/07/2008,"-1,11144","44,94941","0,6"
S1215013,ETANG DE LACANAU,29/07/2008,"-1,11144","44,9494","0,7"
S1215013,ETANG DE LACANAU,29/07/2008,"-1,11143","44,9494","0,7"
S1215013,ETANG DE LACANAU,29/07/2008,"-1,11143","44,94939","0,7"
S1215013,ETANG DE LACANAU,29/07/2008,"-1,11142","44,94939","0,8"
S1215013,ETANG DE LACANAU,29/07/2008,"-1,11145","44,94917","0,4"
S1215013,ETANG DE LACANAU,29/07/2008,"-1,1114","44,94938","0,8"
S1215013,ETANG DE LACANAU,29/07/2008,"-1,11353","44,94884","0,4"
S1215013,ETANG DE LACANAU,29/07/2008,"-1,11142","44,9493","0,8"
S1215013,ETANG DE LACANAU,29/07/2008,"-1,11143","44,94927","0,8"
S1215013,ETANG DE LACANAU,29/07/2008,"-1,11144","44,94924","0,8"
S1215013,ETANG DE LACANAU,29/07/2008,"-1,11144","44,94922","0,8"
S1215013,ETANG DE LACANAU,29/07/2008,"-1,11145","44,9492","0,7"
S1215013,ETANG DE LACANAU,29/07/2008,"-1,11144","44,94919","0,5"
S1215013,ETANG DE LACANAU,29/07/2008,"-1,11141","44,94939","0,8"
S1215013,ETANG DE LACANAU,29/07/2008,"-1,11401","44,94891","0,5"
S1215013,ETANG DE LACANAU,29/07/2008,"-1,11398","44,94896","0,5"
S1215013,ETANG DE LACANAU,29/07/2008,"-1,114","44,94892","0,5"
S1215013,ETANG DE LACANAU,29/07/2008,"-1,11401","44,94891","0,5"
S1215013,ETANG DE LACANAU,29/07/2008,"-1,11401","44,9489","0,5"
S1215013,ETANG DE LACANAU,29/07/2008,"-1,11401","44,94889","0,5"
S1215013,ETANG DE LACANAU,29/07/2008,"-1,11401","44,94889","0,5"
S1215013,ETANG DE LACANAU,29/07/2008,"-1,11341","44,94887","0,4"
S1215013,ETANG DE LACANAU,29/07/2008,"-1,11401","44,9489","0,5"
S1215013,ETANG DE LACANAU,29/07/2008,"-1,1139","44,94922","0,5"
S1215013,ETANG DE LACANAU,29/07/2008,"-1,11401","44,94892","0,5"
S1215013,ETANG DE LACANAU,29/07/2008,"-1,11401","44,94893","0,5"
S1215013,ETANG DE LACANAU,29/07/2008,"-1,11401","44,94893","0,5"
S1215013,ETANG DE LACANAU,29/07/2008,"-1,11401","44,94892","0,5"
S1215013,ETANG DE LACANAU,29/07/2008,"-1,11401","44,94892","0,5"
S1215013,ETANG DE LACANAU,29/07/2008,"-1,11401","44,94892","0,5"
S1215013,ETANG DE LACANAU,29/07/2008,"-1,11401","44,94889","0,5"
S1215013,ETANG DE LACANAU,29/07/2008,"-1,11391","44,9488","0,5"
S1215013,ETANG DE LACANAU,29/07/2008,"-1,11144","44,94941","0,6"
S1215013,ETANG DE LACANAU,29/07/2008,"-1,11358","44,94882","0,4"
S1215013,ETANG DE LACANAU,29/07/2008,"-1,11363","44,94881","0,5"
S1215013,ETANG DE LACANAU,29/07/2008,"-1,11368","44,94879","0,5"
S1215013,ETANG DE LACANAU,29/07/2008,"-1,11373","44,94878","0,5"
S1215013,ETANG DE LACANAU,29/07/2008,"-1,11377","44,94877","0,5"
S1215013,ETANG DE LACANAU,29/07/2008,"-1,11392","44,94914","0,5"
S1215013,ETANG DE LACANAU,29/07/2008,"-1,11386","44,94878","0,5"
S1215013,ETANG DE LACANAU,29/07/2008,"-1,11393","44,94914","0,5"
S1215013,ETANG DE LACANAU,29/07/2008,"-1,11395","44,94882","0,5"
S1215013,ETANG DE LACANAU,29/07/2008,"-1,11399","44,94883","0,5"
S1215013,ETANG DE LACANAU,29/07/2008,"-1,11402","44,94886","0,5"
S1215013,ETANG DE LACANAU,29/07/2008,"-1,11389","44,94922","0,5"
S1215013,ETANG DE LACANAU,29/07/2008,"-1,11389","44,94922","0,5"
S1215013,ETANG DE LACANAU,29/07/2008,"-1,1139","44,94923","0,5"
S1215013,ETANG DE LACANAU,29/07/2008,"-1,11346","44,94889","0,4"
S1215013,ETANG DE LACANAU,29/07/2008,"-1,11382","44,94877","0,5"
S1215013,ETANG DE LACANAU,29/07/2008,"-1,12054","45,00397","0,5"
S1215013,ETANG DE LACANAU,29/07/2008,"-1,1207","45,00408","0,4"
S1215013,ETANG DE LACANAU,29/07/2008,"-1,12061","45,00391","0,5"
S1215013,ETANG DE LACANAU,29/07/2008,"-1,12059","45,00391","0,5"
S1215013,ETANG DE LACANAU,29/07/2008,"-1,12056","45,00393","0,5"
S1215013,ETANG DE LACANAU,29/07/2008,"-1,12076","45,00444","0,5"
S1215013,ETANG DE LACANAU,29/07/2008,"-1,12077","45,00444","0,5"
S1215013,ETANG DE LACANAU,29/07/2008,"-1,12058","45,00391","0,6"
S1215013,ETANG DE LACANAU,29/07/2008,"-1,12081","45,00399","0,5"
S1215013,ETANG DE LACANAU,29/07/2008,"-1,12065","45,00389","0,5"
S1215013,ETANG DE LACANAU,29/07/2008,"-1,1207","45,00405","0,5"
S1215013,ETANG DE LACANAU,29/07/2008,"-1,12075","45,00437","0,4"
S1215013,ETANG DE LACANAU,29/07/2008,"-1,12034","45,00397","0,5"
S1215013,ETANG DE LACANAU,29/07/2008,"-1,12033","45,00397","0,5"
S1215013,ETANG DE LACANAU,29/07/2008,"-1,12071","45,00442","0,5"
S1215013,ETANG DE LACANAU,29/07/2008,"-1,11426","44,99606","0,6"
S1215013,ETANG DE LACANAU,29/07/2008,"-1,12077","45,00444","0,5"
S1215013,ETANG DE LACANAU,29/07/2008,"-1,12059","45,00404","0,6"
S1215013,ETANG DE LACANAU,29/07/2008,"-1,12064","45,00402","0,6"
S1215013,ETANG DE LACANAU,29/07/2008,"-1,12062","45,00402","0,6"
S1215013,ETANG DE LACANAU,29/07/2008,"-1,1206","45,00403","0,6"
S1215013,ETANG DE LACANAU,29/07/2008,"-1,1206","45,00402","0,6"
S1215013,ETANG DE LACANAU,29/07/2008,"-1,1206","45,00402","0,6"
S1215013,ETANG DE LACANAU,29/07/2008,"-1,12059","45,00402","0,6"
S1215013,ETANG DE LACANAU,29/07/2008,"-1,12059","45,00391","0,5"
S1215013,ETANG DE LACANAU,29/07/2008,"-1,12058","45,00402","0,6"
S1215013,ETANG DE LACANAU,29/07/2008,"-1,12066","45,00411","0,5"
S1215013,ETANG DE LACANAU,29/07/2008,"-1,12094","45,00449","0,6"
S1215013,ETANG DE LACANAU,29/07/2008,"-1,12084","45,00437","0,6"
S1215013,ETANG DE LACANAU,29/07/2008,"-1,12063","45,00412","0,6"
S1215013,ETANG DE LACANAU,29/07/2008,"-1,12058","45,00408","0,6"
S1215013,ETANG DE LACANAU,29/07/2008,"-1,12078","45,00454","0,6"
S1215013,ETANG DE LACANAU,29/07/2008,"-1,12067","45,00391","0,5"
S1215013,ETANG DE LACANAU,29/07/2008,"-1,12059","45,00401","0,6"
S1215013,ETANG DE LACANAU,29/07/2008,"-1,1206","45,00354","0,6"
S1215013,ETANG DE LACANAU,29/07/2008,"-1,12074","45,004","0,5"
S1215013,ETANG DE LACANAU,29/07/2008,"-1,12032","45,00377","0,5"
S1215013,ETANG DE LACANAU,29/07/2008,"-1,11994","45,00353","0,5"
S1215013,ETANG DE LACANAU,29/07/2008,"-1,11973","45,00334","0,6"
S1215013,ETANG DE LACANAU,29/07/2008,"-1,12119","45,00429","0,6"
S1215013,ETANG DE LACANAU,29/07/2008,"-1,12109","45,00425","0,6"
S1215013,ETANG DE LACANAU,29/07/2008,"-1,12038","45,00383","0,5"
S1215013,ETANG DE LACANAU,29/07/2008,"-1,12036","45,00372","0,6"
S1215013,ETANG DE LACANAU,29/07/2008,"-1,12035","45,00379","0,6"
S1215013,ETANG DE LACANAU,29/07/2008,"-1,12046","45,00363","0,6"
S1215013,ETANG DE LACANAU,29/07/2008,"-1,12041","45,00364","0,5"
S1215013,ETANG DE LACANAU,29/07/2008,"-1,12039","45,00364","0,5"
S1215013,ETANG DE LACANAU,29/07/2008,"-1,12038","45,00364","0,5"
S1215013,ETANG DE LACANAU,29/07/2008,"-1,12035","45,00364","0,6"
S1215013,ETANG DE LACANAU,29/07/2008,"-1,12032","45,00363","0,5"
S1215013,ETANG DE LACANAU,29/07/2008,"-1,12013","45,00366","0,6"
S1215013,ETANG DE LACANAU,29/07/2008,"-1,11976","45,00368","0,5"
S1215013,ETANG DE LACANAU,29/07/2008,"-1,12071","45,00415","0,5"
S1215013,ETANG DE LACANAU,29/07/2008,"-1,12065","45,00412","0,5"
S1215013,ETANG DE LACANAU,29/07/2008,"-1,12059","45,0041","0,5"
S1215013,ETANG DE LACANAU,29/07/2008,"-1,12056","45,00408","0,5"
S1215013,ETANG DE LACANAU,29/07/2008,"-1,121","45,0043","0,5"
S1215013,ETANG DE LACANAU,29/07/2008,"-1,12012","45,00362","0,5"
S1215013,ETANG DE LACANAU,29/07/2008,"-1,12035","45,00379","0,5"
S1215013,ETANG DE LACANAU,29/07/2008,"-1,11989","45,00337","0,5"
S1215013,ETANG DE LACANAU,29/07/2008,"-1,12068","45,00403","0,6"
S1215013,ETANG DE LACANAU,29/07/2008,"-1,11967","45,00372","0,5"
S1215013,ETANG DE LACANAU,29/07/2008,"-1,11981","45,00351","0,5"
S1215013,ETANG DE LACANAU,29/07/2008,"-1,11986","45,00337","0,5"
S1215013,ETANG DE LACANAU,29/07/2008,"-1,1199","45,00342","0,6"
S1215013,ETANG DE LACANAU,29/07/2008,"-1,12001","45,00387","0,6"
S1215013,ETANG DE LACANAU,29/07/2008,"-1,12029","45,00377","0,6"
S1215013,ETANG DE LACANAU,29/07/2008,"-1,11986","45,0034","0,5"
S1215013,ETANG DE LACANAU,29/07/2008,"-1,12092","45,00404","0,7"
S1215013,ETANG DE LACANAU,29/07/2008,"-1,12066","45,00403","0,6"
S1215013,ETANG DE LACANAU,29/07/2008,"-1,12108","45,00407","0,8"
S1215013,ETANG DE LACANAU,29/07/2008,"-1,12104","45,00406","0,7"
S1215013,ETANG DE LACANAU,29/07/2008,"-1,12101","45,00406","0,8"
S1215013,ETANG DE LACANAU,29/07/2008,"-1,12098","45,00405","0,7"
S1215013,ETANG DE LACANAU,29/07/2008,"-1,12096","45,00405","0,7"
S1215013,ETANG DE LACANAU,29/07/2008,"-1,12121","45,00405","0,8"
S1215013,ETANG DE LACANAU,29/07/2008,"-1,12093","45,00403","0,7"
S1215013,ETANG DE LACANAU,29/07/2008,"-1,12127","45,00405","0,8"
S1215013,ETANG DE LACANAU,29/07/2008,"-1,12091","45,00405","0,7"
S1215013,ETANG DE LACANAU,29/07/2008,"-1,12091","45,00406","0,7"
S1215013,ETANG DE LACANAU,29/07/2008,"-1,1209","45,00407","0,7"
S1215013,ETANG DE LACANAU,29/07/2008,"-1,12089","45,00409","0,7"
S1215013,ETANG DE LACANAU,29/07/2008,"-1,12088","45,0041","0,7"
S1215013,ETANG DE LACANAU,29/07/2008,"-1,12087","45,00412","0,7"
S1215013,ETANG DE LACANAU,29/07/2008,"-1,12094","45,00404","0,7"
S1215013,ETANG DE LACANAU,29/07/2008,"-1,12178","45,00377","0,6"
S1215013,ETANG DE LACANAU,29/07/2008,"-1,12276","45,00333","0,7"
S1215013,ETANG DE LACANAU,29/07/2008,"-1,12262","45,00337","0,8"
S1215013,ETANG DE LACANAU,29/07/2008,"-1,12247","45,00341",1
S1215013,ETANG DE LACANAU,29/07/2008,"-1,12233","45,00346","0,9"
S1215013,ETANG DE LACANAU,29/07/2008,"-1,1222","45,00351","0,8"
S1215013,ETANG DE LACANAU,29/07/2008,"-1,12209","45,00357","0,7"
S1215013,ETANG DE LACANAU,29/07/2008,"-1,12114","45,00406","0,8"
S1215013,ETANG DE LACANAU,29/07/2008,"-1,12188","45,00371","0,4"
S1215013,ETANG DE LACANAU,29/07/2008,"-1,12045","45,0039","0,6"
S1215013,ETANG DE LACANAU,29/07/2008,"-1,12168","45,00384","0,6"
S1215013,ETANG DE LACANAU,29/07/2008,"-1,12158","45,00389","0,8"
S1215013,ETANG DE LACANAU,29/07/2008,"-1,12151","45,00394","0,8"
S1215013,ETANG DE LACANAU,29/07/2008,"-1,12145","45,00397","0,7"
S1215013,ETANG DE LACANAU,29/07/2008,"-1,12138","45,004","0,8"
S1215013,ETANG DE LACANAU,29/07/2008,"-1,12133","45,00403","0,8"
S1215013,ETANG DE LACANAU,29/07/2008,"-1,12198","45,00365","0,6"
S1215013,ETANG DE LACANAU,29/07/2008,"-1,12077","45,00403","0,6"
S1215013,ETANG DE LACANAU,29/07/2008,"-1,12076","45,004","0,6"
S1215013,ETANG DE LACANAU,29/07/2008,"-1,12078","45,00401","0,6"
S1215013,ETANG DE LACANAU,29/07/2008,"-1,1208","45,00402","0,6"
S1215013,ETANG DE LACANAU,29/07/2008,"-1,12081","45,00403","0,6"
S1215013,ETANG DE LACANAU,29/07/2008,"-1,12082","45,00404","0,6"
S1215013,ETANG DE LACANAU,29/07/2008,"-1,12082","45,00404","0,6"
S1215013,ETANG DE LACANAU,29/07/2008,"-1,12088","45,00412","0,7"
S1215013,ETANG DE LACANAU,29/07/2008,"-1,1208","45,00404","0,7"
S1215013,ETANG DE LACANAU,29/07/2008,"-1,12076","45,00399","0,6"
S1215013,ETANG DE LACANAU,29/07/2008,"-1,12075","45,00403","0,7"
S1215013,ETANG DE LACANAU,29/07/2008,"-1,12076","45,00404","0,7"
S1215013,ETANG DE LACANAU,29/07/2008,"-1,12075","45,00404","0,6"
S1215013,ETANG DE LACANAU,29/07/2008,"-1,12074","45,00404","0,6"
S1215013,ETANG DE LACANAU,29/07/2008,"-1,12072","45,00404","0,6"
S1215013,ETANG DE LACANAU,29/07/2008,"-1,12023","45,0036","0,5"
S1215013,ETANG DE LACANAU,29/07/2008,"-1,12082","45,00404","0,6"
S1215013,ETANG DE LACANAU,29/07/2008,"-1,12079","45,00395","0,7"
S1215013,ETANG DE LACANAU,29/07/2008,"-1,12066","45,00402","0,6"
S1215013,ETANG DE LACANAU,29/07/2008,"-1,12071","45,00406","0,6"
S1215013,ETANG DE LACANAU,29/07/2008,"-1,12081","45,00396","0,7"
S1215013,ETANG DE LACANAU,29/07/2008,"-1,12075","45,00392","0,7"
S1215013,ETANG DE LACANAU,29/07/2008,"-1,12076","45,00393","0,7"
S1215013,ETANG DE LACANAU,29/07/2008,"-1,12077","45,00394","0,7"
S1215013,ETANG DE LACANAU,29/07/2008,"-1,12076","45,004","0,6"
S1215013,ETANG DE LACANAU,29/07/2008,"-1,12078","45,00395","0,7"
S1215013,ETANG DE LACANAU,29/07/2008,"-1,12077","45,004","0,7"
S1215013,ETANG DE LACANAU,29/07/2008,"-1,12079","45,00396","0,7"
S1215013,ETANG DE LACANAU,29/07/2008,"-1,1208","45,00397","0,7"
S1215013,ETANG DE LACANAU,29/07/2008,"-1,12082","45,00401","0,7"
S1215013,ETANG DE LACANAU,29/07/2008,"-1,12082","45,00401","0,7"
S1215013,ETANG DE LACANAU,29/07/2008,"-1,12082","45,00402","0,7"
S1215013,ETANG DE LACANAU,29/07/2008,"-1,1208","45,00401","0,7"
S1215013,ETANG DE LACANAU,29/07/2008,"-1,12046","45,00393","0,7"
S1215013,ETANG DE LACANAU,29/07/2008,"-1,12077","45,00394","0,7"
S1215013,ETANG DE LACANAU,29/07/2008,"-1,1171","44,99731",1
S1215013,ETANG DE LACANAU,29/07/2008,"-1,11786","45,00027","0,6"
S1215013,ETANG DE LACANAU,29/07/2008,"-1,11767","44,99829","0,6"
S1215013,ETANG DE LACANAU,29/07/2008,"-1,11765","44,9982","0,6"
S1215013,ETANG DE LACANAU,29/07/2008,"-1,1176","44,9981","0,7"
S1215013,ETANG DE LACANAU,29/07/2008,"-1,11744","44,99819","0,7"
S1215013,ETANG DE LACANAU,29/07/2008,"-1,11754","44,99801","0,7"
S1215013,ETANG DE LACANAU,29/07/2008,"-1,11772","44,99843","0,6"
S1215013,ETANG DE LACANAU,29/07/2008,"-1,11745","44,99778","0,9"
S1215013,ETANG DE LACANAU,29/07/2008,"-1,1177","44,99854","0,6"
S1215013,ETANG DE LACANAU,29/07/2008,"-1,11743","44,99761","0,9"
S1215013,ETANG DE LACANAU,29/07/2008,"-1,11725","44,99737",1
S1215013,ETANG DE LACANAU,29/07/2008,"-1,11723","44,99734",1
S1215013,ETANG DE LACANAU,29/07/2008,"-1,11706","44,99714",1
S1215013,ETANG DE LACANAU,29/07/2008,"-1,11689","44,99693",1
S1215013,ETANG DE LACANAU,29/07/2008,"-1,11678","44,9968",1
S1215013,ETANG DE LACANAU,29/07/2008,"-1,11751","44,99785","0,8"
S1215013,ETANG DE LACANAU,29/07/2008,"-1,11822","44,9989","0,5"
S1215013,ETANG DE LACANAU,29/07/2008,"-1,12028","45,00362","0,5"
S1215013,ETANG DE LACANAU,29/07/2008,"-1,11764","44,9996","0,6"
S1215013,ETANG DE LACANAU,29/07/2008,"-1,1179","44,99971","0,7"
S1215013,ETANG DE LACANAU,29/07/2008,"-1,11787","44,99958","0,7"
S1215013,ETANG DE LACANAU,29/07/2008,"-1,11792","44,99945","0,6"
S1215013,ETANG DE LACANAU,29/07/2008,"-1,11791","44,9994","0,6"
S1215013,ETANG DE LACANAU,29/07/2008,"-1,11769","44,99838","0,6"
S1215013,ETANG DE LACANAU,29/07/2008,"-1,11785","44,99919","0,5"
S1215013,ETANG DE LACANAU,29/07/2008,"-1,11651","44,99649",1
S1215013,ETANG DE LACANAU,29/07/2008,"-1,11775","44,999","0,7"
S1215013,ETANG DE LACANAU,29/07/2008,"-1,11753","44,99877","0,8"
S1215013,ETANG DE LACANAU,29/07/2008,"-1,11692","44,99808","0,8"
S1215013,ETANG DE LACANAU,29/07/2008,"-1,11787","44,9988","0,8"
S1215013,ETANG DE LACANAU,29/07/2008,"-1,11773","44,99872","0,6"
S1215013,ETANG DE LACANAU,29/07/2008,"-1,11771","44,99868","0,6"
S1215013,ETANG DE LACANAU,29/07/2008,"-1,11789","44,9993","0,5"
S1215013,ETANG DE LACANAU,29/07/2008,"-1,11491","44,99621","0,6"
S1215013,ETANG DE LACANAU,29/07/2008,"-1,11577","44,99653",1
S1215013,ETANG DE LACANAU,29/07/2008,"-1,11564","44,99648","0,8"
S1215013,ETANG DE LACANAU,29/07/2008,"-1,11552","44,99645","0,6"
S1215013,ETANG DE LACANAU,29/07/2008,"-1,11541","44,99644","0,5"
S1215013,ETANG DE LACANAU,29/07/2008,"-1,11529","44,9964","0,6"
S1215013,ETANG DE LACANAU,29/07/2008,"-1,11519","44,99635","0,6"
S1215013,ETANG DE LACANAU,29/07/2008,"-1,11669","44,9967",1
S1215013,ETANG DE LACANAU,29/07/2008,"-1,11501","44,99625","0,6"
S1215013,ETANG DE LACANAU,29/07/2008,"-1,11633","44,99633",1
S1215013,ETANG DE LACANAU,29/07/2008,"-1,11481","44,99618","0,6"
S1215013,ETANG DE LACANAU,29/07/2008,"-1,1147","44,9962","0,6"
S1215013,ETANG DE LACANAU,29/07/2008,"-1,1146","44,99616","0,6"
S1215013,ETANG DE LACANAU,29/07/2008,"-1,1145","44,99613","0,6"
S1215013,ETANG DE LACANAU,29/07/2008,"-1,1144","44,99611","0,6"
S1215013,ETANG DE LACANAU,29/07/2008,"-1,10456","44,98312","0,5"
S1215013,ETANG DE LACANAU,29/07/2008,"-1,11509","44,9963","0,6"
S1215013,ETANG DE LACANAU,29/07/2008,"-1,11577","44,99618","0,7"
S1215013,ETANG DE LACANAU,29/07/2008,"-1,11788","44,99987","0,7"
S1215013,ETANG DE LACANAU,29/07/2008,"-1,11641","44,9964",1
S1215013,ETANG DE LACANAU,29/07/2008,"-1,11627","44,99627",1
S1215013,ETANG DE LACANAU,29/07/2008,"-1,11636","44,99644","0,9"
S1215013,ETANG DE LACANAU,29/07/2008,"-1,11598","44,99658","0,8"
S1215013,ETANG DE LACANAU,29/07/2008,"-1,11604","44,99638","0,8"
S1215013,ETANG DE LACANAU,29/07/2008,"-1,11586","44,99652","1,1"
S1215013,ETANG DE LACANAU,29/07/2008,"-1,11586","44,99621","0,7"
S1215013,ETANG DE LACANAU,29/07/2008,"-1,11622","44,9966","1,1"
S1215013,ETANG DE LACANAU,29/07/2008,"-1,11569","44,99617","0,9"
S1215013,ETANG DE LACANAU,29/07/2008,"-1,11556","44,99617",1
S1215013,ETANG DE LACANAU,29/07/2008,"-1,11556","44,9962",1
S1215013,ETANG DE LACANAU,29/07/2008,"-1,11556","44,99623",1
S1215013,ETANG DE LACANAU,29/07/2008,"-1,11599","44,99654","0,9"
S1215013,ETANG DE LACANAU,29/07/2008,"-1,1157","44,9962",1
S1215013,ETANG DE LACANAU,29/07/2008,"-1,11659","44,99658",1
S1215013,ETANG DE LACANAU,29/07/2008,"-1,11596","44,99628","0,8"
S1215013,ETANG DE LACANAU,29/07/2008,"-1,11967","45,00288","0,6"
S1215013,ETANG DE LACANAU,29/07/2008,"-1,11749","44,99935","0,6"
S1215013,ETANG DE LACANAU,29/07/2008,"-1,11946","45,0032","0,6"
S1215013,ETANG DE LACANAU,29/07/2008,"-1,11968","45,0032","0,6"
S1215013,ETANG DE LACANAU,29/07/2008,"-1,11979","45,00317","0,7"
S1215013,ETANG DE LACANAU,29/07/2008,"-1,11977","45,0031","0,6"
S1215013,ETANG DE LACANAU,29/07/2008,"-1,11975","45,00303","0,6"
S1215013,ETANG DE LACANAU,29/07/2008,"-1,11913","45,0028","0,5"
S1215013,ETANG DE LACANAU,29/07/2008,"-1,11972","45,00295","0,6"
S1215013,ETANG DE LACANAU,29/07/2008,"-1,11935","45,00393","0,4"
S1215013,ETANG DE LACANAU,29/07/2008,"-1,11962","45,00281","0,5"
S1215013,ETANG DE LACANAU,29/07/2008,"-1,11729","45,00227","0,6"
S1215013,ETANG DE LACANAU,29/07/2008,"-1,11902","45,00187","0,6"
S1215013,ETANG DE LACANAU,29/07/2008,"-1,11902","45,00188","0,7"
S1215013,ETANG DE LACANAU,29/07/2008,"-1,11898","45,00184","0,7"
S1215013,ETANG DE LACANAU,29/07/2008,"-1,11895","45,00178","0,7"
S1215013,ETANG DE LACANAU,29/07/2008,"-1,11973","45,00299","0,6"
S1215013,ETANG DE LACANAU,29/07/2008,"-1,11975","45,00342","0,5"
S1215013,ETANG DE LACANAU,29/07/2008,"-1,12317","45,00321",1
S1215013,ETANG DE LACANAU,29/07/2008,"-1,12025","45,0036","0,5"
S1215013,ETANG DE LACANAU,29/07/2008,"-1,12024","45,00355","0,5"
S1215013,ETANG DE LACANAU,29/07/2008,"-1,12004","45,00358","0,5"
S1215013,ETANG DE LACANAU,29/07/2008,"-1,11974","45,0032","0,5"
S1215013,ETANG DE LACANAU,29/07/2008,"-1,11984","45,00339","0,5"
S1215013,ETANG DE LACANAU,29/07/2008,"-1,11943","45,00312","0,5"
S1215013,ETANG DE LACANAU,29/07/2008,"-1,11981","45,00346","0,5"
S1215013,ETANG DE LACANAU,29/07/2008,"-1,11891","45,00186","0,7"
S1215013,ETANG DE LACANAU,29/07/2008,"-1,11969","45,0034","0,5"
S1215013,ETANG DE LACANAU,29/07/2008,"-1,11964","45,00337","0,5"
S1215013,ETANG DE LACANAU,29/07/2008,"-1,11959","45,00336","0,5"
S1215013,ETANG DE LACANAU,29/07/2008,"-1,11952","45,00341","0,4"
S1215013,ETANG DE LACANAU,29/07/2008,"-1,11948","45,00339","0,5"
S1215013,ETANG DE LACANAU,29/07/2008,"-1,11918","45,00288","0,4"
S1215013,ETANG DE LACANAU,29/07/2008,"-1,11985","45,00347","0,5"
S1215013,ETANG DE LACANAU,29/07/2008,"-1,11793","44,99998","0,7"
S1215013,ETANG DE LACANAU,29/07/2008,"-1,1185","45,00106","0,5"
S1215013,ETANG DE LACANAU,29/07/2008,"-1,11824","45,00061","0,5"
S1215013,ETANG DE LACANAU,29/07/2008,"-1,11834","45,00077","0,6"
S1215013,ETANG DE LACANAU,29/07/2008,"-1,11837","45,00079","0,7"
S1215013,ETANG DE LACANAU,29/07/2008,"-1,11834","45,00073","0,7"
S1215013,ETANG DE LACANAU,29/07/2008,"-1,11831","45,00066","0,6"
S1215013,ETANG DE LACANAU,29/07/2008,"-1,11891","45,00176","0,7"
S1215013,ETANG DE LACANAU,29/07/2008,"-1,11823","45,00051","0,6"
S1215013,ETANG DE LACANAU,29/07/2008,"-1,11852","45,00156","0,5"
S1215013,ETANG DE LACANAU,29/07/2008,"-1,11794",45,"0,7"
S1215013,ETANG DE LACANAU,29/07/2008,"-1,11794","44,99998","0,7"
S1215013,ETANG DE LACANAU,29/07/2008,"-1,11786","44,99987","0,8"
S1215013,ETANG DE LACANAU,29/07/2008,"-1,11814","45,0001","0,7"
S1215013,ETANG DE LACANAU,29/07/2008,"-1,11765","44,99974","0,7"
S1215013,ETANG DE LACANAU,29/07/2008,"-1,11798","44,9997","0,7"
S1215013,ETANG DE LACANAU,29/07/2008,"-1,11826","45,00059","0,6"
S1215013,ETANG DE LACANAU,29/07/2008,"-1,11851","45,00125","0,7"
S1215013,ETANG DE LACANAU,29/07/2008,"-1,12025","45,0036","0,5"
S1215013,ETANG DE LACANAU,29/07/2008,"-1,11899","45,00192","0,7"
S1215013,ETANG DE LACANAU,29/07/2008,"-1,11884","45,00172","0,7"
S1215013,ETANG DE LACANAU,29/07/2008,"-1,11875","45,00177","0,7"
S1215013,ETANG DE LACANAU,29/07/2008,"-1,11874","45,00176","0,6"
S1215013,ETANG DE LACANAU,29/07/2008,"-1,11888","45,00193","0,6"
S1215013,ETANG DE LACANAU,29/07/2008,"-1,11853","45,00118","0,5"
S1215013,ETANG DE LACANAU,29/07/2008,"-1,11855","45,00127","0,7"
S1215013,ETANG DE LACANAU,29/07/2008,"-1,11822","45,00078","0,5"
S1215013,ETANG DE LACANAU,29/07/2008,"-1,11848","45,00122","0,7"
S1215013,ETANG DE LACANAU,29/07/2008,"-1,11825","45,0021","0,7"
S1215013,ETANG DE LACANAU,29/07/2008,"-1,11833","45,00133","0,7"
S1215013,ETANG DE LACANAU,29/07/2008,"-1,11826","45,00207","0,6"
S1215013,ETANG DE LACANAU,29/07/2008,"-1,11843","45,00077","0,6"
S1215013,ETANG DE LACANAU,29/07/2008,"-1,11847","45,00183","0,6"
S1215013,ETANG DE LACANAU,29/07/2008,"-1,11886","45,00181","0,7"
S1215013,ETANG DE LACANAU,29/07/2008,"-1,1186","45,00134","0,6"
S1215013,ETANG DE LACANAU,29/07/2008,"-1,14249","44,99137","1,3"
S1215013,ETANG DE LACANAU,29/07/2008,"-1,1425","44,99126","1,1"
S1215013,ETANG DE LACANAU,29/07/2008,"-1,14251","44,9913",1
S1215013,ETANG DE LACANAU,29/07/2008,"-1,1425","44,99135",1
S1215013,ETANG DE LACANAU,29/07/2008,"-1,1425","44,99136","1,2"
S1215013,ETANG DE LACANAU,29/07/2008,"-1,1425","44,99137","1,1"
S1215013,ETANG DE LACANAU,29/07/2008,"-1,14249","44,99137","1,2"
S1215013,ETANG DE LACANAU,29/07/2008,"-1,14251","44,99129",1
S1215013,ETANG DE LACANAU,29/07/2008,"-1,14249","44,99137","1,2"
S1215013,ETANG DE LACANAU,29/07/2008,"-1,14251","44,99129",1
S1215013,ETANG DE LACANAU,29/07/2008,"-1,1425","44,99137","1,2"
S1215013,ETANG DE LACANAU,29/07/2008,"-1,1425","44,99136","1,2"
S1215013,ETANG DE LACANAU,29/07/2008,"-1,1425","44,99135","1,2"
S1215013,ETANG DE LACANAU,29/07/2008,"-1,14251","44,99135","1,2"
S1215013,ETANG DE LACANAU,29/07/2008,"-1,14254","44,99126","1,2"
S1215013,ETANG DE LACANAU,29/07/2008,"-1,14257","44,99121","1,2"
S1215013,ETANG DE LACANAU,29/07/2008,"-1,14249","44,99137","1,2"
S1215013,ETANG DE LACANAU,29/07/2008,"-1,14251","44,99137","1,8"
S1215013,ETANG DE LACANAU,29/07/2008,"-1,14254","44,99148","1,1"
S1215013,ETANG DE LACANAU,29/07/2008,"-1,1425","44,99125","1,1"
S1215013,ETANG DE LACANAU,29/07/2008,"-1,1425","44,99124","1,1"
S1215013,ETANG DE LACANAU,29/07/2008,"-1,14254","44,99118","1,1"
S1215013,ETANG DE LACANAU,29/07/2008,"-1,14255","44,99122","1,3"
S1215013,ETANG DE LACANAU,29/07/2008,"-1,14245","44,99157","1,5"
S1215013,ETANG DE LACANAU,29/07/2008,"-1,14251","44,99129","0,9"
S1215013,ETANG DE LACANAU,29/07/2008,"-1,14248","44,99147","1,8"
S1215013,ETANG DE LACANAU,29/07/2008,"-1,14262","44,99109",1
S1215013,ETANG DE LACANAU,29/07/2008,"-1,14251","44,99135",1
S1215013,ETANG DE LACANAU,29/07/2008,"-1,14251","44,99134","1,6"
S1215013,ETANG DE LACANAU,29/07/2008,"-1,14251","44,99133","1,5"
S1215013,ETANG DE LACANAU,29/07/2008,"-1,1425","44,9913","1,3"
S1215013,ETANG DE LACANAU,29/07/2008,"-1,1425","44,99129","1,2"
S1215013,ETANG DE LACANAU,29/07/2008,"-1,14251","44,99129","1,1"
S1215013,ETANG DE LACANAU,29/07/2008,"-1,14245","44,99157",1
S1215013,ETANG DE LACANAU,29/07/2008,"-1,14242","44,99136","1,1"
S1215013,ETANG DE LACANAU,29/07/2008,"-1,14238","44,99135","1,6"
S1215013,ETANG DE LACANAU,29/07/2008,"-1,14237","44,99135","1,5"
S1215013,ETANG DE LACANAU,29/07/2008,"-1,14237","44,99135","1,3"
S1215013,ETANG DE LACANAU,29/07/2008,"-1,14237","44,99135","1,2"
S1215013,ETANG DE LACANAU,29/07/2008,"-1,14238","44,99135","1,2"
S1215013,ETANG DE LACANAU,29/07/2008,"-1,14239","44,99134","1,1"
S1215013,ETANG DE LACANAU,29/07/2008,"-1,14262","44,99111","1,1"
S1215013,ETANG DE LACANAU,29/07/2008,"-1,14248","44,99123","1,1"
S1215013,ETANG DE LACANAU,29/07/2008,"-1,14242","44,99133","1,8"
S1215013,ETANG DE LACANAU,29/07/2008,"-1,14244","44,99137",1
S1215013,ETANG DE LACANAU,29/07/2008,"-1,14248","44,99135",1
S1215013,ETANG DE LACANAU,29/07/2008,"-1,14261","44,99128",1
S1215013,ETANG DE LACANAU,29/07/2008,"-1,14283","44,99086",1
S1215013,ETANG DE LACANAU,29/07/2008,"-1,1434","44,98964","0,9"
S1215013,ETANG DE LACANAU,29/07/2008,"-1,1229","45,00329","0,9"
S1215013,ETANG DE LACANAU,29/07/2008,"-1,14249","44,99123","1,1"
S1215013,ETANG DE LACANAU,29/07/2008,"-1,14367","44,98885","1,2"
S1215013,ETANG DE LACANAU,29/07/2008,"-1,14249","44,99135","1,2"
S1215013,ETANG DE LACANAU,29/07/2008,"-1,14262","44,9911",1
S1215013,ETANG DE LACANAU,29/07/2008,"-1,14262","44,9911",1
S1215013,ETANG DE LACANAU,29/07/2008,"-1,14261","44,99111",1
S1215013,ETANG DE LACANAU,29/07/2008,"-1,14261","44,99111",1
S1215013,ETANG DE LACANAU,29/07/2008,"-1,14257","44,99121",1
S1215013,ETANG DE LACANAU,29/07/2008,"-1,1424","44,99134","1,6"
S1215013,ETANG DE LACANAU,29/07/2008,"-1,14276","44,99084","1,1"
S1215013,ETANG DE LACANAU,29/07/2008,"-1,14241","44,99134",1
S1215013,ETANG DE LACANAU,29/07/2008,"-1,1442","44,98764","1,2"
S1215013,ETANG DE LACANAU,29/07/2008,"-1,14358","44,98902","1,5"
S1215013,ETANG DE LACANAU,29/07/2008,"-1,14308","44,99008","1,6"
S1215013,ETANG DE LACANAU,29/07/2008,"-1,14272","44,99089","1,7"
S1215013,ETANG DE LACANAU,29/07/2008,"-1,14268","44,99098","1,9"
S1215013,ETANG DE LACANAU,29/07/2008,"-1,14245","44,99133","1,9"
S1215013,ETANG DE LACANAU,29/07/2008,"-1,14262","44,9911","1,1"
S1215013,ETANG DE LACANAU,29/07/2008,"-1,14252","44,99133",1
S1215013,ETANG DE LACANAU,29/07/2008,"-1,1421","44,99147","0,9"
S1215013,ETANG DE LACANAU,29/07/2008,"-1,1425","44,99125","1,1"
S1215013,ETANG DE LACANAU,29/07/2008,"-1,14208","44,99148","0,8"
S1215013,ETANG DE LACANAU,29/07/2008,"-1,14208","44,99149","0,9"
S1215013,ETANG DE LACANAU,29/07/2008,"-1,14209","44,99148","0,9"
S1215013,ETANG DE LACANAU,29/07/2008,"-1,14209","44,99147","0,9"
S1215013,ETANG DE LACANAU,29/07/2008,"-1,1421","44,99147","0,8"
S1215013,ETANG DE LACANAU,29/07/2008,"-1,14284","44,99031","0,8"
S1215013,ETANG DE LACANAU,29/07/2008,"-1,1421","44,99147","0,8"
S1215013,ETANG DE LACANAU,29/07/2008,"-1,14281","44,98931","0,8"
S1215013,ETANG DE LACANAU,29/07/2008,"-1,1421","44,99146","0,8"
S1215013,ETANG DE LACANAU,29/07/2008,"-1,1421","44,99146","0,8"
S1215013,ETANG DE LACANAU,29/07/2008,"-1,1421","44,99146","0,8"
S1215013,ETANG DE LACANAU,29/07/2008,"-1,1421","44,99146","0,9"
S1215013,ETANG DE LACANAU,29/07/2008,"-1,1421","44,99146","0,8"
S1215013,ETANG DE LACANAU,29/07/2008,"-1,1421","44,99146","0,8"
S1215013,ETANG DE LACANAU,29/07/2008,"-1,1421","44,99147","0,9"
S1215013,ETANG DE LACANAU,29/07/2008,"-1,14259","44,98626","0,7"
S1215013,ETANG DE LACANAU,29/07/2008,"-1,14318","44,98967","0,8"
S1215013,ETANG DE LACANAU,29/07/2008,"-1,14308","44,98984","0,8"
S1215013,ETANG DE LACANAU,29/07/2008,"-1,143","44,98999","0,8"
S1215013,ETANG DE LACANAU,29/07/2008,"-1,14301","44,99001","0,8"
S1215013,ETANG DE LACANAU,29/07/2008,"-1,143","44,99003","0,9"
S1215013,ETANG DE LACANAU,29/07/2008,"-1,14247","44,99083","0,8"
S1215013,ETANG DE LACANAU,29/07/2008,"-1,1426","44,99065","0,8"
S1215013,ETANG DE LACANAU,29/07/2008,"-1,14355","44,98904","0,7"
S1215013,ETANG DE LACANAU,29/07/2008,"-1,1421","44,99146","0,7"
S1215013,ETANG DE LACANAU,29/07/2008,"-1,14305","44,99014","0,7"
S1215013,ETANG DE LACANAU,29/07/2008,"-1,14423","44,98772","0,8"
S1215013,ETANG DE LACANAU,29/07/2008,"-1,14379","44,9886","0,8"
S1215013,ETANG DE LACANAU,29/07/2008,"-1,14156","44,98606","0,8"
S1215013,ETANG DE LACANAU,29/07/2008,"-1,14252","44,98845","0,8"
S1215013,ETANG DE LACANAU,29/07/2008,"-1,14247","44,98887","0,8"
S1215013,ETANG DE LACANAU,29/07/2008,"-1,14267","44,99048","0,7"
S1215013,ETANG DE LACANAU,29/07/2008,"-1,14219","44,99127","0,8"
S1215013,ETANG DE LACANAU,29/07/2008,"-1,14217","44,99132","0,8"
S1215013,ETANG DE LACANAU,29/07/2008,"-1,14217","44,99132","0,7"
S1215013,ETANG DE LACANAU,29/07/2008,"-1,14218","44,99132","0,7"
S1215013,ETANG DE LACANAU,29/07/2008,"-1,14218","44,99132","0,7"
S1215013,ETANG DE LACANAU,29/07/2008,"-1,14218","44,99131","0,7"
S1215013,ETANG DE LACANAU,29/07/2008,"-1,14218","44,99131","0,7"
S1215013,ETANG DE LACANAU,29/07/2008,"-1,1421","44,99146","0,8"
S1215013,ETANG DE LACANAU,29/07/2008,"-1,1422","44,99127","0,8"
S1215013,ETANG DE LACANAU,29/07/2008,"-1,14216","44,99133","0,8"
S1215013,ETANG DE LACANAU,29/07/2008,"-1,1422","44,99126","0,9"
S1215013,ETANG DE LACANAU,29/07/2008,"-1,14234","44,9911",1
S1215013,ETANG DE LACANAU,29/07/2008,"-1,14251","44,99146","1,1"
S1215013,ETANG DE LACANAU,29/07/2008,"-1,14244","44,99146","1,2"
S1215013,ETANG DE LACANAU,29/07/2008,"-1,14247","44,99143","1,3"
S1215013,ETANG DE LACANAU,29/07/2008,"-1,14249","44,99138","1,3"
S1215013,ETANG DE LACANAU,29/07/2008,"-1,1422","44,99127","0,8"
S1215013,ETANG DE LACANAU,29/07/2008,"-1,1421","44,99144","0,7"
S1215013,ETANG DE LACANAU,29/07/2008,"-1,14252","44,99149","1,1"
S1215013,ETANG DE LACANAU,29/07/2008,"-1,1421","44,99146","0,7"
S1215013,ETANG DE LACANAU,29/07/2008,"-1,1421","44,99145","0,7"
S1215013,ETANG DE LACANAU,29/07/2008,"-1,1421","44,99145","0,7"
S1215013,ETANG DE LACANAU,29/07/2008,"-1,1421","44,99145","0,8"
S1215013,ETANG DE LACANAU,29/07/2008,"-1,1421","44,99145","0,7"
S1215013,ETANG DE LACANAU,29/07/2008,"-1,14217","44,99133","0,8"
S1215013,ETANG DE LACANAU,29/07/2008,"-1,1421","44,99145","0,7"
S1215013,ETANG DE LACANAU,29/07/2008,"-1,14216","44,99133","0,7"
S1215013,ETANG DE LACANAU,29/07/2008,"-1,1421","44,99144","0,8"
S1215013,ETANG DE LACANAU,29/07/2008,"-1,14211","44,99144","0,8"
S1215013,ETANG DE LACANAU,29/07/2008,"-1,14216","44,99134","0,7"
S1215013,ETANG DE LACANAU,29/07/2008,"-1,14216","44,99134","0,8"
S1215013,ETANG DE LACANAU,29/07/2008,"-1,14216","44,99134","0,8"
S1215013,ETANG DE LACANAU,29/07/2008,"-1,14216","44,99134","0,8"
S1215013,ETANG DE LACANAU,29/07/2008,"-1,1421","44,99146","0,8"
S1215013,ETANG DE LACANAU,29/07/2008,"-1,1421","44,99145","0,8"
S1215013,ETANG DE LACANAU,29/07/2008,"-1,13689","44,99625","3,5"
S1215013,ETANG DE LACANAU,29/07/2008,"-1,14302","44,99292","2,5"
S1215013,ETANG DE LACANAU,29/07/2008,"-1,13881","44,99519","3,4"
S1215013,ETANG DE LACANAU,29/07/2008,"-1,13842","44,99541","3,4"
S1215013,ETANG DE LACANAU,29/07/2008,"-1,13805","44,99567","3,4"
S1215013,ETANG DE LACANAU,29/07/2008,"-1,13773","44,9959","3,3"
S1215013,ETANG DE LACANAU,29/07/2008,"-1,13761","44,99598","3,4"
S1215013,ETANG DE LACANAU,29/07/2008,"-1,13956","44,99474","3,4"
S1215013,ETANG DE LACANAU,29/07/2008,"-1,13729","44,99612","3,4"
S1215013,ETANG DE LACANAU,29/07/2008,"-1,13992","44,9945","3,3"
S1215013,ETANG DE LACANAU,29/07/2008,"-1,13642","44,99637","3,5"
S1215013,ETANG DE LACANAU,29/07/2008,"-1,13594","44,99648","3,3"
S1215013,ETANG DE LACANAU,29/07/2008,"-1,13547","44,99661","3,3"
S1215013,ETANG DE LACANAU,29/07/2008,"-1,13503","44,99678","3,4"
S1215013,ETANG DE LACANAU,29/07/2008,"-1,13462","44,99698","3,3"
S1215013,ETANG DE LACANAU,29/07/2008,"-1,13422","44,9972","3,1"
S1215013,ETANG DE LACANAU,29/07/2008,"-1,13752","44,99603","3,4"
S1215013,ETANG DE LACANAU,29/07/2008,"-1,14154","44,99332","2,9"
S1215013,ETANG DE LACANAU,29/07/2008,"-1,1435","44,98937",1
S1215013,ETANG DE LACANAU,29/07/2008,"-1,14248","44,99287","0,8"
S1215013,ETANG DE LACANAU,29/07/2008,"-1,1422","44,99287","0,8"
S1215013,ETANG DE LACANAU,29/07/2008,"-1,14209","44,99289",1
S1215013,ETANG DE LACANAU,29/07/2008,"-1,14195","44,99293","0,9"
S1215013,ETANG DE LACANAU,29/07/2008,"-1,14178","44,99297","2,8"
S1215013,ETANG DE LACANAU,29/07/2008,"-1,13919","44,99496","3,4"
S1215013,ETANG DE LACANAU,29/07/2008,"-1,14147","44,9932","0,9"
S1215013,ETANG DE LACANAU,29/07/2008,"-1,13301","44,99784",3
S1215013,ETANG DE LACANAU,29/07/2008,"-1,14202","44,99314",3
S1215013,ETANG DE LACANAU,29/07/2008,"-1,14155","44,99359","0,8"
S1215013,ETANG DE LACANAU,29/07/2008,"-1,14136","44,99367","2,9"
S1215013,ETANG DE LACANAU,29/07/2008,"-1,141","44,99381","3,1"
S1215013,ETANG DE LACANAU,29/07/2008,"-1,14063","44,99403","3,2"
S1215013,ETANG DE LACANAU,29/07/2008,"-1,14027","44,99425","3,2"
S1215013,ETANG DE LACANAU,29/07/2008,"-1,14157","44,99305","2,8"
S1215013,ETANG DE LACANAU,29/07/2008,"-1,12441","45,00251","1,3"
S1215013,ETANG DE LACANAU,29/07/2008,"-1,12722","45,00078",2
S1215013,ETANG DE LACANAU,29/07/2008,"-1,12684","45,001","1,9"
S1215013,ETANG DE LACANAU,29/07/2008,"-1,12649","45,0012","1,9"
S1215013,ETANG DE LACANAU,29/07/2008,"-1,12615","45,00142","1,7"
S1215013,ETANG DE LACANAU,29/07/2008,"-1,12583","45,00164","1,8"
S1215013,ETANG DE LACANAU,29/07/2008,"-1,12547","45,00184","1,6"
S1215013,ETANG DE LACANAU,29/07/2008,"-1,13382","44,99742","3,2"
S1215013,ETANG DE LACANAU,29/07/2008,"-1,12475","45,00228","1,4"
S1215013,ETANG DE LACANAU,29/07/2008,"-1,12831","45,00013","2,1"
S1215013,ETANG DE LACANAU,29/07/2008,"-1,12408","45,00275","1,3"
S1215013,ETANG DE LACANAU,29/07/2008,"-1,12376","45,00295","1,2"
S1215013,ETANG DE LACANAU,29/07/2008,"-1,12358","45,00304",1
S1215013,ETANG DE LACANAU,29/07/2008,"-1,12345","45,00311","0,9"
S1215013,ETANG DE LACANAU,29/07/2008,"-1,1233","45,00317",1
S1215013,ETANG DE LACANAU,29/07/2008,"-1,11418","44,99603","0,7"
S1215013,ETANG DE LACANAU,29/07/2008,"-1,12511","45,00206","1,5"
S1215013,ETANG DE LACANAU,29/07/2008,"-1,13029","44,99872","2,6"
S1215013,ETANG DE LACANAU,29/07/2008,"-1,14323","44,99286","2,6"
S1215013,ETANG DE LACANAU,29/07/2008,"-1,13256","44,998",3
S1215013,ETANG DE LACANAU,29/07/2008,"-1,13208","44,99814","2,9"
S1215013,ETANG DE LACANAU,29/07/2008,"-1,13159","44,99828","2,9"
S1215013,ETANG DE LACANAU,29/07/2008,"-1,13121","44,99839","2,7"
S1215013,ETANG DE LACANAU,29/07/2008,"-1,13095","44,99845","2,6"
S1215013,ETANG DE LACANAU,29/07/2008,"-1,12758","45,00056","2,1"
S1215013,ETANG DE LACANAU,29/07/2008,"-1,13052","44,99859","2,6"
S1215013,ETANG DE LACANAU,29/07/2008,"-1,12795","45,00034","2,1"
S1215013,ETANG DE LACANAU,29/07/2008,"-1,13004","44,99886","2,6"
S1215013,ETANG DE LACANAU,29/07/2008,"-1,12972","44,99908","2,6"
S1215013,ETANG DE LACANAU,29/07/2008,"-1,12941","44,99932","2,5"
S1215013,ETANG DE LACANAU,29/07/2008,"-1,12907","44,99955","2,3"
S1215013,ETANG DE LACANAU,29/07/2008,"-1,12892","44,99968","2,2"
S1215013,ETANG DE LACANAU,29/07/2008,"-1,12863","44,99989","2,2"
S1215013,ETANG DE LACANAU,29/07/2008,"-1,13344","44,99766","3,1"
S1215013,ETANG DE LACANAU,29/07/2008,"-1,13069","44,99853","2,5"
S1215013,ETANG DE LACANAU,29/07/2008,"-1,14223","44,99154","0,9"
S1215013,ETANG DE LACANAU,29/07/2008,"-1,14279","44,99292","2,5"
S1215013,ETANG DE LACANAU,29/07/2008,"-1,14244","44,99117","0,9"
S1215013,ETANG DE LACANAU,29/07/2008,"-1,14267","44,99131","0,9"
S1215013,ETANG DE LACANAU,29/07/2008,"-1,14302","44,99053","1,2"
S1215013,ETANG DE LACANAU,29/07/2008,"-1,14243","44,99148","1,5"
S1215013,ETANG DE LACANAU,29/07/2008,"-1,14241","44,99149","1,7"
S1215013,ETANG DE LACANAU,29/07/2008,"-1,14258","44,99164","1,1"
S1215013,ETANG DE LACANAU,29/07/2008,"-1,14228","44,99144","1,8"
S1215013,ETANG DE LACANAU,29/07/2008,"-1,1425","44,99139","1,1"
S1215013,ETANG DE LACANAU,29/07/2008,"-1,14237","44,99163","1,8"
S1215013,ETANG DE LACANAU,29/07/2008,"-1,14245","44,99163",1
S1215013,ETANG DE LACANAU,29/07/2008,"-1,14249","44,99171","0,7"
S1215013,ETANG DE LACANAU,29/07/2008,"-1,14209","44,99345","0,8"
S1215013,ETANG DE LACANAU,29/07/2008,"-1,14344","44,99146","2,4"
S1215013,ETANG DE LACANAU,29/07/2008,"-1,1426","44,9918","2,6"
S1215013,ETANG DE LACANAU,29/07/2008,"-1,14248","44,99137","1,8"
S1215013,ETANG DE LACANAU,29/07/2008,"-1,14257","44,9914","1,9"
S1215013,ETANG DE LACANAU,29/07/2008,"-1,14252","44,99149","1,2"
S1215013,ETANG DE LACANAU,29/07/2008,"-1,14253","44,99149","1,3"
S1215013,ETANG DE LACANAU,29/07/2008,"-1,14254","44,99148","1,5"
S1215013,ETANG DE LACANAU,29/07/2008,"-1,14256","44,99145","1,6"
S1215013,ETANG DE LACANAU,29/07/2008,"-1,14256","44,99143","1,8"
S1215013,ETANG DE LACANAU,29/07/2008,"-1,14259","44,99137","1,8"
S1215013,ETANG DE LACANAU,29/07/2008,"-1,14247","44,99155","0,9"
S1215013,ETANG DE LACANAU,29/07/2008,"-1,14259","44,99137","1,9"
S1215013,ETANG DE LACANAU,29/07/2008,"-1,1427","44,99177","1,1"
S1215013,ETANG DE LACANAU,29/07/2008,"-1,14257","44,9914","0,9"
S1215013,ETANG DE LACANAU,29/07/2008,"-1,14256","44,9914","0,9"
S1215013,ETANG DE LACANAU,29/07/2008,"-1,14256","44,99138",1
S1215013,ETANG DE LACANAU,29/07/2008,"-1,14252","44,99138","1,6"
S1215013,ETANG DE LACANAU,29/07/2008,"-1,14237","44,99139","1,5"
S1215013,ETANG DE LACANAU,29/07/2008,"-1,14235","44,99141","1,2"
S1215013,ETANG DE LACANAU,29/07/2008,"-1,14259","44,99137","1,1"
S1215013,ETANG DE LACANAU,29/07/2008,"-1,14433","44,99226","2,5"
S1215013,ETANG DE LACANAU,29/07/2008,"-1,14392","44,99178","2,5"
S1215013,ETANG DE LACANAU,29/07/2008,"-1,14399","44,99178","2,5"
S1215013,ETANG DE LACANAU,29/07/2008,"-1,14409","44,99172","0,7"
S1215013,ETANG DE LACANAU,29/07/2008,"-1,14416","44,9917","2,4"
S1215013,ETANG DE LACANAU,29/07/2008,"-1,1442","44,99171","2,4"
S1215013,ETANG DE LACANAU,29/07/2008,"-1,14428","44,9917","2,3"
S1215013,ETANG DE LACANAU,29/07/2008,"-1,14288","44,99137","1,3"
S1215013,ETANG DE LACANAU,29/07/2008,"-1,14439","44,99186","2,5"
S1215013,ETANG DE LACANAU,29/07/2008,"-1,1438","44,99186","2,5"
S1215013,ETANG DE LACANAU,29/07/2008,"-1,14403","44,99245","2,5"
S1215013,ETANG DE LACANAU,29/07/2008,"-1,14389","44,99253","2,5"
S1215013,ETANG DE LACANAU,29/07/2008,"-1,14375","44,99267","2,6"
S1215013,ETANG DE LACANAU,29/07/2008,"-1,14363","44,99272","2,6"
S1215013,ETANG DE LACANAU,29/07/2008,"-1,14352","44,99278","2,6"
S1215013,ETANG DE LACANAU,29/07/2008,"-1,14338","44,9928","2,6"
S1215013,ETANG DE LACANAU,29/07/2008,"-1,14437","44,99176","2,5"
S1215013,ETANG DE LACANAU,29/07/2008,"-1,14327","44,99192",1
S1215013,ETANG DE LACANAU,29/07/2008,"-1,12304","45,00325","0,9"
S1215013,ETANG DE LACANAU,29/07/2008,"-1,14267","44,99185","1,1"
S1215013,ETANG DE LACANAU,29/07/2008,"-1,14276","44,99183","2,7"
S1215013,ETANG DE LACANAU,29/07/2008,"-1,14283","44,99188","2,7"
S1215013,ETANG DE LACANAU,29/07/2008,"-1,1429","44,99191","0,9"
S1215013,ETANG DE LACANAU,29/07/2008,"-1,14297","44,99192","2,7"
S1215013,ETANG DE LACANAU,29/07/2008,"-1,14392","44,99179","2,5"
S1215013,ETANG DE LACANAU,29/07/2008,"-1,14317","44,99193","2,7"
S1215013,ETANG DE LACANAU,29/07/2008,"-1,14381","44,99184","2,5"
S1215013,ETANG DE LACANAU,29/07/2008,"-1,1434","44,99193","2,6"
S1215013,ETANG DE LACANAU,29/07/2008,"-1,14352","44,99193","2,5"
S1215013,ETANG DE LACANAU,29/07/2008,"-1,14365","44,99189","2,6"
S1215013,ETANG DE LACANAU,29/07/2008,"-1,14373","44,99191","2,6"
S1215013,ETANG DE LACANAU,29/07/2008,"-1,14375","44,99191","2,6"
S1215013,ETANG DE LACANAU,29/07/2008,"-1,14375","44,99189","2,6"
S1215013,ETANG DE LACANAU,29/07/2008,"-1,14295","44,99118","2,7"
S1215013,ETANG DE LACANAU,29/07/2008,"-1,14306","44,99193","2,7"
S1215013,ETANG DE LACANAU,29/07/2008,"-1,09988","44,97414","0,5"
S1215013,ETANG DE LACANAU,29/07/2008,"-1,09972","44,97373","0,6"
S1215013,ETANG DE LACANAU,29/07/2008,"-1,09968","44,97496","0,5"
S1215013,ETANG DE LACANAU,29/07/2008,"-1,09977","44,97474","0,7"
S1215013,ETANG DE LACANAU,29/07/2008,"-1,09984","44,97455","0,6"
S1215013,ETANG DE LACANAU,29/07/2008,"-1,09986","44,97446","0,5"
S1215013,ETANG DE LACANAU,29/07/2008,"-1,09989","44,97437","0,6"
S1215013,ETANG DE LACANAU,29/07/2008,"-1,09936","44,97536","0,8"
S1215013,ETANG DE LACANAU,29/07/2008,"-1,0999","44,97422","0,5"
S1215013,ETANG DE LACANAU,29/07/2008,"-1,09916","44,97553",1
S1215013,ETANG DE LACANAU,29/07/2008,"-1,09987","44,97406","0,5"
S1215013,ETANG DE LACANAU,29/07/2008,"-1,09987","44,97397","0,6"
S1215013,ETANG DE LACANAU,29/07/2008,"-1,09986","44,97388","0,7"
S1215013,ETANG DE LACANAU,29/07/2008,"-1,09986","44,9738","0,6"
S1215013,ETANG DE LACANAU,29/07/2008,"-1,09982","44,97342","0,5"
S1215013,ETANG DE LACANAU,29/07/2008,"-1,11433","44,99608","0,6"
S1215013,ETANG DE LACANAU,29/07/2008,"-1,0999","44,97429","0,6"
S1215013,ETANG DE LACANAU,29/07/2008,"-1,09766","44,97616","1,9"
S1215013,ETANG DE LACANAU,29/07/2008,"-1,0963","44,97624","1,5"
S1215013,ETANG DE LACANAU,29/07/2008,"-1,09645","44,97618","1,8"
S1215013,ETANG DE LACANAU,29/07/2008,"-1,09663","44,97615","2,2"
S1215013,ETANG DE LACANAU,29/07/2008,"-1,09679","44,97616","2,6"
S1215013,ETANG DE LACANAU,29/07/2008,"-1,09695","44,97619","3,2"
S1215013,ETANG DE LACANAU,29/07/2008,"-1,09711","44,97619","3,6"
S1215013,ETANG DE LACANAU,29/07/2008,"-1,09954","44,97518","0,9"
S1215013,ETANG DE LACANAU,29/07/2008,"-1,09747","44,97617","2,2"
S1215013,ETANG DE LACANAU,29/07/2008,"-1,09959","44,97378","0,6"
S1215013,ETANG DE LACANAU,29/07/2008,"-1,09785","44,97613","1,9"
S1215013,ETANG DE LACANAU,29/07/2008,"-1,09804","44,97613",2
S1215013,ETANG DE LACANAU,29/07/2008,"-1,09826","44,97613",2
S1215013,ETANG DE LACANAU,29/07/2008,"-1,09845","44,97604","2,1"
S1215013,ETANG DE LACANAU,29/07/2008,"-1,09871","44,97587",1
S1215013,ETANG DE LACANAU,29/07/2008,"-1,09894","44,9757","1,1"
S1215013,ETANG DE LACANAU,29/07/2008,"-1,09728","44,97618","3,4"
S1215013,ETANG DE LACANAU,29/07/2008,"-1,09818","44,9718","0,7"
S1215013,ETANG DE LACANAU,29/07/2008,"-1,09958","44,97378","0,5"
S1215013,ETANG DE LACANAU,29/07/2008,"-1,09944","44,97256","1,4"
S1215013,ETANG DE LACANAU,29/07/2008,"-1,09942","44,97249","1,2"
S1215013,ETANG DE LACANAU,29/07/2008,"-1,0994","44,97243","1,4"
S1215013,ETANG DE LACANAU,29/07/2008,"-1,09939","44,97236","1,7"
S1215013,ETANG DE LACANAU,29/07/2008,"-1,09936","44,97229",2
S1215013,ETANG DE LACANAU,29/07/2008,"-1,09945","44,97272","1,5"
S1215013,ETANG DE LACANAU,29/07/2008,"-1,0993","44,97215","1,1"
S1215013,ETANG DE LACANAU,29/07/2008,"-1,09945","44,97278","1,2"
S1215013,ETANG DE LACANAU,29/07/2008,"-1,09941","44,97204","0,6"
S1215013,ETANG DE LACANAU,29/07/2008,"-1,09939","44,97215","0,7"
S1215013,ETANG DE LACANAU,29/07/2008,"-1,09939","44,97208","0,9"
S1215013,ETANG DE LACANAU,29/07/2008,"-1,09939","44,97201","0,9"
S1215013,ETANG DE LACANAU,29/07/2008,"-1,09939","44,97192","0,8"
S1215013,ETANG DE LACANAU,29/07/2008,"-1,09939","44,97182","0,8"
S1215013,ETANG DE LACANAU,29/07/2008,"-1,09936","44,97222","1,6"
S1215013,ETANG DE LACANAU,29/07/2008,"-1,09943","44,97319","0,4"
S1215013,ETANG DE LACANAU,29/07/2008,"-1,0995","44,9737","0,6"
S1215013,ETANG DE LACANAU,29/07/2008,"-1,0994","44,97368","0,5"
S1215013,ETANG DE LACANAU,29/07/2008,"-1,09932","44,97366","0,5"
S1215013,ETANG DE LACANAU,29/07/2008,"-1,0994","44,97322","0,5"
S1215013,ETANG DE LACANAU,29/07/2008,"-1,09943","44,97322","0,5"
S1215013,ETANG DE LACANAU,29/07/2008,"-1,0994","44,97327","0,6"
S1215013,ETANG DE LACANAU,29/07/2008,"-1,09943","44,97263","1,7"
S1215013,ETANG DE LACANAU,29/07/2008,"-1,09941","44,97324","0,5"
S1215013,ETANG DE LACANAU,29/07/2008,"-1,0961","44,97659","0,8"
S1215013,ETANG DE LACANAU,29/07/2008,"-1,09947","44,97312","0,5"
S1215013,ETANG DE LACANAU,29/07/2008,"-1,09948","44,97306","0,7"
S1215013,ETANG DE LACANAU,29/07/2008,"-1,09949","44,97302","0,7"
S1215013,ETANG DE LACANAU,29/07/2008,"-1,09951","44,97297","0,6"
S1215013,ETANG DE LACANAU,29/07/2008,"-1,09952","44,97293","0,8"
S1215013,ETANG DE LACANAU,29/07/2008,"-1,09946","44,97285",1
S1215013,ETANG DE LACANAU,29/07/2008,"-1,09939","44,97328","0,7"
S1215013,ETANG DE LACANAU,29/07/2008,"-1,10106","44,97895","2,8"
S1215013,ETANG DE LACANAU,29/07/2008,"-1,0962","44,97635",1
S1215013,ETANG DE LACANAU,29/07/2008,"-1,1015","44,97965","2,6"
S1215013,ETANG DE LACANAU,29/07/2008,"-1,10138","44,97956","2,5"
S1215013,ETANG DE LACANAU,29/07/2008,"-1,10129","44,97946","2,5"
S1215013,ETANG DE LACANAU,29/07/2008,"-1,10123","44,97938","2,5"
S1215013,ETANG DE LACANAU,29/07/2008,"-1,10119","44,97928","2,5"
S1215013,ETANG DE LACANAU,29/07/2008,"-1,10164","44,97986","2,3"
S1215013,ETANG DE LACANAU,29/07/2008,"-1,10111","44,97904","2,7"
S1215013,ETANG DE LACANAU,29/07/2008,"-1,10171","44,97991","2,4"
S1215013,ETANG DE LACANAU,29/07/2008,"-1,10098","44,97884","2,8"
S1215013,ETANG DE LACANAU,29/07/2008,"-1,1009","44,97869","2,9"
S1215013,ETANG DE LACANAU,29/07/2008,"-1,10078","44,97852","2,8"
S1215013,ETANG DE LACANAU,29/07/2008,"-1,10067","44,97836","2,8"
S1215013,ETANG DE LACANAU,29/07/2008,"-1,10055","44,9782","2,8"
S1215013,ETANG DE LACANAU,29/07/2008,"-1,1004","44,97804","2,8"
S1215013,ETANG DE LACANAU,29/07/2008,"-1,10116","44,97915","2,6"
S1215013,ETANG DE LACANAU,29/07/2008,"-1,10199","44,9803","1,2"
S1215013,ETANG DE LACANAU,29/07/2008,"-1,10178","44,9811","1,9"
S1215013,ETANG DE LACANAU,29/07/2008,"-1,10175","44,98125",2
S1215013,ETANG DE LACANAU,29/07/2008,"-1,10173","44,98115",2
S1215013,ETANG DE LACANAU,29/07/2008,"-1,10189","44,98088",2
S1215013,ETANG DE LACANAU,29/07/2008,"-1,10194","44,98082","1,9"
S1215013,ETANG DE LACANAU,29/07/2008,"-1,10199","44,98072","1,8"
S1215013,ETANG DE LACANAU,29/07/2008,"-1,10158","44,97975","2,5"
S1215013,ETANG DE LACANAU,29/07/2008,"-1,10203","44,98045","1,7"
S1215013,ETANG DE LACANAU,29/07/2008,"-1,09984","44,97806","4,3"
S1215013,ETANG DE LACANAU,29/07/2008,"-1,10196","44,98022","1,1"
S1215013,ETANG DE LACANAU,29/07/2008,"-1,10193","44,98013","1,4"
S1215013,ETANG DE LACANAU,29/07/2008,"-1,10189","44,98009","1,9"
S1215013,ETANG DE LACANAU,29/07/2008,"-1,10184","44,98004","2,2"
S1215013,ETANG DE LACANAU,29/07/2008,"-1,10178","44,97999","2,3"
S1215013,ETANG DE LACANAU,29/07/2008,"-1,10174","44,97994","2,3"
S1215013,ETANG DE LACANAU,29/07/2008,"-1,10203","44,98057","1,8"
S1215013,ETANG DE LACANAU,29/07/2008,"-1,09711","44,97698","3,7"
S1215013,ETANG DE LACANAU,29/07/2008,"-1,0977","44,97734","2,7"
S1215013,ETANG DE LACANAU,29/07/2008,"-1,09752","44,97727","2,4"
S1215013,ETANG DE LACANAU,29/07/2008,"-1,09736","44,97716","2,5"
S1215013,ETANG DE LACANAU,29/07/2008,"-1,09726","44,97697","3,6"
S1215013,ETANG DE LACANAU,29/07/2008,"-1,09723","44,97682","3,7"
S1215013,ETANG DE LACANAU,29/07/2008,"-1,09719","44,97663","3,3"
S1215013,ETANG DE LACANAU,29/07/2008,"-1,10027","44,97795","3,1"
S1215013,ETANG DE LACANAU,29/07/2008,"-1,09721","44,977","3,7"
S1215013,ETANG DE LACANAU,29/07/2008,"-1,09758","44,9776","2,2"
S1215013,ETANG DE LACANAU,29/07/2008,"-1,09696","44,97685","3,5"
S1215013,ETANG DE LACANAU,29/07/2008,"-1,0968","44,97685","2,8"
S1215013,ETANG DE LACANAU,29/07/2008,"-1,0965","44,97677",2
S1215013,ETANG DE LACANAU,29/07/2008,"-1,09629","44,97673","1,5"
S1215013,ETANG DE LACANAU,29/07/2008,"-1,09616","44,9767","1,2"
S1215013,ETANG DE LACANAU,29/07/2008,"-1,10098","44,97297","0,7"
S1215013,ETANG DE LACANAU,29/07/2008,"-1,0971","44,97659","3,4"
S1215013,ETANG DE LACANAU,29/07/2008,"-1,09794","44,97756","2,5"
S1215013,ETANG DE LACANAU,29/07/2008,"-1,09613","44,97646","0,8"
S1215013,ETANG DE LACANAU,29/07/2008,"-1,09969","44,97801","3,7"
S1215013,ETANG DE LACANAU,29/07/2008,"-1,0994","44,97801","3,5"
S1215013,ETANG DE LACANAU,29/07/2008,"-1,09913","44,97796",3
S1215013,ETANG DE LACANAU,29/07/2008,"-1,09889","44,97791",3
S1215013,ETANG DE LACANAU,29/07/2008,"-1,09859","44,97748",3
S1215013,ETANG DE LACANAU,29/07/2008,"-1,09776","44,97741","2,8"
S1215013,ETANG DE LACANAU,29/07/2008,"-1,09818","44,97752","2,7"
S1215013,ETANG DE LACANAU,29/07/2008,"-1,0977","44,97752","2,5"
S1215013,ETANG DE LACANAU,29/07/2008,"-1,09781","44,97759","2,4"
S1215013,ETANG DE LACANAU,29/07/2008,"-1,09769","44,97761","2,3"
S1215013,ETANG DE LACANAU,29/07/2008,"-1,09761","44,97763","2,3"
S1215013,ETANG DE LACANAU,29/07/2008,"-1,09754","44,97765","2,4"
S1215013,ETANG DE LACANAU,29/07/2008,"-1,09747","44,97766","2,7"
S1215013,ETANG DE LACANAU,29/07/2008,"-1,09747","44,9776","2,1"
S1215013,ETANG DE LACANAU,29/07/2008,"-1,10006","44,97815","3,5"
S1215013,ETANG DE LACANAU,29/07/2008,"-1,09838","44,97748",3
S1215013,ETANG DE LACANAU,29/07/2008,"-1,10437","44,96658",1
S1215013,ETANG DE LACANAU,29/07/2008,"-1,1019","44,9687","0,6"
S1215013,ETANG DE LACANAU,29/07/2008,"-1,10401","44,96733","0,6"
S1215013,ETANG DE LACANAU,29/07/2008,"-1,10414","44,96727","0,6"
S1215013,ETANG DE LACANAU,29/07/2008,"-1,10425","44,96721","0,6"
S1215013,ETANG DE LACANAU,29/07/2008,"-1,10436","44,96713","0,7"
S1215013,ETANG DE LACANAU,29/07/2008,"-1,10443","44,96702",1
S1215013,ETANG DE LACANAU,29/07/2008,"-1,10381","44,96748","0,6"
S1215013,ETANG DE LACANAU,29/07/2008,"-1,10443","44,96676","1,2"
S1215013,ETANG DE LACANAU,29/07/2008,"-1,10371","44,96756","0,7"
S1215013,ETANG DE LACANAU,29/07/2008,"-1,10431","44,96644","0,9"
S1215013,ETANG DE LACANAU,29/07/2008,"-1,10424","44,96631","0,8"
S1215013,ETANG DE LACANAU,29/07/2008,"-1,10416","44,96619","0,6"
S1215013,ETANG DE LACANAU,29/07/2008,"-1,10411","44,96609","0,7"
S1215013,ETANG DE LACANAU,29/07/2008,"-1,10403","44,96599",1
S1215013,ETANG DE LACANAU,29/07/2008,"-1,10396","44,96587","1,2"
S1215013,ETANG DE LACANAU,29/07/2008,"-1,10446","44,9669","1,2"
S1215013,ETANG DE LACANAU,29/07/2008,"-1,10302","44,96816","0,9"
S1215013,ETANG DE LACANAU,29/07/2008,"-1,0994","44,97172","0,7"
S1215013,ETANG DE LACANAU,29/07/2008,"-1,10218","44,96866","0,5"
S1215013,ETANG DE LACANAU,29/07/2008,"-1,10233","44,96865","0,6"
S1215013,ETANG DE LACANAU,29/07/2008,"-1,10246","44,9686","0,6"
S1215013,ETANG DE LACANAU,29/07/2008,"-1,10259","44,96854","0,8"
S1215013,ETANG DE LACANAU,29/07/2008,"-1,10271","44,96845",1
S1215013,ETANG DE LACANAU,29/07/2008,"-1,1039","44,9674","0,6"
S1215013,ETANG DE LACANAU,29/07/2008,"-1,10292","44,96826",1
S1215013,ETANG DE LACANAU,29/07/2008,"-1,10372","44,96551","1,3"
S1215013,ETANG DE LACANAU,29/07/2008,"-1,10311","44,96806","0,9"
S1215013,ETANG DE LACANAU,29/07/2008,"-1,1032","44,96797","0,8"
S1215013,ETANG DE LACANAU,29/07/2008,"-1,10331","44,96789","0,7"
S1215013,ETANG DE LACANAU,29/07/2008,"-1,1034","44,9678","0,6"
S1215013,ETANG DE LACANAU,29/07/2008,"-1,10349","44,96772","0,6"
S1215013,ETANG DE LACANAU,29/07/2008,"-1,1036","44,96764","0,7"
S1215013,ETANG DE LACANAU,29/07/2008,"-1,10282","44,96835",1
S1215013,ETANG DE LACANAU,29/07/2008,"-1,10141","44,96346","1,3"
S1215013,ETANG DE LACANAU,29/07/2008,"-1,10115","44,96436","0,9"
S1215013,ETANG DE LACANAU,29/07/2008,"-1,10112","44,96425","0,6"
S1215013,ETANG DE LACANAU,29/07/2008,"-1,1011","44,96415","0,7"
S1215013,ETANG DE LACANAU,29/07/2008,"-1,10108","44,96403","1,5"
S1215013,ETANG DE LACANAU,29/07/2008,"-1,10111","44,96391",2
S1215013,ETANG DE LACANAU,29/07/2008,"-1,10117","44,96379","1,9"
S1215013,ETANG DE LACANAU,29/07/2008,"-1,10387","44,96576","1,2"
S1215013,ETANG DE LACANAU,29/07/2008,"-1,10133","44,96357",1
S1215013,ETANG DE LACANAU,29/07/2008,"-1,10151","44,96458","1,3"
S1215013,ETANG DE LACANAU,29/07/2008,"-1,10152","44,96333","1,1"
S1215013,ETANG DE LACANAU,29/07/2008,"-1,1015","44,96324","0,9"
S1215013,ETANG DE LACANAU,29/07/2008,"-1,10135","44,96323","0,8"
S1215013,ETANG DE LACANAU,29/07/2008,"-1,10117","44,96325","0,7"
S1215013,ETANG DE LACANAU,29/07/2008,"-1,10101","44,96323","0,6"
S1215013,ETANG DE LACANAU,29/07/2008,"-1,10086","44,96324","0,5"
S1215013,ETANG DE LACANAU,29/07/2008,"-1,10125","44,96368","1,1"
S1215013,ETANG DE LACANAU,29/07/2008,"-1,1027","44,96487",2
S1215013,ETANG DE LACANAU,29/07/2008,"-1,10177","44,96871","0,6"
S1215013,ETANG DE LACANAU,29/07/2008,"-1,10363","44,96541","1,3"
S1215013,ETANG DE LACANAU,29/07/2008,"-1,10355","44,96529","1,3"
S1215013,ETANG DE LACANAU,29/07/2008,"-1,10345","44,9652","1,5"
S1215013,ETANG DE LACANAU,29/07/2008,"-1,10331","44,96512","1,9"
S1215013,ETANG DE LACANAU,29/07/2008,"-1,10317","44,96504","2,1"
S1215013,ETANG DE LACANAU,29/07/2008,"-1,10119","44,96448","1,2"
S1215013,ETANG DE LACANAU,29/07/2008,"-1,10285","44,96492","2,1"
S1215013,ETANG DE LACANAU,29/07/2008,"-1,10133","44,96455","1,3"
S1215013,ETANG DE LACANAU,29/07/2008,"-1,10255","44,96482",2
S1215013,ETANG DE LACANAU,29/07/2008,"-1,10238","44,96477","1,9"
S1215013,ETANG DE LACANAU,29/07/2008,"-1,10221","44,96473","1,8"
S1215013,ETANG DE LACANAU,29/07/2008,"-1,10203","44,96469","1,7"
S1215013,ETANG DE LACANAU,29/07/2008,"-1,10184","44,96465","1,5"
S1215013,ETANG DE LACANAU,29/07/2008,"-1,10167","44,96462","1,3"
S1215013,ETANG DE LACANAU,29/07/2008,"-1,10379","44,96564","1,2"
S1215013,ETANG DE LACANAU,29/07/2008,"-1,10301","44,96498","2,1"
S1215013,ETANG DE LACANAU,29/07/2008,"-1,09934","44,9696","0,5"
S1215013,ETANG DE LACANAU,29/07/2008,"-1,10205","44,96869","0,6"
S1215013,ETANG DE LACANAU,29/07/2008,"-1,09956","44,97001","0,6"
S1215013,ETANG DE LACANAU,29/07/2008,"-1,09952","44,96995","0,5"
S1215013,ETANG DE LACANAU,29/07/2008,"-1,0995","44,96988","0,6"
S1215013,ETANG DE LACANAU,29/07/2008,"-1,09946","44,96982","0,7"
S1215013,ETANG DE LACANAU,29/07/2008,"-1,09944","44,96976","0,6"
S1215013,ETANG DE LACANAU,29/07/2008,"-1,09961","44,97016","0,6"
S1215013,ETANG DE LACANAU,29/07/2008,"-1,09938","44,96965","0,6"
S1215013,ETANG DE LACANAU,29/07/2008,"-1,09965","44,97022","0,8"
S1215013,ETANG DE LACANAU,29/07/2008,"-1,09902","44,96987","0,5"
S1215013,ETANG DE LACANAU,29/07/2008,"-1,09931","44,96944","0,4"
S1215013,ETANG DE LACANAU,29/07/2008,"-1,09925","44,96943","0,5"
S1215013,ETANG DE LACANAU,29/07/2008,"-1,09923","44,96962","0,5"
S1215013,ETANG DE LACANAU,29/07/2008,"-1,09877","44,96987","0,7"
S1215013,ETANG DE LACANAU,29/07/2008,"-1,09885","44,96981","0,7"
S1215013,ETANG DE LACANAU,29/07/2008,"-1,09941","44,9697","0,6"
S1215013,ETANG DE LACANAU,29/07/2008,"-1,0996","44,97089","2,3"
S1215013,ETANG DE LACANAU,29/07/2008,"-1,1019","44,98132","1,4"
S1215013,ETANG DE LACANAU,29/07/2008,"-1,09933","44,97142","0,7"
S1215013,ETANG DE LACANAU,29/07/2008,"-1,09938","44,97131","0,7"
S1215013,ETANG DE LACANAU,29/07/2008,"-1,09945","44,97128","0,7"
S1215013,ETANG DE LACANAU,29/07/2008,"-1,09949","44,97122","0,8"
S1215013,ETANG DE LACANAU,29/07/2008,"-1,09951","44,97113","1,1"
S1215013,ETANG DE LACANAU,29/07/2008,"-1,09958","44,9701","0,5"
S1215013,ETANG DE LACANAU,29/07/2008,"-1,09956","44,97097","2,3"
S1215013,ETANG DE LACANAU,29/07/2008,"-1,09863","44,96983","0,4"
S1215013,ETANG DE LACANAU,29/07/2008,"-1,09963","44,97079","2,3"
S1215013,ETANG DE LACANAU,29/07/2008,"-1,09964","44,97069","2,3"
S1215013,ETANG DE LACANAU,29/07/2008,"-1,09965","44,97058","2,1"
S1215013,ETANG DE LACANAU,29/07/2008,"-1,09966","44,97047","0,9"
S1215013,ETANG DE LACANAU,29/07/2008,"-1,09968","44,97037",1
S1215013,ETANG DE LACANAU,29/07/2008,"-1,09965","44,97029","0,8"
S1215013,ETANG DE LACANAU,29/07/2008,"-1,09953","44,97105","1,9"
S1215013,ETANG DE LACANAU,29/07/2008,"-1,10077","44,96864","0,7"
S1215013,ETANG DE LACANAU,29/07/2008,"-1,09903","44,96951","0,5"
S1215013,ETANG DE LACANAU,29/07/2008,"-1,09914","44,96949","0,4"
S1215013,ETANG DE LACANAU,29/07/2008,"-1,09924","44,96946","0,5"
S1215013,ETANG DE LACANAU,29/07/2008,"-1,09933","44,96943","0,6"
S1215013,ETANG DE LACANAU,29/07/2008,"-1,09942","44,96939","0,6"
S1215013,ETANG DE LACANAU,29/07/2008,"-1,0995","44,96941","0,5"
S1215013,ETANG DE LACANAU,29/07/2008,"-1,09856","44,96993","0,8"
S1215013,ETANG DE LACANAU,29/07/2008,"-1,10062","44,96862","0,7"
S1215013,ETANG DE LACANAU,29/07/2008,"-1,09883","44,96953","0,8"
S1215013,ETANG DE LACANAU,29/07/2008,"-1,10093","44,96866","0,7"
S1215013,ETANG DE LACANAU,29/07/2008,"-1,10107","44,96868","0,6"
S1215013,ETANG DE LACANAU,29/07/2008,"-1,10121","44,9687","0,6"
S1215013,ETANG DE LACANAU,29/07/2008,"-1,10134","44,96873","0,6"
S1215013,ETANG DE LACANAU,29/07/2008,"-1,10148","44,96873","0,5"
S1215013,ETANG DE LACANAU,29/07/2008,"-1,10162","44,96873","0,6"
S1215013,ETANG DE LACANAU,29/07/2008,"-1,10058","44,9687","0,7"
S1215013,ETANG DE LACANAU,29/07/2008,"-1,09902","44,96928","0,7"
S1215013,ETANG DE LACANAU,29/07/2008,"-1,09941","44,97163","0,6"
S1215013,ETANG DE LACANAU,29/07/2008,"-1,09862","44,96982","0,4"
S1215013,ETANG DE LACANAU,29/07/2008,"-1,09899","44,96954","0,5"
S1215013,ETANG DE LACANAU,29/07/2008,"-1,09914","44,96978","0,4"
S1215013,ETANG DE LACANAU,29/07/2008,"-1,09909","44,96961","0,4"
S1215013,ETANG DE LACANAU,29/07/2008,"-1,09883","44,96933","0,6"
S1215013,ETANG DE LACANAU,29/07/2008,"-1,09896","44,9695","0,6"
S1215013,ETANG DE LACANAU,29/07/2008,"-1,09899","44,96931","0,7"
S1215013,ETANG DE LACANAU,29/07/2008,"-1,0989","44,96952","0,6"
S1215013,ETANG DE LACANAU,29/07/2008,"-1,09903","44,96925","0,4"
S1215013,ETANG DE LACANAU,29/07/2008,"-1,09903","44,96922","0,7"
S1215013,ETANG DE LACANAU,29/07/2008,"-1,09901","44,96923","0,8"
S1215013,ETANG DE LACANAU,29/07/2008,"-1,0987","44,96947","0,9"
S1215013,ETANG DE LACANAU,29/07/2008,"-1,09873","44,96958","0,8"
S1215013,ETANG DE LACANAU,29/07/2008,"-1,09878","44,9695","0,8"
S1215013,ETANG DE LACANAU,29/07/2008,"-1,09859","44,96989","0,8"
S1215013,ETANG DE LACANAU,29/07/2008,"-1,09896","44,96935","0,7"
S1215013,ETANG DE LACANAU,29/07/2008,"-1,10901","44,99105","0,5"
S1215013,ETANG DE LACANAU,29/07/2008,"-1,11043","44,99139","0,5"
S1215013,ETANG DE LACANAU,29/07/2008,"-1,10929","44,99124","0,5"
S1215013,ETANG DE LACANAU,29/07/2008,"-1,10911","44,99052","0,5"
S1215013,ETANG DE LACANAU,29/07/2008,"-1,1091","44,99062","0,5"
S1215013,ETANG DE LACANAU,29/07/2008,"-1,10908","44,99065","0,5"
S1215013,ETANG DE LACANAU,29/07/2008,"-1,10905","44,99055","0,4"
S1215013,ETANG DE LACANAU,29/07/2008,"-1,1094","44,99137","0,5"
S1215013,ETANG DE LACANAU,29/07/2008,"-1,10905","44,99049","0,4"
S1215013,ETANG DE LACANAU,29/07/2008,"-1,10947","44,99135","0,5"
S1215013,ETANG DE LACANAU,29/07/2008,"-1,10903","44,99035","0,4"
S1215013,ETANG DE LACANAU,29/07/2008,"-1,10905","44,99088","0,4"
S1215013,ETANG DE LACANAU,29/07/2008,"-1,10905","44,99089","0,4"
S1215013,ETANG DE LACANAU,29/07/2008,"-1,10899","44,99082","0,4"
S1215013,ETANG DE LACANAU,29/07/2008,"-1,10899","44,99078","0,4"
S1215013,ETANG DE LACANAU,29/07/2008,"-1,10895","44,99075","0,4"
S1215013,ETANG DE LACANAU,29/07/2008,"-1,10906","44,9905","0,4"
S1215013,ETANG DE LACANAU,29/07/2008,"-1,10989","44,99133","0,4"
S1215013,ETANG DE LACANAU,29/07/2008,"-1,1093","44,98752","0,8"
S1215013,ETANG DE LACANAU,29/07/2008,"-1,11031","44,99136","0,4"
S1215013,ETANG DE LACANAU,29/07/2008,"-1,11026","44,99135","0,4"
S1215013,ETANG DE LACANAU,29/07/2008,"-1,1102","44,99135","0,4"
S1215013,ETANG DE LACANAU,29/07/2008,"-1,11014","44,99135","0,4"
S1215013,ETANG DE LACANAU,29/07/2008,"-1,11008","44,99136","0,4"
S1215013,ETANG DE LACANAU,29/07/2008,"-1,10936","44,99134","0,5"
S1215013,ETANG DE LACANAU,29/07/2008,"-1,10995","44,99133","0,4"
S1215013,ETANG DE LACANAU,29/07/2008,"-1,10885","44,99029","0,7"
S1215013,ETANG DE LACANAU,29/07/2008,"-1,10983","44,99132","0,4"
S1215013,ETANG DE LACANAU,29/07/2008,"-1,10977","44,99131","0,4"
S1215013,ETANG DE LACANAU,29/07/2008,"-1,10972","44,99131","0,5"
S1215013,ETANG DE LACANAU,29/07/2008,"-1,10966","44,99131","0,5"
S1215013,ETANG DE LACANAU,29/07/2008,"-1,1096","44,99132","0,5"
S1215013,ETANG DE LACANAU,29/07/2008,"-1,10954","44,99133","0,5"
S1215013,ETANG DE LACANAU,29/07/2008,"-1,11002","44,99134","0,4"
S1215013,ETANG DE LACANAU,29/07/2008,"-1,1096","44,98826","1,2"
S1215013,ETANG DE LACANAU,29/07/2008,"-1,1085","44,9889","1,3"
S1215013,ETANG DE LACANAU,29/07/2008,"-1,10869","44,98882","1,7"
S1215013,ETANG DE LACANAU,29/07/2008,"-1,1089","44,98872","1,6"
S1215013,ETANG DE LACANAU,29/07/2008,"-1,10913","44,98862","1,7"
S1215013,ETANG DE LACANAU,29/07/2008,"-1,10933","44,98855","1,8"
S1215013,ETANG DE LACANAU,29/07/2008,"-1,10941","44,9885","1,9"
S1215013,ETANG DE LACANAU,29/07/2008,"-1,10884","44,99003","0,4"
S1215013,ETANG DE LACANAU,29/07/2008,"-1,10955","44,98837","2,2"
S1215013,ETANG DE LACANAU,29/07/2008,"-1,10805","44,98855","1,4"
S1215013,ETANG DE LACANAU,29/07/2008,"-1,10964","44,98818","0,7"
S1215013,ETANG DE LACANAU,29/07/2008,"-1,10964","44,98805","0,8"
S1215013,ETANG DE LACANAU,29/07/2008,"-1,1095","44,98774","0,7"
S1215013,ETANG DE LACANAU,29/07/2008,"-1,10945","44,9878","0,7"
S1215013,ETANG DE LACANAU,29/07/2008,"-1,10938","44,98771","0,6"
S1215013,ETANG DE LACANAU,29/07/2008,"-1,1018","44,98118","1,7"
S1215013,ETANG DE LACANAU,29/07/2008,"-1,10949","44,98845","1,9"
S1215013,ETANG DE LACANAU,29/07/2008,"-1,10819","44,98965","1,4"
S1215013,ETANG DE LACANAU,29/07/2008,"-1,11051","44,99141","0,4"
S1215013,ETANG DE LACANAU,29/07/2008,"-1,10877","44,99011","0,5"
S1215013,ETANG DE LACANAU,29/07/2008,"-1,10819","44,98986","1,2"
S1215013,ETANG DE LACANAU,29/07/2008,"-1,10818","44,98987","1,2"
S1215013,ETANG DE LACANAU,29/07/2008,"-1,10815","44,98986","1,3"
S1215013,ETANG DE LACANAU,29/07/2008,"-1,1081","44,98981","1,3"
S1215013,ETANG DE LACANAU,29/07/2008,"-1,10839","44,98892","1,4"
S1215013,ETANG DE LACANAU,29/07/2008,"-1,10813","44,9897","1,3"
S1215013,ETANG DE LACANAU,29/07/2008,"-1,10829","44,989","1,4"
S1215013,ETANG DE LACANAU,29/07/2008,"-1,10825","44,98959","1,4"
S1215013,ETANG DE LACANAU,29/07/2008,"-1,1083","44,98951","1,4"
S1215013,ETANG DE LACANAU,29/07/2008,"-1,10834","44,98943","1,4"
S1215013,ETANG DE LACANAU,29/07/2008,"-1,10837","44,98934","1,3"
S1215013,ETANG DE LACANAU,29/07/2008,"-1,10813","44,9887","1,4"
S1215013,ETANG DE LACANAU,29/07/2008,"-1,10807","44,98861","1,5"
S1215013,ETANG DE LACANAU,29/07/2008,"-1,10875","44,99009","0,5"
S1215013,ETANG DE LACANAU,29/07/2008,"-1,10809","44,98976","1,3"
S1215013,ETANG DE LACANAU,29/07/2008,"-1,11279","44,99342","0,5"
S1215013,ETANG DE LACANAU,29/07/2008,"-1,11036","44,99136","0,4"
S1215013,ETANG DE LACANAU,29/07/2008,"-1,1131","44,9942","0,5"
S1215013,ETANG DE LACANAU,29/07/2008,"-1,11297","44,99402","0,5"
S1215013,ETANG DE LACANAU,29/07/2008,"-1,11296","44,99399","0,5"
S1215013,ETANG DE LACANAU,29/07/2008,"-1,11297","44,99377","0,5"
S1215013,ETANG DE LACANAU,29/07/2008,"-1,11328","44,99418","0,5"
S1215013,ETANG DE LACANAU,29/07/2008,"-1,11316","44,99423","0,5"
S1215013,ETANG DE LACANAU,29/07/2008,"-1,11284","44,99352","0,5"
S1215013,ETANG DE LACANAU,29/07/2008,"-1,11337","44,99418","0,6"
S1215013,ETANG DE LACANAU,29/07/2008,"-1,11307","44,99371","0,5"
S1215013,ETANG DE LACANAU,29/07/2008,"-1,1128","44,99328","0,6"
S1215013,ETANG DE LACANAU,29/07/2008,"-1,11267","44,99316","0,6"
S1215013,ETANG DE LACANAU,29/07/2008,"-1,11289","44,99355","0,7"
S1215013,ETANG DE LACANAU,29/07/2008,"-1,11277","44,99343","0,6"
S1215013,ETANG DE LACANAU,29/07/2008,"-1,11272","44,99336","0,6"
S1215013,ETANG DE LACANAU,29/07/2008,"-1,11305","44,99398","0,5"
S1215013,ETANG DE LACANAU,29/07/2008,"-1,1134","44,9954","0,5"
S1215013,ETANG DE LACANAU,29/07/2008,"-1,11414","44,99589","0,7"
S1215013,ETANG DE LACANAU,29/07/2008,"-1,11408","44,99585","0,7"
S1215013,ETANG DE LACANAU,29/07/2008,"-1,11401","44,99579","0,7"
S1215013,ETANG DE LACANAU,29/07/2008,"-1,11376","44,9956","0,7"
S1215013,ETANG DE LACANAU,29/07/2008,"-1,11377","44,99583","0,7"
S1215013,ETANG DE LACANAU,29/07/2008,"-1,11366","44,99579","0,7"
S1215013,ETANG DE LACANAU,29/07/2008,"-1,1131","44,99414","0,5"
S1215013,ETANG DE LACANAU,29/07/2008,"-1,11347","44,99548","0,7"
S1215013,ETANG DE LACANAU,29/07/2008,"-1,11241","44,99316","0,4"
S1215013,ETANG DE LACANAU,29/07/2008,"-1,11314","44,9948","0,5"
S1215013,ETANG DE LACANAU,29/07/2008,"-1,11366","44,99534","0,4"
S1215013,ETANG DE LACANAU,29/07/2008,"-1,11372","44,99521","0,5"
S1215013,ETANG DE LACANAU,29/07/2008,"-1,11375","44,99515","0,5"
S1215013,ETANG DE LACANAU,29/07/2008,"-1,1138","44,99509","0,5"
S1215013,ETANG DE LACANAU,29/07/2008,"-1,11379","44,99501","0,6"
S1215013,ETANG DE LACANAU,29/07/2008,"-1,1135","44,9955","0,7"
S1215013,ETANG DE LACANAU,29/07/2008,"-1,11113","44,99174","0,6"
S1215013,ETANG DE LACANAU,29/07/2008,"-1,11147","44,99204","0,5"
S1215013,ETANG DE LACANAU,29/07/2008,"-1,11136","44,9921","0,5"
S1215013,ETANG DE LACANAU,29/07/2008,"-1,11143","44,99191","0,5"
S1215013,ETANG DE LACANAU,29/07/2008,"-1,11131","44,99196","0,5"
S1215013,ETANG DE LACANAU,29/07/2008,"-1,11126","44,99193","0,5"
S1215013,ETANG DE LACANAU,29/07/2008,"-1,11121","44,9919","0,6"
S1215013,ETANG DE LACANAU,29/07/2008,"-1,11257","44,99322","0,5"
S1215013,ETANG DE LACANAU,29/07/2008,"-1,11116","44,99179","0,6"
S1215013,ETANG DE LACANAU,29/07/2008,"-1,11169","44,99209","0,6"
S1215013,ETANG DE LACANAU,29/07/2008,"-1,11106","44,99168","0,6"
S1215013,ETANG DE LACANAU,29/07/2008,"-1,11097","44,99162","0,6"
S1215013,ETANG DE LACANAU,29/07/2008,"-1,11088","44,99156","0,6"
S1215013,ETANG DE LACANAU,29/07/2008,"-1,11079","44,99151","0,5"
S1215013,ETANG DE LACANAU,29/07/2008,"-1,1107","44,99147","0,4"
S1215013,ETANG DE LACANAU,29/07/2008,"-1,11061","44,99143","0,4"
S1215013,ETANG DE LACANAU,29/07/2008,"-1,11118","44,99185","0,6"
S1215013,ETANG DE LACANAU,29/07/2008,"-1,11188","44,99211","0,5"
S1215013,ETANG DE LACANAU,29/07/2008,"-1,10926","44,98743","0,7"
S1215013,ETANG DE LACANAU,29/07/2008,"-1,11221","44,99278","0,5"
S1215013,ETANG DE LACANAU,29/07/2008,"-1,11223","44,99274","0,6"
S1215013,ETANG DE LACANAU,29/07/2008,"-1,11226","44,99269","0,6"
S1215013,ETANG DE LACANAU,29/07/2008,"-1,11225","44,99262","0,6"
S1215013,ETANG DE LACANAU,29/07/2008,"-1,1121","44,99256","0,6"
S1215013,ETANG DE LACANAU,29/07/2008,"-1,11138","44,99226","0,5"
S1215013,ETANG DE LACANAU,29/07/2008,"-1,11194","44,99215","0,6"
S1215013,ETANG DE LACANAU,29/07/2008,"-1,11165","44,99202","0,5"
S1215013,ETANG DE LACANAU,29/07/2008,"-1,11194","44,99229","0,6"
S1215013,ETANG DE LACANAU,29/07/2008,"-1,11193","44,99221","0,6"
S1215013,ETANG DE LACANAU,29/07/2008,"-1,11188","44,99218","0,6"
S1215013,ETANG DE LACANAU,29/07/2008,"-1,11184","44,99215","0,6"
S1215013,ETANG DE LACANAU,29/07/2008,"-1,1118","44,99212","0,5"
S1215013,ETANG DE LACANAU,29/07/2008,"-1,11175","44,99208","0,5"
S1215013,ETANG DE LACANAU,29/07/2008,"-1,11248","44,9932","0,5"
S1215013,ETANG DE LACANAU,29/07/2008,"-1,11209","44,99248","0,6"
S1215013,ETANG DE LACANAU,29/07/2008,"-1,10528","44,98324","0,5"
S1215013,ETANG DE LACANAU,29/07/2008,"-1,10742","44,98435","0,7"
S1215013,ETANG DE LACANAU,29/07/2008,"-1,10603","44,98349","0,6"
S1215013,ETANG DE LACANAU,29/07/2008,"-1,10592","44,98346","0,5"
S1215013,ETANG DE LACANAU,29/07/2008,"-1,10582","44,98342","0,5"
S1215013,ETANG DE LACANAU,29/07/2008,"-1,10572","44,98338","0,5"
S1215013,ETANG DE LACANAU,29/07/2008,"-1,10563","44,98335","0,5"
S1215013,ETANG DE LACANAU,29/07/2008,"-1,10624","44,98358","0,6"
S1215013,ETANG DE LACANAU,29/07/2008,"-1,1054","44,98327","0,5"
S1215013,ETANG DE LACANAU,29/07/2008,"-1,10636","44,98363","0,6"
S1215013,ETANG DE LACANAU,29/07/2008,"-1,10516","44,98321","0,5"
S1215013,ETANG DE LACANAU,29/07/2008,"-1,10504","44,98319","0,5"
S1215013,ETANG DE LACANAU,29/07/2008,"-1,10493","44,98318","0,5"
S1215013,ETANG DE LACANAU,29/07/2008,"-1,12119","44,95263","3,9"
S1215013,ETANG DE LACANAU,29/07/2008,"-1,10468","44,98314","0,5"
S1215013,ETANG DE LACANAU,29/07/2008,"-1,11726","44,94181","0,4"
S1215013,ETANG DE LACANAU,29/07/2008,"-1,10551","44,98332","0,5"
S1215013,ETANG DE LACANAU,29/07/2008,"-1,10707","44,98396","0,7"
S1215013,ETANG DE LACANAU,29/07/2008,"-1,10935","44,98761","0,6"
S1215013,ETANG DE LACANAU,29/07/2008,"-1,1074","44,98424","0,7"
S1215013,ETANG DE LACANAU,29/07/2008,"-1,10767","44,98412","0,7"
S1215013,ETANG DE LACANAU,29/07/2008,"-1,10741","44,98422","0,7"
S1215013,ETANG DE LACANAU,29/07/2008,"-1,10732","44,98417","0,7"
S1215013,ETANG DE LACANAU,29/07/2008,"-1,10727","44,98413","0,7"
S1215013,ETANG DE LACANAU,29/07/2008,"-1,10614","44,98353","0,6"
S1215013,ETANG DE LACANAU,29/07/2008,"-1,10713","44,98403","0,7"
S1215013,ETANG DE LACANAU,29/07/2008,"-1,10429","44,9831","0,6"
S1215013,ETANG DE LACANAU,29/07/2008,"-1,107","44,98391","0,7"
S1215013,ETANG DE LACANAU,29/07/2008,"-1,1069","44,98386","0,7"
S1215013,ETANG DE LACANAU,29/07/2008,"-1,1068","44,98381","0,7"
S1215013,ETANG DE LACANAU,29/07/2008,"-1,10669","44,98377","0,6"
S1215013,ETANG DE LACANAU,29/07/2008,"-1,10658","44,98372","0,6"
S1215013,ETANG DE LACANAU,29/07/2008,"-1,10647","44,98367","0,6"
S1215013,ETANG DE LACANAU,29/07/2008,"-1,1072","44,98408","0,7"
S1215013,ETANG DE LACANAU,29/07/2008,"-1,1021","44,98195",1
S1215013,ETANG DE LACANAU,29/07/2008,"-1,10274","44,98248","0,9"
S1215013,ETANG DE LACANAU,29/07/2008,"-1,10265","44,98245",1
S1215013,ETANG DE LACANAU,29/07/2008,"-1,10224","44,98253",1
S1215013,ETANG DE LACANAU,29/07/2008,"-1,1025","44,98224",1
S1215013,ETANG DE LACANAU,29/07/2008,"-1,1024","44,98216",1
S1215013,ETANG DE LACANAU,29/07/2008,"-1,10228","44,98216",1
S1215013,ETANG DE LACANAU,29/07/2008,"-1,10446","44,9831","0,5"
S1215013,ETANG DE LACANAU,29/07/2008,"-1,10216","44,982",1
S1215013,ETANG DE LACANAU,29/07/2008,"-1,10303","44,98263","0,9"
S1215013,ETANG DE LACANAU,29/07/2008,"-1,10206","44,9819","1,1"
S1215013,ETANG DE LACANAU,29/07/2008,"-1,10209","44,9819","1,1"
S1215013,ETANG DE LACANAU,29/07/2008,"-1,10201","44,98166","1,2"
S1215013,ETANG DE LACANAU,29/07/2008,"-1,10198","44,98152","1,2"
S1215013,ETANG DE LACANAU,29/07/2008,"-1,10197","44,9814","1,3"
S1215013,ETANG DE LACANAU,29/07/2008,"-1,10076","44,96325","0,5"
S1215013,ETANG DE LACANAU,29/07/2008,"-1,1022","44,98211",1
S1215013,ETANG DE LACANAU,29/07/2008,"-1,10368","44,98301","0,7"
S1215013,ETANG DE LACANAU,29/07/2008,"-1,10744","44,98438","0,7"
S1215013,ETANG DE LACANAU,29/07/2008,"-1,10423","44,9831","0,6"
S1215013,ETANG DE LACANAU,29/07/2008,"-1,10416","44,98309","0,6"
S1215013,ETANG DE LACANAU,29/07/2008,"-1,10408","44,98311","0,6"
S1215013,ETANG DE LACANAU,29/07/2008,"-1,10402","44,98311","0,6"
S1215013,ETANG DE LACANAU,29/07/2008,"-1,10395","44,9831","0,6"
S1215013,ETANG DE LACANAU,29/07/2008,"-1,10284","44,98252","0,9"
S1215013,ETANG DE LACANAU,29/07/2008,"-1,10377","44,98305","0,7"
S1215013,ETANG DE LACANAU,29/07/2008,"-1,10294","44,98258","0,9"
S1215013,ETANG DE LACANAU,29/07/2008,"-1,10359","44,98297","0,7"
S1215013,ETANG DE LACANAU,29/07/2008,"-1,10351","44,98292","0,7"
S1215013,ETANG DE LACANAU,29/07/2008,"-1,10341","44,98286","0,8"
S1215013,ETANG DE LACANAU,29/07/2008,"-1,10329","44,98281","0,8"
S1215013,ETANG DE LACANAU,29/07/2008,"-1,10321","44,98274","0,8"
S1215013,ETANG DE LACANAU,29/07/2008,"-1,10313","44,98268","0,9"
S1215013,ETANG DE LACANAU,29/07/2008,"-1,10437","44,9831","0,6"
S1215013,ETANG DE LACANAU,29/07/2008,"-1,10386","44,98308","0,7"
S1215013,ETANG DE LACANAU,29/07/2008,"-1,1086","44,98769","0,5"
S1215013,ETANG DE LACANAU,29/07/2008,"-1,10741","44,9843","0,7"
S1215013,ETANG DE LACANAU,29/07/2008,"-1,10853","44,98758","0,6"
S1215013,ETANG DE LACANAU,29/07/2008,"-1,10847","44,98761","0,6"
S1215013,ETANG DE LACANAU,29/07/2008,"-1,10842","44,98764","0,6"
S1215013,ETANG DE LACANAU,29/07/2008,"-1,10839","44,98767","0,5"
S1215013,ETANG DE LACANAU,29/07/2008,"-1,10836","44,98769","0,5"
S1215013,ETANG DE LACANAU,29/07/2008,"-1,1086","44,98752","0,6"
S1215013,ETANG DE LACANAU,29/07/2008,"-1,1083","44,98778","0,4"
S1215013,ETANG DE LACANAU,29/07/2008,"-1,10864","44,9875","0,6"
S1215013,ETANG DE LACANAU,29/07/2008,"-1,10868","44,98765","0,6"
S1215013,ETANG DE LACANAU,29/07/2008,"-1,10876","44,98761","0,6"
S1215013,ETANG DE LACANAU,29/07/2008,"-1,10885","44,98756","0,6"
S1215013,ETANG DE LACANAU,29/07/2008,"-1,10892","44,98753","0,6"
S1215013,ETANG DE LACANAU,29/07/2008,"-1,10896","44,98745","0,6"
S1215013,ETANG DE LACANAU,29/07/2008,"-1,10903","44,98739","0,6"
S1215013,ETANG DE LACANAU,29/07/2008,"-1,10833","44,98774","0,4"
S1215013,ETANG DE LACANAU,29/07/2008,"-1,10887","44,98695","0,8"
S1215013,ETANG DE LACANAU,29/07/2008,"-1,1092","44,98735","0,7"
S1215013,ETANG DE LACANAU,29/07/2008,"-1,10917","44,98727","0,8"
S1215013,ETANG DE LACANAU,29/07/2008,"-1,10914","44,9872","0,8"
S1215013,ETANG DE LACANAU,29/07/2008,"-1,10911","44,98714","0,8"
S1215013,ETANG DE LACANAU,29/07/2008,"-1,10907","44,98708","0,8"
S1215013,ETANG DE LACANAU,29/07/2008,"-1,10904","44,98703","0,9"
S1215013,ETANG DE LACANAU,29/07/2008,"-1,10856","44,98755","0,6"
S1215013,ETANG DE LACANAU,29/07/2008,"-1,10895","44,98694","0,8"
S1215013,ETANG DE LACANAU,29/07/2008,"-1,10914","44,98713","0,7"
S1215013,ETANG DE LACANAU,29/07/2008,"-1,10884","44,98702","0,7"
S1215013,ETANG DE LACANAU,29/07/2008,"-1,10884","44,98715","0,7"
S1215013,ETANG DE LACANAU,29/07/2008,"-1,10885","44,98725","0,7"
S1215013,ETANG DE LACANAU,29/07/2008,"-1,10883","44,98734","0,6"
S1215013,ETANG DE LACANAU,29/07/2008,"-1,10874","44,98739","0,7"
S1215013,ETANG DE LACANAU,29/07/2008,"-1,10869","44,98745","0,5"
S1215013,ETANG DE LACANAU,29/07/2008,"-1,109","44,98696","0,8"
S1215013,ETANG DE LACANAU,29/07/2008,"-1,10778","44,98474","0,6"
S1215013,ETANG DE LACANAU,29/07/2008,"-1,10811","44,9853","0,6"
S1215013,ETANG DE LACANAU,29/07/2008,"-1,10806","44,9852","0,5"
S1215013,ETANG DE LACANAU,29/07/2008,"-1,10802","44,98511","0,4"
S1215013,ETANG DE LACANAU,29/07/2008,"-1,10798","44,98502","0,5"
S1215013,ETANG DE LACANAU,29/07/2008,"-1,10795","44,98493","0,4"
S1215013,ETANG DE LACANAU,29/07/2008,"-1,10789","44,9849","0,5"
S1215013,ETANG DE LACANAU,29/07/2008,"-1,10909","44,98734","0,7"
S1215013,ETANG DE LACANAU,29/07/2008,"-1,10783","44,98478","0,6"
S1215013,ETANG DE LACANAU,29/07/2008,"-1,10825","44,98557","0,6"
S1215013,ETANG DE LACANAU,29/07/2008,"-1,10774","44,98469","0,6"
S1215013,ETANG DE LACANAU,29/07/2008,"-1,10768","44,98463","0,5"
S1215013,ETANG DE LACANAU,29/07/2008,"-1,10759","44,98459","0,6"
S1215013,ETANG DE LACANAU,29/07/2008,"-1,10753","44,98451","0,4"
S1215013,ETANG DE LACANAU,29/07/2008,"-1,10749","44,98445","0,7"
S1215013,ETANG DE LACANAU,29/07/2008,"-1,10746","44,98442","0,7"
S1215013,ETANG DE LACANAU,29/07/2008,"-1,10784","44,98485","0,5"
S1215013,ETANG DE LACANAU,29/07/2008,"-1,10869","44,98624","0,6"
S1215013,ETANG DE LACANAU,29/07/2008,"-1,10184","44,98128","1,6"
S1215013,ETANG DE LACANAU,29/07/2008,"-1,10912","44,987","0,8"
S1215013,ETANG DE LACANAU,29/07/2008,"-1,10908","44,98689","0,8"
S1215013,ETANG DE LACANAU,29/07/2008,"-1,10902","44,98679","0,7"
S1215013,ETANG DE LACANAU,29/07/2008,"-1,10895","44,98668","0,8"
S1215013,ETANG DE LACANAU,29/07/2008,"-1,10888","44,98658","0,7"
S1215013,ETANG DE LACANAU,29/07/2008,"-1,10815","44,98539","0,5"
S1215013,ETANG DE LACANAU,29/07/2008,"-1,10876","44,98635","0,7"
S1215013,ETANG DE LACANAU,29/07/2008,"-1,1082","44,98548","0,5"
S1215013,ETANG DE LACANAU,29/07/2008,"-1,10863","44,98612","0,5"
S1215013,ETANG DE LACANAU,29/07/2008,"-1,10857","44,98603","0,6"
S1215013,ETANG DE LACANAU,29/07/2008,"-1,10847","44,98596","0,6"
S1215013,ETANG DE LACANAU,29/07/2008,"-1,10841","44,98585","0,6"
S1215013,ETANG DE LACANAU,29/07/2008,"-1,10835","44,98576","0,7"
S1215013,ETANG DE LACANAU,29/07/2008,"-1,10829","44,98567","0,6"
S1215013,ETANG DE LACANAU,29/07/2008,"-1,10914","44,98725","0,7"
S1215013,ETANG DE LACANAU,29/07/2008,"-1,10882","44,98646","0,8"
S1215013,ETANG DE LACANAU,29/07/2008,"-1,12218","44,95007","1,6"
S1215013,ETANG DE LACANAU,29/07/2008,"-1,14422","44,98789","0,8"
S1215013,ETANG DE LACANAU,29/07/2008,"-1,12138","44,95205","3,1"
S1215013,ETANG DE LACANAU,29/07/2008,"-1,12147","44,95187",3
S1215013,ETANG DE LACANAU,29/07/2008,"-1,12155","44,95171","3,6"
S1215013,ETANG DE LACANAU,29/07/2008,"-1,12162","44,95151","3,5"
S1215013,ETANG DE LACANAU,29/07/2008,"-1,1217","44,95126","3,2"
S1215013,ETANG DE LACANAU,29/07/2008,"-1,12175","44,95104","3,3"
S1215013,ETANG DE LACANAU,29/07/2008,"-1,1218","44,95085","3,4"
S1215013,ETANG DE LACANAU,29/07/2008,"-1,12184","44,95071","3,3"
S1215013,ETANG DE LACANAU,29/07/2008,"-1,12185","44,95058","2,6"
S1215013,ETANG DE LACANAU,29/07/2008,"-1,12186","44,95041","1,7"
S1215013,ETANG DE LACANAU,29/07/2008,"-1,12467","44,95039","2,1"
S1215013,ETANG DE LACANAU,29/07/2008,"-1,12203","44,95016","1,7"
S1215013,ETANG DE LACANAU,29/07/2008,"-1,12113","44,95308","2,6"
S1215013,ETANG DE LACANAU,29/07/2008,"-1,12235","44,95","1,7"
S1215013,ETANG DE LACANAU,29/07/2008,"-1,12267","44,94994","1,8"
S1215013,ETANG DE LACANAU,29/07/2008,"-1,12311","44,94998","1,8"
S1215013,ETANG DE LACANAU,29/07/2008,"-1,12351","44,9501","1,9"
S1215013,ETANG DE LACANAU,29/07/2008,"-1,12381","44,95021","1,9"
S1215013,ETANG DE LACANAU,29/07/2008,"-1,12402","44,95029","1,9"
S1215013,ETANG DE LACANAU,29/07/2008,"-1,12416","44,95034",2
S1215013,ETANG DE LACANAU,29/07/2008,"-1,12425","44,95037",2
S1215013,ETANG DE LACANAU,29/07/2008,"-1,12434","44,95037",2
S1215013,ETANG DE LACANAU,29/07/2008,"-1,12442","44,95038",2
S1215013,ETANG DE LACANAU,29/07/2008,"-1,1245","44,95039","2,1"
S1215013,ETANG DE LACANAU,29/07/2008,"-1,13227","44,94399",2
S1215013,ETANG DE LACANAU,29/07/2008,"-1,12193","44,95027","1,6"
S1215013,ETANG DE LACANAU,29/07/2008,"-1,12086","44,95507","3,4"
S1215013,ETANG DE LACANAU,29/07/2008,"-1,12083","44,95792","1,6"
S1215013,ETANG DE LACANAU,29/07/2008,"-1,12081","44,95779","2,3"
S1215013,ETANG DE LACANAU,29/07/2008,"-1,12078","44,95764","2,9"
S1215013,ETANG DE LACANAU,29/07/2008,"-1,12076","44,95749","3,6"
S1215013,ETANG DE LACANAU,29/07/2008,"-1,12075","44,95725",3
S1215013,ETANG DE LACANAU,29/07/2008,"-1,12073","44,95699",4
S1215013,ETANG DE LACANAU,29/07/2008,"-1,12067","44,95673","3,9"
S1215013,ETANG DE LACANAU,29/07/2008,"-1,12063","44,95647","2,1"
S1215013,ETANG DE LACANAU,29/07/2008,"-1,12058","44,95624","1,4"
S1215013,ETANG DE LACANAU,29/07/2008,"-1,12056","44,95606","1,1"
S1215013,ETANG DE LACANAU,29/07/2008,"-1,12055","44,95588","0,9"
S1215013,ETANG DE LACANAU,29/07/2008,"-1,1206","44,95567","1,1"
S1215013,ETANG DE LACANAU,29/07/2008,"-1,12125","44,95243","3,7"
S1215013,ETANG DE LACANAU,29/07/2008,"-1,12078","44,95523",3
S1215013,ETANG DE LACANAU,29/07/2008,"-1,12115","44,95284","3,7"
S1215013,ETANG DE LACANAU,29/07/2008,"-1,12089","44,95491","3,2"
S1215013,ETANG DE LACANAU,29/07/2008,"-1,12089","44,95478","1,7"
S1215013,ETANG DE LACANAU,29/07/2008,"-1,12088","44,95466","1,3"
S1215013,ETANG DE LACANAU,29/07/2008,"-1,12086","44,95452","1,2"
S1215013,ETANG DE LACANAU,29/07/2008,"-1,12086","44,95437",1
S1215013,ETANG DE LACANAU,29/07/2008,"-1,12086","44,95426","0,8"
S1215013,ETANG DE LACANAU,29/07/2008,"-1,12089","44,95414","0,7"
S1215013,ETANG DE LACANAU,29/07/2008,"-1,12095","44,95396","0,9"
S1215013,ETANG DE LACANAU,29/07/2008,"-1,12101","44,9538","1,7"
S1215013,ETANG DE LACANAU,29/07/2008,"-1,12106","44,9536",3
S1215013,ETANG DE LACANAU,29/07/2008,"-1,12111","44,95334","2,8"
S1215013,ETANG DE LACANAU,29/07/2008,"-1,12476","44,9504","2,1"
S1215013,ETANG DE LACANAU,29/07/2008,"-1,12068","44,95543","1,5"
S1215013,ETANG DE LACANAU,29/07/2008,"-1,13086","44,94724","1,7"
S1215013,ETANG DE LACANAU,29/07/2008,"-1,12957","44,9503","1,2"
S1215013,ETANG DE LACANAU,29/07/2008,"-1,12991","44,95015",1
S1215013,ETANG DE LACANAU,29/07/2008,"-1,13028","44,95002",2
S1215013,ETANG DE LACANAU,29/07/2008,"-1,13058","44,94991","1,9"
S1215013,ETANG DE LACANAU,29/07/2008,"-1,1308","44,9497",1
S1215013,ETANG DE LACANAU,29/07/2008,"-1,1309","44,94944","0,9"
S1215013,ETANG DE LACANAU,29/07/2008,"-1,13091","44,94919",2
S1215013,ETANG DE LACANAU,29/07/2008,"-1,13082","44,94899","2,1"
S1215013,ETANG DE LACANAU,29/07/2008,"-1,13074","44,94883","2,5"
S1215013,ETANG DE LACANAU,29/07/2008,"-1,13062","44,94858","2,5"
S1215013,ETANG DE LACANAU,29/07/2008,"-1,13051","44,94827","2,5"
S1215013,ETANG DE LACANAU,29/07/2008,"-1,12458","44,95039",2
S1215013,ETANG DE LACANAU,29/07/2008,"-1,1307","44,94759",2
S1215013,ETANG DE LACANAU,29/07/2008,"-1,12868","44,95059","2,2"
S1215013,ETANG DE LACANAU,29/07/2008,"-1,131","44,94688","2,2"
S1215013,ETANG DE LACANAU,29/07/2008,"-1,13114","44,94654","2,3"
S1215013,ETANG DE LACANAU,29/07/2008,"-1,13123","44,94622","2,2"
S1215013,ETANG DE LACANAU,29/07/2008,"-1,13124","44,94591","2,3"
S1215013,ETANG DE LACANAU,29/07/2008,"-1,13121","44,9456","2,4"
S1215013,ETANG DE LACANAU,29/07/2008,"-1,13118","44,94529","2,5"
S1215013,ETANG DE LACANAU,29/07/2008,"-1,13115","44,94499","2,3"
S1215013,ETANG DE LACANAU,29/07/2008,"-1,13116","44,94469","2,6"
S1215013,ETANG DE LACANAU,29/07/2008,"-1,13123","44,94442","2,6"
S1215013,ETANG DE LACANAU,29/07/2008,"-1,13137","44,94423","2,6"
S1215013,ETANG DE LACANAU,29/07/2008,"-1,13164","44,94412","2,5"
S1215013,ETANG DE LACANAU,29/07/2008,"-1,13198","44,94404","2,3"
S1215013,ETANG DE LACANAU,29/07/2008,"-1,13055","44,94793","1,8"
S1215013,ETANG DE LACANAU,29/07/2008,"-1,12707","44,95102","2,3"
S1215013,ETANG DE LACANAU,29/07/2008,"-1,12486","44,95041",2
S1215013,ETANG DE LACANAU,29/07/2008,"-1,12497","44,95043",2
S1215013,ETANG DE LACANAU,29/07/2008,"-1,12516","44,95049",2
S1215013,ETANG DE LACANAU,29/07/2008,"-1,12536","44,95055",2
S1215013,ETANG DE LACANAU,29/07/2008,"-1,12555","44,95063",2
S1215013,ETANG DE LACANAU,29/07/2008,"-1,12575","44,95071","2,1"
S1215013,ETANG DE LACANAU,29/07/2008,"-1,12594","44,95079","2,1"
S1215013,ETANG DE LACANAU,29/07/2008,"-1,12613","44,95086","2,2"
S1215013,ETANG DE LACANAU,29/07/2008,"-1,12632","44,95093","2,2"
S1215013,ETANG DE LACANAU,29/07/2008,"-1,12649","44,95096","2,2"
S1215013,ETANG DE LACANAU,29/07/2008,"-1,12664","44,951","2,3"
S1215013,ETANG DE LACANAU,29/07/2008,"-1,12676","44,95101","2,4"
S1215013,ETANG DE LACANAU,29/07/2008,"-1,12926","44,9504","1,3"
S1215013,ETANG DE LACANAU,29/07/2008,"-1,12696","44,95101","2,3"
S1215013,ETANG DE LACANAU,29/07/2008,"-1,12897","44,9505","1,8"
S1215013,ETANG DE LACANAU,29/07/2008,"-1,12721","44,95104","2,2"
S1215013,ETANG DE LACANAU,29/07/2008,"-1,12737","44,95105",2
S1215013,ETANG DE LACANAU,29/07/2008,"-1,12751","44,95102","2,2"
S1215013,ETANG DE LACANAU,29/07/2008,"-1,12763","44,95097","2,2"
S1215013,ETANG DE LACANAU,29/07/2008,"-1,12775","44,95093","2,3"
S1215013,ETANG DE LACANAU,29/07/2008,"-1,12785","44,9509","2,3"
S1215013,ETANG DE LACANAU,29/07/2008,"-1,12794","44,95085","2,3"
S1215013,ETANG DE LACANAU,29/07/2008,"-1,12806","44,95078","2,2"
S1215013,ETANG DE LACANAU,29/07/2008,"-1,1282","44,95073","2,3"
S1215013,ETANG DE LACANAU,29/07/2008,"-1,12832","44,95069","2,3"
S1215013,ETANG DE LACANAU,29/07/2008,"-1,12845","44,95065","1,7"
S1215013,ETANG DE LACANAU,29/07/2008,"-1,12069","44,95838",3
S1215013,ETANG DE LACANAU,29/07/2008,"-1,12686","44,95101","2,3"
S1215013,ETANG DE LACANAU,29/07/2008,"-1,10058","44,97575","2,6"
S1215013,ETANG DE LACANAU,29/07/2008,"-1,09613","44,97758","1,5"
S1215013,ETANG DE LACANAU,29/07/2008,"-1,09642","44,97748","1,7"
S1215013,ETANG DE LACANAU,29/07/2008,"-1,09677","44,97742","1,6"
S1215013,ETANG DE LACANAU,29/07/2008,"-1,09715","44,97738","2,8"
S1215013,ETANG DE LACANAU,29/07/2008,"-1,09772","44,97736","2,6"
S1215013,ETANG DE LACANAU,29/07/2008,"-1,09809","44,97734","3,2"
S1215013,ETANG DE LACANAU,29/07/2008,"-1,09842","44,97735","3,5"
S1215013,ETANG DE LACANAU,29/07/2008,"-1,09881","44,9773","3,3"
S1215013,ETANG DE LACANAU,29/07/2008,"-1,09911","44,97705","4,4"
S1215013,ETANG DE LACANAU,29/07/2008,"-1,0993","44,9769","2,7"
S1215013,ETANG DE LACANAU,29/07/2008,"-1,0995","44,97673","2,6"
S1215013,ETANG DE LACANAU,29/07/2008,"-1,12083","44,95805","1,8"
S1215013,ETANG DE LACANAU,29/07/2008,"-1,10021","44,97608","1,8"
S1215013,ETANG DE LACANAU,29/07/2008,"-1,09547","44,97807","2,1"
S1215013,ETANG DE LACANAU,29/07/2008,"-1,10096","44,97538","2,4"
S1215013,ETANG DE LACANAU,29/07/2008,"-1,1012","44,97503","1,6"
S1215013,ETANG DE LACANAU,29/07/2008,"-1,10141","44,97468","1,9"
S1215013,ETANG DE LACANAU,29/07/2008,"-1,10164","44,97434","1,8"
S1215013,ETANG DE LACANAU,29/07/2008,"-1,10189","44,97399","2,4"
S1215013,ETANG DE LACANAU,29/07/2008,"-1,10216","44,97366","1,4"
S1215013,ETANG DE LACANAU,29/07/2008,"-1,10245","44,97334","1,4"
S1215013,ETANG DE LACANAU,29/07/2008,"-1,10278","44,97297","1,4"
S1215013,ETANG DE LACANAU,29/07/2008,"-1,10304","44,97273","1,2"
S1215013,ETANG DE LACANAU,29/07/2008,"-1,10329","44,97249","0,9"
S1215013,ETANG DE LACANAU,29/07/2008,"-1,1037","44,97217","0,7"
S1215013,ETANG DE LACANAU,29/07/2008,"-1,10407","44,97183","0,8"
S1215013,ETANG DE LACANAU,29/07/2008,"-1,09979","44,97647","1,6"
S1215013,ETANG DE LACANAU,29/07/2008,"-1,09401","44,97858",2
S1215013,ETANG DE LACANAU,29/07/2008,"-1,11724","44,94175","0,4"
S1215013,ETANG DE LACANAU,29/07/2008,"-1,12131","44,95224","3,3"
S1215013,ETANG DE LACANAU,29/07/2008,"-1,09399","44,97879","0,4"
S1215013,ETANG DE LACANAU,29/07/2008,"-1,09399","44,97879","0,5"
S1215013,ETANG DE LACANAU,29/07/2008,"-1,09399","44,97879","0,5"
S1215013,ETANG DE LACANAU,29/07/2008,"-1,09399","44,97878","0,6"
S1215013,ETANG DE LACANAU,29/07/2008,"-1,09399","44,97876","0,8"
S1215013,ETANG DE LACANAU,29/07/2008,"-1,094","44,97875","0,9"
S1215013,ETANG DE LACANAU,29/07/2008,"-1,09399","44,97874","0,9"
S1215013,ETANG DE LACANAU,29/07/2008,"-1,09398","44,97873",1
S1215013,ETANG DE LACANAU,29/07/2008,"-1,09397","44,97873",1
S1215013,ETANG DE LACANAU,29/07/2008,"-1,09397","44,97871","1,4"
S1215013,ETANG DE LACANAU,29/07/2008,"-1,09582","44,97779","1,6"
S1215013,ETANG DE LACANAU,29/07/2008,"-1,09398","44,97864","1,8"
S1215013,ETANG DE LACANAU,29/07/2008,"-1,09558","44,97798","2,1"
S1215013,ETANG DE LACANAU,29/07/2008,"-1,09405","44,97852","1,9"
S1215013,ETANG DE LACANAU,29/07/2008,"-1,0941","44,97846","1,8"
S1215013,ETANG DE LACANAU,29/07/2008,"-1,09415","44,97839","1,5"
S1215013,ETANG DE LACANAU,29/07/2008,"-1,09424","44,9783","1,3"
S1215013,ETANG DE LACANAU,29/07/2008,"-1,09439","44,97829","1,3"
S1215013,ETANG DE LACANAU,29/07/2008,"-1,09455","44,97828","1,2"
S1215013,ETANG DE LACANAU,29/07/2008,"-1,09472","44,97826","1,3"
S1215013,ETANG DE LACANAU,29/07/2008,"-1,0949","44,97829","1,3"
S1215013,ETANG DE LACANAU,29/07/2008,"-1,09507","44,97831","1,3"
S1215013,ETANG DE LACANAU,29/07/2008,"-1,09521","44,97825","1,5"
S1215013,ETANG DE LACANAU,29/07/2008,"-1,09534","44,97816","2,1"
S1215013,ETANG DE LACANAU,29/07/2008,"-1,10494","44,97091","1,1"
S1215013,ETANG DE LACANAU,29/07/2008,"-1,09397","44,97868","1,4"
S1215013,ETANG DE LACANAU,29/07/2008,"-1,1175","44,96176","5,2"
S1215013,ETANG DE LACANAU,29/07/2008,"-1,10443","44,97153","0,8"
S1215013,ETANG DE LACANAU,29/07/2008,"-1,11392","44,96383",5
S1215013,ETANG DE LACANAU,29/07/2008,"-1,11432","44,96365","4,8"
S1215013,ETANG DE LACANAU,29/07/2008,"-1,11471","44,96354","4,6"
S1215013,ETANG DE LACANAU,29/07/2008,"-1,11514","44,96346","4,4"
S1215013,ETANG DE LACANAU,29/07/2008,"-1,11548","44,96336","4,4"
S1215013,ETANG DE LACANAU,29/07/2008,"-1,11585","44,9632","4,5"
S1215013,ETANG DE LACANAU,29/07/2008,"-1,11607","44,96303","5,1"
S1215013,ETANG DE LACANAU,29/07/2008,"-1,11624","44,96281","5,4"
S1215013,ETANG DE LACANAU,29/07/2008,"-1,11644","44,96262","5,3"
S1215013,ETANG DE LACANAU,29/07/2008,"-1,11661","44,9625","4,9"
S1215013,ETANG DE LACANAU,29/07/2008,"-1,11685","44,96229","4,4"
S1215013,ETANG DE LACANAU,29/07/2008,"-1,11338","44,9641","3,9"
S1215013,ETANG DE LACANAU,29/07/2008,"-1,11726","44,96194","4,4"
S1215013,ETANG DE LACANAU,29/07/2008,"-1,11309","44,96427","4,1"
S1215013,ETANG DE LACANAU,29/07/2008,"-1,1177","44,96155","5,5"
S1215013,ETANG DE LACANAU,29/07/2008,"-1,11799","44,96126","5,8"
S1215013,ETANG DE LACANAU,29/07/2008,"-1,11829","44,96097",6
S1215013,ETANG DE LACANAU,29/07/2008,"-1,11862","44,96069","5,5"
S1215013,ETANG DE LACANAU,29/07/2008,"-1,11887","44,96043",5
S1215013,ETANG DE LACANAU,29/07/2008,"-1,11901","44,96021","4,7"
S1215013,ETANG DE LACANAU,29/07/2008,"-1,11927","44,95997","4,6"
S1215013,ETANG DE LACANAU,29/07/2008,"-1,11951","44,95972","4,7"
S1215013,ETANG DE LACANAU,29/07/2008,"-1,11987","44,95933","4,6"
S1215013,ETANG DE LACANAU,29/07/2008,"-1,12016","44,95896","3,9"
S1215013,ETANG DE LACANAU,29/07/2008,"-1,12047","44,95863","3,9"
S1215013,ETANG DE LACANAU,29/07/2008,"-1,09593","44,97769","1,4"
S1215013,ETANG DE LACANAU,29/07/2008,"-1,11709","44,96208","4,1"
S1215013,ETANG DE LACANAU,29/07/2008,"-1,10929","44,96767","2,3"
S1215013,ETANG DE LACANAU,29/07/2008,"-1,12079","44,95818","2,1"
S1215013,ETANG DE LACANAU,29/07/2008,"-1,10528","44,9706","2,1"
S1215013,ETANG DE LACANAU,29/07/2008,"-1,10559","44,97036","2,1"
S1215013,ETANG DE LACANAU,29/07/2008,"-1,10592","44,97015","1,3"
S1215013,ETANG DE LACANAU,29/07/2008,"-1,10626","44,96991","2,3"
S1215013,ETANG DE LACANAU,29/07/2008,"-1,10661","44,96969",2
S1215013,ETANG DE LACANAU,29/07/2008,"-1,1069","44,96953","2,4"
S1215013,ETANG DE LACANAU,29/07/2008,"-1,10728","44,96931","2,4"
S1215013,ETANG DE LACANAU,29/07/2008,"-1,10761","44,96905","2,5"
S1215013,ETANG DE LACANAU,29/07/2008,"-1,10795","44,96881","2,2"
S1215013,ETANG DE LACANAU,29/07/2008,"-1,10827","44,96858","1,7"
S1215013,ETANG DE LACANAU,29/07/2008,"-1,10845","44,96843","2,3"
S1215013,ETANG DE LACANAU,29/07/2008,"-1,11365","44,96397","4,5"
S1215013,ETANG DE LACANAU,29/07/2008,"-1,10899","44,96792","2,6"
S1215013,ETANG DE LACANAU,29/07/2008,"-1,10468","44,97122","1,2"
S1215013,ETANG DE LACANAU,29/07/2008,"-1,10956","44,9674","2,6"
S1215013,ETANG DE LACANAU,29/07/2008,"-1,10993","44,9671","3,1"
S1215013,ETANG DE LACANAU,29/07/2008,"-1,11018","44,96687","2,9"
S1215013,ETANG DE LACANAU,29/07/2008,"-1,11053","44,9666","2,8"
S1215013,ETANG DE LACANAU,29/07/2008,"-1,11084","44,96631","2,9"
S1215013,ETANG DE LACANAU,29/07/2008,"-1,1111","44,96602","3,1"
S1215013,ETANG DE LACANAU,29/07/2008,"-1,11134","44,96577","2,1"
S1215013,ETANG DE LACANAU,29/07/2008,"-1,1116","44,96551","2,8"
S1215013,ETANG DE LACANAU,29/07/2008,"-1,11184","44,96527","3,6"
S1215013,ETANG DE LACANAU,29/07/2008,"-1,11213","44,96504","4,1"
S1215013,ETANG DE LACANAU,29/07/2008,"-1,11243","44,9648","4,3"
S1215013,ETANG DE LACANAU,29/07/2008,"-1,11274","44,96451","3,9"
S1215013,ETANG DE LACANAU,29/07/2008,"-1,10871","44,96819","2,7"
S1215013,ETANG DE LACANAU,29/07/2008,"-1,1211","44,93676","0,6"
S1215013,ETANG DE LACANAU,29/07/2008,"-1,12271","44,93704","0,5"
S1215013,ETANG DE LACANAU,29/07/2008,"-1,12257","44,93703","0,6"
S1215013,ETANG DE LACANAU,29/07/2008,"-1,12243","44,93702","0,5"
S1215013,ETANG DE LACANAU,29/07/2008,"-1,12228","44,937","0,5"
S1215013,ETANG DE LACANAU,29/07/2008,"-1,12215","44,93698","0,6"
S1215013,ETANG DE LACANAU,29/07/2008,"-1,12201","44,93695","0,6"
S1215013,ETANG DE LACANAU,29/07/2008,"-1,12189","44,93692","0,5"
S1215013,ETANG DE LACANAU,29/07/2008,"-1,12178","44,93687","0,4"
S1215013,ETANG DE LACANAU,29/07/2008,"-1,12169","44,93682","0,4"
S1215013,ETANG DE LACANAU,29/07/2008,"-1,12159","44,93677","0,6"
S1215013,ETANG DE LACANAU,29/07/2008,"-1,12146","44,93673","0,6"
S1215013,ETANG DE LACANAU,29/07/2008,"-1,12023","44,93789","0,5"
S1215013,ETANG DE LACANAU,29/07/2008,"-1,12121","44,93673","0,5"
S1215013,ETANG DE LACANAU,29/07/2008,"-1,12313","44,93703","0,7"
S1215013,ETANG DE LACANAU,29/07/2008,"-1,12101","44,93682","0,5"
S1215013,ETANG DE LACANAU,29/07/2008,"-1,12093","44,93688","0,5"
S1215013,ETANG DE LACANAU,29/07/2008,"-1,12084","44,93694","0,5"
S1215013,ETANG DE LACANAU,29/07/2008,"-1,12075","44,93701","0,5"
S1215013,ETANG DE LACANAU,29/07/2008,"-1,12066","44,93707","0,5"
S1215013,ETANG DE LACANAU,29/07/2008,"-1,12059","44,93715","0,5"
S1215013,ETANG DE LACANAU,29/07/2008,"-1,12055","44,93724","0,5"
S1215013,ETANG DE LACANAU,29/07/2008,"-1,12039","44,93749","0,5"
S1215013,ETANG DE LACANAU,29/07/2008,"-1,12035","44,93757","0,4"
S1215013,ETANG DE LACANAU,29/07/2008,"-1,12032","44,93765","0,4"
S1215013,ETANG DE LACANAU,29/07/2008,"-1,12029","44,93773","0,4"
S1215013,ETANG DE LACANAU,29/07/2008,"-1,12374","44,93654",1
S1215013,ETANG DE LACANAU,29/07/2008,"-1,12133","44,93673","0,5"
S1215013,ETANG DE LACANAU,29/07/2008,"-1,12371","44,93605","1,2"
S1215013,ETANG DE LACANAU,29/07/2008,"-1,1237","44,93644","1,2"
S1215013,ETANG DE LACANAU,29/07/2008,"-1,12368","44,93632","1,2"
S1215013,ETANG DE LACANAU,29/07/2008,"-1,12366","44,93621","1,2"
S1215013,ETANG DE LACANAU,29/07/2008,"-1,12362","44,9361","1,1"
S1215013,ETANG DE LACANAU,29/07/2008,"-1,12358","44,93599","1,1"
S1215013,ETANG DE LACANAU,29/07/2008,"-1,12351","44,93589","1,2"
S1215013,ETANG DE LACANAU,29/07/2008,"-1,12349","44,93579","0,8"
S1215013,ETANG DE LACANAU,29/07/2008,"-1,12344","44,93569","0,9"
S1215013,ETANG DE LACANAU,29/07/2008,"-1,12345","44,93559","0,8"
S1215013,ETANG DE LACANAU,29/07/2008,"-1,12357","44,93556","1,1"
S1215013,ETANG DE LACANAU,29/07/2008,"-1,12368","44,93563","1,1"
S1215013,ETANG DE LACANAU,29/07/2008,"-1,1237","44,93574","1,1"
S1215013,ETANG DE LACANAU,29/07/2008,"-1,12285","44,93705","0,5"
S1215013,ETANG DE LACANAU,29/07/2008,"-1,12368","44,93595","1,2"
S1215013,ETANG DE LACANAU,29/07/2008,"-1,12298","44,93705","0,7"
S1215013,ETANG DE LACANAU,29/07/2008,"-1,12369","44,93616","1,1"
S1215013,ETANG DE LACANAU,29/07/2008,"-1,12364","44,93626","1,2"
S1215013,ETANG DE LACANAU,29/07/2008,"-1,12361","44,93637","1,3"
S1215013,ETANG DE LACANAU,29/07/2008,"-1,12365","44,93648","1,2"
S1215013,ETANG DE LACANAU,29/07/2008,"-1,12369","44,93659",1
S1215013,ETANG DE LACANAU,29/07/2008,"-1,12369","44,93669","0,8"
S1215013,ETANG DE LACANAU,29/07/2008,"-1,12368","44,93678","0,8"
S1215013,ETANG DE LACANAU,29/07/2008,"-1,12364","44,93687","0,7"
S1215013,ETANG DE LACANAU,29/07/2008,"-1,12353","44,93694","0,7"
S1215013,ETANG DE LACANAU,29/07/2008,"-1,1234","44,93698","0,8"
S1215013,ETANG DE LACANAU,29/07/2008,"-1,12326","44,93701","0,7"
S1215013,ETANG DE LACANAU,29/07/2008,"-1,12021","44,93797","0,4"
S1215013,ETANG DE LACANAU,29/07/2008,"-1,1237","44,93584","1,2"
S1215013,ETANG DE LACANAU,29/07/2008,"-1,11788","44,94126","0,4"
S1215013,ETANG DE LACANAU,29/07/2008,"-1,11927","44,94046","0,6"
S1215013,ETANG DE LACANAU,29/07/2008,"-1,11923","44,94054","0,5"
S1215013,ETANG DE LACANAU,29/07/2008,"-1,11916","44,94061","0,5"
S1215013,ETANG DE LACANAU,29/07/2008,"-1,11906","44,94067","0,5"
S1215013,ETANG DE LACANAU,29/07/2008,"-1,11897","44,94072","0,5"
S1215013,ETANG DE LACANAU,29/07/2008,"-1,11888","44,94078","0,5"
S1215013,ETANG DE LACANAU,29/07/2008,"-1,11879","44,94084","0,5"
S1215013,ETANG DE LACANAU,29/07/2008,"-1,1187","44,9409","0,5"
S1215013,ETANG DE LACANAU,29/07/2008,"-1,11862","44,94096","0,5"
S1215013,ETANG DE LACANAU,29/07/2008,"-1,11844","44,94106","0,4"
S1215013,ETANG DE LACANAU,29/07/2008,"-1,11823","44,94114","0,5"
S1215013,ETANG DE LACANAU,29/07/2008,"-1,12027","44,93781","0,5"
S1215013,ETANG DE LACANAU,29/07/2008,"-1,11796","44,94124","0,7"
S1215013,ETANG DE LACANAU,29/07/2008,"-1,11935","44,94019","0,6"
S1215013,ETANG DE LACANAU,29/07/2008,"-1,11779","44,94128","0,4"
S1215013,ETANG DE LACANAU,29/07/2008,"-1,11772","44,94132","0,4"
S1215013,ETANG DE LACANAU,29/07/2008,"-1,11764","44,94136","0,4"
S1215013,ETANG DE LACANAU,29/07/2008,"-1,11756","44,94141","0,8"
S1215013,ETANG DE LACANAU,29/07/2008,"-1,11748","44,94145","0,8"
S1215013,ETANG DE LACANAU,29/07/2008,"-1,1174","44,94149","0,7"
S1215013,ETANG DE LACANAU,29/07/2008,"-1,11733","44,94153","0,7"
S1215013,ETANG DE LACANAU,29/07/2008,"-1,11728","44,94159","0,7"
S1215013,ETANG DE LACANAU,29/07/2008,"-1,1325","44,94397","1,8"
S1215013,ETANG DE LACANAU,29/07/2008,"-1,09571","44,97788",2
S1215013,ETANG DE LACANAU,29/07/2008,"-1,11723","44,94164","0,7"
S1215013,ETANG DE LACANAU,29/07/2008,"-1,11721","44,9417","0,7"
S1215013,ETANG DE LACANAU,29/07/2008,"-1,11812","44,94118","0,4"
S1215013,ETANG DE LACANAU,29/07/2008,"-1,11959","44,93919","0,4"
S1215013,ETANG DE LACANAU,29/07/2008,"-1,12017","44,93805","0,4"
S1215013,ETANG DE LACANAU,29/07/2008,"-1,12012","44,93813","0,5"
S1215013,ETANG DE LACANAU,29/07/2008,"-1,12008","44,93821","0,5"
S1215013,ETANG DE LACANAU,29/07/2008,"-1,12006","44,9383","0,5"
S1215013,ETANG DE LACANAU,29/07/2008,"-1,12003","44,93838","0,5"
S1215013,ETANG DE LACANAU,29/07/2008,"-1,11998","44,93846","0,5"
S1215013,ETANG DE LACANAU,29/07/2008,"-1,11993","44,93855","0,5"
S1215013,ETANG DE LACANAU,29/07/2008,"-1,11988","44,93863","0,4"
S1215013,ETANG DE LACANAU,29/07/2008,"-1,11982","44,93871","0,4"
S1215013,ETANG DE LACANAU,29/07/2008,"-1,11976","44,93878","0,5"
S1215013,ETANG DE LACANAU,29/07/2008,"-1,1197","44,93886","0,4"
S1215013,ETANG DE LACANAU,29/07/2008,"-1,11966","44,93894","0,4"
S1215013,ETANG DE LACANAU,29/07/2008,"-1,11929","44,94037","0,5"
S1215013,ETANG DE LACANAU,29/07/2008,"-1,11961","44,93911","0,5"
S1215013,ETANG DE LACANAU,29/07/2008,"-1,11932","44,94028","0,6"
S1215013,ETANG DE LACANAU,29/07/2008,"-1,11956","44,93927","0,4"
S1215013,ETANG DE LACANAU,29/07/2008,"-1,11954","44,93936","0,4"
S1215013,ETANG DE LACANAU,29/07/2008,"-1,11951","44,93944","0,4"
S1215013,ETANG DE LACANAU,29/07/2008,"-1,1195","44,93952","0,4"
S1215013,ETANG DE LACANAU,29/07/2008,"-1,11947","44,93961","0,5"
S1215013,ETANG DE LACANAU,29/07/2008,"-1,11945","44,93969","0,5"
S1215013,ETANG DE LACANAU,29/07/2008,"-1,11944","44,93977","0,5"
S1215013,ETANG DE LACANAU,29/07/2008,"-1,11942","44,93986","0,5"
S1215013,ETANG DE LACANAU,29/07/2008,"-1,11939","44,93995","0,5"
S1215013,ETANG DE LACANAU,29/07/2008,"-1,11937","44,94003","0,5"
S1215013,ETANG DE LACANAU,29/07/2008,"-1,11935","44,9401","0,5"
S1215013,ETANG DE LACANAU,29/07/2008,"-1,11852","44,94101","0,5"
S1215013,ETANG DE LACANAU,29/07/2008,"-1,11964","44,93902","0,4"
S1215013,ETANG DE LACANAU,29/07/2008,"-1,13384","44,94044","1,6"
S1215013,ETANG DE LACANAU,29/07/2008,"-1,13352","44,94031","2,1"
S1215013,ETANG DE LACANAU,29/07/2008,"-1,13354","44,94035","2,1"
S1215013,ETANG DE LACANAU,29/07/2008,"-1,13358","44,94038","1,9"
S1215013,ETANG DE LACANAU,29/07/2008,"-1,13364","44,9404",2
S1215013,ETANG DE LACANAU,29/07/2008,"-1,1337","44,9404","1,8"
S1215013,ETANG DE LACANAU,29/07/2008,"-1,13375","44,9404","1,8"
S1215013,ETANG DE LACANAU,29/07/2008,"-1,13378","44,94041","1,7"
S1215013,ETANG DE LACANAU,29/07/2008,"-1,1338","44,94041","1,7"
S1215013,ETANG DE LACANAU,29/07/2008,"-1,1338","44,94041","1,7"
S1215013,ETANG DE LACANAU,29/07/2008,"-1,13381","44,9404","1,8"
S1215013,ETANG DE LACANAU,29/07/2008,"-1,13382","44,94039","1,7"
S1215013,ETANG DE LACANAU,29/07/2008,"-1,13448","44,94022","0,6"
S1215013,ETANG DE LACANAU,29/07/2008,"-1,13383","44,94043","1,6"
S1215013,ETANG DE LACANAU,29/07/2008,"-1,13321","44,9404","2,2"
S1215013,ETANG DE LACANAU,29/07/2008,"-1,13387","44,94044","1,6"
S1215013,ETANG DE LACANAU,29/07/2008,"-1,13394","44,94045","1,5"
S1215013,ETANG DE LACANAU,29/07/2008,"-1,13403","44,94047","1,4"
S1215013,ETANG DE LACANAU,29/07/2008,"-1,13413","44,94049","0,6"
S1215013,ETANG DE LACANAU,29/07/2008,"-1,13423","44,94052","0,6"
S1215013,ETANG DE LACANAU,29/07/2008,"-1,13434","44,94055","0,4"
S1215013,ETANG DE LACANAU,29/07/2008,"-1,13444","44,94054","0,5"
S1215013,ETANG DE LACANAU,29/07/2008,"-1,13451","44,9405","0,5"
S1215013,ETANG DE LACANAU,29/07/2008,"-1,13457","44,94045","0,5"
S1215013,ETANG DE LACANAU,29/07/2008,"-1,13457","44,9404","0,5"
S1215013,ETANG DE LACANAU,29/07/2008,"-1,13456","44,94034","0,5"
S1215013,ETANG DE LACANAU,29/07/2008,"-1,13453","44,94027","0,4"
S1215013,ETANG DE LACANAU,29/07/2008,"-1,13383","44,94041","1,7"
S1215013,ETANG DE LACANAU,29/07/2008,"-1,13268","44,9419","2,2"
S1215013,ETANG DE LACANAU,29/07/2008,"-1,13292","44,94382","1,6"
S1215013,ETANG DE LACANAU,29/07/2008,"-1,13302","44,94377","1,5"
S1215013,ETANG DE LACANAU,29/07/2008,"-1,11833","44,9411","0,5"
S1215013,ETANG DE LACANAU,29/07/2008,"-1,12386","44,93663","0,8"
S1215013,ETANG DE LACANAU,29/07/2008,"-1,13283","44,94386","1,6"
S1215013,ETANG DE LACANAU,29/07/2008,"-1,13269","44,94393","1,6"
S1215013,ETANG DE LACANAU,29/07/2008,"-1,13317","44,9437","0,6"
S1215013,ETANG DE LACANAU,29/07/2008,"-1,13325","44,94363","1,5"
S1215013,ETANG DE LACANAU,29/07/2008,"-1,1333","44,94356","0,7"
S1215013,ETANG DE LACANAU,29/07/2008,"-1,13331","44,94346","0,8"
S1215013,ETANG DE LACANAU,29/07/2008,"-1,13319","44,94327","1,6"
S1215013,ETANG DE LACANAU,29/07/2008,"-1,13297","44,94271","0,7"
S1215013,ETANG DE LACANAU,29/07/2008,"-1,13344","44,94029","2,2"
S1215013,ETANG DE LACANAU,29/07/2008,"-1,13272","44,94205","2,1"
S1215013,ETANG DE LACANAU,29/07/2008,"-1,13334","44,94033","2,2"
S1215013,ETANG DE LACANAU,29/07/2008,"-1,13266","44,94175","2,2"
S1215013,ETANG DE LACANAU,29/07/2008,"-1,13264","44,9416","2,3"
S1215013,ETANG DE LACANAU,29/07/2008,"-1,13261","44,94145","2,4"
S1215013,ETANG DE LACANAU,29/07/2008,"-1,13257","44,9413","2,4"
S1215013,ETANG DE LACANAU,29/07/2008,"-1,13255","44,94115","2,4"
S1215013,ETANG DE LACANAU,29/07/2008,"-1,13258","44,941","2,4"
S1215013,ETANG DE LACANAU,29/07/2008,"-1,13265","44,94087","2,4"
S1215013,ETANG DE LACANAU,29/07/2008,"-1,13274","44,94077","2,5"
S1215013,ETANG DE LACANAU,29/07/2008,"-1,13286","44,94067","2,4"
S1215013,ETANG DE LACANAU,29/07/2008,"-1,13297","44,94057","2,4"
S1215013,ETANG DE LACANAU,29/07/2008,"-1,13308","44,94048","2,3"
S1215013,ETANG DE LACANAU,29/07/2008,"-1,13284","44,94242","0,7"
S1215013,ETANG DE LACANAU,29/07/2008,"-1,13277","44,9422","2,1"
S1215013,ETANG DE LACANAU,29/07/2008,"-1,1259","44,93723",1
S1215013,ETANG DE LACANAU,29/07/2008,"-1,13013","44,93706","1,7"
S1215013,ETANG DE LACANAU,29/07/2008,"-1,12972","44,93695","1,7"
S1215013,ETANG DE LACANAU,29/07/2008,"-1,12927","44,93689","1,6"
S1215013,ETANG DE LACANAU,29/07/2008,"-1,12883","44,93692","1,6"
S1215013,ETANG DE LACANAU,29/07/2008,"-1,12844","44,93704","1,4"
S1215013,ETANG DE LACANAU,29/07/2008,"-1,12807","44,93717","1,5"
S1215013,ETANG DE LACANAU,29/07/2008,"-1,1278","44,93723","1,3"
S1215013,ETANG DE LACANAU,29/07/2008,"-1,12756","44,93725","1,3"
S1215013,ETANG DE LACANAU,29/07/2008,"-1,12726","44,93727","1,1"
S1215013,ETANG DE LACANAU,29/07/2008,"-1,1269","44,93726","1,2"
S1215013,ETANG DE LACANAU,29/07/2008,"-1,1266","44,93724","1,2"
S1215013,ETANG DE LACANAU,29/07/2008,"-1,12644","44,93724","1,2"
S1215013,ETANG DE LACANAU,29/07/2008,"-1,13048","44,93726","1,8"
S1215013,ETANG DE LACANAU,29/07/2008,"-1,12608","44,93724","1,1"
S1215013,ETANG DE LACANAU,29/07/2008,"-1,12554","44,93718",1
S1215013,ETANG DE LACANAU,29/07/2008,"-1,12572","44,9372",1
S1215013,ETANG DE LACANAU,29/07/2008,"-1,12535","44,93717",1
S1215013,ETANG DE LACANAU,29/07/2008,"-1,12501","44,93707","0,7"
S1215013,ETANG DE LACANAU,29/07/2008,"-1,12486","44,93703","0,6"
S1215013,ETANG DE LACANAU,29/07/2008,"-1,12397","44,93671","0,8"
S1215013,ETANG DE LACANAU,29/07/2008,"-1,12409","44,93679","0,7"
S1215013,ETANG DE LACANAU,29/07/2008,"-1,13439","44,94017","0,7"
S1215013,ETANG DE LACANAU,29/07/2008,"-1,13307","44,94302","1,8"
S1215013,ETANG DE LACANAU,29/07/2008,"-1,12472","44,93698","0,8"
S1215013,ETANG DE LACANAU,29/07/2008,"-1,12455","44,93694","0,9"
S1215013,ETANG DE LACANAU,29/07/2008,"-1,12438","44,9369","0,8"
S1215013,ETANG DE LACANAU,29/07/2008,"-1,12423","44,93685","0,7"
S1215013,ETANG DE LACANAU,29/07/2008,"-1,12626","44,93724","1,2"
S1215013,ETANG DE LACANAU,29/07/2008,"-1,134","44,94003","1,8"
S1215013,ETANG DE LACANAU,29/07/2008,"-1,13297","44,93927","2,2"
S1215013,ETANG DE LACANAU,29/07/2008,"-1,13313","44,93941",2
S1215013,ETANG DE LACANAU,29/07/2008,"-1,13323","44,93953","2,1"
S1215013,ETANG DE LACANAU,29/07/2008,"-1,13413","44,94007","1,7"
S1215013,ETANG DE LACANAU,29/07/2008,"-1,13354","44,93967","0,9"
S1215013,ETANG DE LACANAU,29/07/2008,"-1,13265","44,9391","2,1"
S1215013,ETANG DE LACANAU,29/07/2008,"-1,13367","44,9397",2
S1215013,ETANG DE LACANAU,29/07/2008,"-1,13337","44,93961",2
S1215013,ETANG DE LACANAU,29/07/2008,"-1,13386","44,93999","1,9"
S1215013,ETANG DE LACANAU,29/07/2008,"-1,13375","44,93977",2
S1215013,ETANG DE LACANAU,29/07/2008,"-1,13376","44,93983",2
S1215013,ETANG DE LACANAU,29/07/2008,"-1,13075","44,93746","1,8"
S1215013,ETANG DE LACANAU,29/07/2008,"-1,12518","44,93713","0,9"
S1215013,ETANG DE LACANAU,29/07/2008,"-1,13372","44,93989","0,7"
S1215013,ETANG DE LACANAU,29/07/2008,"-1,13375","44,93996","0,8"
S1215013,ETANG DE LACANAU,29/07/2008,"-1,13147","44,93832","2,1"
S1215013,ETANG DE LACANAU,29/07/2008,"-1,13086","44,93756","1,7"
S1215013,ETANG DE LACANAU,29/07/2008,"-1,13099","44,93766","1,9"
S1215013,ETANG DE LACANAU,29/07/2008,"-1,13234","44,93894","2,2"
S1215013,ETANG DE LACANAU,29/07/2008,"-1,13119","44,93796","1,9"
S1215013,ETANG DE LACANAU,29/07/2008,"-1,1314","44,93825","1,9"
S1215013,ETANG DE LACANAU,29/07/2008,"-1,1311","44,9378","1,8"
S1215013,ETANG DE LACANAU,29/07/2008,"-1,13162","44,93843",2
S1215013,ETANG DE LACANAU,29/07/2008,"-1,13175","44,93855",2
S1215013,ETANG DE LACANAU,29/07/2008,"-1,1319","44,93868","2,1"
S1215013,ETANG DE LACANAU,29/07/2008,"-1,13208","44,9388","2,1"
S1215013,ETANG DE LACANAU,29/07/2008,"-1,13427","44,94011","0,7"
S1215013,ETANG DE LACANAU,29/07/2008,"-1,13129","44,93811","1,9"
S1215013,ETANG DE LACANAU,29/07/2008,"-1,13168","44,9554","2,4"
S1215013,ETANG DE LACANAU,29/07/2008,"-1,13169","44,9554","2,4"
S1215013,ETANG DE LACANAU,29/07/2008,"-1,13168","44,9554","2,4"
S1215013,ETANG DE LACANAU,29/07/2008,"-1,13168","44,9554","2,4"
S1215013,ETANG DE LACANAU,29/07/2008,"-1,13168","44,9554","2,4"
S1215013,ETANG DE LACANAU,29/07/2008,"-1,13168","44,9554","2,4"
S1215013,ETANG DE LACANAU,29/07/2008,"-1,13168","44,9554","2,5"
S1215013,ETANG DE LACANAU,29/07/2008,"-1,13168","44,9554","2,5"
S1215013,ETANG DE LACANAU,29/07/2008,"-1,13168","44,9554","2,5"
S1215013,ETANG DE LACANAU,29/07/2008,"-1,13168","44,9554","2,5"
S1215013,ETANG DE LACANAU,29/07/2008,"-1,13168","44,9554","2,5"
S1215013,ETANG DE LACANAU,29/07/2008,"-1,13169","44,9554","2,5"
S1215013,ETANG DE LACANAU,29/07/2008,"-1,13169","44,9554","2,5"
S1215013,ETANG DE LACANAU,29/07/2008,"-1,13169","44,9554","2,5"
S1215013,ETANG DE LACANAU,29/07/2008,"-1,13169","44,9554","2,5"
S1215013,ETANG DE LACANAU,29/07/2008,"-1,13169","44,9554","2,5"
S1215013,ETANG DE LACANAU,29/07/2008,"-1,13169","44,9554","2,5"
S1215013,ETANG DE LACANAU,29/07/2008,"-1,13169","44,9554","2,5"
S1215013,ETANG DE LACANAU,29/07/2008,"-1,13169","44,9554","2,5"
S1215013,ETANG DE LACANAU,29/07/2008,"-1,13168","44,9554","2,4"
S1215013,ETANG DE LACANAU,29/07/2008,"-1,13158","44,95542","2,6"
S1215013,ETANG DE LACANAU,29/07/2008,"-1,13133","44,95536","2,7"
S1215013,ETANG DE LACANAU,29/07/2008,"-1,1314","44,95537","2,7"
S1215013,ETANG DE LACANAU,29/07/2008,"-1,13146","44,95538","2,6"
S1215013,ETANG DE LACANAU,29/07/2008,"-1,1315","44,95539","2,6"
S1215013,ETANG DE LACANAU,29/07/2008,"-1,13129","44,95537","2,7"
S1215013,ETANG DE LACANAU,29/07/2008,"-1,13127","44,95538","2,7"
S1215013,ETANG DE LACANAU,29/07/2008,"-1,13169","44,95535","0,7"
S1215013,ETANG DE LACANAU,29/07/2008,"-1,13169","44,9554","2,6"
S1215013,ETANG DE LACANAU,29/07/2008,"-1,13156","44,9554","2,7"
S1215013,ETANG DE LACANAU,29/07/2008,"-1,1316","44,9554","2,6"
S1215013,ETANG DE LACANAU,29/07/2008,"-1,13167","44,95541",1
S1215013,ETANG DE LACANAU,29/07/2008,"-1,1316","44,95542","2,7"
S1215013,ETANG DE LACANAU,29/07/2008,"-1,13168","44,9554","2,5"
S1215013,ETANG DE LACANAU,29/07/2008,"-1,13159","44,95541","2,6"
S1215013,ETANG DE LACANAU,29/07/2008,"-1,13161","44,95541","2,6"
S1215013,ETANG DE LACANAU,29/07/2008,"-1,13164","44,95541","2,6"
S1215013,ETANG DE LACANAU,29/07/2008,"-1,13153","44,9554","2,7"
S1215013,ETANG DE LACANAU,29/07/2008,"-1,13168","44,9554","2,6"
S1215013,ETANG DE LACANAU,29/07/2008,"-1,13168","44,9554","2,6"
S1215013,ETANG DE LACANAU,29/07/2008,"-1,13168","44,9554","2,5"
S1215013,ETANG DE LACANAU,29/07/2008,"-1,13168","44,9554","2,5"
S1215013,ETANG DE LACANAU,29/07/2008,"-1,13168","44,9554","2,6"
S1215013,ETANG DE LACANAU,29/07/2008,"-1,13168","44,9554","2,4"
S1215013,ETANG DE LACANAU,29/07/2008,"-1,13168","44,9554","2,4"
S1215013,ETANG DE LACANAU,29/07/2008,"-1,13161","44,95542","2,7"
S1215013,ETANG DE LACANAU,29/07/2008,"-1,13169","44,95544","2,5"
S1215013,ETANG DE LACANAU,29/07/2008,"-1,13169","44,95527","2,6"
S1215013,ETANG DE LACANAU,29/07/2008,"-1,1317","44,95525","2,7"
S1215013,ETANG DE LACANAU,29/07/2008,"-1,13171","44,95524","2,7"
S1215013,ETANG DE LACANAU,29/07/2008,"-1,13172","44,95528","2,5"
S1215013,ETANG DE LACANAU,29/07/2008,"-1,1317","44,95541","2,6"
S1215013,ETANG DE LACANAU,29/07/2008,"-1,1317","44,95542","2,6"
S1215013,ETANG DE LACANAU,29/07/2008,"-1,13169","44,95542","2,7"
S1215013,ETANG DE LACANAU,29/07/2008,"-1,13169","44,95542","2,6"
S1215013,ETANG DE LACANAU,29/07/2008,"-1,13169","44,95543","2,6"
S1215013,ETANG DE LACANAU,29/07/2008,"-1,13169","44,95536","1,5"
S1215013,ETANG DE LACANAU,29/07/2008,"-1,13169","44,95543","2,6"
S1215013,ETANG DE LACANAU,29/07/2008,"-1,13169","44,95534","1,3"
S1215013,ETANG DE LACANAU,29/07/2008,"-1,13169","44,95544","2,6"
S1215013,ETANG DE LACANAU,29/07/2008,"-1,13127","44,9554","2,6"
S1215013,ETANG DE LACANAU,29/07/2008,"-1,13169","44,95545","2,6"
S1215013,ETANG DE LACANAU,29/07/2008,"-1,13169","44,95546","2,5"
S1215013,ETANG DE LACANAU,29/07/2008,"-1,13171","44,95536","2,6"
S1215013,ETANG DE LACANAU,29/07/2008,"-1,13171","44,95536","2,5"
S1215013,ETANG DE LACANAU,29/07/2008,"-1,13168","44,95546","2,6"
S1215013,ETANG DE LACANAU,29/07/2008,"-1,13167","44,95547","2,6"
S1215013,ETANG DE LACANAU,29/07/2008,"-1,13171","44,95536","2,5"
S1215013,ETANG DE LACANAU,29/07/2008,"-1,13171","44,95536","2,5"
S1215013,ETANG DE LACANAU,29/07/2008,"-1,13169","44,95543","2,5"
S1215013,ETANG DE LACANAU,29/07/2008,"-1,1317","44,95539","2,6"
S1215013,ETANG DE LACANAU,29/07/2008,"-1,13169","44,9554","2,6"
S1215013,ETANG DE LACANAU,29/07/2008,"-1,13169","44,9554",1
S1215013,ETANG DE LACANAU,29/07/2008,"-1,13169","44,9554",1
S1215013,ETANG DE LACANAU,29/07/2008,"-1,13169","44,9554","1,4"
S1215013,ETANG DE LACANAU,29/07/2008,"-1,13169","44,9554","1,4"
S1215013,ETANG DE LACANAU,29/07/2008,"-1,13169","44,9554","0,9"
S1215013,ETANG DE LACANAU,29/07/2008,"-1,13169","44,9554","0,9"
S1215013,ETANG DE LACANAU,29/07/2008,"-1,13169","44,9554","1,2"
S1215013,ETANG DE LACANAU,29/07/2008,"-1,13169","44,95539","2,6"
S1215013,ETANG DE LACANAU,29/07/2008,"-1,13169","44,95539","1,5"
S1215013,ETANG DE LACANAU,29/07/2008,"-1,13169","44,95533","2,6"
S1215013,ETANG DE LACANAU,29/07/2008,"-1,1317","44,95539","2,7"
S1215013,ETANG DE LACANAU,29/07/2008,"-1,13169","44,95533","2,6"
S1215013,ETANG DE LACANAU,29/07/2008,"-1,1317","44,95538","2,7"
S1215013,ETANG DE LACANAU,29/07/2008,"-1,1317","44,95538","1,5"
S1215013,ETANG DE LACANAU,29/07/2008,"-1,1317","44,95538","2,7"
S1215013,ETANG DE LACANAU,29/07/2008,"-1,1317","44,95537","2,7"
S1215013,ETANG DE LACANAU,29/07/2008,"-1,1317","44,95537","1,7"
S1215013,ETANG DE LACANAU,29/07/2008,"-1,1317","44,95537","2,6"
S1215013,ETANG DE LACANAU,29/07/2008,"-1,13169","44,95536","2,6"
S1215013,ETANG DE LACANAU,29/07/2008,"-1,13169","44,95535","1,7"
S1215013,ETANG DE LACANAU,29/07/2008,"-1,13169","44,95534","0,4"
S1215013,ETANG DE LACANAU,29/07/2008,"-1,13169","44,9554","2,6"
S1215013,ETANG DE LACANAU,29/07/2008,"-1,1317","44,95539","2,8"
S1215013,ETANG DE LACANAU,29/07/2008,"-1,1331","44,963","4,4"
S1215013,ETANG DE LACANAU,29/07/2008,"-1,13644","44,96496","5,2"
S1215013,ETANG DE LACANAU,29/07/2008,"-1,1361","44,96471","5,2"
S1215013,ETANG DE LACANAU,29/07/2008,"-1,13575","44,96447","5,2"
S1215013,ETANG DE LACANAU,29/07/2008,"-1,13535","44,96427","5,1"
S1215013,ETANG DE LACANAU,29/07/2008,"-1,13495","44,96407","5,2"
S1215013,ETANG DE LACANAU,29/07/2008,"-1,13457","44,96385",5
S1215013,ETANG DE LACANAU,29/07/2008,"-1,13419","44,96363","5,2"
S1215013,ETANG DE LACANAU,29/07/2008,"-1,13383","44,96341",5
S1215013,ETANG DE LACANAU,29/07/2008,"-1,13352","44,96322","4,5"
S1215013,ETANG DE LACANAU,29/07/2008,"-1,13007","44,96084","3,6"
S1215013,ETANG DE LACANAU,29/07/2008,"-1,1332","44,96305","4,4"
S1215013,ETANG DE LACANAU,29/07/2008,"-1,13718","44,96557","5,1"
S1215013,ETANG DE LACANAU,29/07/2008,"-1,13301","44,96294","4,3"
S1215013,ETANG DE LACANAU,29/07/2008,"-1,1329","44,96288","4,2"
S1215013,ETANG DE LACANAU,29/07/2008,"-1,13272","44,96278","4,2"
S1215013,ETANG DE LACANAU,29/07/2008,"-1,13237","44,96257","4,4"
S1215013,ETANG DE LACANAU,29/07/2008,"-1,13203","44,96236","4,4"
S1215013,ETANG DE LACANAU,29/07/2008,"-1,13169","44,96214","4,4"
S1215013,ETANG DE LACANAU,29/07/2008,"-1,13138","44,9619","4,5"
S1215013,ETANG DE LACANAU,29/07/2008,"-1,13109","44,96166","4,8"
S1215013,ETANG DE LACANAU,29/07/2008,"-1,13078","44,96142","4,8"
S1215013,ETANG DE LACANAU,29/07/2008,"-1,12938","44,96025","4,3"
S1215013,ETANG DE LACANAU,29/07/2008,"-1,13336","44,96313","4,4"
S1215013,ETANG DE LACANAU,29/07/2008,"-1,13922","44,96758","5,4"
S1215013,ETANG DE LACANAU,29/07/2008,"-1,13811","44,96891","5,3"
S1215013,ETANG DE LACANAU,29/07/2008,"-1,13841","44,96868","5,3"
S1215013,ETANG DE LACANAU,29/07/2008,"-1,13869","44,96844","5,3"
S1215013,ETANG DE LACANAU,29/07/2008,"-1,139","44,96825","5,4"
S1215013,ETANG DE LACANAU,29/07/2008,"-1,13921","44,96811","5,2"
S1215013,ETANG DE LACANAU,29/07/2008,"-1,13932","44,96798","5,3"
S1215013,ETANG DE LACANAU,29/07/2008,"-1,12927","44,95485","2,9"
S1215013,ETANG DE LACANAU,29/07/2008,"-1,13171","44,95536","2,5"
S1215013,ETANG DE LACANAU,29/07/2008,"-1,13935","44,96789","5,4"
S1215013,ETANG DE LACANAU,29/07/2008,"-1,13934","44,96782","5,4"
S1215013,ETANG DE LACANAU,29/07/2008,"-1,13674","44,9652","5,1"
S1215013,ETANG DE LACANAU,29/07/2008,"-1,13931","44,96767","5,5"
S1215013,ETANG DE LACANAU,29/07/2008,"-1,13697","44,96539","5,3"
S1215013,ETANG DE LACANAU,29/07/2008,"-1,13904","44,9674","5,6"
S1215013,ETANG DE LACANAU,29/07/2008,"-1,13886","44,96721","5,5"
S1215013,ETANG DE LACANAU,29/07/2008,"-1,13871","44,96703","5,4"
S1215013,ETANG DE LACANAU,29/07/2008,"-1,13853","44,96682","5,3"
S1215013,ETANG DE LACANAU,29/07/2008,"-1,13833","44,96662","5,5"
S1215013,ETANG DE LACANAU,29/07/2008,"-1,13811","44,96642","5,1"
S1215013,ETANG DE LACANAU,29/07/2008,"-1,1379","44,96622",5
S1215013,ETANG DE LACANAU,29/07/2008,"-1,13763","44,96601","5,1"
S1215013,ETANG DE LACANAU,29/07/2008,"-1,13739","44,96578",5
S1215013,ETANG DE LACANAU,29/07/2008,"-1,12973","44,96054","4,3"
S1215013,ETANG DE LACANAU,29/07/2008,"-1,13934","44,96776","5,5"
S1215013,ETANG DE LACANAU,29/07/2008,"-1,13082","44,9555","2,2"
S1215013,ETANG DE LACANAU,29/07/2008,"-1,12645","44,95666","2,7"
S1215013,ETANG DE LACANAU,29/07/2008,"-1,12685","44,95652","2,6"
S1215013,ETANG DE LACANAU,29/07/2008,"-1,12727","44,95639","2,7"
S1215013,ETANG DE LACANAU,29/07/2008,"-1,12768","44,95627",3
S1215013,ETANG DE LACANAU,29/07/2008,"-1,1281","44,95618","4,2"
S1215013,ETANG DE LACANAU,29/07/2008,"-1,12851","44,95606",4
S1215013,ETANG DE LACANAU,29/07/2008,"-1,12901","44,95592","3,6"
S1215013,ETANG DE LACANAU,29/07/2008,"-1,1295","44,95579","2,9"
S1215013,ETANG DE LACANAU,29/07/2008,"-1,12983","44,95571","2,8"
S1215013,ETANG DE LACANAU,29/07/2008,"-1,13042","44,96113","3,5"
S1215013,ETANG DE LACANAU,29/07/2008,"-1,1305","44,95556","2,6"
S1215013,ETANG DE LACANAU,29/07/2008,"-1,12599","44,95698","3,8"
S1215013,ETANG DE LACANAU,29/07/2008,"-1,13108","44,95546","2,5"
S1215013,ETANG DE LACANAU,29/07/2008,"-1,13127","44,95545","2,5"
S1215013,ETANG DE LACANAU,29/07/2008,"-1,13139","44,95542","2,6"
S1215013,ETANG DE LACANAU,29/07/2008,"-1,13136","44,95538","2,6"
S1215013,ETANG DE LACANAU,29/07/2008,"-1,13135","44,95538","2,7"
S1215013,ETANG DE LACANAU,29/07/2008,"-1,13137","44,9554","2,7"
S1215013,ETANG DE LACANAU,29/07/2008,"-1,13139","44,95541","2,7"
S1215013,ETANG DE LACANAU,29/07/2008,"-1,13138","44,95542","2,7"
S1215013,ETANG DE LACANAU,29/07/2008,"-1,13135","44,95542","2,6"
S1215013,ETANG DE LACANAU,29/07/2008,"-1,13131","44,95542","2,6"
S1215013,ETANG DE LACANAU,29/07/2008,"-1,13018","44,95563","2,6"
S1215013,ETANG DE LACANAU,29/07/2008,"-1,12621","44,95746","0,9"
S1215013,ETANG DE LACANAU,29/07/2008,"-1,12902","44,95997","4,1"
S1215013,ETANG DE LACANAU,29/07/2008,"-1,12877","44,9598","4,2"
S1215013,ETANG DE LACANAU,29/07/2008,"-1,12847","44,9596","4,4"
S1215013,ETANG DE LACANAU,29/07/2008,"-1,12812","44,95935","3,9"
S1215013,ETANG DE LACANAU,29/07/2008,"-1,1279","44,95918","4,1"
S1215013,ETANG DE LACANAU,29/07/2008,"-1,12762","44,95896","3,3"
S1215013,ETANG DE LACANAU,29/07/2008,"-1,12735","44,95874","3,6"
S1215013,ETANG DE LACANAU,29/07/2008,"-1,12707","44,95853","3,1"
S1215013,ETANG DE LACANAU,29/07/2008,"-1,12681","44,95831","2,8"
S1215013,ETANG DE LACANAU,29/07/2008,"-1,12661","44,95807",3
S1215013,ETANG DE LACANAU,29/07/2008,"-1,12612","44,95684","2,7"
S1215013,ETANG DE LACANAU,29/07/2008,"-1,12632","44,95764","1,1"
S1215013,ETANG DE LACANAU,29/07/2008,"-1,12603","44,95692","3,4"
S1215013,ETANG DE LACANAU,29/07/2008,"-1,12615","44,95736","1,3"
S1215013,ETANG DE LACANAU,29/07/2008,"-1,12611","44,95733","2,6"
S1215013,ETANG DE LACANAU,29/07/2008,"-1,12608","44,95728","3,2"
S1215013,ETANG DE LACANAU,29/07/2008,"-1,12605","44,95724","3,6"
S1215013,ETANG DE LACANAU,29/07/2008,"-1,12603","44,9572","3,9"
S1215013,ETANG DE LACANAU,29/07/2008,"-1,12601","44,95716","4,1"
S1215013,ETANG DE LACANAU,29/07/2008,"-1,12599","44,95712","4,2"
S1215013,ETANG DE LACANAU,29/07/2008,"-1,12599","44,95707","4,2"
S1215013,ETANG DE LACANAU,29/07/2008,"-1,12598","44,95702",4
S1215013,ETANG DE LACANAU,29/07/2008,"-1,13127","44,95542","2,6"
S1215013,ETANG DE LACANAU,29/07/2008,"-1,12646","44,95785","2,5"
S1215013,ETANG DE LACANAU,29/07/2008,"-1,12537","44,9503","2,3"
S1215013,ETANG DE LACANAU,29/07/2008,"-1,12206","44,95079","3,3"
S1215013,ETANG DE LACANAU,29/07/2008,"-1,12206","44,95051",2
S1215013,ETANG DE LACANAU,29/07/2008,"-1,12215","44,95025","1,8"
S1215013,ETANG DE LACANAU,29/07/2008,"-1,1224","44,95006","1,8"
S1215013,ETANG DE LACANAU,29/07/2008,"-1,12274","44,94998","1,8"
S1215013,ETANG DE LACANAU,29/07/2008,"-1,12311","44,94999","1,8"
S1215013,ETANG DE LACANAU,29/07/2008,"-1,12348","44,95001","1,8"
S1215013,ETANG DE LACANAU,29/07/2008,"-1,12383","44,95006","1,9"
S1215013,ETANG DE LACANAU,29/07/2008,"-1,12415","44,95012","1,9"
S1215013,ETANG DE LACANAU,29/07/2008,"-1,13034","44,94936","2,2"
S1215013,ETANG DE LACANAU,29/07/2008,"-1,12488","44,95023","2,1"
S1215013,ETANG DE LACANAU,29/07/2008,"-1,12278","44,95157",2
S1215013,ETANG DE LACANAU,29/07/2008,"-1,12586","44,95037","2,3"
S1215013,ETANG DE LACANAU,29/07/2008,"-1,12636","44,95043","2,4"
S1215013,ETANG DE LACANAU,29/07/2008,"-1,12684","44,95049","2,4"
S1215013,ETANG DE LACANAU,29/07/2008,"-1,12733","44,95051","2,4"
S1215013,ETANG DE LACANAU,29/07/2008,"-1,12782","44,95045","1,6"
S1215013,ETANG DE LACANAU,29/07/2008,"-1,12829","44,95036","1,7"
S1215013,ETANG DE LACANAU,29/07/2008,"-1,12878","44,95025","1,6"
S1215013,ETANG DE LACANAU,29/07/2008,"-1,12925","44,95008","1,6"
S1215013,ETANG DE LACANAU,29/07/2008,"-1,12967","44,94988","2,2"
S1215013,ETANG DE LACANAU,29/07/2008,"-1,1305","44,95514","2,7"
S1215013,ETANG DE LACANAU,29/07/2008,"-1,12447","44,95016","1,8"
S1215013,ETANG DE LACANAU,29/07/2008,"-1,12617","44,95387","2,2"
S1215013,ETANG DE LACANAU,29/07/2008,"-1,12968","44,95496","2,8"
S1215013,ETANG DE LACANAU,29/07/2008,"-1,13022","44,9551","2,6"
S1215013,ETANG DE LACANAU,29/07/2008,"-1,13004","44,95506","2,6"
S1215013,ETANG DE LACANAU,29/07/2008,"-1,12988","44,95502","2,8"
S1215013,ETANG DE LACANAU,29/07/2008,"-1,12948","44,95491","2,8"
S1215013,ETANG DE LACANAU,29/07/2008,"-1,12903","44,95478","3,2"
S1215013,ETANG DE LACANAU,29/07/2008,"-1,12874","44,95469","2,9"
S1215013,ETANG DE LACANAU,29/07/2008,"-1,12836","44,95457","2,5"
S1215013,ETANG DE LACANAU,29/07/2008,"-1,12793","44,95442","2,3"
S1215013,ETANG DE LACANAU,29/07/2008,"-1,1275","44,95426","2,6"
S1215013,ETANG DE LACANAU,29/07/2008,"-1,12212","44,95101","3,5"
S1215013,ETANG DE LACANAU,29/07/2008,"-1,12661","44,954","2,4"
S1215013,ETANG DE LACANAU,29/07/2008,"-1,12239","44,95129","3,4"
S1215013,ETANG DE LACANAU,29/07/2008,"-1,12576","44,95369","1,9"
S1215013,ETANG DE LACANAU,29/07/2008,"-1,12534","44,95352","1,7"
S1215013,ETANG DE LACANAU,29/07/2008,"-1,12493","44,95335","1,5"
S1215013,ETANG DE LACANAU,29/07/2008,"-1,12457","44,95313","1,7"
S1215013,ETANG DE LACANAU,29/07/2008,"-1,12426","44,95288","3,7"
S1215013,ETANG DE LACANAU,29/07/2008,"-1,12398","44,9526",4
S1215013,ETANG DE LACANAU,29/07/2008,"-1,12368","44,95234","3,5"
S1215013,ETANG DE LACANAU,29/07/2008,"-1,12337","44,95209","3,1"
S1215013,ETANG DE LACANAU,29/07/2008,"-1,12307","44,95183","2,8"
S1215013,ETANG DE LACANAU,29/07/2008,"-1,13043","44,94901","2,4"
S1215013,ETANG DE LACANAU,29/07/2008,"-1,12705","44,95412","2,5"
S1215013,ETANG DE LACANAU,29/07/2008,"-1,1335","44,94042","2,1"
S1215013,ETANG DE LACANAU,29/07/2008,"-1,13245","44,94118","2,6"
S1215013,ETANG DE LACANAU,29/07/2008,"-1,13248","44,94111","2,6"
S1215013,ETANG DE LACANAU,29/07/2008,"-1,13254","44,94101","2,4"
S1215013,ETANG DE LACANAU,29/07/2008,"-1,13265","44,94084","2,5"
S1215013,ETANG DE LACANAU,29/07/2008,"-1,13281","44,9407","2,4"
S1215013,ETANG DE LACANAU,29/07/2008,"-1,13296","44,94058","2,4"
S1215013,ETANG DE LACANAU,29/07/2008,"-1,13308","44,94049","2,4"
S1215013,ETANG DE LACANAU,29/07/2008,"-1,13319","44,94043","2,3"
S1215013,ETANG DE LACANAU,29/07/2008,"-1,13329","44,9404","2,2"
S1215013,ETANG DE LACANAU,29/07/2008,"-1,13008","44,94967","2,2"
S1215013,ETANG DE LACANAU,29/07/2008,"-1,13345","44,94041","2,1"
S1215013,ETANG DE LACANAU,29/07/2008,"-1,13233","44,94157","2,3"
S1215013,ETANG DE LACANAU,29/07/2008,"-1,13354","44,94043","2,1"
S1215013,ETANG DE LACANAU,29/07/2008,"-1,13356","44,94044","1,9"
S1215013,ETANG DE LACANAU,29/07/2008,"-1,13356","44,94044","1,9"
S1215013,ETANG DE LACANAU,29/07/2008,"-1,13356","44,94044","1,9"
S1215013,ETANG DE LACANAU,29/07/2008,"-1,13789","44,96915","5,5"
S1215013,ETANG DE LACANAU,29/07/2008,"-1,14155","44,97464","0,4"
S1215013,ETANG DE LACANAU,29/07/2008,"-1,13355","44,94044","1,9"
S1215013,ETANG DE LACANAU,29/07/2008,"-1,13355","44,94045","0,4"
S1215013,ETANG DE LACANAU,29/07/2008,"-1,13358","44,94046","1,9"
S1215013,ETANG DE LACANAU,29/07/2008,"-1,13363","44,94046",2
S1215013,ETANG DE LACANAU,29/07/2008,"-1,13338","44,94039","2,2"
S1215013,ETANG DE LACANAU,29/07/2008,"-1,13108","44,94441","2,6"
S1215013,ETANG DE LACANAU,29/07/2008,"-1,13038","44,94865","2,5"
S1215013,ETANG DE LACANAU,29/07/2008,"-1,13034","44,9483","2,4"
S1215013,ETANG DE LACANAU,29/07/2008,"-1,13032","44,94794","1,9"
S1215013,ETANG DE LACANAU,29/07/2008,"-1,13028","44,94757","2,4"
S1215013,ETANG DE LACANAU,29/07/2008,"-1,1303","44,94721","2,5"
S1215013,ETANG DE LACANAU,29/07/2008,"-1,13036","44,94686","2,4"
S1215013,ETANG DE LACANAU,29/07/2008,"-1,13043","44,94651","2,5"
S1215013,ETANG DE LACANAU,29/07/2008,"-1,13053","44,94616","2,6"
S1215013,ETANG DE LACANAU,29/07/2008,"-1,1306","44,94581","2,6"
S1215013,ETANG DE LACANAU,29/07/2008,"-1,13071","44,94546","2,6"
S1215013,ETANG DE LACANAU,29/07/2008,"-1,13241","44,94128","2,4"
S1215013,ETANG DE LACANAU,29/07/2008,"-1,13096","44,94477","2,5"
S1215013,ETANG DE LACANAU,29/07/2008,"-1,13236","44,94142","2,4"
S1215013,ETANG DE LACANAU,29/07/2008,"-1,1313","44,94407","2,6"
S1215013,ETANG DE LACANAU,29/07/2008,"-1,13161","44,94379","2,4"
S1215013,ETANG DE LACANAU,29/07/2008,"-1,13193","44,94351","2,3"
S1215013,ETANG DE LACANAU,29/07/2008,"-1,1322","44,94319","2,2"
S1215013,ETANG DE LACANAU,29/07/2008,"-1,13227","44,94283","2,3"
S1215013,ETANG DE LACANAU,29/07/2008,"-1,13228","44,94247","2,4"
S1215013,ETANG DE LACANAU,29/07/2008,"-1,13229","44,94213","2,4"
S1215013,ETANG DE LACANAU,29/07/2008,"-1,1323","44,94189","2,4"
S1215013,ETANG DE LACANAU,29/07/2008,"-1,13231","44,94173","2,4"
S1215013,ETANG DE LACANAU,29/07/2008,"-1,13059","44,95515","2,7"
S1215013,ETANG DE LACANAU,29/07/2008,"-1,13082","44,94511","2,4"
S1215013,ETANG DE LACANAU,29/07/2008,"-1,1317","44,95546","2,6"
S1215013,ETANG DE LACANAU,29/07/2008,"-1,13171","44,95545","0,7"
S1215013,ETANG DE LACANAU,29/07/2008,"-1,13171","44,95545","2,6"
S1215013,ETANG DE LACANAU,29/07/2008,"-1,13171","44,95546","2,6"
S1215013,ETANG DE LACANAU,29/07/2008,"-1,13171","44,95546","2,6"
S1215013,ETANG DE LACANAU,29/07/2008,"-1,13171","44,95546","2,6"
S1215013,ETANG DE LACANAU,29/07/2008,"-1,13171","44,95546","2,6"
S1215013,ETANG DE LACANAU,29/07/2008,"-1,13171","44,95546","2,6"
S1215013,ETANG DE LACANAU,29/07/2008,"-1,13171","44,95546","2,6"
S1215013,ETANG DE LACANAU,29/07/2008,"-1,13171","44,95546","2,6"
S1215013,ETANG DE LACANAU,29/07/2008,"-1,13168","44,95545","2,7"
S1215013,ETANG DE LACANAU,29/07/2008,"-1,1317","44,95546","2,5"
S1215013,ETANG DE LACANAU,29/07/2008,"-1,13172","44,95537","2,6"
S1215013,ETANG DE LACANAU,29/07/2008,"-1,1317","44,95546","2,6"
S1215013,ETANG DE LACANAU,29/07/2008,"-1,1317","44,95545","2,6"
S1215013,ETANG DE LACANAU,29/07/2008,"-1,1317","44,95545","0,8"
S1215013,ETANG DE LACANAU,29/07/2008,"-1,1317","44,95545","2,7"
S1215013,ETANG DE LACANAU,29/07/2008,"-1,13169","44,95545","2,6"
S1215013,ETANG DE LACANAU,29/07/2008,"-1,13169","44,95545","2,3"
S1215013,ETANG DE LACANAU,29/07/2008,"-1,13169","44,95545","2,7"
S1215013,ETANG DE LACANAU,29/07/2008,"-1,13169","44,95545","1,5"
S1215013,ETANG DE LACANAU,29/07/2008,"-1,13169","44,95545","0,8"
S1215013,ETANG DE LACANAU,29/07/2008,"-1,13037","44,95512","2,7"
S1215013,ETANG DE LACANAU,29/07/2008,"-1,13171","44,95546","2,5"
S1215013,ETANG DE LACANAU,29/07/2008,"-1,13172","44,95536","2,5"
S1215013,ETANG DE LACANAU,29/07/2008,"-1,13171","44,95536","2,5"
S1215013,ETANG DE LACANAU,29/07/2008,"-1,13171","44,95536","2,4"
S1215013,ETANG DE LACANAU,29/07/2008,"-1,13171","44,95536","2,5"
S1215013,ETANG DE LACANAU,29/07/2008,"-1,13171","44,95536","2,5"
S1215013,ETANG DE LACANAU,29/07/2008,"-1,13171","44,95536","2,5"
S1215013,ETANG DE LACANAU,29/07/2008,"-1,13171","44,95536","2,5"
S1215013,ETANG DE LACANAU,29/07/2008,"-1,13171","44,95536","2,4"
S1215013,ETANG DE LACANAU,29/07/2008,"-1,13171","44,95536","2,5"
S1215013,ETANG DE LACANAU,29/07/2008,"-1,13171","44,95536","2,5"
S1215013,ETANG DE LACANAU,29/07/2008,"-1,13171","44,95536","2,5"
S1215013,ETANG DE LACANAU,29/07/2008,"-1,13172","44,95539","2,6"
S1215013,ETANG DE LACANAU,29/07/2008,"-1,13172","44,95536","2,5"
S1215013,ETANG DE LACANAU,29/07/2008,"-1,13172","44,95538","0,8"
S1215013,ETANG DE LACANAU,29/07/2008,"-1,13172","44,95536","2,5"
S1215013,ETANG DE LACANAU,29/07/2008,"-1,13172","44,95536","2,6"
S1215013,ETANG DE LACANAU,29/07/2008,"-1,13172","44,95536","2,6"
S1215013,ETANG DE LACANAU,29/07/2008,"-1,13172","44,95536","2,7"
S1215013,ETANG DE LACANAU,29/07/2008,"-1,13172","44,95536","2,6"
S1215013,ETANG DE LACANAU,29/07/2008,"-1,13172","44,95536","2,6"
S1215013,ETANG DE LACANAU,29/07/2008,"-1,13172","44,95536","1,4"
S1215013,ETANG DE LACANAU,29/07/2008,"-1,13172","44,95536","1,3"
S1215013,ETANG DE LACANAU,29/07/2008,"-1,13172","44,95537","2,6"
S1215013,ETANG DE LACANAU,29/07/2008,"-1,13168","44,95545","0,6"
S1215013,ETANG DE LACANAU,29/07/2008,"-1,13172","44,95536","2,5"
S1215013,ETANG DE LACANAU,29/07/2008,"-1,1313","44,95525","2,3"
S1215013,ETANG DE LACANAU,29/07/2008,"-1,13162","44,95537","2,6"
S1215013,ETANG DE LACANAU,29/07/2008,"-1,13162","44,95537","1,4"
S1215013,ETANG DE LACANAU,29/07/2008,"-1,13162","44,95537","2,7"
S1215013,ETANG DE LACANAU,29/07/2008,"-1,13161","44,95537","0,7"
S1215013,ETANG DE LACANAU,29/07/2008,"-1,13159","44,95537","0,9"
S1215013,ETANG DE LACANAU,29/07/2008,"-1,13156","44,95536","2,6"
S1215013,ETANG DE LACANAU,29/07/2008,"-1,13151","44,95535","2,7"
S1215013,ETANG DE LACANAU,29/07/2008,"-1,13146","44,95534","2,6"
S1215013,ETANG DE LACANAU,29/07/2008,"-1,13141","44,95531","2,7"
S1215013,ETANG DE LACANAU,29/07/2008,"-1,13168","44,95545","2,7"
S1215013,ETANG DE LACANAU,29/07/2008,"-1,13134","44,95527","2,4"
S1215013,ETANG DE LACANAU,29/07/2008,"-1,13162","44,95538","2,5"
S1215013,ETANG DE LACANAU,29/07/2008,"-1,13126","44,95524","2,3"
S1215013,ETANG DE LACANAU,29/07/2008,"-1,13121","44,95522","2,6"
S1215013,ETANG DE LACANAU,29/07/2008,"-1,13115","44,95522","2,9"
S1215013,ETANG DE LACANAU,29/07/2008,"-1,13109","44,95522","2,7"
S1215013,ETANG DE LACANAU,29/07/2008,"-1,13102","44,95522","1,2"
S1215013,ETANG DE LACANAU,29/07/2008,"-1,13096","44,95522","2,7"
S1215013,ETANG DE LACANAU,29/07/2008,"-1,13089","44,95521","0,7"
S1215013,ETANG DE LACANAU,29/07/2008,"-1,13082","44,9552","0,9"
S1215013,ETANG DE LACANAU,29/07/2008,"-1,13075","44,95519","2,7"
S1215013,ETANG DE LACANAU,29/07/2008,"-1,13067","44,95517","2,8"
S1215013,ETANG DE LACANAU,29/07/2008,"-1,13137","44,95529","2,6"
S1215013,ETANG DE LACANAU,29/07/2008,"-1,13165","44,95546","2,6"
S1215013,ETANG DE LACANAU,29/07/2008,"-1,13167","44,95545","2,6"
S1215013,ETANG DE LACANAU,29/07/2008,"-1,13167","44,95545","2,7"
S1215013,ETANG DE LACANAU,29/07/2008,"-1,13166","44,95545","2,7"
S1215013,ETANG DE LACANAU,29/07/2008,"-1,13166","44,95545","2,7"
S1215013,ETANG DE LACANAU,29/07/2008,"-1,13166","44,95545","2,6"
S1215013,ETANG DE LACANAU,29/07/2008,"-1,13166","44,95546","2,6"
S1215013,ETANG DE LACANAU,29/07/2008,"-1,13166","44,95547","2,6"
S1215013,ETANG DE LACANAU,29/07/2008,"-1,13166","44,95546","2,6"
S1215013,ETANG DE LACANAU,29/07/2008,"-1,13166","44,95546","2,7"
S1215013,ETANG DE LACANAU,29/07/2008,"-1,13166","44,95546","2,7"
S1215013,ETANG DE LACANAU,29/07/2008,"-1,13162","44,95536","2,6"
S1215013,ETANG DE LACANAU,29/07/2008,"-1,13165","44,95546","2,7"
S1215013,ETANG DE LACANAU,29/07/2008,"-1,13162","44,95536","2,5"
S1215013,ETANG DE LACANAU,29/07/2008,"-1,13164","44,95541","2,5"
S1215013,ETANG DE LACANAU,29/07/2008,"-1,13164","44,9554","2,4"
S1215013,ETANG DE LACANAU,29/07/2008,"-1,13164","44,9554","2,5"
S1215013,ETANG DE LACANAU,29/07/2008,"-1,13164","44,9554","2,5"
S1215013,ETANG DE LACANAU,29/07/2008,"-1,13164","44,9554","2,5"
S1215013,ETANG DE LACANAU,29/07/2008,"-1,13163","44,9554","2,5"
S1215013,ETANG DE LACANAU,29/07/2008,"-1,13163","44,9554","2,5"
S1215013,ETANG DE LACANAU,29/07/2008,"-1,13162","44,9554","2,5"
S1215013,ETANG DE LACANAU,29/07/2008,"-1,13162","44,95539","2,5"
S1215013,ETANG DE LACANAU,29/07/2008,"-1,13171","44,95536","2,5"
S1215013,ETANG DE LACANAU,29/07/2008,"-1,13165","44,95546","2,6"
S1215013,ETANG DE LACANAU,29/07/2008,"-1,13858","44,9741","5,1"
S1215013,ETANG DE LACANAU,29/07/2008,"-1,13672","44,97627","5,7"
S1215013,ETANG DE LACANAU,29/07/2008,"-1,13703","44,97627","5,6"
S1215013,ETANG DE LACANAU,29/07/2008,"-1,13728","44,97612","5,5"
S1215013,ETANG DE LACANAU,29/07/2008,"-1,13736","44,97561","5,6"
S1215013,ETANG DE LACANAU,29/07/2008,"-1,13762","44,97592","5,5"
S1215013,ETANG DE LACANAU,29/07/2008,"-1,13731","44,97562","5,5"
S1215013,ETANG DE LACANAU,29/07/2008,"-1,13752","44,97554","5,5"
S1215013,ETANG DE LACANAU,29/07/2008,"-1,13809","44,97495","5,4"
S1215013,ETANG DE LACANAU,29/07/2008,"-1,13828","44,97556","5,3"
S1215013,ETANG DE LACANAU,29/07/2008,"-1,14131","44,97404","4,5"
S1215013,ETANG DE LACANAU,29/07/2008,"-1,13866","44,97543","5,1"
S1215013,ETANG DE LACANAU,29/07/2008,"-1,13577","44,97677","4,5"
S1215013,ETANG DE LACANAU,29/07/2008,"-1,13918","44,9749","4,9"
S1215013,ETANG DE LACANAU,29/07/2008,"-1,13956","44,97483","4,9"
S1215013,ETANG DE LACANAU,29/07/2008,"-1,13975","44,9747","4,8"
S1215013,ETANG DE LACANAU,29/07/2008,"-1,14006","44,97488","4,8"
S1215013,ETANG DE LACANAU,29/07/2008,"-1,14027","44,97471","4,7"
S1215013,ETANG DE LACANAU,29/07/2008,"-1,14053","44,97465","4,7"
S1215013,ETANG DE LACANAU,29/07/2008,"-1,14078","44,9746","4,7"
S1215013,ETANG DE LACANAU,29/07/2008,"-1,14087","44,97449","4,7"
S1215013,ETANG DE LACANAU,29/07/2008,"-1,14092","44,97381","4,7"
S1215013,ETANG DE LACANAU,29/07/2008,"-1,12988","44,98326","3,9"
S1215013,ETANG DE LACANAU,29/07/2008,"-1,13839","44,97557","5,2"
S1215013,ETANG DE LACANAU,29/07/2008,"-1,13247","44,97947","5,1"
S1215013,ETANG DE LACANAU,29/07/2008,"-1,14175","44,97476","0,5"
S1215013,ETANG DE LACANAU,29/07/2008,"-1,13015","44,98274","3,6"
S1215013,ETANG DE LACANAU,29/07/2008,"-1,13021","44,98257","3,7"
S1215013,ETANG DE LACANAU,29/07/2008,"-1,1303","44,98234",4
S1215013,ETANG DE LACANAU,29/07/2008,"-1,1305","44,98194","3,7"
S1215013,ETANG DE LACANAU,29/07/2008,"-1,13055","44,98159","3,7"
S1215013,ETANG DE LACANAU,29/07/2008,"-1,13071","44,98151","3,4"
S1215013,ETANG DE LACANAU,29/07/2008,"-1,13095","44,98084","3,3"
S1215013,ETANG DE LACANAU,29/07/2008,"-1,13102","44,98028","4,4"
S1215013,ETANG DE LACANAU,29/07/2008,"-1,13126","44,97999","4,4"
S1215013,ETANG DE LACANAU,29/07/2008,"-1,13637","44,97639","5,7"
S1215013,ETANG DE LACANAU,29/07/2008,"-1,13206","44,97967","4,9"
S1215013,ETANG DE LACANAU,29/07/2008,"-1,13607","44,97658","5,6"
S1215013,ETANG DE LACANAU,29/07/2008,"-1,1329","44,97926","4,6"
S1215013,ETANG DE LACANAU,29/07/2008,"-1,13332","44,97905","4,9"
S1215013,ETANG DE LACANAU,29/07/2008,"-1,13372","44,97885","5,1"
S1215013,ETANG DE LACANAU,29/07/2008,"-1,13411","44,97864","4,9"
S1215013,ETANG DE LACANAU,29/07/2008,"-1,13444","44,9784","3,6"
S1215013,ETANG DE LACANAU,29/07/2008,"-1,13475","44,97815","3,1"
S1215013,ETANG DE LACANAU,29/07/2008,"-1,135","44,97778","3,5"
S1215013,ETANG DE LACANAU,29/07/2008,"-1,1355","44,97765","4,8"
S1215013,ETANG DE LACANAU,29/07/2008,"-1,1355","44,97715","5,1"
S1215013,ETANG DE LACANAU,29/07/2008,"-1,14147","44,97406","4,4"
S1215013,ETANG DE LACANAU,29/07/2008,"-1,13163","44,9798","4,5"
S1215013,ETANG DE LACANAU,29/07/2008,"-1,14152","44,97463","0,6"
S1215013,ETANG DE LACANAU,29/07/2008,"-1,14159","44,97464","0,5"
S1215013,ETANG DE LACANAU,29/07/2008,"-1,14155","44,97464","0,5"
S1215013,ETANG DE LACANAU,29/07/2008,"-1,14155","44,97464","0,4"
S1215013,ETANG DE LACANAU,29/07/2008,"-1,14156","44,97464","0,4"
S1215013,ETANG DE LACANAU,29/07/2008,"-1,14156","44,97464","0,5"
S1215013,ETANG DE LACANAU,29/07/2008,"-1,14155","44,97464","0,6"
S1215013,ETANG DE LACANAU,29/07/2008,"-1,14154","44,97464","0,6"
S1215013,ETANG DE LACANAU,29/07/2008,"-1,14153","44,97464","0,6"
S1215013,ETANG DE LACANAU,29/07/2008,"-1,14153","44,97464","0,6"
S1215013,ETANG DE LACANAU,29/07/2008,"-1,14115","44,97405","4,8"
S1215013,ETANG DE LACANAU,29/07/2008,"-1,14152","44,97463","0,5"
S1215013,ETANG DE LACANAU,29/07/2008,"-1,14162","44,97462","0,5"
S1215013,ETANG DE LACANAU,29/07/2008,"-1,14152","44,97464","1,2"
S1215013,ETANG DE LACANAU,29/07/2008,"-1,14152","44,97464","0,4"
S1215013,ETANG DE LACANAU,29/07/2008,"-1,14152","44,97464","1,2"
S1215013,ETANG DE LACANAU,29/07/2008,"-1,14172","44,97474","0,4"
S1215013,ETANG DE LACANAU,29/07/2008,"-1,14172","44,97474","0,5"
S1215013,ETANG DE LACANAU,29/07/2008,"-1,14172","44,97474","0,5"
S1215013,ETANG DE LACANAU,29/07/2008,"-1,14174","44,97476","1,2"
S1215013,ETANG DE LACANAU,29/07/2008,"-1,14176","44,97476","0,4"
S1215013,ETANG DE LACANAU,29/07/2008,"-1,14176","44,97476","0,4"
S1215013,ETANG DE LACANAU,29/07/2008,"-1,14154","44,97464","0,4"
S1215013,ETANG DE LACANAU,29/07/2008,"-1,14152","44,97463","0,6"
S1215013,ETANG DE LACANAU,29/07/2008,"-1,14269","44,97495","0,7"
S1215013,ETANG DE LACANAU,29/07/2008,"-1,14163","44,97406","4,4"
S1215013,ETANG DE LACANAU,29/07/2008,"-1,14178","44,97409","4,3"
S1215013,ETANG DE LACANAU,29/07/2008,"-1,14192","44,97417","4,3"
S1215013,ETANG DE LACANAU,29/07/2008,"-1,142","44,97436","4,3"
S1215013,ETANG DE LACANAU,29/07/2008,"-1,14204","44,9746","4,3"
S1215013,ETANG DE LACANAU,29/07/2008,"-1,14275","44,97503","4,1"
S1215013,ETANG DE LACANAU,29/07/2008,"-1,1424","44,97417",4
S1215013,ETANG DE LACANAU,29/07/2008,"-1,14262","44,97445","4,1"
S1215013,ETANG DE LACANAU,29/07/2008,"-1,14256","44,97337","3,7"
S1215013,ETANG DE LACANAU,29/07/2008,"-1,14213","44,97472","1,9"
S1215013,ETANG DE LACANAU,29/07/2008,"-1,14159","44,97464","0,7"
S1215013,ETANG DE LACANAU,29/07/2008,"-1,1427","44,97521","0,6"
S1215013,ETANG DE LACANAU,29/07/2008,"-1,1416","44,97464","0,4"
S1215013,ETANG DE LACANAU,29/07/2008,"-1,14273","44,97499","0,7"
S1215013,ETANG DE LACANAU,29/07/2008,"-1,14278","44,97535","0,7"
S1215013,ETANG DE LACANAU,29/07/2008,"-1,14252","44,9752","0,7"
S1215013,ETANG DE LACANAU,29/07/2008,"-1,14257","44,97525","0,6"
S1215013,ETANG DE LACANAU,29/07/2008,"-1,1426","44,97527","0,6"
S1215013,ETANG DE LACANAU,29/07/2008,"-1,14259","44,97525","0,5"
S1215013,ETANG DE LACANAU,29/07/2008,"-1,1423","44,97497","0,6"
S1215013,ETANG DE LACANAU,29/07/2008,"-1,14206","44,97472","0,6"
S1215013,ETANG DE LACANAU,29/07/2008,"-1,14221","44,97478","0,6"
S1215013,ETANG DE LACANAU,29/07/2008,"-1,12971","44,9836","4,2"
S1215013,ETANG DE LACANAU,29/07/2008,"-1,14241","44,97507","0,9"
S1215013,ETANG DE LACANAU,29/07/2008,"-1,14266","44,99133","0,9"
S1215013,ETANG DE LACANAU,29/07/2008,"-1,14236","44,9909","1,1"
S1215013,ETANG DE LACANAU,29/07/2008,"-1,14251","44,99039","1,2"
S1215013,ETANG DE LACANAU,29/07/2008,"-1,14272","44,99075","2,7"
S1215013,ETANG DE LACANAU,29/07/2008,"-1,1422","44,99125","2,7"
S1215013,ETANG DE LACANAU,29/07/2008,"-1,14213","44,99153",1
S1215013,ETANG DE LACANAU,29/07/2008,"-1,14212","44,99152","2,8"
S1215013,ETANG DE LACANAU,29/07/2008,"-1,14264","44,99136","0,9"
S1215013,ETANG DE LACANAU,29/07/2008,"-1,14264","44,99128","0,8"
S1215013,ETANG DE LACANAU,29/07/2008,"-1,14264","44,99127","0,9"
S1215013,ETANG DE LACANAU,29/07/2008,"-1,14154","44,99152","2,8"
S1215013,ETANG DE LACANAU,29/07/2008,"-1,14294","44,99165","0,9"
S1215013,ETANG DE LACANAU,29/07/2008,"-1,1422","44,99144","2,3"
S1215013,ETANG DE LACANAU,29/07/2008,"-1,14261","44,99131","1,1"
S1215013,ETANG DE LACANAU,29/07/2008,"-1,14258","44,99131","0,9"
S1215013,ETANG DE LACANAU,29/07/2008,"-1,14256","44,99132","2,5"
S1215013,ETANG DE LACANAU,29/07/2008,"-1,14252","44,99134","2,7"
S1215013,ETANG DE LACANAU,29/07/2008,"-1,14245","44,99135","0,7"
S1215013,ETANG DE LACANAU,29/07/2008,"-1,14238","44,99135","0,8"
S1215013,ETANG DE LACANAU,29/07/2008,"-1,14233","44,99139","0,7"
S1215013,ETANG DE LACANAU,29/07/2008,"-1,14231","44,99145","2,9"
S1215013,ETANG DE LACANAU,29/07/2008,"-1,14226","44,9915","0,8"
S1215013,ETANG DE LACANAU,29/07/2008,"-1,13009","44,98289","3,7"
S1215013,ETANG DE LACANAU,29/07/2008,"-1,14264","44,99129","1,2"
S1215013,ETANG DE LACANAU,29/07/2008,"-1,14198","44,99143","0,8"
S1215013,ETANG DE LACANAU,29/07/2008,"-1,14239","44,98888","0,7"
S1215013,ETANG DE LACANAU,29/07/2008,"-1,14286","44,99022","0,7"
S1215013,ETANG DE LACANAU,29/07/2008,"-1,124","44,93736",1
S1215013,ETANG DE LACANAU,29/07/2008,"-1,13368","44,94047","1,8"
S1215013,ETANG DE LACANAU,29/07/2008,"-1,14309","44,98993","0,9"
S1215013,ETANG DE LACANAU,29/07/2008,"-1,14294","44,99012",1
S1215013,ETANG DE LACANAU,29/07/2008,"-1,14264","44,99059","1,2"
S1215013,ETANG DE LACANAU,29/07/2008,"-1,14313","44,99094","1,4"
S1215013,ETANG DE LACANAU,29/07/2008,"-1,14281","44,99085","1,4"
S1215013,ETANG DE LACANAU,29/07/2008,"-1,14241","44,99086","1,8"
S1215013,ETANG DE LACANAU,29/07/2008,"-1,14225","44,99127","2,4"
S1215013,ETANG DE LACANAU,29/07/2008,"-1,14198","44,99144",2
S1215013,ETANG DE LACANAU,29/07/2008,"-1,1422","44,99143","2,4"
S1215013,ETANG DE LACANAU,29/07/2008,"-1,14278","44,99091","0,9"
S1215013,ETANG DE LACANAU,29/07/2008,"-1,14309","44,99032","1,1"
S1215013,ETANG DE LACANAU,29/07/2008,"-1,14221","44,99141","2,2"
S1215013,ETANG DE LACANAU,29/07/2008,"-1,14221","44,99141","0,9"
S1215013,ETANG DE LACANAU,29/07/2008,"-1,14221","44,99142","2,2"
S1215013,ETANG DE LACANAU,29/07/2008,"-1,1422","44,99145","0,9"
S1215013,ETANG DE LACANAU,29/07/2008,"-1,1422","44,99145","0,9"
S1215013,ETANG DE LACANAU,29/07/2008,"-1,1422","44,99145","1,2"
S1215013,ETANG DE LACANAU,29/07/2008,"-1,1422","44,99145","1,1"
S1215013,ETANG DE LACANAU,29/07/2008,"-1,14134","44,99158","0,8"
S1215013,ETANG DE LACANAU,29/07/2008,"-1,1422","44,99111","0,7"
S1215013,ETANG DE LACANAU,29/07/2008,"-1,12827","44,98655","3,7"
S1215013,ETANG DE LACANAU,29/07/2008,"-1,13209","44,98941","3,5"
S1215013,ETANG DE LACANAU,29/07/2008,"-1,1316","44,98919","3,6"
S1215013,ETANG DE LACANAU,29/07/2008,"-1,13141","44,98855","3,7"
S1215013,ETANG DE LACANAU,29/07/2008,"-1,13107","44,98829","3,8"
S1215013,ETANG DE LACANAU,29/07/2008,"-1,13059","44,98812","3,8"
S1215013,ETANG DE LACANAU,29/07/2008,"-1,13032","44,98791","3,5"
S1215013,ETANG DE LACANAU,29/07/2008,"-1,13001","44,98764","3,5"
S1215013,ETANG DE LACANAU,29/07/2008,"-1,12967","44,98739","3,4"
S1215013,ETANG DE LACANAU,29/07/2008,"-1,1293","44,98717","3,9"
S1215013,ETANG DE LACANAU,29/07/2008,"-1,14212","44,99148","0,9"
S1215013,ETANG DE LACANAU,29/07/2008,"-1,12854","44,98683","4,1"
S1215013,ETANG DE LACANAU,29/07/2008,"-1,13354","44,98995","3,5"
S1215013,ETANG DE LACANAU,29/07/2008,"-1,12804","44,98613",4
S1215013,ETANG DE LACANAU,29/07/2008,"-1,12793","44,98578","3,9"
S1215013,ETANG DE LACANAU,29/07/2008,"-1,12794","44,98528","3,6"
S1215013,ETANG DE LACANAU,29/07/2008,"-1,12801","44,98589","3,5"
S1215013,ETANG DE LACANAU,29/07/2008,"-1,1279","44,9844","3,7"
S1215013,ETANG DE LACANAU,29/07/2008,"-1,12819","44,98429","3,7"
S1215013,ETANG DE LACANAU,29/07/2008,"-1,12887","44,98444","3,7"
S1215013,ETANG DE LACANAU,29/07/2008,"-1,12896","44,98456","3,8"
S1215013,ETANG DE LACANAU,29/07/2008,"-1,12917","44,98433",4
S1215013,ETANG DE LACANAU,29/07/2008,"-1,12945","44,98398","4,3"
S1215013,ETANG DE LACANAU,29/07/2008,"-1,12888","44,98705","3,7"
S1215013,ETANG DE LACANAU,29/07/2008,"-1,13812","44,99157","3,5"
S1215013,ETANG DE LACANAU,29/07/2008,"-1,14112","44,99167",3
S1215013,ETANG DE LACANAU,29/07/2008,"-1,14092","44,99167","2,9"
S1215013,ETANG DE LACANAU,29/07/2008,"-1,14105","44,992",3
S1215013,ETANG DE LACANAU,29/07/2008,"-1,14065","44,99121","3,1"
S1215013,ETANG DE LACANAU,29/07/2008,"-1,14045","44,9912","3,1"
S1215013,ETANG DE LACANAU,29/07/2008,"-1,14046","44,992","3,2"
S1215013,ETANG DE LACANAU,29/07/2008,"-1,13998","44,99175","3,2"
S1215013,ETANG DE LACANAU,29/07/2008,"-1,13979","44,99177","3,3"
S1215013,ETANG DE LACANAU,29/07/2008,"-1,13952","44,99177","3,3"
S1215013,ETANG DE LACANAU,29/07/2008,"-1,13922","44,99174","3,4"
S1215013,ETANG DE LACANAU,29/07/2008,"-1,1325","44,98959","3,9"
S1215013,ETANG DE LACANAU,29/07/2008,"-1,13852","44,99165","3,4"
S1215013,ETANG DE LACANAU,29/07/2008,"-1,133","44,98979","3,7"
S1215013,ETANG DE LACANAU,29/07/2008,"-1,13767","44,99146","3,6"
S1215013,ETANG DE LACANAU,29/07/2008,"-1,13721","44,99133","3,7"
S1215013,ETANG DE LACANAU,29/07/2008,"-1,13678","44,99119","3,8"
S1215013,ETANG DE LACANAU,29/07/2008,"-1,13626","44,991","3,8"
S1215013,ETANG DE LACANAU,29/07/2008,"-1,13583","44,99084","3,7"
S1215013,ETANG DE LACANAU,29/07/2008,"-1,13532","44,99065","3,8"
S1215013,ETANG DE LACANAU,29/07/2008,"-1,13481","44,99045","3,9"
S1215013,ETANG DE LACANAU,29/07/2008,"-1,1344","44,99027","3,9"
S1215013,ETANG DE LACANAU,29/07/2008,"-1,13388","44,99008","3,6"
S1215013,ETANG DE LACANAU,29/07/2008,"-1,14175","44,97476","0,4"
S1215013,ETANG DE LACANAU,29/07/2008,"-1,13889","44,99171","3,4"
S1215013,ETANG DE LACANAU,29/07/2008,"-1,14159","44,97437","4,3"
S1215013,ETANG DE LACANAU,29/07/2008,"-1,14179","44,97431","4,3"
S1215013,ETANG DE LACANAU,29/07/2008,"-1,14178","44,97431","4,3"
S1215013,ETANG DE LACANAU,29/07/2008,"-1,14177","44,97431","4,3"
S1215013,ETANG DE LACANAU,29/07/2008,"-1,14177","44,97432","4,6"
S1215013,ETANG DE LACANAU,29/07/2008,"-1,14176","44,97432","4,3"
S1215013,ETANG DE LACANAU,29/07/2008,"-1,14175","44,97432","4,3"
S1215013,ETANG DE LACANAU,29/07/2008,"-1,14174","44,97432","4,3"
S1215013,ETANG DE LACANAU,29/07/2008,"-1,14171","44,97433","4,3"
S1215013,ETANG DE LACANAU,29/07/2008,"-1,1417","44,97434","4,4"
S1215013,ETANG DE LACANAU,29/07/2008,"-1,14156","44,97438","4,4"
S1215013,ETANG DE LACANAU,29/07/2008,"-1,1416","44,97437","4,3"
S1215013,ETANG DE LACANAU,29/07/2008,"-1,14185","44,97431","4,3"
S1215013,ETANG DE LACANAU,29/07/2008,"-1,14159","44,97438","4,3"
S1215013,ETANG DE LACANAU,29/07/2008,"-1,14158","44,97438","4,3"
S1215013,ETANG DE LACANAU,29/07/2008,"-1,14158","44,97438","4,4"
S1215013,ETANG DE LACANAU,29/07/2008,"-1,14158","44,97438","4,4"
S1215013,ETANG DE LACANAU,29/07/2008,"-1,14158","44,97438","4,3"
S1215013,ETANG DE LACANAU,29/07/2008,"-1,14158","44,97438","4,4"
S1215013,ETANG DE LACANAU,29/07/2008,"-1,14158","44,97438","4,3"
S1215013,ETANG DE LACANAU,29/07/2008,"-1,14158","44,97438","4,3"
S1215013,ETANG DE LACANAU,29/07/2008,"-1,14157","44,97438","4,3"
S1215013,ETANG DE LACANAU,29/07/2008,"-1,14196","44,97429","3,9"
S1215013,ETANG DE LACANAU,29/07/2008,"-1,14169","44,97434","4,3"
S1215013,ETANG DE LACANAU,29/07/2008,"-1,14186","44,97431","4,3"
S1215013,ETANG DE LACANAU,29/07/2008,"-1,14175","44,97476","0,5"
S1215013,ETANG DE LACANAU,29/07/2008,"-1,14197","44,97429","3,9"
S1215013,ETANG DE LACANAU,29/07/2008,"-1,14198","44,97429",4
S1215013,ETANG DE LACANAU,29/07/2008,"-1,14196","44,97428",4
S1215013,ETANG DE LACANAU,29/07/2008,"-1,14195","44,97428","4,1"
S1215013,ETANG DE LACANAU,29/07/2008,"-1,14194","44,97429","4,1"
S1215013,ETANG DE LACANAU,29/07/2008,"-1,14192","44,97429","4,1"
S1215013,ETANG DE LACANAU,29/07/2008,"-1,14188","44,9743","4,2"
S1215013,ETANG DE LACANAU,29/07/2008,"-1,14187","44,9743","4,2"
S1215013,ETANG DE LACANAU,29/07/2008,"-1,14186","44,97431","4,3"
S1215013,ETANG DE LACANAU,29/07/2008,"-1,14184","44,9743","4,4"
S1215013,ETANG DE LACANAU,29/07/2008,"-1,14186","44,97431","4,3"
S1215013,ETANG DE LACANAU,29/07/2008,"-1,14185","44,97431","4,4"
S1215013,ETANG DE LACANAU,29/07/2008,"-1,14187","44,97431","4,2"
S1215013,ETANG DE LACANAU,29/07/2008,"-1,14187","44,97431","4,2"
S1215013,ETANG DE LACANAU,29/07/2008,"-1,14187","44,97431","4,3"
S1215013,ETANG DE LACANAU,29/07/2008,"-1,14186","44,97431","4,3"
S1215013,ETANG DE LACANAU,29/07/2008,"-1,14186","44,97431","4,2"
S1215013,ETANG DE LACANAU,29/07/2008,"-1,14186","44,97431","4,4"
S1215013,ETANG DE LACANAU,29/07/2008,"-1,14186","44,97431","4,3"
S1215013,ETANG DE LACANAU,29/07/2008,"-1,14186","44,97431","4,3"
S1215013,ETANG DE LACANAU,29/07/2008,"-1,14185","44,97431","4,4"
S1215013,ETANG DE LACANAU,29/07/2008,"-1,14156","44,97438","4,3"
S1215013,ETANG DE LACANAU,29/07/2008,"-1,14186","44,97431","4,3"
S1215013,ETANG DE LACANAU,29/07/2008,"-1,13829","44,97227","5,5"
S1215013,ETANG DE LACANAU,29/07/2008,"-1,14107","44,97409","4,7"
S1215013,ETANG DE LACANAU,29/07/2008,"-1,141","44,97404","4,6"
S1215013,ETANG DE LACANAU,29/07/2008,"-1,1409","44,97397","4,8"
S1215013,ETANG DE LACANAU,29/07/2008,"-1,14077","44,97388","4,7"
S1215013,ETANG DE LACANAU,29/07/2008,"-1,1405","44,97372","4,8"
S1215013,ETANG DE LACANAU,29/07/2008,"-1,1402","44,97352",5
S1215013,ETANG DE LACANAU,29/07/2008,"-1,1399","44,97331","5,1"
S1215013,ETANG DE LACANAU,29/07/2008,"-1,1396","44,97309","5,1"
S1215013,ETANG DE LACANAU,29/07/2008,"-1,13929","44,97288","5,3"
S1215013,ETANG DE LACANAU,29/07/2008,"-1,14157","44,97438","4,4"
S1215013,ETANG DE LACANAU,29/07/2008,"-1,13859","44,9725","5,4"
S1215013,ETANG DE LACANAU,29/07/2008,"-1,14121","44,9742","4,5"
S1215013,ETANG DE LACANAU,29/07/2008,"-1,13804","44,97203","5,5"
S1215013,ETANG DE LACANAU,29/07/2008,"-1,13781","44,97177","5,6"
S1215013,ETANG DE LACANAU,29/07/2008,"-1,13763","44,97149","5,6"
S1215013,ETANG DE LACANAU,29/07/2008,"-1,13755","44,97121","5,6"
S1215013,ETANG DE LACANAU,29/07/2008,"-1,13754","44,97101","5,6"
S1215013,ETANG DE LACANAU,29/07/2008,"-1,13758","44,97086","5,6"
S1215013,ETANG DE LACANAU,29/07/2008,"-1,13766","44,97053","5,7"
S1215013,ETANG DE LACANAU,29/07/2008,"-1,13774","44,9702","5,6"
S1215013,ETANG DE LACANAU,29/07/2008,"-1,13783","44,96987","5,5"
S1215013,ETANG DE LACANAU,29/07/2008,"-1,13786","44,96959","5,4"
S1215013,ETANG DE LACANAU,29/07/2008,"-1,13894","44,97269","5,3"
S1215013,ETANG DE LACANAU,29/07/2008,"-1,14145","44,97433","4,6"
S1215013,ETANG DE LACANAU,29/07/2008,"-1,14155","44,97438","4,5"
S1215013,ETANG DE LACANAU,29/07/2008,"-1,14154","44,97437","4,3"
S1215013,ETANG DE LACANAU,29/07/2008,"-1,14153","44,97436","4,4"
S1215013,ETANG DE LACANAU,29/07/2008,"-1,14153","44,97436","4,3"
S1215013,ETANG DE LACANAU,29/07/2008,"-1,14153","44,97436","4,3"
S1215013,ETANG DE LACANAU,29/07/2008,"-1,14152","44,97436","4,5"
S1215013,ETANG DE LACANAU,29/07/2008,"-1,1415","44,97436","4,4"
S1215013,ETANG DE LACANAU,29/07/2008,"-1,14148","44,97435","4,5"
S1215013,ETANG DE LACANAU,29/07/2008,"-1,14148","44,97435","4,3"
S1215013,ETANG DE LACANAU,29/07/2008,"-1,14148","44,97434","4,4"
S1215013,ETANG DE LACANAU,29/07/2008,"-1,14113","44,97412","4,5"
S1215013,ETANG DE LACANAU,29/07/2008,"-1,14146","44,97433","4,4"
S1215013,ETANG DE LACANAU,29/07/2008,"-1,14118","44,97416","4,5"
S1215013,ETANG DE LACANAU,29/07/2008,"-1,14146","44,97431","4,3"
S1215013,ETANG DE LACANAU,29/07/2008,"-1,14145","44,97431","4,5"
S1215013,ETANG DE LACANAU,29/07/2008,"-1,14143","44,9743","4,4"
S1215013,ETANG DE LACANAU,29/07/2008,"-1,14142","44,97429","4,5"
S1215013,ETANG DE LACANAU,29/07/2008,"-1,14139","44,97429","4,3"
S1215013,ETANG DE LACANAU,29/07/2008,"-1,14136","44,97428","4,4"
S1215013,ETANG DE LACANAU,29/07/2008,"-1,14132","44,97427","4,4"
S1215013,ETANG DE LACANAU,29/07/2008,"-1,1413","44,97425","4,6"
S1215013,ETANG DE LACANAU,29/07/2008,"-1,14125","44,97423","4,4"
S1215013,ETANG DE LACANAU,29/07/2008,"-1,14196","44,97429","3,9"
S1215013,ETANG DE LACANAU,29/07/2008,"-1,14147","44,97434","4,4"
S1215013,ETANG DE LACANAU,29/07/2008,"-1,14177","44,97477","0,4"
S1215013,ETANG DE LACANAU,29/07/2008,"-1,14176","44,97474","0,4"
S1215013,ETANG DE LACANAU,29/07/2008,"-1,14177","44,97473","0,5"
S1215013,ETANG DE LACANAU,29/07/2008,"-1,14177","44,97473","0,4"
S1215013,ETANG DE LACANAU,29/07/2008,"-1,14177","44,97473","0,4"
S1215013,ETANG DE LACANAU,29/07/2008,"-1,14177","44,97472","0,4"
S1215013,ETANG DE LACANAU,29/07/2008,"-1,14178","44,97472","0,4"
S1215013,ETANG DE LACANAU,29/07/2008,"-1,14177","44,97477","0,4"
S1215013,ETANG DE LACANAU,29/07/2008,"-1,14177","44,97477","0,5"
S1215013,ETANG DE LACANAU,29/07/2008,"-1,14177","44,97477","0,5"
S1215013,ETANG DE LACANAU,29/07/2008,"-1,14177","44,97472","0,5"
S1215013,ETANG DE LACANAU,29/07/2008,"-1,14177","44,97477","0,4"
S1215013,ETANG DE LACANAU,29/07/2008,"-1,14176","44,97475","0,6"
S1215013,ETANG DE LACANAU,29/07/2008,"-1,14177","44,97477","0,4"
S1215013,ETANG DE LACANAU,29/07/2008,"-1,14177","44,97472","0,4"
S1215013,ETANG DE LACANAU,29/07/2008,"-1,14177","44,97472","0,4"
S1215013,ETANG DE LACANAU,29/07/2008,"-1,14177","44,97472","0,4"
S1215013,ETANG DE LACANAU,29/07/2008,"-1,14177","44,97472","0,4"
S1215013,ETANG DE LACANAU,29/07/2008,"-1,14177","44,97472","0,4"
S1215013,ETANG DE LACANAU,29/07/2008,"-1,14177","44,97472","0,4"
S1215013,ETANG DE LACANAU,29/07/2008,"-1,14177","44,97472","0,4"
S1215013,ETANG DE LACANAU,29/07/2008,"-1,14177","44,97472","0,5"
S1215013,ETANG DE LACANAU,29/07/2008,"-1,14197","44,97429","3,9"
S1215013,ETANG DE LACANAU,29/07/2008,"-1,14177","44,97477","0,4"
S1215013,ETANG DE LACANAU,29/07/2008,"-1,14176","44,97477","0,5"
S1215013,ETANG DE LACANAU,29/07/2008,"-1,14175","44,97476","0,4"
S1215013,ETANG DE LACANAU,29/07/2008,"-1,14175","44,97476","0,4"
S1215013,ETANG DE LACANAU,29/07/2008,"-1,14175","44,97476","0,5"
S1215013,ETANG DE LACANAU,29/07/2008,"-1,14175","44,97475","0,4"
S1215013,ETANG DE LACANAU,29/07/2008,"-1,14175","44,97475","0,5"
S1215013,ETANG DE LACANAU,29/07/2008,"-1,14175","44,97475","0,5"
S1215013,ETANG DE LACANAU,29/07/2008,"-1,14175","44,97475","0,5"
S1215013,ETANG DE LACANAU,29/07/2008,"-1,14175","44,97475","0,4"
S1215013,ETANG DE LACANAU,29/07/2008,"-1,14177","44,97477","0,6"
S1215013,ETANG DE LACANAU,29/07/2008,"-1,14177","44,97477","0,4"
S1215013,ETANG DE LACANAU,29/07/2008,"-1,14176","44,97474","0,4"
S1215013,ETANG DE LACANAU,29/07/2008,"-1,14176","44,97477","0,6"
S1215013,ETANG DE LACANAU,29/07/2008,"-1,14176","44,97475","0,5"
S1215013,ETANG DE LACANAU,29/07/2008,"-1,14176","44,97477","0,5"
S1215013,ETANG DE LACANAU,29/07/2008,"-1,14175","44,97477","0,6"
S1215013,ETANG DE LACANAU,29/07/2008,"-1,14175","44,97477","0,5"
S1215013,ETANG DE LACANAU,29/07/2008,"-1,14175","44,97477","0,6"
S1215013,ETANG DE LACANAU,29/07/2008,"-1,14175","44,97477","0,6"
S1215013,ETANG DE LACANAU,29/07/2008,"-1,14175","44,97477","0,6"
S1215013,ETANG DE LACANAU,29/07/2008,"-1,14175","44,97476","0,6"
S1215013,ETANG DE LACANAU,29/07/2008,"-1,14175","44,97476","0,6"
S1215013,ETANG DE LACANAU,29/07/2008,"-1,14175","44,97476","0,6"
S1215013,ETANG DE LACANAU,29/07/2008,"-1,14177","44,97472","0,5"
S1215013,ETANG DE LACANAU,29/07/2008,"-1,14176","44,97477","0,5"
S1215013,ETANG DE LACANAU,29/07/2008,"-1,14171","44,97436","4,2"
S1215013,ETANG DE LACANAU,29/07/2008,"-1,14175","44,97467","0,6"
S1215013,ETANG DE LACANAU,29/07/2008,"-1,14176","44,97467","0,5"
S1215013,ETANG DE LACANAU,29/07/2008,"-1,14178","44,97467","0,5"
S1215013,ETANG DE LACANAU,29/07/2008,"-1,14177","44,97464","0,7"
S1215013,ETANG DE LACANAU,29/07/2008,"-1,14176","44,97463","0,7"
S1215013,ETANG DE LACANAU,29/07/2008,"-1,14177","44,97461","0,4"
S1215013,ETANG DE LACANAU,29/07/2008,"-1,14173","44,9746","0,5"
S1215013,ETANG DE LACANAU,29/07/2008,"-1,1417","44,97455","0,9"
S1215013,ETANG DE LACANAU,29/07/2008,"-1,14168","44,9745","2,6"
S1215013,ETANG DE LACANAU,29/07/2008,"-1,14177","44,97472","0,4"
S1215013,ETANG DE LACANAU,29/07/2008,"-1,14169","44,97442","4,2"
S1215013,ETANG DE LACANAU,29/07/2008,"-1,14173","44,97467","0,6"
S1215013,ETANG DE LACANAU,29/07/2008,"-1,14178","44,97432","4,3"
S1215013,ETANG DE LACANAU,29/07/2008,"-1,14186","44,97429","4,3"
S1215013,ETANG DE LACANAU,29/07/2008,"-1,14195","44,97426","4,2"
S1215013,ETANG DE LACANAU,29/07/2008,"-1,14197","44,97424","4,3"
S1215013,ETANG DE LACANAU,29/07/2008,"-1,14196","44,97427","4,2"
S1215013,ETANG DE LACANAU,29/07/2008,"-1,14197","44,97429","3,7"
S1215013,ETANG DE LACANAU,29/07/2008,"-1,14198","44,97429","3,8"
S1215013,ETANG DE LACANAU,29/07/2008,"-1,14198","44,97429","3,8"
S1215013,ETANG DE LACANAU,29/07/2008,"-1,14197","44,97429","3,8"
S1215013,ETANG DE LACANAU,29/07/2008,"-1,14196","44,97429","3,8"
S1215013,ETANG DE LACANAU,29/07/2008,"-1,14167","44,97446","3,9"
S1215013,ETANG DE LACANAU,29/07/2008,"-1,14177","44,97472","0,5"
S1215013,ETANG DE LACANAU,29/07/2008,"-1,14177","44,97472","0,4"
S1215013,ETANG DE LACANAU,29/07/2008,"-1,14177","44,97472","0,5"
S1215013,ETANG DE LACANAU,29/07/2008,"-1,14177","44,97472","0,5"
S1215013,ETANG DE LACANAU,29/07/2008,"-1,14177","44,97472","0,5"
S1215013,ETANG DE LACANAU,29/07/2008,"-1,14177","44,97472","0,4"
S1215013,ETANG DE LACANAU,29/07/2008,"-1,14177","44,97472","0,4"
S1215013,ETANG DE LACANAU,29/07/2008,"-1,14177","44,97472","0,5"
S1215013,ETANG DE LACANAU,29/07/2008,"-1,14177","44,97472","0,5"
S1215013,ETANG DE LACANAU,29/07/2008,"-1,14177","44,97472","0,4"
S1215013,ETANG DE LACANAU,29/07/2008,"-1,14177","44,97472","0,5"
S1215013,ETANG DE LACANAU,29/07/2008,"-1,14174","44,97467","0,4"
S1215013,ETANG DE LACANAU,29/07/2008,"-1,14177","44,97472","0,5"
S1215013,ETANG DE LACANAU,29/07/2008,"-1,14173","44,97467","0,5"
S1215013,ETANG DE LACANAU,29/07/2008,"-1,14177","44,97472","0,5"
S1215013,ETANG DE LACANAU,29/07/2008,"-1,14177","44,97472","0,5"
S1215013,ETANG DE LACANAU,29/07/2008,"-1,14167","44,97472","18,8"
S1215013,ETANG DE LACANAU,29/07/2008,"-1,14168","44,97472","18,2"
S1215013,ETANG DE LACANAU,29/07/2008,"-1,14167","44,97471","18,8"
S1215013,ETANG DE LACANAU,29/07/2008,"-1,14168","44,97471","17,5"
S1215013,ETANG DE LACANAU,29/07/2008,"-1,14171","44,97468","0,8"
S1215013,ETANG DE LACANAU,29/07/2008,"-1,14172","44,97468","0,9"
S1215013,ETANG DE LACANAU,29/07/2008,"-1,14172","44,97467","0,5"
S1215013,ETANG DE LACANAU,29/07/2008,"-1,13785","44,96944","5,4"
S1215013,ETANG DE LACANAU,29/07/2008,"-1,14177","44,97472","0,5"
S1215013,ETANG DE LACANAU,29/07/2008,"-1,11757","44,94264","0,5"
S1215013,ETANG DE LACANAU,29/07/2008,"-1,11693","44,94872","0,9"
S1215013,ETANG DE LACANAU,29/07/2008,"-1,11706","44,94264","0,5"
S1215013,ETANG DE LACANAU,29/07/2008,"-1,11709","44,94264","0,4"
S1215013,ETANG DE LACANAU,29/07/2008,"-1,11712","44,94264","0,4"
S1215013,ETANG DE LACANAU,29/07/2008,"-1,11716","44,94264","0,4"
S1215013,ETANG DE LACANAU,29/07/2008,"-1,11721","44,94264","0,4"
S1215013,ETANG DE LACANAU,29/07/2008,"-1,11727","44,94264","0,5"
S1215013,ETANG DE LACANAU,29/07/2008,"-1,11733","44,94263","0,5"
S1215013,ETANG DE LACANAU,29/07/2008,"-1,11739","44,94263","0,5"
S1215013,ETANG DE LACANAU,29/07/2008,"-1,11702","44,94263","0,5"
S1215013,ETANG DE LACANAU,29/07/2008,"-1,11751","44,94264","0,5"
S1215013,ETANG DE LACANAU,29/07/2008,"-1,11701","44,94263","0,5"
S1215013,ETANG DE LACANAU,29/07/2008,"-1,11763","44,94265","0,5"
S1215013,ETANG DE LACANAU,29/07/2008,"-1,11769","44,94266","0,5"
S1215013,ETANG DE LACANAU,29/07/2008,"-1,11775","44,94267","0,5"
S1215013,ETANG DE LACANAU,29/07/2008,"-1,11781","44,94268","0,5"
S1215013,ETANG DE LACANAU,29/07/2008,"-1,11787","44,94269","0,5"
S1215013,ETANG DE LACANAU,29/07/2008,"-1,11793","44,9427","0,5"
S1215013,ETANG DE LACANAU,29/07/2008,"-1,11799","44,94272","0,5"
S1215013,ETANG DE LACANAU,29/07/2008,"-1,11805","44,94274","0,5"
S1215013,ETANG DE LACANAU,29/07/2008,"-1,11811","44,94275","0,5"
S1215013,ETANG DE LACANAU,29/07/2008,"-1,11817","44,94277","0,5"
S1215013,ETANG DE LACANAU,29/07/2008,"-1,11745","44,94263","0,5"
S1215013,ETANG DE LACANAU,29/07/2008,"-1,11674","44,94264","0,4"
S1215013,ETANG DE LACANAU,29/07/2008,"-1,11642","44,94264","0,6"
S1215013,ETANG DE LACANAU,29/07/2008,"-1,11645","44,94264","0,5"
S1215013,ETANG DE LACANAU,29/07/2008,"-1,11647","44,94264","0,6"
S1215013,ETANG DE LACANAU,29/07/2008,"-1,1165","44,94264","0,7"
S1215013,ETANG DE LACANAU,29/07/2008,"-1,11653","44,94264","0,4"
S1215013,ETANG DE LACANAU,29/07/2008,"-1,11656","44,94264","0,7"
S1215013,ETANG DE LACANAU,29/07/2008,"-1,11659","44,94264","0,7"
S1215013,ETANG DE LACANAU,29/07/2008,"-1,11662","44,94264","0,4"
S1215013,ETANG DE LACANAU,29/07/2008,"-1,11665","44,94264","0,4"
S1215013,ETANG DE LACANAU,29/07/2008,"-1,11704","44,94264","0,5"
S1215013,ETANG DE LACANAU,29/07/2008,"-1,11671","44,94264","0,4"
S1215013,ETANG DE LACANAU,29/07/2008,"-1,11845","44,94285","0,5"
S1215013,ETANG DE LACANAU,29/07/2008,"-1,11677","44,94264","0,4"
S1215013,ETANG DE LACANAU,29/07/2008,"-1,1168","44,94264","0,4"
S1215013,ETANG DE LACANAU,29/07/2008,"-1,11682","44,94264","0,4"
S1215013,ETANG DE LACANAU,29/07/2008,"-1,11685","44,94264","0,5"
S1215013,ETANG DE LACANAU,29/07/2008,"-1,11687","44,94263","0,5"
S1215013,ETANG DE LACANAU,29/07/2008,"-1,1169","44,94263","0,4"
S1215013,ETANG DE LACANAU,29/07/2008,"-1,11693","44,94262","0,4"
S1215013,ETANG DE LACANAU,29/07/2008,"-1,11696","44,94262","0,4"
S1215013,ETANG DE LACANAU,29/07/2008,"-1,11698","44,94262","0,4"
S1215013,ETANG DE LACANAU,29/07/2008,"-1,11699","44,94262","0,5"
S1215013,ETANG DE LACANAU,29/07/2008,"-1,11668","44,94264","0,4"
S1215013,ETANG DE LACANAU,29/07/2008,"-1,11898","44,94741",2
S1215013,ETANG DE LACANAU,29/07/2008,"-1,11957","44,94608",1
S1215013,ETANG DE LACANAU,29/07/2008,"-1,11954","44,94626","1,2"
S1215013,ETANG DE LACANAU,29/07/2008,"-1,11949","44,94638","0,9"
S1215013,ETANG DE LACANAU,29/07/2008,"-1,11945","44,94649","0,8"
S1215013,ETANG DE LACANAU,29/07/2008,"-1,11941","44,94661","0,8"
S1215013,ETANG DE LACANAU,29/07/2008,"-1,11936","44,94672","0,7"
S1215013,ETANG DE LACANAU,29/07/2008,"-1,11931","44,94682","0,6"
S1215013,ETANG DE LACANAU,29/07/2008,"-1,11926","44,94693","0,6"
S1215013,ETANG DE LACANAU,29/07/2008,"-1,1192","44,94705",1
S1215013,ETANG DE LACANAU,29/07/2008,"-1,11825","44,94279","0,5"
S1215013,ETANG DE LACANAU,29/07/2008,"-1,11906","44,9473","2,2"
S1215013,ETANG DE LACANAU,29/07/2008,"-1,11945","44,94536","0,9"
S1215013,ETANG DE LACANAU,29/07/2008,"-1,1189","44,94751","1,1"
S1215013,ETANG DE LACANAU,29/07/2008,"-1,11884","44,94759","0,5"
S1215013,ETANG DE LACANAU,29/07/2008,"-1,11874","44,94771","0,6"
S1215013,ETANG DE LACANAU,29/07/2008,"-1,11855","44,94793","0,7"
S1215013,ETANG DE LACANAU,29/07/2008,"-1,11831","44,94814","0,9"
S1215013,ETANG DE LACANAU,29/07/2008,"-1,11804","44,94834",1
S1215013,ETANG DE LACANAU,29/07/2008,"-1,11773","44,94849","0,9"
S1215013,ETANG DE LACANAU,29/07/2008,"-1,11746","44,94859","0,8"
S1215013,ETANG DE LACANAU,29/07/2008,"-1,11725","44,94865","0,8"
S1215013,ETANG DE LACANAU,29/07/2008,"-1,12213","44,94025","0,8"
S1215013,ETANG DE LACANAU,29/07/2008,"-1,11913","44,94718","2,3"
S1215013,ETANG DE LACANAU,29/07/2008,"-1,11925","44,94381","0,7"
S1215013,ETANG DE LACANAU,29/07/2008,"-1,11632","44,94262","0,6"
S1215013,ETANG DE LACANAU,29/07/2008,"-1,11856","44,94289","0,5"
S1215013,ETANG DE LACANAU,29/07/2008,"-1,11867","44,94294","0,5"
S1215013,ETANG DE LACANAU,29/07/2008,"-1,11878","44,94301","0,6"
S1215013,ETANG DE LACANAU,29/07/2008,"-1,11886","44,94308","0,6"
S1215013,ETANG DE LACANAU,29/07/2008,"-1,11895","44,94315","0,6"
S1215013,ETANG DE LACANAU,29/07/2008,"-1,11903","44,94323","0,6"
S1215013,ETANG DE LACANAU,29/07/2008,"-1,11911","44,94331","0,6"
S1215013,ETANG DE LACANAU,29/07/2008,"-1,11916","44,94341","0,7"
S1215013,ETANG DE LACANAU,29/07/2008,"-1,11919","44,9435","0,6"
S1215013,ETANG DE LACANAU,29/07/2008,"-1,11956","44,94586",1
S1215013,ETANG DE LACANAU,29/07/2008,"-1,11923","44,9437","0,6"
S1215013,ETANG DE LACANAU,29/07/2008,"-1,11953","44,94561",1
S1215013,ETANG DE LACANAU,29/07/2008,"-1,11926","44,94391","0,7"
S1215013,ETANG DE LACANAU,29/07/2008,"-1,11925","44,944","0,7"
S1215013,ETANG DE LACANAU,29/07/2008,"-1,11928","44,94411","0,7"
S1215013,ETANG DE LACANAU,29/07/2008,"-1,11929","44,94421","0,7"
S1215013,ETANG DE LACANAU,29/07/2008,"-1,1193","44,94431","0,7"
S1215013,ETANG DE LACANAU,29/07/2008,"-1,11932","44,94445","0,8"
S1215013,ETANG DE LACANAU,29/07/2008,"-1,11934","44,94461","0,9"
S1215013,ETANG DE LACANAU,29/07/2008,"-1,11935","44,94485","0,9"
S1215013,ETANG DE LACANAU,29/07/2008,"-1,11939","44,94511","0,9"
S1215013,ETANG DE LACANAU,29/07/2008,"-1,11834","44,94282","0,5"
S1215013,ETANG DE LACANAU,29/07/2008,"-1,1192","44,9436","0,6"
S1215013,ETANG DE LACANAU,29/07/2008,"-1,11982","44,94236","0,7"
S1215013,ETANG DE LACANAU,29/07/2008,"-1,12061","44,94171","0,8"
S1215013,ETANG DE LACANAU,29/07/2008,"-1,12053","44,94177","0,8"
S1215013,ETANG DE LACANAU,29/07/2008,"-1,12046","44,94183","0,7"
S1215013,ETANG DE LACANAU,29/07/2008,"-1,12039","44,9419","0,7"
S1215013,ETANG DE LACANAU,29/07/2008,"-1,12032","44,94196","0,6"
S1215013,ETANG DE LACANAU,29/07/2008,"-1,12025","44,94202","0,6"
S1215013,ETANG DE LACANAU,29/07/2008,"-1,12019","44,94209","0,7"
S1215013,ETANG DE LACANAU,29/07/2008,"-1,12012","44,94215","0,7"
S1215013,ETANG DE LACANAU,29/07/2008,"-1,12005","44,94221","0,8"
S1215013,ETANG DE LACANAU,29/07/2008,"-1,11784","44,94258","0,4"
S1215013,ETANG DE LACANAU,29/07/2008,"-1,11989","44,94231","0,7"
S1215013,ETANG DE LACANAU,29/07/2008,"-1,12085","44,94155","0,8"
S1215013,ETANG DE LACANAU,29/07/2008,"-1,11974","44,9424","0,7"
S1215013,ETANG DE LACANAU,29/07/2008,"-1,11965","44,94242","0,7"
S1215013,ETANG DE LACANAU,29/07/2008,"-1,11956","44,94244","0,7"
S1215013,ETANG DE LACANAU,29/07/2008,"-1,11947","44,94245","0,7"
S1215013,ETANG DE LACANAU,29/07/2008,"-1,11937","44,94245","0,6"
S1215013,ETANG DE LACANAU,29/07/2008,"-1,11928","44,94246","0,6"
S1215013,ETANG DE LACANAU,29/07/2008,"-1,11919","44,94245","0,6"
S1215013,ETANG DE LACANAU,29/07/2008,"-1,11911","44,94245","0,7"
S1215013,ETANG DE LACANAU,29/07/2008,"-1,11902","44,94245","0,6"
S1215013,ETANG DE LACANAU,29/07/2008,"-1,11639","44,94263","0,6"
S1215013,ETANG DE LACANAU,29/07/2008,"-1,11997","44,94226","0,8"
S1215013,ETANG DE LACANAU,29/07/2008,"-1,12133","44,94108","0,7"
S1215013,ETANG DE LACANAU,29/07/2008,"-1,12206","44,94035","0,7"
S1215013,ETANG DE LACANAU,29/07/2008,"-1,122","44,94044","0,7"
S1215013,ETANG DE LACANAU,29/07/2008,"-1,12192","44,94053","0,7"
S1215013,ETANG DE LACANAU,29/07/2008,"-1,12184","44,94061","0,8"
S1215013,ETANG DE LACANAU,29/07/2008,"-1,12177","44,94068",1
S1215013,ETANG DE LACANAU,29/07/2008,"-1,12172","44,94073",1
S1215013,ETANG DE LACANAU,29/07/2008,"-1,12167","44,94079",1
S1215013,ETANG DE LACANAU,29/07/2008,"-1,12161","44,94084",1
S1215013,ETANG DE LACANAU,29/07/2008,"-1,12155","44,94089","0,9"
S1215013,ETANG DE LACANAU,29/07/2008,"-1,12149","44,94093","0,8"
S1215013,ETANG DE LACANAU,29/07/2008,"-1,1207","44,94167","0,8"
S1215013,ETANG DE LACANAU,29/07/2008,"-1,12137","44,94102","0,7"
S1215013,ETANG DE LACANAU,29/07/2008,"-1,12078","44,94161","0,8"
S1215013,ETANG DE LACANAU,29/07/2008,"-1,12128","44,94111","0,8"
S1215013,ETANG DE LACANAU,29/07/2008,"-1,12124","44,94115","0,8"
S1215013,ETANG DE LACANAU,29/07/2008,"-1,12121","44,94119","0,8"
S1215013,ETANG DE LACANAU,29/07/2008,"-1,12118","44,94123","0,8"
S1215013,ETANG DE LACANAU,29/07/2008,"-1,12114","44,94127","0,8"
S1215013,ETANG DE LACANAU,29/07/2008,"-1,1211","44,94131","0,8"
S1215013,ETANG DE LACANAU,29/07/2008,"-1,12106","44,94136","0,8"
S1215013,ETANG DE LACANAU,29/07/2008,"-1,121","44,94141","0,8"
S1215013,ETANG DE LACANAU,29/07/2008,"-1,12092","44,94148","0,8"
S1215013,ETANG DE LACANAU,29/07/2008,"-1,1178","44,94258","0,4"
S1215013,ETANG DE LACANAU,29/07/2008,"-1,12143","44,94098","0,7"
S1215013,ETANG DE LACANAU,29/07/2008,"-1,11588","44,94267","21,9"
S1215013,ETANG DE LACANAU,29/07/2008,"-1,11603","44,9427","19,4"
S1215013,ETANG DE LACANAU,29/07/2008,"-1,11603","44,94269","21,3"
S1215013,ETANG DE LACANAU,29/07/2008,"-1,11603","44,94269","21,3"
S1215013,ETANG DE LACANAU,29/07/2008,"-1,11602","44,94269","19,4"
S1215013,ETANG DE LACANAU,29/07/2008,"-1,11601","44,94268","21,3"
S1215013,ETANG DE LACANAU,29/07/2008,"-1,11588","44,94266","19,4"
S1215013,ETANG DE LACANAU,29/07/2008,"-1,11588","44,94266","20,7"
S1215013,ETANG DE LACANAU,29/07/2008,"-1,11588","44,94266","21,3"
S1215013,ETANG DE LACANAU,29/07/2008,"-1,11588","44,94267","21,3"
S1215013,ETANG DE LACANAU,29/07/2008,"-1,11884","44,94188","0,6"
S1215013,ETANG DE LACANAU,29/07/2008,"-1,13371","44,94048","1,8"
S1215013,ETANG DE LACANAU,29/07/2008,"-1,11674","44,9426","0,4"
S1215013,ETANG DE LACANAU,29/07/2008,"-1,12402","44,93728","0,9"
S1215013,ETANG DE LACANAU,29/07/2008,"-1,11589","44,94268","21,9"
S1215013,ETANG DE LACANAU,29/07/2008,"-1,11589","44,94269","20,1"
S1215013,ETANG DE LACANAU,29/07/2008,"-1,11589","44,94269","0,6"
S1215013,ETANG DE LACANAU,29/07/2008,"-1,11589","44,94269","19,4"
S1215013,ETANG DE LACANAU,29/07/2008,"-1,11589","44,9427","20,1"
S1215013,ETANG DE LACANAU,29/07/2008,"-1,11589","44,9427","19,4"
S1215013,ETANG DE LACANAU,29/07/2008,"-1,11613","44,94261","20,2"
S1215013,ETANG DE LACANAU,29/07/2008,"-1,11629","44,94261","0,5"
S1215013,ETANG DE LACANAU,29/07/2008,"-1,11677","44,94874","0,9"
S1215013,ETANG DE LACANAU,29/07/2008,"-1,11588","44,94267","21,9"
S1215013,ETANG DE LACANAU,29/07/2008,"-1,1171","44,94246","0,4"
S1215013,ETANG DE LACANAU,29/07/2008,"-1,11772","44,94259","0,4"
S1215013,ETANG DE LACANAU,29/07/2008,"-1,11763","44,94258","0,5"
S1215013,ETANG DE LACANAU,29/07/2008,"-1,11754","44,94257","0,4"
S1215013,ETANG DE LACANAU,29/07/2008,"-1,11747","44,94255","0,4"
S1215013,ETANG DE LACANAU,29/07/2008,"-1,1174","44,94253","0,4"
S1215013,ETANG DE LACANAU,29/07/2008,"-1,11733","44,94251","0,4"
S1215013,ETANG DE LACANAU,29/07/2008,"-1,11727","44,94251","0,8"
S1215013,ETANG DE LACANAU,29/07/2008,"-1,11723","44,9425","0,8"
S1215013,ETANG DE LACANAU,29/07/2008,"-1,11719","44,94249","0,4"
S1215013,ETANG DE LACANAU,29/07/2008,"-1,11717","44,94248","0,3"
S1215013,ETANG DE LACANAU,29/07/2008,"-1,11604","44,9427","19,4"
S1215013,ETANG DE LACANAU,29/07/2008,"-1,11713","44,94247","0,5"
S1215013,ETANG DE LACANAU,29/07/2008,"-1,11681","44,94263","0,4"
S1215013,ETANG DE LACANAU,29/07/2008,"-1,11706","44,94247","0,4"
S1215013,ETANG DE LACANAU,29/07/2008,"-1,11702","44,94248","0,4"
S1215013,ETANG DE LACANAU,29/07/2008,"-1,11698","44,94251","0,4"
S1215013,ETANG DE LACANAU,29/07/2008,"-1,11694","44,94253","0,3"
S1215013,ETANG DE LACANAU,29/07/2008,"-1,1169","44,94255","0,4"
S1215013,ETANG DE LACANAU,29/07/2008,"-1,11687","44,94258","0,4"
S1215013,ETANG DE LACANAU,29/07/2008,"-1,11684","44,94259","0,4"
S1215013,ETANG DE LACANAU,29/07/2008,"-1,11683","44,9426","0,4"
S1215013,ETANG DE LACANAU,29/07/2008,"-1,11681","44,94259","0,4"
S1215013,ETANG DE LACANAU,29/07/2008,"-1,11635","44,94262","0,6"
S1215013,ETANG DE LACANAU,29/07/2008,"-1,11715","44,94247","0,8"
S1215013,ETANG DE LACANAU,29/07/2008,"-1,1083","44,97188","2,6"
S1215013,ETANG DE LACANAU,29/07/2008,"-1,11711","44,94869","0,8"
S1215013,ETANG DE LACANAU,29/07/2008,"-1,11167","44,96934","3,4"
S1215013,ETANG DE LACANAU,29/07/2008,"-1,11131","44,96958","3,2"
S1215013,ETANG DE LACANAU,29/07/2008,"-1,11095","44,96983","3,3"
S1215013,ETANG DE LACANAU,29/07/2008,"-1,11051","44,9701","3,2"
S1215013,ETANG DE LACANAU,29/07/2008,"-1,11022","44,97029","3,1"
S1215013,ETANG DE LACANAU,29/07/2008,"-1,10987","44,97053","2,8"
S1215013,ETANG DE LACANAU,29/07/2008,"-1,10953","44,97078","2,8"
S1215013,ETANG DE LACANAU,29/07/2008,"-1,10921","44,97105","2,9"
S1215013,ETANG DE LACANAU,29/07/2008,"-1,11242","44,9688","3,7"
S1215013,ETANG DE LACANAU,29/07/2008,"-1,10859","44,9716","2,3"
S1215013,ETANG DE LACANAU,29/07/2008,"-1,11279","44,96853","3,6"
S1215013,ETANG DE LACANAU,29/07/2008,"-1,10801","44,97217","2,6"
S1215013,ETANG DE LACANAU,29/07/2008,"-1,10774","44,97247","3,1"
S1215013,ETANG DE LACANAU,29/07/2008,"-1,10746","44,97276",3
S1215013,ETANG DE LACANAU,29/07/2008,"-1,10715","44,97306","2,4"
S1215013,ETANG DE LACANAU,29/07/2008,"-1,10682","44,97336","2,7"
S1215013,ETANG DE LACANAU,29/07/2008,"-1,1065","44,9736","3,2"
S1215013,ETANG DE LACANAU,29/07/2008,"-1,10627","44,97378","3,4"
S1215013,ETANG DE LACANAU,29/07/2008,"-1,10597","44,974","3,2"
S1215013,ETANG DE LACANAU,29/07/2008,"-1,10566","44,97421","2,4"
S1215013,ETANG DE LACANAU,29/07/2008,"-1,10528","44,97447","2,4"
S1215013,ETANG DE LACANAU,29/07/2008,"-1,10889","44,97132","2,9"
S1215013,ETANG DE LACANAU,29/07/2008,"-1,11591","44,96499","4,9"
S1215013,ETANG DE LACANAU,29/07/2008,"-1,1167","44,9619","3,9"
S1215013,ETANG DE LACANAU,29/07/2008,"-1,11664","44,96221","4,2"
S1215013,ETANG DE LACANAU,29/07/2008,"-1,11657","44,9625","4,9"
S1215013,ETANG DE LACANAU,29/07/2008,"-1,11651","44,96279","5,3"
S1215013,ETANG DE LACANAU,29/07/2008,"-1,11649","44,96307","4,9"
S1215013,ETANG DE LACANAU,29/07/2008,"-1,11648","44,96335","5,1"
S1215013,ETANG DE LACANAU,29/07/2008,"-1,11648","44,96362","5,2"
S1215013,ETANG DE LACANAU,29/07/2008,"-1,11648","44,96385","5,3"
S1215013,ETANG DE LACANAU,29/07/2008,"-1,11642","44,96407","5,4"
S1215013,ETANG DE LACANAU,29/07/2008,"-1,11205","44,96908","3,6"
S1215013,ETANG DE LACANAU,29/07/2008,"-1,11615","44,96465","4,6"
S1215013,ETANG DE LACANAU,29/07/2008,"-1,10435","44,97502",2
S1215013,ETANG DE LACANAU,29/07/2008,"-1,11565","44,96532","5,3"
S1215013,ETANG DE LACANAU,29/07/2008,"-1,11542","44,96567","4,4"
S1215013,ETANG DE LACANAU,29/07/2008,"-1,11513","44,96608","3,6"
S1215013,ETANG DE LACANAU,29/07/2008,"-1,11485","44,96649","3,5"
S1215013,ETANG DE LACANAU,29/07/2008,"-1,11463","44,96675","3,8"
S1215013,ETANG DE LACANAU,29/07/2008,"-1,11434","44,96708","3,8"
S1215013,ETANG DE LACANAU,29/07/2008,"-1,11411","44,96733","3,5"
S1215013,ETANG DE LACANAU,29/07/2008,"-1,11381","44,96765","3,5"
S1215013,ETANG DE LACANAU,29/07/2008,"-1,11348","44,96795","3,6"
S1215013,ETANG DE LACANAU,29/07/2008,"-1,11314","44,96824","3,5"
S1215013,ETANG DE LACANAU,29/07/2008,"-1,11631","44,9643","5,3"
S1215013,ETANG DE LACANAU,29/07/2008,"-1,09563","44,97796",2
S1215013,ETANG DE LACANAU,29/07/2008,"-1,09711","44,97758","2,1"
S1215013,ETANG DE LACANAU,29/07/2008,"-1,09696","44,97758","2,2"
S1215013,ETANG DE LACANAU,29/07/2008,"-1,09681","44,97759",2
S1215013,ETANG DE LACANAU,29/07/2008,"-1,09666","44,97761","1,9"
S1215013,ETANG DE LACANAU,29/07/2008,"-1,09651","44,97764","1,7"
S1215013,ETANG DE LACANAU,29/07/2008,"-1,09637","44,97769","1,7"
S1215013,ETANG DE LACANAU,29/07/2008,"-1,09624","44,97771","1,5"
S1215013,ETANG DE LACANAU,29/07/2008,"-1,0961","44,97772","1,5"
S1215013,ETANG DE LACANAU,29/07/2008,"-1,09597","44,97776","1,5"
S1215013,ETANG DE LACANAU,29/07/2008,"-1,10502","44,97464","2,7"
S1215013,ETANG DE LACANAU,29/07/2008,"-1,09575","44,97789","1,8"
S1215013,ETANG DE LACANAU,29/07/2008,"-1,09757","44,97757","2,4"
S1215013,ETANG DE LACANAU,29/07/2008,"-1,09552","44,97803","2,1"
S1215013,ETANG DE LACANAU,29/07/2008,"-1,09546","44,9781","2,2"
S1215013,ETANG DE LACANAU,29/07/2008,"-1,09543","44,97818","2,3"
S1215013,ETANG DE LACANAU,29/07/2008,"-1,09538","44,97826","2,4"
S1215013,ETANG DE LACANAU,29/07/2008,"-1,0953","44,9783","2,3"
S1215013,ETANG DE LACANAU,29/07/2008,"-1,09521","44,97833","2,2"
S1215013,ETANG DE LACANAU,29/07/2008,"-1,09509","44,97832",2
S1215013,ETANG DE LACANAU,29/07/2008,"-1,0948","44,97828",2
S1215013,ETANG DE LACANAU,29/07/2008,"-1,09449","44,97822","2,2"
S1215013,ETANG DE LACANAU,29/07/2008,"-1,14421","44,98789","0,8"
S1215013,ETANG DE LACANAU,29/07/2008,"-1,09585","44,97782","1,6"
S1215013,ETANG DE LACANAU,29/07/2008,"-1,09986","44,97715","4,2"
S1215013,ETANG DE LACANAU,29/07/2008,"-1,11681","44,96101","4,9"
S1215013,ETANG DE LACANAU,29/07/2008,"-1,10398","44,97519","1,7"
S1215013,ETANG DE LACANAU,29/07/2008,"-1,1036","44,97536","1,5"
S1215013,ETANG DE LACANAU,29/07/2008,"-1,10323","44,97552","2,2"
S1215013,ETANG DE LACANAU,29/07/2008,"-1,10277","44,97571","2,7"
S1215013,ETANG DE LACANAU,29/07/2008,"-1,10233","44,97592",3
S1215013,ETANG DE LACANAU,29/07/2008,"-1,10203","44,97606","2,8"
S1215013,ETANG DE LACANAU,29/07/2008,"-1,10167","44,97625","2,5"
S1215013,ETANG DE LACANAU,29/07/2008,"-1,10132","44,97644","2,2"
S1215013,ETANG DE LACANAU,29/07/2008,"-1,10096","44,97662",3
S1215013,ETANG DE LACANAU,29/07/2008,"-1,09726","44,97758",3
S1215013,ETANG DE LACANAU,29/07/2008,"-1,10024","44,977","3,8"
S1215013,ETANG DE LACANAU,29/07/2008,"-1,09741","44,97758","2,7"
S1215013,ETANG DE LACANAU,29/07/2008,"-1,09946","44,97729","4,4"
S1215013,ETANG DE LACANAU,29/07/2008,"-1,09907","44,97739","3,4"
S1215013,ETANG DE LACANAU,29/07/2008,"-1,09877","44,97746","2,8"
S1215013,ETANG DE LACANAU,29/07/2008,"-1,09856","44,9775","2,7"
S1215013,ETANG DE LACANAU,29/07/2008,"-1,09839","44,97753","2,5"
S1215013,ETANG DE LACANAU,29/07/2008,"-1,09823","44,97754","2,3"
S1215013,ETANG DE LACANAU,29/07/2008,"-1,09806","44,97754","2,3"
S1215013,ETANG DE LACANAU,29/07/2008,"-1,0979","44,97755","2,2"
S1215013,ETANG DE LACANAU,29/07/2008,"-1,09774","44,97756","2,3"
S1215013,ETANG DE LACANAU,29/07/2008,"-1,1047","44,97484","2,7"
S1215013,ETANG DE LACANAU,29/07/2008,"-1,1006","44,97681","4,2"
S1215013,ETANG DE LACANAU,29/07/2008,"-1,11472","44,95123","0,7"
S1215013,ETANG DE LACANAU,29/07/2008,"-1,11528","44,95065",1
S1215013,ETANG DE LACANAU,29/07/2008,"-1,11522","44,95074","0,7"
S1215013,ETANG DE LACANAU,29/07/2008,"-1,11516","44,95082","0,7"
S1215013,ETANG DE LACANAU,29/07/2008,"-1,1151","44,95091","0,7"
S1215013,ETANG DE LACANAU,29/07/2008,"-1,11504","44,95099","0,6"
S1215013,ETANG DE LACANAU,29/07/2008,"-1,11498","44,95108","0,6"
S1215013,ETANG DE LACANAU,29/07/2008,"-1,11492","44,95116","0,5"
S1215013,ETANG DE LACANAU,29/07/2008,"-1,11485","44,95123","0,6"
S1215013,ETANG DE LACANAU,29/07/2008,"-1,11481","44,95131","0,7"
S1215013,ETANG DE LACANAU,29/07/2008,"-1,11446","44,95222","0,9"
S1215013,ETANG DE LACANAU,29/07/2008,"-1,11465","44,95126","0,9"
S1215013,ETANG DE LACANAU,29/07/2008,"-1,11543","44,95037","1,8"
S1215013,ETANG DE LACANAU,29/07/2008,"-1,1148","44,95127","0,7"
S1215013,ETANG DE LACANAU,29/07/2008,"-1,11483","44,95135","0,6"
S1215013,ETANG DE LACANAU,29/07/2008,"-1,1148","44,95143","0,6"
S1215013,ETANG DE LACANAU,29/07/2008,"-1,11474","44,95151","0,6"
S1215013,ETANG DE LACANAU,29/07/2008,"-1,11469","44,95159","0,5"
S1215013,ETANG DE LACANAU,29/07/2008,"-1,11467","44,9517","0,6"
S1215013,ETANG DE LACANAU,29/07/2008,"-1,11463","44,9518","0,5"
S1215013,ETANG DE LACANAU,29/07/2008,"-1,1146","44,95188","0,5"
S1215013,ETANG DE LACANAU,29/07/2008,"-1,11454","44,952","0,7"
S1215013,ETANG DE LACANAU,29/07/2008,"-1,11675","44,9616","4,1"
S1215013,ETANG DE LACANAU,29/07/2008,"-1,11472","44,95133","0,8"
S1215013,ETANG DE LACANAU,29/07/2008,"-1,11547","44,94945","0,6"
S1215013,ETANG DE LACANAU,29/07/2008,"-1,11661","44,94875","0,9"
S1215013,ETANG DE LACANAU,29/07/2008,"-1,11646","44,94877","0,7"
S1215013,ETANG DE LACANAU,29/07/2008,"-1,11632","44,9488","0,7"
S1215013,ETANG DE LACANAU,29/07/2008,"-1,11622","44,94886","0,7"
S1215013,ETANG DE LACANAU,29/07/2008,"-1,11611","44,9489","0,7"
S1215013,ETANG DE LACANAU,29/07/2008,"-1,116","44,94895","0,7"
S1215013,ETANG DE LACANAU,29/07/2008,"-1,11589","44,949","0,7"
S1215013,ETANG DE LACANAU,29/07/2008,"-1,11577","44,94904","0,7"
S1215013,ETANG DE LACANAU,29/07/2008,"-1,11567","44,9491","0,7"
S1215013,ETANG DE LACANAU,29/07/2008,"-1,11559","44,94918","0,7"
S1215013,ETANG DE LACANAU,29/07/2008,"-1,11535","44,95056","1,4"
S1215013,ETANG DE LACANAU,29/07/2008,"-1,11549","44,94936","0,6"
S1215013,ETANG DE LACANAU,29/07/2008,"-1,1154","44,95047","1,7"
S1215013,ETANG DE LACANAU,29/07/2008,"-1,11545","44,94954","0,6"
S1215013,ETANG DE LACANAU,29/07/2008,"-1,11544","44,94964","0,5"
S1215013,ETANG DE LACANAU,29/07/2008,"-1,11543","44,94972","0,5"
S1215013,ETANG DE LACANAU,29/07/2008,"-1,11542","44,94981","0,5"
S1215013,ETANG DE LACANAU,29/07/2008,"-1,11544","44,9499","0,5"
S1215013,ETANG DE LACANAU,29/07/2008,"-1,11543","44,94999","0,6"
S1215013,ETANG DE LACANAU,29/07/2008,"-1,11543","44,95008","0,6"
S1215013,ETANG DE LACANAU,29/07/2008,"-1,11544","44,95017","0,6"
S1215013,ETANG DE LACANAU,29/07/2008,"-1,11545","44,95027","0,8"
S1215013,ETANG DE LACANAU,29/07/2008,"-1,1144","44,95233","1,1"
S1215013,ETANG DE LACANAU,29/07/2008,"-1,11553","44,94926","0,7"
S1215013,ETANG DE LACANAU,29/07/2008,"-1,11639","44,95762","2,1"
S1215013,ETANG DE LACANAU,29/07/2008,"-1,11525","44,95491","1,7"
S1215013,ETANG DE LACANAU,29/07/2008,"-1,11533","44,95502","1,3"
S1215013,ETANG DE LACANAU,29/07/2008,"-1,1154","44,95511",1
S1215013,ETANG DE LACANAU,29/07/2008,"-1,11549","44,95527","0,9"
S1215013,ETANG DE LACANAU,29/07/2008,"-1,11562","44,95551",1
S1215013,ETANG DE LACANAU,29/07/2008,"-1,11575","44,95578","1,5"
S1215013,ETANG DE LACANAU,29/07/2008,"-1,11586","44,95605","2,4"
S1215013,ETANG DE LACANAU,29/07/2008,"-1,11595","44,95633","1,9"
S1215013,ETANG DE LACANAU,29/07/2008,"-1,11605","44,95661","1,6"
S1215013,ETANG DE LACANAU,29/07/2008,"-1,1145","44,95211","0,8"
S1215013,ETANG DE LACANAU,29/07/2008,"-1,11628","44,95728","1,6"
S1215013,ETANG DE LACANAU,29/07/2008,"-1,11508","44,9546","1,8"
S1215013,ETANG DE LACANAU,29/07/2008,"-1,11649","44,95797","3,6"
S1215013,ETANG DE LACANAU,29/07/2008,"-1,11659","44,95839","3,8"
S1215013,ETANG DE LACANAU,29/07/2008,"-1,11662","44,95867","3,8"
S1215013,ETANG DE LACANAU,29/07/2008,"-1,11665","44,95902","3,4"
S1215013,ETANG DE LACANAU,29/07/2008,"-1,11668","44,95937","2,6"
S1215013,ETANG DE LACANAU,29/07/2008,"-1,1167","44,95971","2,5"
S1215013,ETANG DE LACANAU,29/07/2008,"-1,11672","44,96006","4,1"
S1215013,ETANG DE LACANAU,29/07/2008,"-1,11676","44,9604","5,7"
S1215013,ETANG DE LACANAU,29/07/2008,"-1,11679","44,96071","5,3"
S1215013,ETANG DE LACANAU,29/07/2008,"-1,11588","44,94267","21,9"
S1215013,ETANG DE LACANAU,29/07/2008,"-1,11616","44,95694","1,5"
S1215013,ETANG DE LACANAU,29/07/2008,"-1,11464","44,95353","2,4"
S1215013,ETANG DE LACANAU,29/07/2008,"-1,11434","44,95245","1,4"
S1215013,ETANG DE LACANAU,29/07/2008,"-1,11428","44,95256",2
S1215013,ETANG DE LACANAU,29/07/2008,"-1,11426","44,95266","2,3"
S1215013,ETANG DE LACANAU,29/07/2008,"-1,11427","44,95275","2,6"
S1215013,ETANG DE LACANAU,29/07/2008,"-1,11432","44,95283","2,6"
S1215013,ETANG DE LACANAU,29/07/2008,"-1,11436","44,95288","2,6"
S1215013,ETANG DE LACANAU,29/07/2008,"-1,1144","44,95294","2,2"
S1215013,ETANG DE LACANAU,29/07/2008,"-1,11444","44,95301","1,9"
S1215013,ETANG DE LACANAU,29/07/2008,"-1,11447","44,95309",2
S1215013,ETANG DE LACANAU,29/07/2008,"-1,11451","44,9532","2,2"
S1215013,ETANG DE LACANAU,29/07/2008,"-1,11518","44,95481","2,1"
S1215013,ETANG DE LACANAU,29/07/2008,"-1,1146","44,95342","2,4"
S1215013,ETANG DE LACANAU,29/07/2008,"-1,11514","44,95471","2,1"
S1215013,ETANG DE LACANAU,29/07/2008,"-1,11468","44,95363","2,5"
S1215013,ETANG DE LACANAU,29/07/2008,"-1,11472","44,95375","2,4"
S1215013,ETANG DE LACANAU,29/07/2008,"-1,11477","44,95386","2,4"
S1215013,ETANG DE LACANAU,29/07/2008,"-1,1148","44,95397","1,4"
S1215013,ETANG DE LACANAU,29/07/2008,"-1,11484","44,95408",1
S1215013,ETANG DE LACANAU,29/07/2008,"-1,11488","44,95418","0,8"
S1215013,ETANG DE LACANAU,29/07/2008,"-1,11493","44,95428","0,7"
S1215013,ETANG DE LACANAU,29/07/2008,"-1,11498","44,95438","1,2"
S1215013,ETANG DE LACANAU,29/07/2008,"-1,11503","44,95449","1,5"
S1215013,ETANG DE LACANAU,29/07/2008,"-1,1168","44,9613",5
S1215013,ETANG DE LACANAU,29/07/2008,"-1,11455","44,95331","2,3"
S1215013,ETANG DE LACANAU,29/07/2008,"-1,13359","44,94057","1,4"
S1215013,ETANG DE LACANAU,29/07/2008,"-1,13439","44,94038","0,6"
S1215013,ETANG DE LACANAU,29/07/2008,"-1,13356","44,94054","1,9"
S1215013,ETANG DE LACANAU,29/07/2008,"-1,13356","44,94054","1,9"
S1215013,ETANG DE LACANAU,29/07/2008,"-1,13356","44,94054","1,9"
S1215013,ETANG DE LACANAU,29/07/2008,"-1,13356","44,94054","1,9"
S1215013,ETANG DE LACANAU,29/07/2008,"-1,13357","44,94054","1,9"
S1215013,ETANG DE LACANAU,29/07/2008,"-1,13357","44,94053","1,8"
S1215013,ETANG DE LACANAU,29/07/2008,"-1,13357","44,94053","1,7"
S1215013,ETANG DE LACANAU,29/07/2008,"-1,13357","44,94055","1,6"
S1215013,ETANG DE LACANAU,29/07/2008,"-1,13356","44,94053","1,9"
S1215013,ETANG DE LACANAU,29/07/2008,"-1,13359","44,94057","1,5"
S1215013,ETANG DE LACANAU,29/07/2008,"-1,13355","44,9405",2
S1215013,ETANG DE LACANAU,29/07/2008,"-1,1336","44,94056","1,4"
S1215013,ETANG DE LACANAU,29/07/2008,"-1,1336","44,94056","1,4"
S1215013,ETANG DE LACANAU,29/07/2008,"-1,13361","44,94056","1,4"
S1215013,ETANG DE LACANAU,29/07/2008,"-1,13362","44,94056","1,4"
S1215013,ETANG DE LACANAU,29/07/2008,"-1,13363","44,94056","1,4"
S1215013,ETANG DE LACANAU,29/07/2008,"-1,13365","44,94057","1,5"
S1215013,ETANG DE LACANAU,29/07/2008,"-1,13368","44,94058","1,7"
S1215013,ETANG DE LACANAU,29/07/2008,"-1,13371","44,94059","1,7"
S1215013,ETANG DE LACANAU,29/07/2008,"-1,13374","44,94058","1,7"
S1215013,ETANG DE LACANAU,29/07/2008,"-1,13376","44,94058","1,7"
S1215013,ETANG DE LACANAU,29/07/2008,"-1,13359","44,94057","1,5"
S1215013,ETANG DE LACANAU,29/07/2008,"-1,13361","44,94046","2,1"
S1215013,ETANG DE LACANAU,29/07/2008,"-1,13362","44,94043","2,1"
S1215013,ETANG DE LACANAU,29/07/2008,"-1,13363","44,94043","2,1"
S1215013,ETANG DE LACANAU,29/07/2008,"-1,13366","44,94042",2
S1215013,ETANG DE LACANAU,29/07/2008,"-1,13367","44,94042",2
S1215013,ETANG DE LACANAU,29/07/2008,"-1,13367","44,94042","1,9"
S1215013,ETANG DE LACANAU,29/07/2008,"-1,13367","44,94042",2
S1215013,ETANG DE LACANAU,29/07/2008,"-1,13366","44,94043","1,4"
S1215013,ETANG DE LACANAU,29/07/2008,"-1,13363","44,94045","1,2"
S1215013,ETANG DE LACANAU,29/07/2008,"-1,11588","44,94268","21,9"
S1215013,ETANG DE LACANAU,29/07/2008,"-1,13356","44,94053",2
S1215013,ETANG DE LACANAU,29/07/2008,"-1,12221","44,94016","0,8"
S1215013,ETANG DE LACANAU,29/07/2008,"-1,13386","44,94058","1,6"
S1215013,ETANG DE LACANAU,29/07/2008,"-1,13361","44,94047","1,9"
S1215013,ETANG DE LACANAU,29/07/2008,"-1,1336","44,94047","0,8"
S1215013,ETANG DE LACANAU,29/07/2008,"-1,1336","44,94047",2
S1215013,ETANG DE LACANAU,29/07/2008,"-1,13359","44,94048",2
S1215013,ETANG DE LACANAU,29/07/2008,"-1,13358","44,94048",2
S1215013,ETANG DE LACANAU,29/07/2008,"-1,13358","44,94049","1,9"
S1215013,ETANG DE LACANAU,29/07/2008,"-1,13357","44,94049",2
S1215013,ETANG DE LACANAU,29/07/2008,"-1,13356","44,94049","1,9"
S1215013,ETANG DE LACANAU,29/07/2008,"-1,13356","44,9405",2
S1215013,ETANG DE LACANAU,29/07/2008,"-1,13355","44,9405","1,4"
S1215013,ETANG DE LACANAU,29/07/2008,"-1,13361","44,94046","1,6"
S1215013,ETANG DE LACANAU,29/07/2008,"-1,13446","44,94041","0,4"
S1215013,ETANG DE LACANAU,29/07/2008,"-1,13432","44,94052","0,7"
S1215013,ETANG DE LACANAU,29/07/2008,"-1,13435","44,94052","0,6"
S1215013,ETANG DE LACANAU,29/07/2008,"-1,13439","44,94051","0,6"
S1215013,ETANG DE LACANAU,29/07/2008,"-1,13441","44,94048","0,6"
S1215013,ETANG DE LACANAU,29/07/2008,"-1,13444","44,94047","0,6"
S1215013,ETANG DE LACANAU,29/07/2008,"-1,13446","44,94043","0,6"
S1215013,ETANG DE LACANAU,29/07/2008,"-1,13448","44,94042","0,5"
S1215013,ETANG DE LACANAU,29/07/2008,"-1,13449","44,94041","0,5"
S1215013,ETANG DE LACANAU,29/07/2008,"-1,1345","44,94043","0,5"
S1215013,ETANG DE LACANAU,29/07/2008,"-1,13379","44,94058","1,7"
S1215013,ETANG DE LACANAU,29/07/2008,"-1,13446","44,94042","0,5"
S1215013,ETANG DE LACANAU,29/07/2008,"-1,13425","44,94053","0,6"
S1215013,ETANG DE LACANAU,29/07/2008,"-1,13445","44,9404","0,5"
S1215013,ETANG DE LACANAU,29/07/2008,"-1,13445","44,9404","0,6"
S1215013,ETANG DE LACANAU,29/07/2008,"-1,13445","44,9404","0,6"
S1215013,ETANG DE LACANAU,29/07/2008,"-1,13444","44,94039","0,5"
S1215013,ETANG DE LACANAU,29/07/2008,"-1,13443","44,94038","0,5"
S1215013,ETANG DE LACANAU,29/07/2008,"-1,13442","44,94038","0,6"
S1215013,ETANG DE LACANAU,29/07/2008,"-1,13441","44,94038","0,6"
S1215013,ETANG DE LACANAU,29/07/2008,"-1,1344","44,94038","0,6"
S1215013,ETANG DE LACANAU,29/07/2008,"-1,1344","44,94038","0,6"
S1215013,ETANG DE LACANAU,29/07/2008,"-1,13439","44,94038","0,6"
S1215013,ETANG DE LACANAU,29/07/2008,"-1,13447","44,94043","0,6"
S1215013,ETANG DE LACANAU,29/07/2008,"-1,13408","44,94054","0,6"
S1215013,ETANG DE LACANAU,29/07/2008,"-1,13356","44,94045","2,1"
S1215013,ETANG DE LACANAU,29/07/2008,"-1,13389","44,94058","1,6"
S1215013,ETANG DE LACANAU,29/07/2008,"-1,13392","44,94058","1,6"
S1215013,ETANG DE LACANAU,29/07/2008,"-1,13395","44,94058","0,6"
S1215013,ETANG DE LACANAU,29/07/2008,"-1,13398","44,94057","0,6"
S1215013,ETANG DE LACANAU,29/07/2008,"-1,13401","44,94057","0,8"
S1215013,ETANG DE LACANAU,29/07/2008,"-1,13402","44,94057","0,6"
S1215013,ETANG DE LACANAU,29/07/2008,"-1,13403","44,94057","0,6"
S1215013,ETANG DE LACANAU,29/07/2008,"-1,13403","44,94057","1,5"
S1215013,ETANG DE LACANAU,29/07/2008,"-1,13403","44,94056","0,7"
S1215013,ETANG DE LACANAU,29/07/2008,"-1,1343","44,94053","0,5"
S1215013,ETANG DE LACANAU,29/07/2008,"-1,13406","44,94055","0,8"
S1215013,ETANG DE LACANAU,29/07/2008,"-1,13427","44,94053","0,5"
S1215013,ETANG DE LACANAU,29/07/2008,"-1,13409","44,94053","1,5"
S1215013,ETANG DE LACANAU,29/07/2008,"-1,1341","44,94052","0,7"
S1215013,ETANG DE LACANAU,29/07/2008,"-1,13412","44,94053","0,7"
S1215013,ETANG DE LACANAU,29/07/2008,"-1,13413","44,94053","0,7"
S1215013,ETANG DE LACANAU,29/07/2008,"-1,13415","44,94053","1,5"
S1215013,ETANG DE LACANAU,29/07/2008,"-1,13418","44,94053","0,7"
S1215013,ETANG DE LACANAU,29/07/2008,"-1,13419","44,94053","0,7"
S1215013,ETANG DE LACANAU,29/07/2008,"-1,13422","44,94053","0,6"
S1215013,ETANG DE LACANAU,29/07/2008,"-1,13424","44,94053","0,7"
S1215013,ETANG DE LACANAU,29/07/2008,"-1,13382","44,94058","1,7"
S1215013,ETANG DE LACANAU,29/07/2008,"-1,13405","44,94055","1,5"
S1215013,ETANG DE LACANAU,29/07/2008,"-1,13391","44,94049","1,6"
S1215013,ETANG DE LACANAU,29/07/2008,"-1,13395","44,94051","0,8"
S1215013,ETANG DE LACANAU,29/07/2008,"-1,13396","44,9405","0,7"
S1215013,ETANG DE LACANAU,29/07/2008,"-1,13396","44,9405","0,7"
S1215013,ETANG DE LACANAU,29/07/2008,"-1,13396","44,9405","0,7"
S1215013,ETANG DE LACANAU,29/07/2008,"-1,13395","44,9405","0,8"
S1215013,ETANG DE LACANAU,29/07/2008,"-1,13395","44,9405","0,7"
S1215013,ETANG DE LACANAU,29/07/2008,"-1,13395","44,9405","1,5"
S1215013,ETANG DE LACANAU,29/07/2008,"-1,13394","44,9405","1,7"
S1215013,ETANG DE LACANAU,29/07/2008,"-1,13394","44,9405","0,6"
S1215013,ETANG DE LACANAU,29/07/2008,"-1,13381","44,94055","1,6"
S1215013,ETANG DE LACANAU,29/07/2008,"-1,13391","44,94049","0,8"
S1215013,ETANG DE LACANAU,29/07/2008,"-1,13397","44,9405","0,7"
S1215013,ETANG DE LACANAU,29/07/2008,"-1,1339","44,94049","1,6"
S1215013,ETANG DE LACANAU,29/07/2008,"-1,1339","44,94049","1,7"
S1215013,ETANG DE LACANAU,29/07/2008,"-1,13389","44,94049","1,6"
S1215013,ETANG DE LACANAU,29/07/2008,"-1,13389","44,94049","0,5"
S1215013,ETANG DE LACANAU,29/07/2008,"-1,13383","44,94053","1,6"
S1215013,ETANG DE LACANAU,29/07/2008,"-1,13383","44,94054","1,6"
S1215013,ETANG DE LACANAU,29/07/2008,"-1,13383","44,94054","1,6"
S1215013,ETANG DE LACANAU,29/07/2008,"-1,13382","44,94054","1,7"
S1215013,ETANG DE LACANAU,29/07/2008,"-1,13382","44,94054","1,7"
S1215013,ETANG DE LACANAU,29/07/2008,"-1,13359","44,94045",2
S1215013,ETANG DE LACANAU,29/07/2008,"-1,13393","44,94049","0,8"
S1215013,ETANG DE LACANAU,29/07/2008,"-1,1339","44,94046","1,1"
S1215013,ETANG DE LACANAU,29/07/2008,"-1,13371","44,94048","0,8"
S1215013,ETANG DE LACANAU,29/07/2008,"-1,13372","44,94047","1,8"
S1215013,ETANG DE LACANAU,29/07/2008,"-1,13372","44,94047","1,8"
S1215013,ETANG DE LACANAU,29/07/2008,"-1,13374","44,94047","1,6"
S1215013,ETANG DE LACANAU,29/07/2008,"-1,13374","44,94047","1,8"
S1215013,ETANG DE LACANAU,29/07/2008,"-1,13376","44,94048","1,7"
S1215013,ETANG DE LACANAU,29/07/2008,"-1,13377","44,94047","1,8"
S1215013,ETANG DE LACANAU,29/07/2008,"-1,13379","44,94047","0,5"
S1215013,ETANG DE LACANAU,29/07/2008,"-1,1338","44,94047","1,7"
S1215013,ETANG DE LACANAU,29/07/2008,"-1,13382","44,94047","1,7"
S1215013,ETANG DE LACANAU,29/07/2008,"-1,13397","44,9405","1,5"
S1215013,ETANG DE LACANAU,29/07/2008,"-1,13387","44,94046","1,6"
S1215013,ETANG DE LACANAU,29/07/2008,"-1,13397","44,9405","0,7"
S1215013,ETANG DE LACANAU,29/07/2008,"-1,13392","44,94047","1,5"
S1215013,ETANG DE LACANAU,29/07/2008,"-1,13395","44,94048","0,6"
S1215013,ETANG DE LACANAU,29/07/2008,"-1,13397","44,94049","0,7"
S1215013,ETANG DE LACANAU,29/07/2008,"-1,13399","44,9405","0,7"
S1215013,ETANG DE LACANAU,29/07/2008,"-1,13399","44,9405","0,6"
S1215013,ETANG DE LACANAU,29/07/2008,"-1,13399","44,9405","0,8"
S1215013,ETANG DE LACANAU,29/07/2008,"-1,134","44,9405","0,7"
S1215013,ETANG DE LACANAU,29/07/2008,"-1,13399","44,9405","0,7"
S1215013,ETANG DE LACANAU,29/07/2008,"-1,13398","44,9405","0,5"
S1215013,ETANG DE LACANAU,29/07/2008,"-1,13381","44,94055","0,6"
S1215013,ETANG DE LACANAU,29/07/2008,"-1,13384","44,94046","0,7"
S1215013,ETANG DE LACANAU,29/07/2008,"-1,13358","44,94051","1,7"
S1215013,ETANG DE LACANAU,29/07/2008,"-1,13364","44,94052","0,4"
S1215013,ETANG DE LACANAU,29/07/2008,"-1,13364","44,94052","1,8"
S1215013,ETANG DE LACANAU,29/07/2008,"-1,13364","44,94052","1,6"
S1215013,ETANG DE LACANAU,29/07/2008,"-1,13361","44,94051","1,8"
S1215013,ETANG DE LACANAU,29/07/2008,"-1,13361","44,94051","1,8"
S1215013,ETANG DE LACANAU,29/07/2008,"-1,1336","44,94051","1,9"
S1215013,ETANG DE LACANAU,29/07/2008,"-1,1336","44,94051","1,8"
S1215013,ETANG DE LACANAU,29/07/2008,"-1,1336","44,94051","1,7"
S1215013,ETANG DE LACANAU,29/07/2008,"-1,13359","44,94051","1,7"
S1215013,ETANG DE LACANAU,29/07/2008,"-1,13382","44,94054","1,6"
S1215013,ETANG DE LACANAU,29/07/2008,"-1,13358","44,94051","1,7"
S1215013,ETANG DE LACANAU,29/07/2008,"-1,13365","44,94052","1,7"
S1215013,ETANG DE LACANAU,29/07/2008,"-1,13357","44,94051","1,7"
S1215013,ETANG DE LACANAU,29/07/2008,"-1,13356","44,94051","1,7"
S1215013,ETANG DE LACANAU,29/07/2008,"-1,13356","44,94051","1,8"
S1215013,ETANG DE LACANAU,29/07/2008,"-1,13356","44,9405","1,8"
S1215013,ETANG DE LACANAU,29/07/2008,"-1,13355","44,9405","1,8"
S1215013,ETANG DE LACANAU,29/07/2008,"-1,13355","44,9405","1,8"
S1215013,ETANG DE LACANAU,29/07/2008,"-1,13355","44,94049","1,9"
S1215013,ETANG DE LACANAU,29/07/2008,"-1,13355","44,94048",2
S1215013,ETANG DE LACANAU,29/07/2008,"-1,13356","44,94046",2
S1215013,ETANG DE LACANAU,29/07/2008,"-1,13361","44,94046",2
S1215013,ETANG DE LACANAU,29/07/2008,"-1,13359","44,94051","1,7"
S1215013,ETANG DE LACANAU,29/07/2008,"-1,13372","44,94053","0,8"
S1215013,ETANG DE LACANAU,29/07/2008,"-1,13381","44,94055","0,7"
S1215013,ETANG DE LACANAU,29/07/2008,"-1,1338","44,94055","1,7"
S1215013,ETANG DE LACANAU,29/07/2008,"-1,1338","44,94055","1,7"
S1215013,ETANG DE LACANAU,29/07/2008,"-1,13379","44,94055","1,7"
S1215013,ETANG DE LACANAU,29/07/2008,"-1,13379","44,94055","1,6"
S1215013,ETANG DE LACANAU,29/07/2008,"-1,13378","44,94054","0,7"
S1215013,ETANG DE LACANAU,29/07/2008,"-1,13378","44,94054","1,7"
S1215013,ETANG DE LACANAU,29/07/2008,"-1,13377","44,94053","1,7"
S1215013,ETANG DE LACANAU,29/07/2008,"-1,13377","44,94052","1,6"
S1215013,ETANG DE LACANAU,29/07/2008,"-1,13373","44,94053","1,7"
S1215013,ETANG DE LACANAU,29/07/2008,"-1,13365","44,94052","1,8"
S1215013,ETANG DE LACANAU,29/07/2008,"-1,13372","44,94053","1,7"
S1215013,ETANG DE LACANAU,29/07/2008,"-1,13365","44,94052","1,8"
S1215013,ETANG DE LACANAU,29/07/2008,"-1,13372","44,94053","1,7"
S1215013,ETANG DE LACANAU,29/07/2008,"-1,13373","44,94053","1,7"
S1215013,ETANG DE LACANAU,29/07/2008,"-1,13372","44,94052","1,7"
S1215013,ETANG DE LACANAU,29/07/2008,"-1,13372","44,94052","1,7"
S1215013,ETANG DE LACANAU,29/07/2008,"-1,13372","44,94051","1,7"
S1215013,ETANG DE LACANAU,29/07/2008,"-1,1337","44,94052","1,7"
S1215013,ETANG DE LACANAU,29/07/2008,"-1,13369","44,94052","1,9"
S1215013,ETANG DE LACANAU,29/07/2008,"-1,13369","44,94052","1,7"
S1215013,ETANG DE LACANAU,29/07/2008,"-1,13366","44,94052","0,8"
S1215013,ETANG DE LACANAU,29/07/2008,"-1,13357","44,94045","2,1"
S1215013,ETANG DE LACANAU,29/07/2008,"-1,13372","44,94053","1,7"
S1215013,ETANG DE LACANAU,29/07/2008,"-1,12514","44,93768","1,1"
S1215013,ETANG DE LACANAU,29/07/2008,"-1,13348","44,94035","2,1"
S1215013,ETANG DE LACANAU,29/07/2008,"-1,1277","44,93864","1,6"
S1215013,ETANG DE LACANAU,29/07/2008,"-1,12727","44,9385","1,5"
S1215013,ETANG DE LACANAU,29/07/2008,"-1,12685","44,93837","1,5"
S1215013,ETANG DE LACANAU,29/07/2008,"-1,12643","44,93822","1,5"
S1215013,ETANG DE LACANAU,29/07/2008,"-1,12604","44,93808","1,3"
S1215013,ETANG DE LACANAU,29/07/2008,"-1,12577","44,93797","1,2"
S1215013,ETANG DE LACANAU,29/07/2008,"-1,12561","44,9379","1,1"
S1215013,ETANG DE LACANAU,29/07/2008,"-1,12547","44,93783","1,1"
S1215013,ETANG DE LACANAU,29/07/2008,"-1,12851","44,93887","1,8"
S1215013,ETANG DE LACANAU,29/07/2008,"-1,12525","44,93773","1,1"
S1215013,ETANG DE LACANAU,29/07/2008,"-1,12882","44,93896","1,9"
S1215013,ETANG DE LACANAU,29/07/2008,"-1,12503","44,93762","1,1"
S1215013,ETANG DE LACANAU,29/07/2008,"-1,12493","44,93756",1
S1215013,ETANG DE LACANAU,29/07/2008,"-1,12482","44,9375",1
S1215013,ETANG DE LACANAU,29/07/2008,"-1,12472","44,93744","0,8"
S1215013,ETANG DE LACANAU,29/07/2008,"-1,12462","44,93739","0,8"
S1215013,ETANG DE LACANAU,29/07/2008,"-1,12452","44,93735","0,9"
S1215013,ETANG DE LACANAU,29/07/2008,"-1,12441","44,93732","0,9"
S1215013,ETANG DE LACANAU,29/07/2008,"-1,1243","44,93729",1
S1215013,ETANG DE LACANAU,29/07/2008,"-1,12422","44,93727",1
S1215013,ETANG DE LACANAU,29/07/2008,"-1,12414","44,93727",1
S1215013,ETANG DE LACANAU,29/07/2008,"-1,12536","44,93779","1,1"
S1215013,ETANG DE LACANAU,29/07/2008,"-1,13284","44,94006","2,2"
S1215013,ETANG DE LACANAU,29/07/2008,"-1,13348","44,94035","2,1"
S1215013,ETANG DE LACANAU,29/07/2008,"-1,13345","44,94034","2,2"
S1215013,ETANG DE LACANAU,29/07/2008,"-1,1334","44,94032","2,2"
S1215013,ETANG DE LACANAU,29/07/2008,"-1,13334","44,9403","2,2"
S1215013,ETANG DE LACANAU,29/07/2008,"-1,13329","44,94028","2,2"
S1215013,ETANG DE LACANAU,29/07/2008,"-1,13325","44,94026","2,2"
S1215013,ETANG DE LACANAU,29/07/2008,"-1,13324","44,94021","2,3"
S1215013,ETANG DE LACANAU,29/07/2008,"-1,13322","44,94018","2,2"
S1215013,ETANG DE LACANAU,29/07/2008,"-1,13317","44,94014","2,2"
S1215013,ETANG DE LACANAU,29/07/2008,"-1,12813","44,93876","1,7"
S1215013,ETANG DE LACANAU,29/07/2008,"-1,13295","44,94008","2,2"
S1215013,ETANG DE LACANAU,29/07/2008,"-1,12403","44,93739",1
S1215013,ETANG DE LACANAU,29/07/2008,"-1,13269","44,94003","2,1"
S1215013,ETANG DE LACANAU,29/07/2008,"-1,13248","44,93997","2,2"
S1215013,ETANG DE LACANAU,29/07/2008,"-1,13213","44,93988","2,3"
S1215013,ETANG DE LACANAU,29/07/2008,"-1,13175","44,93979","2,3"
S1215013,ETANG DE LACANAU,29/07/2008,"-1,13137","44,93968","2,4"
S1215013,ETANG DE LACANAU,29/07/2008,"-1,13097","44,93957","2,2"
S1215013,ETANG DE LACANAU,29/07/2008,"-1,13052","44,93944","2,1"
S1215013,ETANG DE LACANAU,29/07/2008,"-1,13008","44,93932","2,1"
S1215013,ETANG DE LACANAU,29/07/2008,"-1,12964","44,93919","2,1"
S1215013,ETANG DE LACANAU,29/07/2008,"-1,1292","44,93907",2
S1215013,ETANG DE LACANAU,29/07/2008,"-1,13308","44,94011","2,2"
S1215013,ETANG DE LACANAU,29/07/2008,"-1,12304","44,93916",1
S1215013,ETANG DE LACANAU,29/07/2008,"-1,12364","44,9387","0,9"
S1215013,ETANG DE LACANAU,29/07/2008,"-1,12359","44,93873","0,8"
S1215013,ETANG DE LACANAU,29/07/2008,"-1,12353","44,93875","0,9"
S1215013,ETANG DE LACANAU,29/07/2008,"-1,12347","44,93878","0,9"
S1215013,ETANG DE LACANAU,29/07/2008,"-1,12341","44,93882","0,8"
S1215013,ETANG DE LACANAU,29/07/2008,"-1,12335","44,93887","0,8"
S1215013,ETANG DE LACANAU,29/07/2008,"-1,12329","44,93891","0,9"
S1215013,ETANG DE LACANAU,29/07/2008,"-1,12323","44,93895","0,9"
S1215013,ETANG DE LACANAU,29/07/2008,"-1,12318","44,939","0,9"
S1215013,ETANG DE LACANAU,29/07/2008,"-1,12407","44,93726",1
S1215013,ETANG DE LACANAU,29/07/2008,"-1,13438","44,94038","0,7"
S1215013,ETANG DE LACANAU,29/07/2008,"-1,12378","44,93861",1
S1215013,ETANG DE LACANAU,29/07/2008,"-1,13362","44,94046",2
S1215013,ETANG DE LACANAU,29/07/2008,"-1,12292","44,93932",1
S1215013,ETANG DE LACANAU,29/07/2008,"-1,12285","44,93942",1
S1215013,ETANG DE LACANAU,29/07/2008,"-1,12278","44,93951","0,9"
S1215013,ETANG DE LACANAU,29/07/2008,"-1,12271","44,9396","0,9"
S1215013,ETANG DE LACANAU,29/07/2008,"-1,12264","44,9397","0,9"
S1215013,ETANG DE LACANAU,29/07/2008,"-1,12257","44,9398","0,9"
S1215013,ETANG DE LACANAU,29/07/2008,"-1,12248","44,93989","0,9"
S1215013,ETANG DE LACANAU,29/07/2008,"-1,12238","44,93998","0,8"
S1215013,ETANG DE LACANAU,29/07/2008,"-1,12229","44,94007","0,8"
S1215013,ETANG DE LACANAU,29/07/2008,"-1,12313","44,93905","0,9"
S1215013,ETANG DE LACANAU,29/07/2008,"-1,12407","44,93804","0,9"
S1215013,ETANG DE LACANAU,29/07/2008,"-1,12308","44,9391","0,8"
S1215013,ETANG DE LACANAU,29/07/2008,"-1,12405","44,93743",1
S1215013,ETANG DE LACANAU,29/07/2008,"-1,12407","44,93747",1
S1215013,ETANG DE LACANAU,29/07/2008,"-1,12408","44,93752",1
S1215013,ETANG DE LACANAU,29/07/2008,"-1,12409","44,93757",1
S1215013,ETANG DE LACANAU,29/07/2008,"-1,12411","44,93763",1
S1215013,ETANG DE LACANAU,29/07/2008,"-1,12412","44,93767",1
S1215013,ETANG DE LACANAU,29/07/2008,"-1,12412","44,93772",1
S1215013,ETANG DE LACANAU,29/07/2008,"-1,12412","44,93778",1
S1215013,ETANG DE LACANAU,29/07/2008,"-1,12411","44,93783","1,1"
S1215013,ETANG DE LACANAU,29/07/2008,"-1,12368","44,93867",1
S1215013,ETANG DE LACANAU,29/07/2008,"-1,12408","44,93797",1
S1215013,ETANG DE LACANAU,29/07/2008,"-1,12373","44,93864",1
S1215013,ETANG DE LACANAU,29/07/2008,"-1,12405","44,93811","0,8"
S1215013,ETANG DE LACANAU,29/07/2008,"-1,12403","44,93818","0,8"
S1215013,ETANG DE LACANAU,29/07/2008,"-1,12402","44,93825","0,9"
S1215013,ETANG DE LACANAU,29/07/2008,"-1,12401","44,93832",1
S1215013,ETANG DE LACANAU,29/07/2008,"-1,12398","44,93838",1
S1215013,ETANG DE LACANAU,29/07/2008,"-1,12395","44,93845","1,1"
S1215013,ETANG DE LACANAU,29/07/2008,"-1,12391","44,93849",1
S1215013,ETANG DE LACANAU,29/07/2008,"-1,12387","44,93854",1
S1215013,ETANG DE LACANAU,29/07/2008,"-1,12383","44,93857",1
S1215013,ETANG DE LACANAU,29/07/2008,"-1,124","44,93732","0,9"
S1215013,ETANG DE LACANAU,29/07/2008,"-1,1241","44,9379","1,1"
S1215013,ETANG DE LACANAU,29/07/2008,"-1,13403","44,9404","0,7"
S1215013,ETANG DE LACANAU,29/07/2008,"-1,13416","44,94037","0,6"
S1215013,ETANG DE LACANAU,29/07/2008,"-1,13415","44,94037","0,6"
S1215013,ETANG DE LACANAU,29/07/2008,"-1,13413","44,94037","0,7"
S1215013,ETANG DE LACANAU,29/07/2008,"-1,13412","44,94037","0,7"
S1215013,ETANG DE LACANAU,29/07/2008,"-1,1341","44,94039","0,8"
S1215013,ETANG DE LACANAU,29/07/2008,"-1,13409","44,9404","0,7"
S1215013,ETANG DE LACANAU,29/07/2008,"-1,13407","44,9404","1,6"
S1215013,ETANG DE LACANAU,29/07/2008,"-1,13407","44,9404","1,4"
S1215013,ETANG DE LACANAU,29/07/2008,"-1,13407","44,9404","0,8"
S1215013,ETANG DE LACANAU,29/07/2008,"-1,13388","44,94042","0,7"
S1215013,ETANG DE LACANAU,29/07/2008,"-1,13404","44,9404","0,7"
S1215013,ETANG DE LACANAU,29/07/2008,"-1,13419","44,94036","1,5"
S1215013,ETANG DE LACANAU,29/07/2008,"-1,13403","44,9404","0,7"
S1215013,ETANG DE LACANAU,29/07/2008,"-1,13401","44,9404","0,7"
S1215013,ETANG DE LACANAU,29/07/2008,"-1,13401","44,94041","0,8"
S1215013,ETANG DE LACANAU,29/07/2008,"-1,13399","44,94041","0,7"
S1215013,ETANG DE LACANAU,29/07/2008,"-1,13397","44,94041","1,3"
S1215013,ETANG DE LACANAU,29/07/2008,"-1,13396","44,94041","0,8"
S1215013,ETANG DE LACANAU,29/07/2008,"-1,13395","44,94041",1
S1215013,ETANG DE LACANAU,29/07/2008,"-1,13391","44,94041","1,7"
S1215013,ETANG DE LACANAU,29/07/2008,"-1,13391","44,94041","0,8"
S1215013,ETANG DE LACANAU,29/07/2008,"-1,13389","44,94042","1,7"
S1215013,ETANG DE LACANAU,29/07/2008,"-1,13404","44,9404","0,7"
S1215013,ETANG DE LACANAU,29/07/2008,"-1,13426","44,94038","1,5"
S1215013,ETANG DE LACANAU,29/07/2008,"-1,12298","44,93924",1
S1215013,ETANG DE LACANAU,29/07/2008,"-1,1335","44,94036","2,1"
S1215013,ETANG DE LACANAU,29/07/2008,"-1,13437","44,94038","0,6"
S1215013,ETANG DE LACANAU,29/07/2008,"-1,13436","44,94038","0,5"
S1215013,ETANG DE LACANAU,29/07/2008,"-1,13435","44,94038","0,6"
S1215013,ETANG DE LACANAU,29/07/2008,"-1,13433","44,94038","0,5"
S1215013,ETANG DE LACANAU,29/07/2008,"-1,13431","44,94038","1,3"
S1215013,ETANG DE LACANAU,29/07/2008,"-1,1343","44,94038","0,8"
S1215013,ETANG DE LACANAU,29/07/2008,"-1,1343","44,94038","0,6"
S1215013,ETANG DE LACANAU,29/07/2008,"-1,13429","44,94038","0,6"
S1215013,ETANG DE LACANAU,29/07/2008,"-1,13416","44,94036","0,7"
S1215013,ETANG DE LACANAU,29/07/2008,"-1,13427","44,94038","0,7"
S1215013,ETANG DE LACANAU,29/07/2008,"-1,13418","44,94036","0,7"
S1215013,ETANG DE LACANAU,29/07/2008,"-1,13425","44,94038","0,8"
S1215013,ETANG DE LACANAU,29/07/2008,"-1,13424","44,94037","0,7"
S1215013,ETANG DE LACANAU,29/07/2008,"-1,13424","44,94037","1,4"
S1215013,ETANG DE LACANAU,29/07/2008,"-1,13424","44,94037","0,6"
S1215013,ETANG DE LACANAU,29/07/2008,"-1,13423","44,94036","1,3"
S1215013,ETANG DE LACANAU,29/07/2008,"-1,13423","44,94036","1,4"
S1215013,ETANG DE LACANAU,29/07/2008,"-1,13422","44,94037","1,5"
S1215013,ETANG DE LACANAU,29/07/2008,"-1,13421","44,94036","1,5"
S1215013,ETANG DE LACANAU,29/07/2008,"-1,13421","44,94036","0,9"
S1215013,ETANG DE LACANAU,29/07/2008,"-1,13432","44,94037","0,6"
S1215013,ETANG DE LACANAU,29/07/2008,"-1,13428","44,94038","0,6"
S1215013,ETANG DE LACANAU,29/07/2008,"-1,13358","44,9404","2,1"
S1215013,ETANG DE LACANAU,29/07/2008,"-1,13365","44,94044","1,5"
S1215013,ETANG DE LACANAU,29/07/2008,"-1,13364","44,94044","0,4"
S1215013,ETANG DE LACANAU,29/07/2008,"-1,13364","44,94044",2
S1215013,ETANG DE LACANAU,29/07/2008,"-1,13363","44,94043",2
S1215013,ETANG DE LACANAU,29/07/2008,"-1,13362","44,94043",2
S1215013,ETANG DE LACANAU,29/07/2008,"-1,1336","44,94042","1,2"
S1215013,ETANG DE LACANAU,29/07/2008,"-1,1336","44,94041",2
S1215013,ETANG DE LACANAU,29/07/2008,"-1,1336","44,94041",2
S1215013,ETANG DE LACANAU,29/07/2008,"-1,1336","44,94041",2
S1215013,ETANG DE LACANAU,29/07/2008,"-1,1336","44,94041",2
S1215013,ETANG DE LACANAU,29/07/2008,"-1,13365","44,94044","1,9"
S1215013,ETANG DE LACANAU,29/07/2008,"-1,13358","44,94041","2,1"
S1215013,ETANG DE LACANAU,29/07/2008,"-1,13355","44,94039","1,3"
S1215013,ETANG DE LACANAU,29/07/2008,"-1,13358","44,9404","2,1"
S1215013,ETANG DE LACANAU,29/07/2008,"-1,13357","44,9404","2,1"
S1215013,ETANG DE LACANAU,29/07/2008,"-1,13356","44,9404","2,2"
S1215013,ETANG DE LACANAU,29/07/2008,"-1,13356","44,9404","2,1"
S1215013,ETANG DE LACANAU,29/07/2008,"-1,13354","44,94039","2,1"
S1215013,ETANG DE LACANAU,29/07/2008,"-1,13353","44,94038","2,1"
S1215013,ETANG DE LACANAU,29/07/2008,"-1,13387","44,94043","1,7"
S1215013,ETANG DE LACANAU,29/07/2008,"-1,13435","44,94038","0,5"
S1215013,ETANG DE LACANAU,29/07/2008,"-1,13352","44,94038","2,1"
S1215013,ETANG DE LACANAU,29/07/2008,"-1,1335","44,94037","1,1"
S1215013,ETANG DE LACANAU,29/07/2008,"-1,13359","44,94041",2
S1215013,ETANG DE LACANAU,29/07/2008,"-1,13379","44,94046","0,8"
S1215013,ETANG DE LACANAU,29/07/2008,"-1,13383","44,94046","1,7"
S1215013,ETANG DE LACANAU,29/07/2008,"-1,13365","44,94044","1,9"
S1215013,ETANG DE LACANAU,29/07/2008,"-1,13385","44,94045","1,8"
S1215013,ETANG DE LACANAU,29/07/2008,"-1,13384","44,94045","1,7"
S1215013,ETANG DE LACANAU,29/07/2008,"-1,13386","44,94044","1,7"
S1215013,ETANG DE LACANAU,29/07/2008,"-1,13377","44,94045","1,8"
S1215013,ETANG DE LACANAU,29/07/2008,"-1,13375","44,94046","1,8"
S1215013,ETANG DE LACANAU,29/07/2008,"-1,13374","44,94047","1,8"
S1215013,ETANG DE LACANAU,29/07/2008,"-1,13373","44,94047","1,8"
S1215013,ETANG DE LACANAU,29/07/2008,"-1,13371","44,94047","1,8"
S1215013,ETANG DE LACANAU,29/07/2008,"-1,13371","44,94048","1,8"
S1215013,ETANG DE LACANAU,29/07/2008,"-1,13366","44,94045","1,9"
S1215013,ETANG DE LACANAU,29/07/2008,"-1,13382","44,94046","0,7"
S1215013,ETANG DE LACANAU,29/07/2008,"-1,1337","44,94048","1,5"
S1215013,ETANG DE LACANAU,29/07/2008,"-1,13366","44,94045","1,9"
S1215013,ETANG DE LACANAU,29/07/2008,"-1,13366","44,94045","1,9"
S1215013,ETANG DE LACANAU,29/07/2008,"-1,13366","44,94045",1
S1215013,ETANG DE LACANAU,29/07/2008,"-1,13365","44,94045","1,9"
S1215013,ETANG DE LACANAU,29/07/2008,"-1,13366","44,94046","1,9"
S1215013,ETANG DE LACANAU,29/07/2008,"-1,13366","44,94046","1,9"
S1215013,ETANG DE LACANAU,29/07/2008,"-1,13367","44,94046","1,3"
S1215013,ETANG DE LACANAU,29/07/2008,"-1,13367","44,94046","1,9"
S1215013,ETANG DE LACANAU,29/07/2008,"-1,13369","44,94048","1,9"
