{"type":"FeatureCollection","name":"Lac de Lacanau official bathymetry soundings","source":"https://data.ofb.fr/catalogue/data-eaufrance/api/records/c31746f7-311a-41c7-b995-6cb78a2ddc25/attachments/points_bruts_bathy_20161020.zip","license":"Licence Ouverte / Open Licence 2.0","features":[{"type":"Feature","geometry":{"type":"Point","coordinates":[-1.11934,45.00376]},"properties":{"depth_m":0.4,"n":24,"date":"28/07/2008"}},{"type":"Feature","geometry":{"type":"Point","coordinates":[-1.11933,45.00375]},"properties":{"depth_m":0.5,"n":20,"date":"28/07/2008"}},{"type":"Feature","geometry":{"type":"Point","coordinates":[-1.11935,45.00375]},"properties":{"depth_m":0.4,"n":17,"date":"28/07/2008"}},{"type":"Feature","geometry":{"type":"Point","coordinates":[-1.11935,45.00376]},"properties":{"depth_m":0.4,"n":17,"date":"28/07/2008"}},{"type":"Feature","geometry":{"type":"Point","coordinates":[-1.11933,45.00376]},"properties":{"depth_m":0.4,"n":5,"date":"28/07/2008"}},{"type":"Feature","geometry":{"type":"Point","coordinates":[-1.11932,45.00376]},"properties":{"depth_m":0.4,"n":2,"date":"28/07/2008"}},{"type":"Feature","geometry":{"type":"Point","coordinates":[-1.11931,45.00376]},"properties":{"depth_m":0.4,"n":3,"date":"28/07/2008"}},{"type":"Feature","geometry":{"type":"Point","coordinates":[-1.11931,45.00377]},"properties":{"depth_m":0.4,"n":2,"date":"28/07/2008"}},{"type":"Feature","geometry":{"type":"Point","coordinates":[-1.11932,45.00374]},"properties":{"depth_m":0.5,"n":15,"date":"28/07/2008"}},{"type":"Feature","geometry":{"type":"Point","coordinates":[-1.11934,45.00375]},"properties":{"depth_m":0.4,"n":9,"date":"28/07/2008"}},{"type":"Feature","geometry":{"type":"Point","coordinates":[-1.11932,45.00375]},"properties":{"depth_m":0.5,"n":9,"date":"28/07/2008"}},{"type":"Feature","geometry":{"type":"Point","coordinates":[-1.11936,45.00377]},"properties":{"depth_m":0.5,"n":1,"date":"28/07/2008"}},{"type":"Feature","geometry":{"type":"Point","coordinates":[-1.11936,45.00376]},"properties":{"depth_m":0.45,"n":8,"date":"28/07/2008"}},{"type":"Feature","geometry":{"type":"Point","coordinates":[-1.11934,45.00374]},"properties":{"depth_m":0.4,"n":19,"date":"28/07/2008"}},{"type":"Feature","geometry":{"type":"Point","coordinates":[-1.11933,45.00374]},"properties":{"depth_m":0.4,"n":3,"date":"28/07/2008"}},{"type":"Feature","geometry":{"type":"Point","coordinates":[-1.11606,44.99236]},"properties":{"depth_m":1.1,"n":1,"date":"28/07/2008"}},{"type":"Feature","geometry":{"type":"Point","coordinates":[-1.1196,45.00348]},"properties":{"depth_m":0.6,"n":1,"date":"28/07/2008"}},{"type":"Feature","geometry":{"type":"Point","coordinates":[-1.11616,44.99246]},"properties":{"depth_m":1.2,"n":1,"date":"28/07/2008"}},{"type":"Feature","geometry":{"type":"Point","coordinates":[-1.12004,44.9989]},"properties":{"depth_m":1.0,"n":1,"date":"28/07/2008"}},{"type":"Feature","geometry":{"type":"Point","coordinates":[-1.11957,45.00352]},"properties":{"depth_m":0.5,"n":1,"date":"28/07/2008"}},{"type":"Feature","geometry":{"type":"Point","coordinates":[-1.1188,44.99809]},"properties":{"depth_m":1.1,"n":1,"date":"28/07/2008"}},{"type":"Feature","geometry":{"type":"Point","coordinates":[-1.11882,44.99821]},"properties":{"depth_m":1.0,"n":1,"date":"28/07/2008"}},{"type":"Feature","geometry":{"type":"Point","coordinates":[-1.11885,44.99833]},"properties":{"depth_m":1.0,"n":1,"date":"28/07/2008"}},{"type":"Feature","geometry":{"type":"Point","coordinates":[-1.11887,44.99844]},"properties":{"depth_m":1.1,"n":1,"date":"28/07/2008"}},{"type":"Feature","geometry":{"type":"Point","coordinates":[-1.11892,44.99853]},"properties":{"depth_m":1.0,"n":1,"date":"28/07/2008"}},{"type":"Feature","geometry":{"type":"Point","coordinates":[-1.11905,44.99859]},"properties":{"depth_m":0.9,"n":1,"date":"28/07/2008"}},{"type":"Feature","geometry":{"type":"Point","coordinates":[-1.1192,44.99864]},"properties":{"depth_m":0.8,"n":1,"date":"28/07/2008"}},{"type":"Feature","geometry":{"type":"Point","coordinates":[-1.11936,44.99869]},"properties":{"depth_m":0.7,"n":1,"date":"28/07/2008"}},{"type":"Feature","geometry":{"type":"Point","coordinates":[-1.11952,44.99875]},"properties":{"depth_m":0.7,"n":1,"date":"28/07/2008"}},{"type":"Feature","geometry":{"type":"Point","coordinates":[-1.11877,44.99789]},"properties":{"depth_m":1.0,"n":1,"date":"28/07/2008"}},{"type":"Feature","geometry":{"type":"Point","coordinates":[-1.11989,44.99887]},"properties":{"depth_m":0.9,"n":1,"date":"28/07/2008"}},{"type":"Feature","geometry":{"type":"Point","coordinates":[-1.11876,44.99778]},"properties":{"depth_m":0.9,"n":1,"date":"28/07/2008"}},{"type":"Feature","geometry":{"type":"Point","coordinates":[-1.12025,44.99891]},"properties":{"depth_m":1.1,"n":1,"date":"28/07/2008"}},{"type":"Feature","geometry":{"type":"Point","coordinates":[-1.12049,44.99896]},"properties":{"depth_m":1.1,"n":1,"date":"28/07/2008"}},{"type":"Feature","geometry":{"type":"Point","coordinates":[-1.12071,44.9991]},"properties":{"depth_m":1.2,"n":1,"date":"28/07/2008"}},{"type":"Feature","geometry":{"type":"Point","coordinates":[-1.12086,44.99932]},"properties":{"depth_m":1.3,"n":1,"date":"28/07/2008"}},{"type":"Feature","geometry":{"type":"Point","coordinates":[-1.12094,44.99958]},"properties":{"depth_m":1.2,"n":1,"date":"28/07/2008"}},{"type":"Feature","geometry":{"type":"Point","coordinates":[-1.12094,44.99985]},"properties":{"depth_m":1.2,"n":1,"date":"28/07/2008"}},{"type":"Feature","geometry":{"type":"Point","coordinates":[-1.12092,45.00012]},"properties":{"depth_m":1.2,"n":1,"date":"28/07/2008"}},{"type":"Feature","geometry":{"type":"Point","coordinates":[-1.12086,45.00039]},"properties":{"depth_m":1.1,"n":1,"date":"28/07/2008"}},{"type":"Feature","geometry":{"type":"Point","coordinates":[-1.12077,45.00064]},"properties":{"depth_m":0.9,"n":1,"date":"28/07/2008"}},{"type":"Feature","geometry":{"type":"Point","coordinates":[-1.12063,45.00089]},"properties":{"depth_m":1.0,"n":1,"date":"28/07/2008"}},{"type":"Feature","geometry":{"type":"Point","coordinates":[-1.1205,45.00114]},"properties":{"depth_m":1.0,"n":1,"date":"28/07/2008"}},{"type":"Feature","geometry":{"type":"Point","coordinates":[-1.11973,44.99883]},"properties":{"depth_m":0.9,"n":1,"date":"28/07/2008"}},{"type":"Feature","geometry":{"type":"Point","coordinates":[-1.118,44.99488]},"properties":{"depth_m":1.2,"n":1,"date":"28/07/2008"}},{"type":"Feature","geometry":{"type":"Point","coordinates":[-1.11711,44.99665]},"properties":{"depth_m":1.0,"n":1,"date":"28/07/2008"}},{"type":"Feature","geometry":{"type":"Point","coordinates":[-1.11635,44.99268]},"properties":{"depth_m":1.2,"n":1,"date":"28/07/2008"}},{"type":"Feature","geometry":{"type":"Point","coordinates":[-1.11643,44.9928]},"properties":{"depth_m":1.2,"n":1,"date":"28/07/2008"}},{"type":"Feature","geometry":{"type":"Point","coordinates":[-1.11652,44.99293]},"properties":{"depth_m":1.2,"n":1,"date":"28/07/2008"}},{"type":"Feature","geometry":{"type":"Point","coordinates":[-1.11667,44.99311]},"properties":{"depth_m":1.3,"n":1,"date":"28/07/2008"}},{"type":"Feature","geometry":{"type":"Point","coordinates":[-1.11687,44.99334]},"properties":{"depth_m":1.5,"n":1,"date":"28/07/2008"}},{"type":"Feature","geometry":{"type":"Point","coordinates":[-1.1171,44.99362]},"properties":{"depth_m":1.4,"n":1,"date":"28/07/2008"}},{"type":"Feature","geometry":{"type":"Point","coordinates":[-1.11735,44.99391]},"properties":{"depth_m":1.3,"n":1,"date":"28/07/2008"}},{"type":"Feature","geometry":{"type":"Point","coordinates":[-1.11754,44.9942]},"properties":{"depth_m":1.0,"n":1,"date":"28/07/2008"}},{"type":"Feature","geometry":{"type":"Point","coordinates":[-1.11878,44.99797]},"properties":{"depth_m":1.0,"n":1,"date":"28/07/2008"}},{"type":"Feature","geometry":{"type":"Point","coordinates":[-1.11786,44.99463]},"properties":{"depth_m":1.1,"n":1,"date":"28/07/2008"}},{"type":"Feature","geometry":{"type":"Point","coordinates":[-1.12027,45.00173]},"properties":{"depth_m":0.7,"n":1,"date":"28/07/2008"}},{"type":"Feature","geometry":{"type":"Point","coordinates":[-1.11811,44.99517]},"properties":{"depth_m":1.1,"n":1,"date":"28/07/2008"}},{"type":"Feature","geometry":{"type":"Point","coordinates":[-1.11822,44.99547]},"properties":{"depth_m":1.0,"n":1,"date":"28/07/2008"}},{"type":"Feature","geometry":{"type":"Point","coordinates":[-1.11831,44.99578]},"properties":{"depth_m":1.3,"n":1,"date":"28/07/2008"}},{"type":"Feature","geometry":{"type":"Point","coordinates":[-1.11839,44.99609]},"properties":{"depth_m":1.3,"n":1,"date":"28/07/2008"}},{"type":"Feature","geometry":{"type":"Point","coordinates":[-1.11848,44.9964]},"properties":{"depth_m":1.3,"n":1,"date":"28/07/2008"}},{"type":"Feature","geometry":{"type":"Point","coordinates":[-1.11857,44.9967]},"properties":{"depth_m":1.4,"n":1,"date":"28/07/2008"}},{"type":"Feature","geometry":{"type":"Point","coordinates":[-1.11866,44.99701]},"properties":{"depth_m":1.2,"n":1,"date":"28/07/2008"}},{"type":"Feature","geometry":{"type":"Point","coordinates":[-1.1187,44.99733]},"properties":{"depth_m":1.2,"n":1,"date":"28/07/2008"}},{"type":"Feature","geometry":{"type":"Point","coordinates":[-1.11873,44.99749]},"properties":{"depth_m":0.9,"n":1,"date":"28/07/2008"}},{"type":"Feature","geometry":{"type":"Point","coordinates":[-1.11875,44.99758]},"properties":{"depth_m":0.9,"n":1,"date":"28/07/2008"}},{"type":"Feature","geometry":{"type":"Point","coordinates":[-1.11876,44.99768]},"properties":{"depth_m":0.9,"n":1,"date":"28/07/2008"}},{"type":"Feature","geometry":{"type":"Point","coordinates":[-1.11771,44.99442]},"properties":{"depth_m":1.1,"n":1,"date":"28/07/2008"}},{"type":"Feature","geometry":{"type":"Point","coordinates":[-1.11953,45.00357]},"properties":{"depth_m":0.5,"n":1,"date":"28/07/2008"}},{"type":"Feature","geometry":{"type":"Point","coordinates":[-1.11972,45.00325]},"properties":{"depth_m":0.6,"n":1,"date":"28/07/2008"}},{"type":"Feature","geometry":{"type":"Point","coordinates":[-1.1197,45.00327]},"properties":{"depth_m":0.6,"n":1,"date":"28/07/2008"}},{"type":"Feature","geometry":{"type":"Point","coordinates":[-1.11969,45.0033]},"properties":{"depth_m":0.6,"n":1,"date":"28/07/2008"}},{"type":"Feature","geometry":{"type":"Point","coordinates":[-1.11967,45.00333]},"properties":{"depth_m":0.6,"n":1,"date":"28/07/2008"}},{"type":"Feature","geometry":{"type":"Point","coordinates":[-1.11965,45.00336]},"properties":{"depth_m":0.6,"n":1,"date":"28/07/2008"}},{"type":"Feature","geometry":{"type":"Point","coordinates":[-1.11963,45.00339]},"properties":{"depth_m":0.5,"n":1,"date":"28/07/2008"}},{"type":"Feature","geometry":{"type":"Point","coordinates":[-1.11962,45.00342]},"properties":{"depth_m":0.5,"n":1,"date":"28/07/2008"}},{"type":"Feature","geometry":{"type":"Point","coordinates":[-1.11961,45.00345]},"properties":{"depth_m":0.6,"n":1,"date":"28/07/2008"}},{"type":"Feature","geometry":{"type":"Point","coordinates":[-1.11959,45.0035]},"properties":{"depth_m":0.6,"n":1,"date":"28/07/2008"}},{"type":"Feature","geometry":{"type":"Point","coordinates":[-1.11626,44.99257]},"properties":{"depth_m":1.2,"n":1,"date":"28/07/2008"}},{"type":"Feature","geometry":{"type":"Point","coordinates":[-1.12038,45.00137]},"properties":{"depth_m":1.0,"n":1,"date":"28/07/2008"}},{"type":"Feature","geometry":{"type":"Point","coordinates":[-1.11955,45.00355]},"properties":{"depth_m":0.5,"n":1,"date":"28/07/2008"}},{"type":"Feature","geometry":{"type":"Point","coordinates":[-1.11978,45.00314]},"properties":{"depth_m":0.5,"n":1,"date":"28/07/2008"}},{"type":"Feature","geometry":{"type":"Point","coordinates":[-1.11951,45.00359]},"properties":{"depth_m":0.5,"n":1,"date":"28/07/2008"}},{"type":"Feature","geometry":{"type":"Point","coordinates":[-1.11949,45.00362]},"properties":{"depth_m":0.5,"n":1,"date":"28/07/2008"}},{"type":"Feature","geometry":{"type":"Point","coordinates":[-1.11949,45.00363]},"properties":{"depth_m":0.5,"n":1,"date":"28/07/2008"}},{"type":"Feature","geometry":{"type":"Point","coordinates":[-1.11948,45.00365]},"properties":{"depth_m":0.5,"n":1,"date":"28/07/2008"}},{"type":"Feature","geometry":{"type":"Point","coordinates":[-1.11946,45.00367]},"properties":{"depth_m":0.5,"n":1,"date":"28/07/2008"}},{"type":"Feature","geometry":{"type":"Point","coordinates":[-1.11945,45.00369]},"properties":{"depth_m":0.5,"n":1,"date":"28/07/2008"}},{"type":"Feature","geometry":{"type":"Point","coordinates":[-1.11943,45.00371]},"properties":{"depth_m":0.5,"n":1,"date":"28/07/2008"}},{"type":"Feature","geometry":{"type":"Point","coordinates":[-1.11941,45.00372]},"properties":{"depth_m":0.5,"n":1,"date":"28/07/2008"}},{"type":"Feature","geometry":{"type":"Point","coordinates":[-1.1194,45.00372]},"properties":{"depth_m":0.5,"n":1,"date":"28/07/2008"}},{"type":"Feature","geometry":{"type":"Point","coordinates":[-1.11939,45.00373]},"properties":{"depth_m":0.5,"n":1,"date":"28/07/2008"}},{"type":"Feature","geometry":{"type":"Point","coordinates":[-1.11937,45.00374]},"properties":{"depth_m":0.4,"n":1,"date":"28/07/2008"}},{"type":"Feature","geometry":{"type":"Point","coordinates":[-1.11956,45.00354]},"properties":{"depth_m":0.5,"n":1,"date":"28/07/2008"}},{"type":"Feature","geometry":{"type":"Point","coordinates":[-1.1199,45.00271]},"properties":{"depth_m":0.7,"n":1,"date":"28/07/2008"}},{"type":"Feature","geometry":{"type":"Point","coordinates":[-1.11936,45.00374]},"properties":{"depth_m":0.5,"n":2,"date":"28/07/2008"}},{"type":"Feature","geometry":{"type":"Point","coordinates":[-1.1202,45.00185]},"properties":{"depth_m":0.6,"n":1,"date":"28/07/2008"}},{"type":"Feature","geometry":{"type":"Point","coordinates":[-1.1202,45.00195]},"properties":{"depth_m":0.8,"n":1,"date":"28/07/2008"}},{"type":"Feature","geometry":{"type":"Point","coordinates":[-1.12019,45.00203]},"properties":{"depth_m":0.8,"n":1,"date":"28/07/2008"}},{"type":"Feature","geometry":{"type":"Point","coordinates":[-1.12017,45.0021]},"properties":{"depth_m":0.8,"n":1,"date":"28/07/2008"}},{"type":"Feature","geometry":{"type":"Point","coordinates":[-1.12014,45.00217]},"properties":{"depth_m":0.8,"n":1,"date":"28/07/2008"}},{"type":"Feature","geometry":{"type":"Point","coordinates":[-1.12011,45.00225]},"properties":{"depth_m":0.8,"n":1,"date":"28/07/2008"}},{"type":"Feature","geometry":{"type":"Point","coordinates":[-1.12008,45.00233]},"properties":{"depth_m":0.7,"n":1,"date":"28/07/2008"}},{"type":"Feature","geometry":{"type":"Point","coordinates":[-1.12005,45.00241]},"properties":{"depth_m":0.7,"n":1,"date":"28/07/2008"}},{"type":"Feature","geometry":{"type":"Point","coordinates":[-1.12002,45.00248]},"properties":{"depth_m":0.7,"n":1,"date":"28/07/2008"}},{"type":"Feature","geometry":{"type":"Point","coordinates":[-1.11998,45.00256]},"properties":{"depth_m":0.7,"n":1,"date":"28/07/2008"}},{"type":"Feature","geometry":{"type":"Point","coordinates":[-1.11974,45.00321]},"properties":{"depth_m":0.5,"n":1,"date":"28/07/2008"}},{"type":"Feature","geometry":{"type":"Point","coordinates":[-1.11992,45.00267]},"properties":{"depth_m":0.7,"n":1,"date":"28/07/2008"}},{"type":"Feature","geometry":{"type":"Point","coordinates":[-1.11976,45.00317]},"properties":{"depth_m":0.5,"n":1,"date":"28/07/2008"}},{"type":"Feature","geometry":{"type":"Point","coordinates":[-1.11987,45.00275]},"properties":{"depth_m":0.6,"n":1,"date":"28/07/2008"}},{"type":"Feature","geometry":{"type":"Point","coordinates":[-1.11985,45.00278]},"properties":{"depth_m":0.7,"n":1,"date":"28/07/2008"}},{"type":"Feature","geometry":{"type":"Point","coordinates":[-1.11984,45.00282]},"properties":{"depth_m":0.7,"n":1,"date":"28/07/2008"}},{"type":"Feature","geometry":{"type":"Point","coordinates":[-1.11983,45.00286]},"properties":{"depth_m":0.6,"n":1,"date":"28/07/2008"}},{"type":"Feature","geometry":{"type":"Point","coordinates":[-1.11981,45.0029]},"properties":{"depth_m":0.4,"n":1,"date":"28/07/2008"}},{"type":"Feature","geometry":{"type":"Point","coordinates":[-1.1198,45.00294]},"properties":{"depth_m":0.5,"n":1,"date":"28/07/2008"}},{"type":"Feature","geometry":{"type":"Point","coordinates":[-1.1198,45.00298]},"properties":{"depth_m":0.5,"n":1,"date":"28/07/2008"}},{"type":"Feature","geometry":{"type":"Point","coordinates":[-1.11979,45.00302]},"properties":{"depth_m":0.5,"n":1,"date":"28/07/2008"}},{"type":"Feature","geometry":{"type":"Point","coordinates":[-1.11978,45.00306]},"properties":{"depth_m":0.5,"n":1,"date":"28/07/2008"}},{"type":"Feature","geometry":{"type":"Point","coordinates":[-1.11978,45.0031]},"properties":{"depth_m":0.5,"n":1,"date":"28/07/2008"}},{"type":"Feature","geometry":{"type":"Point","coordinates":[-1.12037,45.0013]},"properties":{"depth_m":0.8,"n":1,"date":"28/07/2008"}},{"type":"Feature","geometry":{"type":"Point","coordinates":[-1.11994,45.00262]},"properties":{"depth_m":0.6,"n":1,"date":"28/07/2008"}},{"type":"Feature","geometry":{"type":"Point","coordinates":[-1.1202,45.00124]},"properties":{"depth_m":0.7,"n":1,"date":"28/07/2008"}},{"type":"Feature","geometry":{"type":"Point","coordinates":[-1.11765,44.99709]},"properties":{"depth_m":0.8,"n":1,"date":"28/07/2008"}},{"type":"Feature","geometry":{"type":"Point","coordinates":[-1.11967,45.00217]},"properties":{"depth_m":0.7,"n":1,"date":"28/07/2008"}},{"type":"Feature","geometry":{"type":"Point","coordinates":[-1.11973,45.00209]},"properties":{"depth_m":0.7,"n":1,"date":"28/07/2008"}},{"type":"Feature","geometry":{"type":"Point","coordinates":[-1.11978,45.00203]},"properties":{"depth_m":0.7,"n":1,"date":"28/07/2008"}},{"type":"Feature","geometry":{"type":"Point","coordinates":[-1.11983,45.00195]},"properties":{"depth_m":0.7,"n":1,"date":"28/07/2008"}},{"type":"Feature","geometry":{"type":"Point","coordinates":[-1.11988,45.00189]},"properties":{"depth_m":0.7,"n":1,"date":"28/07/2008"}},{"type":"Feature","geometry":{"type":"Point","coordinates":[-1.11993,45.00181]},"properties":{"depth_m":0.6,"n":1,"date":"28/07/2008"}},{"type":"Feature","geometry":{"type":"Point","coordinates":[-1.11999,45.00173]},"properties":{"depth_m":0.6,"n":1,"date":"28/07/2008"}},{"type":"Feature","geometry":{"type":"Point","coordinates":[-1.12004,45.00164]},"properties":{"depth_m":0.7,"n":1,"date":"28/07/2008"}},{"type":"Feature","geometry":{"type":"Point","coordinates":[-1.12009,45.00154]},"properties":{"depth_m":0.6,"n":1,"date":"28/07/2008"}},{"type":"Feature","geometry":{"type":"Point","coordinates":[-1.11957,45.00232]},"properties":{"depth_m":0.4,"n":1,"date":"28/07/2008"}},{"type":"Feature","geometry":{"type":"Point","coordinates":[-1.12017,45.00135]},"properties":{"depth_m":0.8,"n":1,"date":"28/07/2008"}},{"type":"Feature","geometry":{"type":"Point","coordinates":[-1.11951,45.00239]},"properties":{"depth_m":0.5,"n":1,"date":"28/07/2008"}},{"type":"Feature","geometry":{"type":"Point","coordinates":[-1.12024,45.00112]},"properties":{"depth_m":0.8,"n":1,"date":"28/07/2008"}},{"type":"Feature","geometry":{"type":"Point","coordinates":[-1.12032,45.00096]},"properties":{"depth_m":1.0,"n":1,"date":"28/07/2008"}},{"type":"Feature","geometry":{"type":"Point","coordinates":[-1.12039,45.00076]},"properties":{"depth_m":1.0,"n":1,"date":"28/07/2008"}},{"type":"Feature","geometry":{"type":"Point","coordinates":[-1.12044,45.00065]},"properties":{"depth_m":0.9,"n":1,"date":"28/07/2008"}},{"type":"Feature","geometry":{"type":"Point","coordinates":[-1.12047,45.0006]},"properties":{"depth_m":0.8,"n":1,"date":"28/07/2008"}},{"type":"Feature","geometry":{"type":"Point","coordinates":[-1.12047,45.00052]},"properties":{"depth_m":0.9,"n":1,"date":"28/07/2008"}},{"type":"Feature","geometry":{"type":"Point","coordinates":[-1.12048,45.00041]},"properties":{"depth_m":0.9,"n":1,"date":"28/07/2008"}},{"type":"Feature","geometry":{"type":"Point","coordinates":[-1.12048,45.00031]},"properties":{"depth_m":1.0,"n":1,"date":"28/07/2008"}},{"type":"Feature","geometry":{"type":"Point","coordinates":[-1.12048,45.0002]},"properties":{"depth_m":1.0,"n":1,"date":"28/07/2008"}},{"type":"Feature","geometry":{"type":"Point","coordinates":[-1.12051,45.00009]},"properties":{"depth_m":1.1,"n":1,"date":"28/07/2008"}},{"type":"Feature","geometry":{"type":"Point","coordinates":[-1.12055,44.99998]},"properties":{"depth_m":1.1,"n":1,"date":"28/07/2008"}},{"type":"Feature","geometry":{"type":"Point","coordinates":[-1.12013,45.00145]},"properties":{"depth_m":0.7,"n":1,"date":"28/07/2008"}},{"type":"Feature","geometry":{"type":"Point","coordinates":[-1.11932,45.00372]},"properties":{"depth_m":0.4,"n":1,"date":"28/07/2008"}},{"type":"Feature","geometry":{"type":"Point","coordinates":[-1.11932,45.00373]},"properties":{"depth_m":0.4,"n":39,"date":"28/07/2008"}},{"type":"Feature","geometry":{"type":"Point","coordinates":[-1.11931,45.00373]},"properties":{"depth_m":0.4,"n":2,"date":"28/07/2008"}},{"type":"Feature","geometry":{"type":"Point","coordinates":[-1.11933,45.00372]},"properties":{"depth_m":0.4,"n":1,"date":"28/07/2008"}},{"type":"Feature","geometry":{"type":"Point","coordinates":[-1.11934,45.00371]},"properties":{"depth_m":0.4,"n":2,"date":"28/07/2008"}},{"type":"Feature","geometry":{"type":"Point","coordinates":[-1.11935,45.0037]},"properties":{"depth_m":0.5,"n":1,"date":"28/07/2008"}},{"type":"Feature","geometry":{"type":"Point","coordinates":[-1.11936,45.0037]},"properties":{"depth_m":0.4,"n":1,"date":"28/07/2008"}},{"type":"Feature","geometry":{"type":"Point","coordinates":[-1.11962,45.00223]},"properties":{"depth_m":0.6,"n":1,"date":"28/07/2008"}},{"type":"Feature","geometry":{"type":"Point","coordinates":[-1.12046,44.99962]},"properties":{"depth_m":1.0,"n":1,"date":"28/07/2008"}},{"type":"Feature","geometry":{"type":"Point","coordinates":[-1.11931,45.00372]},"properties":{"depth_m":0.4,"n":3,"date":"28/07/2008"}},{"type":"Feature","geometry":{"type":"Point","coordinates":[-1.1193,45.00372]},"properties":{"depth_m":0.4,"n":4,"date":"28/07/2008"}},{"type":"Feature","geometry":{"type":"Point","coordinates":[-1.11929,45.00372]},"properties":{"depth_m":0.4,"n":1,"date":"28/07/2008"}},{"type":"Feature","geometry":{"type":"Point","coordinates":[-1.11936,45.00333]},"properties":{"depth_m":0.5,"n":1,"date":"28/07/2008"}},{"type":"Feature","geometry":{"type":"Point","coordinates":[-1.11936,45.0033]},"properties":{"depth_m":0.5,"n":1,"date":"28/07/2008"}},{"type":"Feature","geometry":{"type":"Point","coordinates":[-1.11953,45.00303]},"properties":{"depth_m":0.5,"n":1,"date":"28/07/2008"}},{"type":"Feature","geometry":{"type":"Point","coordinates":[-1.11945,45.00274]},"properties":{"depth_m":0.4,"n":1,"date":"28/07/2008"}},{"type":"Feature","geometry":{"type":"Point","coordinates":[-1.11941,45.00269]},"properties":{"depth_m":0.4,"n":1,"date":"28/07/2008"}},{"type":"Feature","geometry":{"type":"Point","coordinates":[-1.11939,45.00262]},"properties":{"depth_m":0.5,"n":1,"date":"28/07/2008"}},{"type":"Feature","geometry":{"type":"Point","coordinates":[-1.11941,45.00253]},"properties":{"depth_m":0.5,"n":1,"date":"28/07/2008"}},{"type":"Feature","geometry":{"type":"Point","coordinates":[-1.11944,45.00246]},"properties":{"depth_m":0.5,"n":1,"date":"28/07/2008"}},{"type":"Feature","geometry":{"type":"Point","coordinates":[-1.11935,45.00371]},"properties":{"depth_m":0.4,"n":1,"date":"28/07/2008"}},{"type":"Feature","geometry":{"type":"Point","coordinates":[-1.11204,44.99209]},"properties":{"depth_m":0.7,"n":1,"date":"28/07/2008"}},{"type":"Feature","geometry":{"type":"Point","coordinates":[-1.11437,44.99491]},"properties":{"depth_m":0.8,"n":1,"date":"28/07/2008"}},{"type":"Feature","geometry":{"type":"Point","coordinates":[-1.11418,44.9947]},"properties":{"depth_m":0.9,"n":1,"date":"28/07/2008"}},{"type":"Feature","geometry":{"type":"Point","coordinates":[-1.11393,44.99445]},"properties":{"depth_m":0.8,"n":1,"date":"28/07/2008"}},{"type":"Feature","geometry":{"type":"Point","coordinates":[-1.11372,44.99417]},"properties":{"depth_m":0.8,"n":1,"date":"28/07/2008"}},{"type":"Feature","geometry":{"type":"Point","coordinates":[-1.11351,44.99391]},"properties":{"depth_m":0.8,"n":1,"date":"28/07/2008"}},{"type":"Feature","geometry":{"type":"Point","coordinates":[-1.1134,44.99377]},"properties":{"depth_m":0.6,"n":1,"date":"28/07/2008"}},{"type":"Feature","geometry":{"type":"Point","coordinates":[-1.11333,44.99369]},"properties":{"depth_m":0.4,"n":1,"date":"28/07/2008"}},{"type":"Feature","geometry":{"type":"Point","coordinates":[-1.11318,44.99348]},"properties":{"depth_m":0.5,"n":1,"date":"28/07/2008"}},{"type":"Feature","geometry":{"type":"Point","coordinates":[-1.11298,44.99319]},"properties":{"depth_m":0.7,"n":1,"date":"28/07/2008"}},{"type":"Feature","geometry":{"type":"Point","coordinates":[-1.11271,44.99292]},"properties":{"depth_m":0.7,"n":1,"date":"28/07/2008"}},{"type":"Feature","geometry":{"type":"Point","coordinates":[-1.12054,44.99987]},"properties":{"depth_m":1.1,"n":1,"date":"28/07/2008"}},{"type":"Feature","geometry":{"type":"Point","coordinates":[-1.11224,44.99236]},"properties":{"depth_m":0.5,"n":1,"date":"28/07/2008"}},{"type":"Feature","geometry":{"type":"Point","coordinates":[-1.11501,44.99533]},"properties":{"depth_m":1.3,"n":1,"date":"28/07/2008"}},{"type":"Feature","geometry":{"type":"Point","coordinates":[-1.11183,44.99182]},"properties":{"depth_m":0.6,"n":1,"date":"28/07/2008"}},{"type":"Feature","geometry":{"type":"Point","coordinates":[-1.11172,44.9916]},"properties":{"depth_m":0.6,"n":1,"date":"28/07/2008"}},{"type":"Feature","geometry":{"type":"Point","coordinates":[-1.11158,44.99135]},"properties":{"depth_m":0.6,"n":1,"date":"28/07/2008"}},{"type":"Feature","geometry":{"type":"Point","coordinates":[-1.11144,44.99107]},"properties":{"depth_m":0.7,"n":1,"date":"28/07/2008"}},{"type":"Feature","geometry":{"type":"Point","coordinates":[-1.1113,44.99076]},"properties":{"depth_m":0.8,"n":1,"date":"28/07/2008"}},{"type":"Feature","geometry":{"type":"Point","coordinates":[-1.11126,44.99044]},"properties":{"depth_m":0.9,"n":1,"date":"28/07/2008"}},{"type":"Feature","geometry":{"type":"Point","coordinates":[-1.11125,44.99014]},"properties":{"depth_m":0.8,"n":1,"date":"28/07/2008"}},{"type":"Feature","geometry":{"type":"Point","coordinates":[-1.11126,44.98989]},"properties":{"depth_m":0.9,"n":1,"date":"28/07/2008"}},{"type":"Feature","geometry":{"type":"Point","coordinates":[-1.11128,44.98965]},"properties":{"depth_m":0.8,"n":1,"date":"28/07/2008"}},{"type":"Feature","geometry":{"type":"Point","coordinates":[-1.11129,44.98939]},"properties":{"depth_m":0.9,"n":1,"date":"28/07/2008"}},{"type":"Feature","geometry":{"type":"Point","coordinates":[-1.1113,44.98913]},"properties":{"depth_m":0.9,"n":1,"date":"28/07/2008"}},{"type":"Feature","geometry":{"type":"Point","coordinates":[-1.11245,44.99264]},"properties":{"depth_m":0.7,"n":1,"date":"28/07/2008"}},{"type":"Feature","geometry":{"type":"Point","coordinates":[-1.1178,44.99731]},"properties":{"depth_m":0.7,"n":1,"date":"28/07/2008"}},{"type":"Feature","geometry":{"type":"Point","coordinates":[-1.1204,44.9995]},"properties":{"depth_m":1.0,"n":1,"date":"28/07/2008"}},{"type":"Feature","geometry":{"type":"Point","coordinates":[-1.12032,44.9994]},"properties":{"depth_m":1.0,"n":1,"date":"28/07/2008"}},{"type":"Feature","geometry":{"type":"Point","coordinates":[-1.12023,44.9993]},"properties":{"depth_m":1.0,"n":1,"date":"28/07/2008"}},{"type":"Feature","geometry":{"type":"Point","coordinates":[-1.1201,44.99915]},"properties":{"depth_m":1.1,"n":1,"date":"28/07/2008"}},{"type":"Feature","geometry":{"type":"Point","coordinates":[-1.11983,44.99898]},"properties":{"depth_m":1.0,"n":1,"date":"28/07/2008"}},{"type":"Feature","geometry":{"type":"Point","coordinates":[-1.1195,44.99882]},"properties":{"depth_m":0.9,"n":1,"date":"28/07/2008"}},{"type":"Feature","geometry":{"type":"Point","coordinates":[-1.11915,44.99866]},"properties":{"depth_m":1.0,"n":1,"date":"28/07/2008"}},{"type":"Feature","geometry":{"type":"Point","coordinates":[-1.11881,44.99849]},"properties":{"depth_m":1.2,"n":1,"date":"28/07/2008"}},{"type":"Feature","geometry":{"type":"Point","coordinates":[-1.11849,44.99831]},"properties":{"depth_m":1.2,"n":1,"date":"28/07/2008"}},{"type":"Feature","geometry":{"type":"Point","coordinates":[-1.11818,44.99812]},"properties":{"depth_m":1.1,"n":1,"date":"28/07/2008"}},{"type":"Feature","geometry":{"type":"Point","coordinates":[-1.11451,44.99504]},"properties":{"depth_m":0.7,"n":1,"date":"28/07/2008"}},{"type":"Feature","geometry":{"type":"Point","coordinates":[-1.11792,44.99755]},"properties":{"depth_m":0.7,"n":1,"date":"28/07/2008"}},{"type":"Feature","geometry":{"type":"Point","coordinates":[-1.11469,44.99515]},"properties":{"depth_m":0.9,"n":1,"date":"28/07/2008"}},{"type":"Feature","geometry":{"type":"Point","coordinates":[-1.11597,44.99225]},"properties":{"depth_m":1.1,"n":1,"date":"28/07/2008"}},{"type":"Feature","geometry":{"type":"Point","coordinates":[-1.11741,44.99687]},"properties":{"depth_m":1.0,"n":1,"date":"28/07/2008"}},{"type":"Feature","geometry":{"type":"Point","coordinates":[-1.10495,44.98063]},"properties":{"depth_m":3.6,"n":1,"date":"28/07/2008"}},{"type":"Feature","geometry":{"type":"Point","coordinates":[-1.11683,44.99643]},"properties":{"depth_m":1.1,"n":1,"date":"28/07/2008"}},{"type":"Feature","geometry":{"type":"Point","coordinates":[-1.11652,44.99623]},"properties":{"depth_m":1.1,"n":1,"date":"28/07/2008"}},{"type":"Feature","geometry":{"type":"Point","coordinates":[-1.11626,44.99605]},"properties":{"depth_m":1.1,"n":1,"date":"28/07/2008"}},{"type":"Feature","geometry":{"type":"Point","coordinates":[-1.11601,44.99587]},"properties":{"depth_m":1.0,"n":1,"date":"28/07/2008"}},{"type":"Feature","geometry":{"type":"Point","coordinates":[-1.11572,44.99571]},"properties":{"depth_m":0.9,"n":1,"date":"28/07/2008"}},{"type":"Feature","geometry":{"type":"Point","coordinates":[-1.11554,44.99561]},"properties":{"depth_m":0.9,"n":1,"date":"28/07/2008"}},{"type":"Feature","geometry":{"type":"Point","coordinates":[-1.11531,44.99549]},"properties":{"depth_m":0.8,"n":1,"date":"28/07/2008"}},{"type":"Feature","geometry":{"type":"Point","coordinates":[-1.12052,44.99974]},"properties":{"depth_m":1.1,"n":1,"date":"28/07/2008"}},{"type":"Feature","geometry":{"type":"Point","coordinates":[-1.118,44.99786]},"properties":{"depth_m":0.9,"n":1,"date":"28/07/2008"}},{"type":"Feature","geometry":{"type":"Point","coordinates":[-1.11936,45.00375]},"properties":{"depth_m":0.45,"n":2,"date":"28/07/2008"}},{"type":"Feature","geometry":{"type":"Point","coordinates":[-1.11935,45.00374]},"properties":{"depth_m":0.5,"n":3,"date":"28/07/2008"}},{"type":"Feature","geometry":{"type":"Point","coordinates":[-1.11935,45.00373]},"properties":{"depth_m":0.4,"n":1,"date":"28/07/2008"}},{"type":"Feature","geometry":{"type":"Point","coordinates":[-1.11934,45.00373]},"properties":{"depth_m":0.4,"n":3,"date":"28/07/2008"}},{"type":"Feature","geometry":{"type":"Point","coordinates":[-1.11933,45.00373]},"properties":{"depth_m":0.4,"n":5,"date":"28/07/2008"}},{"type":"Feature","geometry":{"type":"Point","coordinates":[-1.09486,44.97868]},"properties":{"depth_m":1.1,"n":1,"date":"28/07/2008"}},{"type":"Feature","geometry":{"type":"Point","coordinates":[-1.09422,44.97866]},"properties":{"depth_m":1.6,"n":6,"date":"28/07/2008"}},{"type":"Feature","geometry":{"type":"Point","coordinates":[-1.09463,44.97865]},"properties":{"depth_m":1.2,"n":2,"date":"28/07/2008"}},{"type":"Feature","geometry":{"type":"Point","coordinates":[-1.09465,44.97865]},"properties":{"depth_m":1.2,"n":1,"date":"28/07/2008"}},{"type":"Feature","geometry":{"type":"Point","coordinates":[-1.09468,44.97866]},"properties":{"depth_m":1.2,"n":1,"date":"28/07/2008"}},{"type":"Feature","geometry":{"type":"Point","coordinates":[-1.09471,44.97867]},"properties":{"depth_m":1.2,"n":1,"date":"28/07/2008"}},{"type":"Feature","geometry":{"type":"Point","coordinates":[-1.09473,44.97868]},"properties":{"depth_m":1.2,"n":1,"date":"28/07/2008"}},{"type":"Feature","geometry":{"type":"Point","coordinates":[-1.09474,44.97868]},"properties":{"depth_m":1.2,"n":1,"date":"28/07/2008"}},{"type":"Feature","geometry":{"type":"Point","coordinates":[-1.09476,44.97869]},"properties":{"depth_m":1.2,"n":1,"date":"28/07/2008"}},{"type":"Feature","geometry":{"type":"Point","coordinates":[-1.09478,44.97869]},"properties":{"depth_m":1.2,"n":1,"date":"28/07/2008"}},{"type":"Feature","geometry":{"type":"Point","coordinates":[-1.0948,44.97868]},"properties":{"depth_m":1.2,"n":1,"date":"28/07/2008"}},{"type":"Feature","geometry":{"type":"Point","coordinates":[-1.09462,44.97865]},"properties":{"depth_m":1.3,"n":1,"date":"28/07/2008"}},{"type":"Feature","geometry":{"type":"Point","coordinates":[-1.09484,44.97866]},"properties":{"depth_m":1.0,"n":1,"date":"28/07/2008"}},{"type":"Feature","geometry":{"type":"Point","coordinates":[-1.09461,44.97866]},"properties":{"depth_m":1.25,"n":2,"date":"28/07/2008"}},{"type":"Feature","geometry":{"type":"Point","coordinates":[-1.09488,44.97866]},"properties":{"depth_m":1.1,"n":1,"date":"28/07/2008"}},{"type":"Feature","geometry":{"type":"Point","coordinates":[-1.0949,44.97864]},"properties":{"depth_m":1.5,"n":1,"date":"28/07/2008"}},{"type":"Feature","geometry":{"type":"Point","coordinates":[-1.09492,44.97863]},"properties":{"depth_m":1.7,"n":1,"date":"28/07/2008"}},{"type":"Feature","geometry":{"type":"Point","coordinates":[-1.09494,44.97862]},"properties":{"depth_m":1.8,"n":1,"date":"28/07/2008"}},{"type":"Feature","geometry":{"type":"Point","coordinates":[-1.09496,44.97861]},"properties":{"depth_m":1.9,"n":1,"date":"28/07/2008"}},{"type":"Feature","geometry":{"type":"Point","coordinates":[-1.09497,44.97861]},"properties":{"depth_m":1.9,"n":1,"date":"28/07/2008"}},{"type":"Feature","geometry":{"type":"Point","coordinates":[-1.09499,44.9786]},"properties":{"depth_m":1.9,"n":1,"date":"28/07/2008"}},{"type":"Feature","geometry":{"type":"Point","coordinates":[-1.095,44.9786]},"properties":{"depth_m":1.9,"n":1,"date":"28/07/2008"}},{"type":"Feature","geometry":{"type":"Point","coordinates":[-1.09502,44.97859]},"properties":{"depth_m":1.95,"n":2,"date":"28/07/2008"}},{"type":"Feature","geometry":{"type":"Point","coordinates":[-1.09503,44.97859]},"properties":{"depth_m":2.0,"n":1,"date":"28/07/2008"}},{"type":"Feature","geometry":{"type":"Point","coordinates":[-1.09482,44.97867]},"properties":{"depth_m":1.2,"n":1,"date":"28/07/2008"}},{"type":"Feature","geometry":{"type":"Point","coordinates":[-1.09449,44.97865]},"properties":{"depth_m":1.3,"n":1,"date":"28/07/2008"}},{"type":"Feature","geometry":{"type":"Point","coordinates":[-1.10565,44.98078]},"properties":{"depth_m":3.6,"n":1,"date":"28/07/2008"}},{"type":"Feature","geometry":{"type":"Point","coordinates":[-1.09423,44.97866]},"properties":{"depth_m":1.5,"n":3,"date":"28/07/2008"}},{"type":"Feature","geometry":{"type":"Point","coordinates":[-1.09426,44.97866]},"properties":{"depth_m":1.6,"n":1,"date":"28/07/2008"}},{"type":"Feature","geometry":{"type":"Point","coordinates":[-1.09428,44.97865]},"properties":{"depth_m":1.5,"n":1,"date":"28/07/2008"}},{"type":"Feature","geometry":{"type":"Point","coordinates":[-1.09431,44.97865]},"properties":{"depth_m":1.5,"n":1,"date":"28/07/2008"}},{"type":"Feature","geometry":{"type":"Point","coordinates":[-1.09433,44.97865]},"properties":{"depth_m":1.6,"n":1,"date":"28/07/2008"}},{"type":"Feature","geometry":{"type":"Point","coordinates":[-1.09436,44.97865]},"properties":{"depth_m":1.5,"n":1,"date":"28/07/2008"}},{"type":"Feature","geometry":{"type":"Point","coordinates":[-1.09439,44.97865]},"properties":{"depth_m":1.4,"n":1,"date":"28/07/2008"}},{"type":"Feature","geometry":{"type":"Point","coordinates":[-1.09442,44.97865]},"properties":{"depth_m":1.3,"n":1,"date":"28/07/2008"}},{"type":"Feature","geometry":{"type":"Point","coordinates":[-1.09445,44.97865]},"properties":{"depth_m":1.3,"n":1,"date":"28/07/2008"}},{"type":"Feature","geometry":{"type":"Point","coordinates":[-1.09448,44.97865]},"properties":{"depth_m":1.3,"n":1,"date":"28/07/2008"}},{"type":"Feature","geometry":{"type":"Point","coordinates":[-1.09506,44.97857]},"properties":{"depth_m":1.9,"n":1,"date":"28/07/2008"}},{"type":"Feature","geometry":{"type":"Point","coordinates":[-1.0945,44.97865]},"properties":{"depth_m":1.3,"n":1,"date":"28/07/2008"}},{"type":"Feature","geometry":{"type":"Point","coordinates":[-1.09452,44.97865]},"properties":{"depth_m":1.3,"n":1,"date":"28/07/2008"}},{"type":"Feature","geometry":{"type":"Point","coordinates":[-1.09453,44.97865]},"properties":{"depth_m":1.3,"n":1,"date":"28/07/2008"}},{"type":"Feature","geometry":{"type":"Point","coordinates":[-1.09454,44.97865]},"properties":{"depth_m":1.3,"n":2,"date":"28/07/2008"}},{"type":"Feature","geometry":{"type":"Point","coordinates":[-1.09455,44.97866]},"properties":{"depth_m":1.3,"n":1,"date":"28/07/2008"}},{"type":"Feature","geometry":{"type":"Point","coordinates":[-1.09456,44.97866]},"properties":{"depth_m":1.3,"n":1,"date":"28/07/2008"}},{"type":"Feature","geometry":{"type":"Point","coordinates":[-1.09457,44.97866]},"properties":{"depth_m":1.3,"n":1,"date":"28/07/2008"}},{"type":"Feature","geometry":{"type":"Point","coordinates":[-1.09458,44.97866]},"properties":{"depth_m":1.2,"n":1,"date":"28/07/2008"}},{"type":"Feature","geometry":{"type":"Point","coordinates":[-1.0946,44.97867]},"properties":{"depth_m":1.3,"n":1,"date":"28/07/2008"}},{"type":"Feature","geometry":{"type":"Point","coordinates":[-1.09446,44.97865]},"properties":{"depth_m":1.3,"n":1,"date":"28/07/2008"}},{"type":"Feature","geometry":{"type":"Point","coordinates":[-1.09608,44.97759]},"properties":{"depth_m":1.5,"n":1,"date":"28/07/2008"}},{"type":"Feature","geometry":{"type":"Point","coordinates":[-1.09541,44.97813]},"properties":{"depth_m":1.9,"n":1,"date":"28/07/2008"}},{"type":"Feature","geometry":{"type":"Point","coordinates":[-1.09543,44.97801]},"properties":{"depth_m":1.8,"n":1,"date":"28/07/2008"}},{"type":"Feature","geometry":{"type":"Point","coordinates":[-1.09565,44.978]},"properties":{"depth_m":1.6,"n":1,"date":"28/07/2008"}},{"type":"Feature","geometry":{"type":"Point","coordinates":[-1.09585,44.97802]},"properties":{"depth_m":0.4,"n":1,"date":"28/07/2008"}},{"type":"Feature","geometry":{"type":"Point","coordinates":[-1.09595,44.97803]},"properties":{"depth_m":0.4,"n":1,"date":"28/07/2008"}},{"type":"Feature","geometry":{"type":"Point","coordinates":[-1.09601,44.97798]},"properties":{"depth_m":0.6,"n":1,"date":"28/07/2008"}},{"type":"Feature","geometry":{"type":"Point","coordinates":[-1.096,44.97793]},"properties":{"depth_m":0.5,"n":1,"date":"28/07/2008"}},{"type":"Feature","geometry":{"type":"Point","coordinates":[-1.09596,44.97792]},"properties":{"depth_m":0.4,"n":1,"date":"28/07/2008"}},{"type":"Feature","geometry":{"type":"Point","coordinates":[-1.09595,44.97791]},"properties":{"depth_m":0.8,"n":1,"date":"28/07/2008"}},{"type":"Feature","geometry":{"type":"Point","coordinates":[-1.09596,44.97787]},"properties":{"depth_m":0.8,"n":1,"date":"28/07/2008"}},{"type":"Feature","geometry":{"type":"Point","coordinates":[-1.09504,44.9786]},"properties":{"depth_m":1.9,"n":1,"date":"28/07/2008"}},{"type":"Feature","geometry":{"type":"Point","coordinates":[-1.09603,44.97765]},"properties":{"depth_m":1.6,"n":1,"date":"28/07/2008"}},{"type":"Feature","geometry":{"type":"Point","coordinates":[-1.09553,44.97865]},"properties":{"depth_m":1.2,"n":3,"date":"28/07/2008"}},{"type":"Feature","geometry":{"type":"Point","coordinates":[-1.09614,44.97756]},"properties":{"depth_m":1.5,"n":1,"date":"28/07/2008"}},{"type":"Feature","geometry":{"type":"Point","coordinates":[-1.09624,44.97757]},"properties":{"depth_m":1.5,"n":1,"date":"28/07/2008"}},{"type":"Feature","geometry":{"type":"Point","coordinates":[-1.09639,44.97757]},"properties":{"depth_m":1.6,"n":1,"date":"28/07/2008"}},{"type":"Feature","geometry":{"type":"Point","coordinates":[-1.09654,44.97756]},"properties":{"depth_m":1.8,"n":1,"date":"28/07/2008"}},{"type":"Feature","geometry":{"type":"Point","coordinates":[-1.0967,44.97753]},"properties":{"depth_m":1.9,"n":1,"date":"28/07/2008"}},{"type":"Feature","geometry":{"type":"Point","coordinates":[-1.09686,44.97752]},"properties":{"depth_m":1.9,"n":1,"date":"28/07/2008"}},{"type":"Feature","geometry":{"type":"Point","coordinates":[-1.09704,44.9775]},"properties":{"depth_m":2.2,"n":1,"date":"28/07/2008"}},{"type":"Feature","geometry":{"type":"Point","coordinates":[-1.0972,44.97751]},"properties":{"depth_m":3.0,"n":1,"date":"28/07/2008"}},{"type":"Feature","geometry":{"type":"Point","coordinates":[-1.09737,44.97749]},"properties":{"depth_m":2.3,"n":1,"date":"28/07/2008"}},{"type":"Feature","geometry":{"type":"Point","coordinates":[-1.09753,44.97747]},"properties":{"depth_m":2.4,"n":1,"date":"28/07/2008"}},{"type":"Feature","geometry":{"type":"Point","coordinates":[-1.0977,44.97748]},"properties":{"depth_m":2.3,"n":1,"date":"28/07/2008"}},{"type":"Feature","geometry":{"type":"Point","coordinates":[-1.09599,44.97781]},"properties":{"depth_m":0.3,"n":1,"date":"28/07/2008"}},{"type":"Feature","geometry":{"type":"Point","coordinates":[-1.09517,44.97861]},"properties":{"depth_m":1.6,"n":1,"date":"28/07/2008"}},{"type":"Feature","geometry":{"type":"Point","coordinates":[-1.09507,44.97856]},"properties":{"depth_m":1.85,"n":2,"date":"28/07/2008"}},{"type":"Feature","geometry":{"type":"Point","coordinates":[-1.09508,44.97857]},"properties":{"depth_m":1.8,"n":1,"date":"28/07/2008"}},{"type":"Feature","geometry":{"type":"Point","coordinates":[-1.09509,44.97857]},"properties":{"depth_m":1.8,"n":1,"date":"28/07/2008"}},{"type":"Feature","geometry":{"type":"Point","coordinates":[-1.09509,44.97858]},"properties":{"depth_m":1.7,"n":1,"date":"28/07/2008"}},{"type":"Feature","geometry":{"type":"Point","coordinates":[-1.0951,44.97857]},"properties":{"depth_m":1.6,"n":1,"date":"28/07/2008"}},{"type":"Feature","geometry":{"type":"Point","coordinates":[-1.0951,44.97859]},"properties":{"depth_m":1.5,"n":1,"date":"28/07/2008"}},{"type":"Feature","geometry":{"type":"Point","coordinates":[-1.09512,44.97859]},"properties":{"depth_m":1.55,"n":2,"date":"28/07/2008"}},{"type":"Feature","geometry":{"type":"Point","coordinates":[-1.09514,44.97859]},"properties":{"depth_m":1.6,"n":1,"date":"28/07/2008"}},{"type":"Feature","geometry":{"type":"Point","coordinates":[-1.09516,44.97861]},"properties":{"depth_m":1.5,"n":1,"date":"28/07/2008"}},{"type":"Feature","geometry":{"type":"Point","coordinates":[-1.09518,44.97862]},"properties":{"depth_m":1.6,"n":1,"date":"28/07/2008"}},{"type":"Feature","geometry":{"type":"Point","coordinates":[-1.0952,44.97862]},"properties":{"depth_m":1.6,"n":1,"date":"28/07/2008"}},{"type":"Feature","geometry":{"type":"Point","coordinates":[-1.09522,44.97862]},"properties":{"depth_m":1.6,"n":1,"date":"28/07/2008"}},{"type":"Feature","geometry":{"type":"Point","coordinates":[-1.09526,44.9786]},"properties":{"depth_m":1.6,"n":1,"date":"28/07/2008"}},{"type":"Feature","geometry":{"type":"Point","coordinates":[-1.0953,44.9786]},"properties":{"depth_m":1.5,"n":1,"date":"28/07/2008"}},{"type":"Feature","geometry":{"type":"Point","coordinates":[-1.09534,44.9786]},"properties":{"depth_m":1.6,"n":1,"date":"28/07/2008"}},{"type":"Feature","geometry":{"type":"Point","coordinates":[-1.0954,44.97862]},"properties":{"depth_m":1.5,"n":1,"date":"28/07/2008"}},{"type":"Feature","geometry":{"type":"Point","coordinates":[-1.09545,44.97865]},"properties":{"depth_m":1.4,"n":1,"date":"28/07/2008"}},{"type":"Feature","geometry":{"type":"Point","coordinates":[-1.09549,44.97866]},"properties":{"depth_m":1.2,"n":1,"date":"28/07/2008"}},{"type":"Feature","geometry":{"type":"Point","coordinates":[-1.09553,44.97866]},"properties":{"depth_m":1.2,"n":1,"date":"28/07/2008"}},{"type":"Feature","geometry":{"type":"Point","coordinates":[-1.09505,44.97858]},"properties":{"depth_m":1.9,"n":1,"date":"28/07/2008"}},{"type":"Feature","geometry":{"type":"Point","coordinates":[-1.09515,44.9786]},"properties":{"depth_m":1.5,"n":1,"date":"28/07/2008"}},{"type":"Feature","geometry":{"type":"Point","coordinates":[-1.094,44.97874]},"properties":{"depth_m":0.8,"n":1,"date":"28/07/2008"}},{"type":"Feature","geometry":{"type":"Point","coordinates":[-1.09401,44.97875]},"properties":{"depth_m":0.5,"n":1,"date":"28/07/2008"}},{"type":"Feature","geometry":{"type":"Point","coordinates":[-1.09401,44.97876]},"properties":{"depth_m":0.9,"n":6,"date":"28/07/2008"}},{"type":"Feature","geometry":{"type":"Point","coordinates":[-1.094,44.97876]},"properties":{"depth_m":0.8,"n":1,"date":"28/07/2008"}},{"type":"Feature","geometry":{"type":"Point","coordinates":[-1.09398,44.97875]},"properties":{"depth_m":0.7,"n":1,"date":"28/07/2008"}},{"type":"Feature","geometry":{"type":"Point","coordinates":[-1.09402,44.97875]},"properties":{"depth_m":0.9,"n":10,"date":"28/07/2008"}},{"type":"Feature","geometry":{"type":"Point","coordinates":[-1.09399,44.97874]},"properties":{"depth_m":0.8,"n":3,"date":"29/07/2008"}},{"type":"Feature","geometry":{"type":"Point","coordinates":[-1.09401,44.97873]},"properties":{"depth_m":0.8,"n":1,"date":"28/07/2008"}},{"type":"Feature","geometry":{"type":"Point","coordinates":[-1.09403,44.97874]},"properties":{"depth_m":0.7,"n":9,"date":"28/07/2008"}},{"type":"Feature","geometry":{"type":"Point","coordinates":[-1.09404,44.97874]},"properties":{"depth_m":0.7,"n":1,"date":"28/07/2008"}},{"type":"Feature","geometry":{"type":"Point","coordinates":[-1.09406,44.97875]},"properties":{"depth_m":0.8,"n":1,"date":"28/07/2008"}},{"type":"Feature","geometry":{"type":"Point","coordinates":[-1.09417,44.9788]},"properties":{"depth_m":0.8,"n":1,"date":"28/07/2008"}},{"type":"Feature","geometry":{"type":"Point","coordinates":[-1.09418,44.97881]},"properties":{"depth_m":0.6,"n":4,"date":"28/07/2008"}},{"type":"Feature","geometry":{"type":"Point","coordinates":[-1.09419,44.97881]},"properties":{"depth_m":0.5,"n":3,"date":"28/07/2008"}},{"type":"Feature","geometry":{"type":"Point","coordinates":[-1.09402,44.97874]},"properties":{"depth_m":1.1,"n":7,"date":"28/07/2008"}},{"type":"Feature","geometry":{"type":"Point","coordinates":[-1.11128,44.9889]},"properties":{"depth_m":0.8,"n":1,"date":"28/07/2008"}},{"type":"Feature","geometry":{"type":"Point","coordinates":[-1.11936,45.00289]},"properties":{"depth_m":0.5,"n":1,"date":"28/07/2008"}},{"type":"Feature","geometry":{"type":"Point","coordinates":[-1.09415,44.97875]},"properties":{"depth_m":0.8,"n":4,"date":"28/07/2008"}},{"type":"Feature","geometry":{"type":"Point","coordinates":[-1.09421,44.9787]},"properties":{"depth_m":0.9,"n":2,"date":"28/07/2008"}},{"type":"Feature","geometry":{"type":"Point","coordinates":[-1.0942,44.97871]},"properties":{"depth_m":0.65,"n":4,"date":"28/07/2008"}},{"type":"Feature","geometry":{"type":"Point","coordinates":[-1.09421,44.97872]},"properties":{"depth_m":0.8,"n":1,"date":"28/07/2008"}},{"type":"Feature","geometry":{"type":"Point","coordinates":[-1.09421,44.97873]},"properties":{"depth_m":0.7,"n":1,"date":"28/07/2008"}},{"type":"Feature","geometry":{"type":"Point","coordinates":[-1.09421,44.97874]},"properties":{"depth_m":0.5,"n":2,"date":"28/07/2008"}},{"type":"Feature","geometry":{"type":"Point","coordinates":[-1.0942,44.97874]},"properties":{"depth_m":0.55,"n":2,"date":"28/07/2008"}},{"type":"Feature","geometry":{"type":"Point","coordinates":[-1.0942,44.97875]},"properties":{"depth_m":0.5,"n":3,"date":"28/07/2008"}},{"type":"Feature","geometry":{"type":"Point","coordinates":[-1.09419,44.97872]},"properties":{"depth_m":0.6,"n":2,"date":"28/07/2008"}},{"type":"Feature","geometry":{"type":"Point","coordinates":[-1.09421,44.97868]},"properties":{"depth_m":1.35,"n":2,"date":"28/07/2008"}},{"type":"Feature","geometry":{"type":"Point","coordinates":[-1.09424,44.97866]},"properties":{"depth_m":1.5,"n":2,"date":"28/07/2008"}},{"type":"Feature","geometry":{"type":"Point","coordinates":[-1.09422,44.97865]},"properties":{"depth_m":1.55,"n":2,"date":"28/07/2008"}},{"type":"Feature","geometry":{"type":"Point","coordinates":[-1.09416,44.97879]},"properties":{"depth_m":0.8,"n":1,"date":"28/07/2008"}},{"type":"Feature","geometry":{"type":"Point","coordinates":[-1.09827,44.97742]},"properties":{"depth_m":2.5,"n":1,"date":"28/07/2008"}},{"type":"Feature","geometry":{"type":"Point","coordinates":[-1.09415,44.97874]},"properties":{"depth_m":0.8,"n":2,"date":"28/07/2008"}},{"type":"Feature","geometry":{"type":"Point","coordinates":[-1.09416,44.97876]},"properties":{"depth_m":0.8,"n":1,"date":"28/07/2008"}},{"type":"Feature","geometry":{"type":"Point","coordinates":[-1.09416,44.97877]},"properties":{"depth_m":0.8,"n":1,"date":"28/07/2008"}},{"type":"Feature","geometry":{"type":"Point","coordinates":[-1.09417,44.97882]},"properties":{"depth_m":0.75,"n":2,"date":"28/07/2008"}},{"type":"Feature","geometry":{"type":"Point","coordinates":[-1.09416,44.97882]},"properties":{"depth_m":0.8,"n":1,"date":"28/07/2008"}},{"type":"Feature","geometry":{"type":"Point","coordinates":[-1.09418,44.97872]},"properties":{"depth_m":0.6,"n":2,"date":"28/07/2008"}},{"type":"Feature","geometry":{"type":"Point","coordinates":[-1.09416,44.9788]},"properties":{"depth_m":0.8,"n":1,"date":"28/07/2008"}},{"type":"Feature","geometry":{"type":"Point","coordinates":[-1.09417,44.97878]},"properties":{"depth_m":0.85,"n":2,"date":"28/07/2008"}},{"type":"Feature","geometry":{"type":"Point","coordinates":[-1.09418,44.97877]},"properties":{"depth_m":0.9,"n":2,"date":"28/07/2008"}},{"type":"Feature","geometry":{"type":"Point","coordinates":[-1.09423,44.9787]},"properties":{"depth_m":0.75,"n":2,"date":"28/07/2008"}},{"type":"Feature","geometry":{"type":"Point","coordinates":[-1.09422,44.9787]},"properties":{"depth_m":0.6,"n":1,"date":"28/07/2008"}},{"type":"Feature","geometry":{"type":"Point","coordinates":[-1.09415,44.97876]},"properties":{"depth_m":0.6,"n":1,"date":"28/07/2008"}},{"type":"Feature","geometry":{"type":"Point","coordinates":[-1.09416,44.97881]},"properties":{"depth_m":0.8,"n":1,"date":"28/07/2008"}},{"type":"Feature","geometry":{"type":"Point","coordinates":[-1.11217,44.98729]},"properties":{"depth_m":1.2,"n":1,"date":"28/07/2008"}},{"type":"Feature","geometry":{"type":"Point","coordinates":[-1.09788,44.97748]},"properties":{"depth_m":2.3,"n":1,"date":"28/07/2008"}},{"type":"Feature","geometry":{"type":"Point","coordinates":[-1.11218,44.98724]},"properties":{"depth_m":1.2,"n":2,"date":"28/07/2008"}},{"type":"Feature","geometry":{"type":"Point","coordinates":[-1.11217,44.98725]},"properties":{"depth_m":1.2,"n":2,"date":"28/07/2008"}},{"type":"Feature","geometry":{"type":"Point","coordinates":[-1.11216,44.98725]},"properties":{"depth_m":1.25,"n":2,"date":"28/07/2008"}},{"type":"Feature","geometry":{"type":"Point","coordinates":[-1.11216,44.98726]},"properties":{"depth_m":1.2,"n":2,"date":"28/07/2008"}},{"type":"Feature","geometry":{"type":"Point","coordinates":[-1.11217,44.98726]},"properties":{"depth_m":1.2,"n":1,"date":"28/07/2008"}},{"type":"Feature","geometry":{"type":"Point","coordinates":[-1.11219,44.98723]},"properties":{"depth_m":1.2,"n":1,"date":"28/07/2008"}},{"type":"Feature","geometry":{"type":"Point","coordinates":[-1.11217,44.98728]},"properties":{"depth_m":1.2,"n":1,"date":"28/07/2008"}},{"type":"Feature","geometry":{"type":"Point","coordinates":[-1.1122,44.98723]},"properties":{"depth_m":1.2,"n":2,"date":"28/07/2008"}},{"type":"Feature","geometry":{"type":"Point","coordinates":[-1.11216,44.98729]},"properties":{"depth_m":1.2,"n":1,"date":"28/07/2008"}},{"type":"Feature","geometry":{"type":"Point","coordinates":[-1.11216,44.9873]},"properties":{"depth_m":1.2,"n":1,"date":"28/07/2008"}},{"type":"Feature","geometry":{"type":"Point","coordinates":[-1.11217,44.98731]},"properties":{"depth_m":1.2,"n":1,"date":"28/07/2008"}},{"type":"Feature","geometry":{"type":"Point","coordinates":[-1.11216,44.98732]},"properties":{"depth_m":1.2,"n":3,"date":"28/07/2008"}},{"type":"Feature","geometry":{"type":"Point","coordinates":[-1.11216,44.98733]},"properties":{"depth_m":1.2,"n":1,"date":"28/07/2008"}},{"type":"Feature","geometry":{"type":"Point","coordinates":[-1.11215,44.98734]},"properties":{"depth_m":1.2,"n":2,"date":"28/07/2008"}},{"type":"Feature","geometry":{"type":"Point","coordinates":[-1.11214,44.98734]},"properties":{"depth_m":1.2,"n":1,"date":"28/07/2008"}},{"type":"Feature","geometry":{"type":"Point","coordinates":[-1.11214,44.98736]},"properties":{"depth_m":1.2,"n":1,"date":"28/07/2008"}},{"type":"Feature","geometry":{"type":"Point","coordinates":[-1.11217,44.98727]},"properties":{"depth_m":1.2,"n":1,"date":"28/07/2008"}},{"type":"Feature","geometry":{"type":"Point","coordinates":[-1.11229,44.98724]},"properties":{"depth_m":1.3,"n":1,"date":"28/07/2008"}},{"type":"Feature","geometry":{"type":"Point","coordinates":[-1.11242,44.98726]},"properties":{"depth_m":1.3,"n":3,"date":"28/07/2008"}},{"type":"Feature","geometry":{"type":"Point","coordinates":[-1.1124,44.98725]},"properties":{"depth_m":1.3,"n":1,"date":"28/07/2008"}},{"type":"Feature","geometry":{"type":"Point","coordinates":[-1.1124,44.98724]},"properties":{"depth_m":1.3,"n":1,"date":"28/07/2008"}},{"type":"Feature","geometry":{"type":"Point","coordinates":[-1.11239,44.98724]},"properties":{"depth_m":1.3,"n":1,"date":"28/07/2008"}},{"type":"Feature","geometry":{"type":"Point","coordinates":[-1.11238,44.98724]},"properties":{"depth_m":1.3,"n":1,"date":"28/07/2008"}},{"type":"Feature","geometry":{"type":"Point","coordinates":[-1.11235,44.98723]},"properties":{"depth_m":1.3,"n":1,"date":"28/07/2008"}},{"type":"Feature","geometry":{"type":"Point","coordinates":[-1.11234,44.98723]},"properties":{"depth_m":1.3,"n":1,"date":"28/07/2008"}},{"type":"Feature","geometry":{"type":"Point","coordinates":[-1.11233,44.98724]},"properties":{"depth_m":1.3,"n":1,"date":"28/07/2008"}},{"type":"Feature","geometry":{"type":"Point","coordinates":[-1.11231,44.98724]},"properties":{"depth_m":1.3,"n":1,"date":"28/07/2008"}},{"type":"Feature","geometry":{"type":"Point","coordinates":[-1.11219,44.98724]},"properties":{"depth_m":1.2,"n":1,"date":"28/07/2008"}},{"type":"Feature","geometry":{"type":"Point","coordinates":[-1.11229,44.98725]},"properties":{"depth_m":1.2,"n":1,"date":"28/07/2008"}},{"type":"Feature","geometry":{"type":"Point","coordinates":[-1.11206,44.98741]},"properties":{"depth_m":1.2,"n":1,"date":"28/07/2008"}},{"type":"Feature","geometry":{"type":"Point","coordinates":[-1.11227,44.98724]},"properties":{"depth_m":1.2,"n":1,"date":"28/07/2008"}},{"type":"Feature","geometry":{"type":"Point","coordinates":[-1.11226,44.98724]},"properties":{"depth_m":1.2,"n":1,"date":"28/07/2008"}},{"type":"Feature","geometry":{"type":"Point","coordinates":[-1.11225,44.98724]},"properties":{"depth_m":1.2,"n":1,"date":"28/07/2008"}},{"type":"Feature","geometry":{"type":"Point","coordinates":[-1.11224,44.98723]},"properties":{"depth_m":1.2,"n":3,"date":"28/07/2008"}},{"type":"Feature","geometry":{"type":"Point","coordinates":[-1.11223,44.98723]},"properties":{"depth_m":1.2,"n":1,"date":"28/07/2008"}},{"type":"Feature","geometry":{"type":"Point","coordinates":[-1.11222,44.98723]},"properties":{"depth_m":1.25,"n":2,"date":"28/07/2008"}},{"type":"Feature","geometry":{"type":"Point","coordinates":[-1.11221,44.98723]},"properties":{"depth_m":1.3,"n":1,"date":"28/07/2008"}},{"type":"Feature","geometry":{"type":"Point","coordinates":[-1.1123,44.98725]},"properties":{"depth_m":1.2,"n":1,"date":"28/07/2008"}},{"type":"Feature","geometry":{"type":"Point","coordinates":[-1.11495,44.99096]},"properties":{"depth_m":1.2,"n":1,"date":"28/07/2008"}},{"type":"Feature","geometry":{"type":"Point","coordinates":[-1.11408,44.98977]},"properties":{"depth_m":1.2,"n":1,"date":"28/07/2008"}},{"type":"Feature","geometry":{"type":"Point","coordinates":[-1.11413,44.98986]},"properties":{"depth_m":1.2,"n":1,"date":"28/07/2008"}},{"type":"Feature","geometry":{"type":"Point","coordinates":[-1.1142,44.98995]},"properties":{"depth_m":1.1,"n":1,"date":"28/07/2008"}},{"type":"Feature","geometry":{"type":"Point","coordinates":[-1.11428,44.99006]},"properties":{"depth_m":1.1,"n":1,"date":"28/07/2008"}},{"type":"Feature","geometry":{"type":"Point","coordinates":[-1.11435,44.99016]},"properties":{"depth_m":1.1,"n":1,"date":"28/07/2008"}},{"type":"Feature","geometry":{"type":"Point","coordinates":[-1.11443,44.99026]},"properties":{"depth_m":1.1,"n":1,"date":"28/07/2008"}},{"type":"Feature","geometry":{"type":"Point","coordinates":[-1.1145,44.99035]},"properties":{"depth_m":1.1,"n":1,"date":"28/07/2008"}},{"type":"Feature","geometry":{"type":"Point","coordinates":[-1.11459,44.99044]},"properties":{"depth_m":1.2,"n":1,"date":"28/07/2008"}},{"type":"Feature","geometry":{"type":"Point","coordinates":[-1.11467,44.99054]},"properties":{"depth_m":1.2,"n":1,"date":"28/07/2008"}},{"type":"Feature","geometry":{"type":"Point","coordinates":[-1.11475,44.99064]},"properties":{"depth_m":1.2,"n":1,"date":"28/07/2008"}},{"type":"Feature","geometry":{"type":"Point","coordinates":[-1.11213,44.98736]},"properties":{"depth_m":1.2,"n":1,"date":"28/07/2008"}},{"type":"Feature","geometry":{"type":"Point","coordinates":[-1.1149,44.99085]},"properties":{"depth_m":1.2,"n":1,"date":"28/07/2008"}},{"type":"Feature","geometry":{"type":"Point","coordinates":[-1.11395,44.98954]},"properties":{"depth_m":1.3,"n":1,"date":"28/07/2008"}},{"type":"Feature","geometry":{"type":"Point","coordinates":[-1.11498,44.99107]},"properties":{"depth_m":1.1,"n":1,"date":"28/07/2008"}},{"type":"Feature","geometry":{"type":"Point","coordinates":[-1.115,44.99119]},"properties":{"depth_m":1.1,"n":1,"date":"28/07/2008"}},{"type":"Feature","geometry":{"type":"Point","coordinates":[-1.11502,44.9913]},"properties":{"depth_m":1.1,"n":1,"date":"28/07/2008"}},{"type":"Feature","geometry":{"type":"Point","coordinates":[-1.11507,44.99141]},"properties":{"depth_m":1.1,"n":1,"date":"28/07/2008"}},{"type":"Feature","geometry":{"type":"Point","coordinates":[-1.11515,44.99151]},"properties":{"depth_m":1.0,"n":1,"date":"28/07/2008"}},{"type":"Feature","geometry":{"type":"Point","coordinates":[-1.11524,44.99159]},"properties":{"depth_m":1.0,"n":1,"date":"28/07/2008"}},{"type":"Feature","geometry":{"type":"Point","coordinates":[-1.11534,44.99168]},"properties":{"depth_m":1.0,"n":1,"date":"28/07/2008"}},{"type":"Feature","geometry":{"type":"Point","coordinates":[-1.11547,44.99176]},"properties":{"depth_m":1.0,"n":1,"date":"28/07/2008"}},{"type":"Feature","geometry":{"type":"Point","coordinates":[-1.11559,44.99184]},"properties":{"depth_m":1.0,"n":1,"date":"28/07/2008"}},{"type":"Feature","geometry":{"type":"Point","coordinates":[-1.1157,44.99192]},"properties":{"depth_m":1.0,"n":1,"date":"28/07/2008"}},{"type":"Feature","geometry":{"type":"Point","coordinates":[-1.11579,44.99203]},"properties":{"depth_m":1.1,"n":1,"date":"28/07/2008"}},{"type":"Feature","geometry":{"type":"Point","coordinates":[-1.11483,44.99074]},"properties":{"depth_m":1.2,"n":1,"date":"28/07/2008"}},{"type":"Feature","geometry":{"type":"Point","coordinates":[-1.11323,44.98855]},"properties":{"depth_m":1.1,"n":1,"date":"28/07/2008"}},{"type":"Feature","geometry":{"type":"Point","coordinates":[-1.1124,44.98722]},"properties":{"depth_m":1.3,"n":1,"date":"28/07/2008"}},{"type":"Feature","geometry":{"type":"Point","coordinates":[-1.1121,44.98747]},"properties":{"depth_m":1.1,"n":1,"date":"28/07/2008"}},{"type":"Feature","geometry":{"type":"Point","coordinates":[-1.1122,44.98755]},"properties":{"depth_m":1.1,"n":1,"date":"28/07/2008"}},{"type":"Feature","geometry":{"type":"Point","coordinates":[-1.11231,44.98763]},"properties":{"depth_m":1.1,"n":1,"date":"28/07/2008"}},{"type":"Feature","geometry":{"type":"Point","coordinates":[-1.11241,44.98772]},"properties":{"depth_m":1.1,"n":1,"date":"28/07/2008"}},{"type":"Feature","geometry":{"type":"Point","coordinates":[-1.11251,44.98782]},"properties":{"depth_m":1.1,"n":1,"date":"28/07/2008"}},{"type":"Feature","geometry":{"type":"Point","coordinates":[-1.11262,44.98792]},"properties":{"depth_m":1.1,"n":1,"date":"28/07/2008"}},{"type":"Feature","geometry":{"type":"Point","coordinates":[-1.11271,44.98801]},"properties":{"depth_m":1.1,"n":1,"date":"28/07/2008"}},{"type":"Feature","geometry":{"type":"Point","coordinates":[-1.11279,44.98809]},"properties":{"depth_m":1.1,"n":1,"date":"28/07/2008"}},{"type":"Feature","geometry":{"type":"Point","coordinates":[-1.11288,44.98818]},"properties":{"depth_m":1.1,"n":1,"date":"28/07/2008"}},{"type":"Feature","geometry":{"type":"Point","coordinates":[-1.11296,44.98827]},"properties":{"depth_m":1.1,"n":1,"date":"28/07/2008"}},{"type":"Feature","geometry":{"type":"Point","coordinates":[-1.11403,44.98968]},"properties":{"depth_m":1.2,"n":1,"date":"28/07/2008"}},{"type":"Feature","geometry":{"type":"Point","coordinates":[-1.11314,44.98845]},"properties":{"depth_m":1.1,"n":1,"date":"28/07/2008"}},{"type":"Feature","geometry":{"type":"Point","coordinates":[-1.11399,44.98961]},"properties":{"depth_m":1.3,"n":1,"date":"28/07/2008"}},{"type":"Feature","geometry":{"type":"Point","coordinates":[-1.11332,44.98865]},"properties":{"depth_m":1.0,"n":1,"date":"28/07/2008"}},{"type":"Feature","geometry":{"type":"Point","coordinates":[-1.11341,44.98874]},"properties":{"depth_m":1.2,"n":1,"date":"28/07/2008"}},{"type":"Feature","geometry":{"type":"Point","coordinates":[-1.11345,44.98883]},"properties":{"depth_m":1.1,"n":1,"date":"28/07/2008"}},{"type":"Feature","geometry":{"type":"Point","coordinates":[-1.11349,44.9889]},"properties":{"depth_m":1.1,"n":1,"date":"28/07/2008"}},{"type":"Feature","geometry":{"type":"Point","coordinates":[-1.11354,44.98897]},"properties":{"depth_m":1.1,"n":1,"date":"28/07/2008"}},{"type":"Feature","geometry":{"type":"Point","coordinates":[-1.11361,44.98905]},"properties":{"depth_m":1.1,"n":1,"date":"28/07/2008"}},{"type":"Feature","geometry":{"type":"Point","coordinates":[-1.11367,44.98914]},"properties":{"depth_m":1.1,"n":1,"date":"28/07/2008"}},{"type":"Feature","geometry":{"type":"Point","coordinates":[-1.11374,44.98923]},"properties":{"depth_m":1.1,"n":1,"date":"28/07/2008"}},{"type":"Feature","geometry":{"type":"Point","coordinates":[-1.11381,44.98934]},"properties":{"depth_m":1.1,"n":1,"date":"28/07/2008"}},{"type":"Feature","geometry":{"type":"Point","coordinates":[-1.11389,44.98945]},"properties":{"depth_m":1.1,"n":1,"date":"28/07/2008"}},{"type":"Feature","geometry":{"type":"Point","coordinates":[-1.1121,44.98737]},"properties":{"depth_m":1.2,"n":1,"date":"28/07/2008"}},{"type":"Feature","geometry":{"type":"Point","coordinates":[-1.11305,44.98836]},"properties":{"depth_m":1.1,"n":1,"date":"28/07/2008"}},{"type":"Feature","geometry":{"type":"Point","coordinates":[-1.10682,44.9811]},"properties":{"depth_m":3.2,"n":1,"date":"28/07/2008"}},{"type":"Feature","geometry":{"type":"Point","coordinates":[-1.10304,44.97959]},"properties":{"depth_m":4.2,"n":1,"date":"28/07/2008"}},{"type":"Feature","geometry":{"type":"Point","coordinates":[-1.10332,44.97977]},"properties":{"depth_m":4.4,"n":1,"date":"28/07/2008"}},{"type":"Feature","geometry":{"type":"Point","coordinates":[-1.10364,44.98002]},"properties":{"depth_m":4.2,"n":1,"date":"28/07/2008"}},{"type":"Feature","geometry":{"type":"Point","coordinates":[-1.10399,44.98029]},"properties":{"depth_m":4.1,"n":1,"date":"28/07/2008"}},{"type":"Feature","geometry":{"type":"Point","coordinates":[-1.10427,44.98045]},"properties":{"depth_m":3.4,"n":1,"date":"28/07/2008"}},{"type":"Feature","geometry":{"type":"Point","coordinates":[-1.10443,44.98052]},"properties":{"depth_m":3.5,"n":1,"date":"28/07/2008"}},{"type":"Feature","geometry":{"type":"Point","coordinates":[-1.10465,44.98057]},"properties":{"depth_m":3.9,"n":1,"date":"28/07/2008"}},{"type":"Feature","geometry":{"type":"Point","coordinates":[-1.10529,44.9807]},"properties":{"depth_m":3.6,"n":1,"date":"28/07/2008"}},{"type":"Feature","geometry":{"type":"Point","coordinates":[-1.10595,44.98085]},"properties":{"depth_m":3.6,"n":1,"date":"28/07/2008"}},{"type":"Feature","geometry":{"type":"Point","coordinates":[-1.10635,44.98093]},"properties":{"depth_m":3.4,"n":1,"date":"28/07/2008"}},{"type":"Feature","geometry":{"type":"Point","coordinates":[-1.10837,44.98219]},"properties":{"depth_m":3.0,"n":1,"date":"28/07/2008"}},{"type":"Feature","geometry":{"type":"Point","coordinates":[-1.10666,44.98103]},"properties":{"depth_m":3.2,"n":1,"date":"28/07/2008"}},{"type":"Feature","geometry":{"type":"Point","coordinates":[-1.10226,44.97903]},"properties":{"depth_m":3.8,"n":1,"date":"28/07/2008"}},{"type":"Feature","geometry":{"type":"Point","coordinates":[-1.107,44.98118]},"properties":{"depth_m":3.2,"n":1,"date":"28/07/2008"}},{"type":"Feature","geometry":{"type":"Point","coordinates":[-1.10724,44.98128]},"properties":{"depth_m":3.3,"n":1,"date":"28/07/2008"}},{"type":"Feature","geometry":{"type":"Point","coordinates":[-1.10751,44.98142]},"properties":{"depth_m":3.3,"n":1,"date":"28/07/2008"}},{"type":"Feature","geometry":{"type":"Point","coordinates":[-1.10778,44.98158]},"properties":{"depth_m":1.9,"n":1,"date":"28/07/2008"}},{"type":"Feature","geometry":{"type":"Point","coordinates":[-1.10794,44.98169]},"properties":{"depth_m":1.7,"n":1,"date":"28/07/2008"}},{"type":"Feature","geometry":{"type":"Point","coordinates":[-1.10805,44.98176]},"properties":{"depth_m":1.8,"n":1,"date":"28/07/2008"}},{"type":"Feature","geometry":{"type":"Point","coordinates":[-1.10813,44.98185]},"properties":{"depth_m":2.0,"n":1,"date":"28/07/2008"}},{"type":"Feature","geometry":{"type":"Point","coordinates":[-1.10815,44.98192]},"properties":{"depth_m":2.5,"n":1,"date":"28/07/2008"}},{"type":"Feature","geometry":{"type":"Point","coordinates":[-1.10818,44.98197]},"properties":{"depth_m":3.1,"n":1,"date":"28/07/2008"}},{"type":"Feature","geometry":{"type":"Point","coordinates":[-1.10822,44.98201]},"properties":{"depth_m":3.2,"n":1,"date":"28/07/2008"}},{"type":"Feature","geometry":{"type":"Point","coordinates":[-1.10651,44.98098]},"properties":{"depth_m":3.4,"n":1,"date":"28/07/2008"}},{"type":"Feature","geometry":{"type":"Point","coordinates":[-1.10002,44.97761]},"properties":{"depth_m":3.9,"n":1,"date":"28/07/2008"}},{"type":"Feature","geometry":{"type":"Point","coordinates":[-1.11588,44.99214]},"properties":{"depth_m":1.1,"n":1,"date":"28/07/2008"}},{"type":"Feature","geometry":{"type":"Point","coordinates":[-1.09846,44.9774]},"properties":{"depth_m":2.6,"n":1,"date":"28/07/2008"}},{"type":"Feature","geometry":{"type":"Point","coordinates":[-1.09865,44.97742]},"properties":{"depth_m":2.7,"n":1,"date":"28/07/2008"}},{"type":"Feature","geometry":{"type":"Point","coordinates":[-1.09883,44.97746]},"properties":{"depth_m":2.8,"n":1,"date":"28/07/2008"}},{"type":"Feature","geometry":{"type":"Point","coordinates":[-1.09902,44.97748]},"properties":{"depth_m":2.9,"n":1,"date":"28/07/2008"}},{"type":"Feature","geometry":{"type":"Point","coordinates":[-1.09926,44.9775]},"properties":{"depth_m":3.3,"n":1,"date":"28/07/2008"}},{"type":"Feature","geometry":{"type":"Point","coordinates":[-1.09945,44.97752]},"properties":{"depth_m":3.5,"n":1,"date":"28/07/2008"}},{"type":"Feature","geometry":{"type":"Point","coordinates":[-1.09956,44.97753]},"properties":{"depth_m":3.8,"n":1,"date":"28/07/2008"}},{"type":"Feature","geometry":{"type":"Point","coordinates":[-1.09966,44.97754]},"properties":{"depth_m":4.1,"n":1,"date":"28/07/2008"}},{"type":"Feature","geometry":{"type":"Point","coordinates":[-1.09975,44.97755]},"properties":{"depth_m":4.4,"n":1,"date":"28/07/2008"}},{"type":"Feature","geometry":{"type":"Point","coordinates":[-1.09983,44.97757]},"properties":{"depth_m":4.5,"n":1,"date":"28/07/2008"}},{"type":"Feature","geometry":{"type":"Point","coordinates":[-1.10277,44.97941]},"properties":{"depth_m":3.7,"n":1,"date":"28/07/2008"}},{"type":"Feature","geometry":{"type":"Point","coordinates":[-1.09996,44.9776]},"properties":{"depth_m":4.2,"n":1,"date":"28/07/2008"}},{"type":"Feature","geometry":{"type":"Point","coordinates":[-1.10249,44.97921]},"properties":{"depth_m":3.7,"n":1,"date":"28/07/2008"}},{"type":"Feature","geometry":{"type":"Point","coordinates":[-1.10013,44.97764]},"properties":{"depth_m":3.5,"n":1,"date":"28/07/2008"}},{"type":"Feature","geometry":{"type":"Point","coordinates":[-1.10031,44.9777]},"properties":{"depth_m":3.0,"n":1,"date":"28/07/2008"}},{"type":"Feature","geometry":{"type":"Point","coordinates":[-1.10039,44.97774]},"properties":{"depth_m":3.0,"n":1,"date":"28/07/2008"}},{"type":"Feature","geometry":{"type":"Point","coordinates":[-1.10048,44.97779]},"properties":{"depth_m":2.9,"n":1,"date":"28/07/2008"}},{"type":"Feature","geometry":{"type":"Point","coordinates":[-1.10063,44.97789]},"properties":{"depth_m":2.9,"n":1,"date":"28/07/2008"}},{"type":"Feature","geometry":{"type":"Point","coordinates":[-1.1009,44.97806]},"properties":{"depth_m":3.0,"n":1,"date":"28/07/2008"}},{"type":"Feature","geometry":{"type":"Point","coordinates":[-1.10115,44.97823]},"properties":{"depth_m":3.3,"n":1,"date":"28/07/2008"}},{"type":"Feature","geometry":{"type":"Point","coordinates":[-1.1014,44.9784]},"properties":{"depth_m":3.4,"n":1,"date":"28/07/2008"}},{"type":"Feature","geometry":{"type":"Point","coordinates":[-1.10167,44.97859]},"properties":{"depth_m":3.2,"n":1,"date":"28/07/2008"}},{"type":"Feature","geometry":{"type":"Point","coordinates":[-1.10202,44.97885]},"properties":{"depth_m":3.2,"n":1,"date":"28/07/2008"}},{"type":"Feature","geometry":{"type":"Point","coordinates":[-1.10845,44.98229]},"properties":{"depth_m":2.6,"n":1,"date":"28/07/2008"}},{"type":"Feature","geometry":{"type":"Point","coordinates":[-1.09989,44.97758]},"properties":{"depth_m":4.5,"n":1,"date":"28/07/2008"}},{"type":"Feature","geometry":{"type":"Point","coordinates":[-1.1121,44.98665]},"properties":{"depth_m":1.2,"n":1,"date":"28/07/2008"}},{"type":"Feature","geometry":{"type":"Point","coordinates":[-1.11093,44.98571]},"properties":{"depth_m":1.1,"n":1,"date":"28/07/2008"}},{"type":"Feature","geometry":{"type":"Point","coordinates":[-1.11106,44.9858]},"properties":{"depth_m":1.1,"n":1,"date":"28/07/2008"}},{"type":"Feature","geometry":{"type":"Point","coordinates":[-1.11116,44.98588]},"properties":{"depth_m":1.1,"n":1,"date":"28/07/2008"}},{"type":"Feature","geometry":{"type":"Point","coordinates":[-1.11125,44.98597]},"properties":{"depth_m":1.2,"n":1,"date":"28/07/2008"}},{"type":"Feature","geometry":{"type":"Point","coordinates":[-1.11134,44.98604]},"properties":{"depth_m":1.2,"n":1,"date":"28/07/2008"}},{"type":"Feature","geometry":{"type":"Point","coordinates":[-1.11145,44.98611]},"properties":{"depth_m":1.2,"n":1,"date":"28/07/2008"}},{"type":"Feature","geometry":{"type":"Point","coordinates":[-1.11155,44.98618]},"properties":{"depth_m":1.2,"n":1,"date":"28/07/2008"}},{"type":"Feature","geometry":{"type":"Point","coordinates":[-1.11166,44.98625]},"properties":{"depth_m":1.2,"n":1,"date":"28/07/2008"}},{"type":"Feature","geometry":{"type":"Point","coordinates":[-1.11176,44.98632]},"properties":{"depth_m":1.2,"n":1,"date":"28/07/2008"}},{"type":"Feature","geometry":{"type":"Point","coordinates":[-1.11187,44.98639]},"properties":{"depth_m":1.2,"n":1,"date":"28/07/2008"}},{"type":"Feature","geometry":{"type":"Point","coordinates":[-1.10827,44.98207]},"properties":{"depth_m":3.1,"n":1,"date":"28/07/2008"}},{"type":"Feature","geometry":{"type":"Point","coordinates":[-1.11205,44.98655]},"properties":{"depth_m":1.2,"n":1,"date":"28/07/2008"}},{"type":"Feature","geometry":{"type":"Point","coordinates":[-1.11057,44.98545]},"properties":{"depth_m":1.0,"n":1,"date":"28/07/2008"}},{"type":"Feature","geometry":{"type":"Point","coordinates":[-1.11215,44.98675]},"properties":{"depth_m":1.2,"n":1,"date":"28/07/2008"}},{"type":"Feature","geometry":{"type":"Point","coordinates":[-1.11221,44.98685]},"properties":{"depth_m":1.3,"n":1,"date":"28/07/2008"}},{"type":"Feature","geometry":{"type":"Point","coordinates":[-1.11228,44.98694]},"properties":{"depth_m":1.3,"n":1,"date":"28/07/2008"}},{"type":"Feature","geometry":{"type":"Point","coordinates":[-1.11232,44.98703]},"properties":{"depth_m":1.4,"n":1,"date":"28/07/2008"}},{"type":"Feature","geometry":{"type":"Point","coordinates":[-1.11238,44.98709]},"properties":{"depth_m":1.4,"n":1,"date":"28/07/2008"}},{"type":"Feature","geometry":{"type":"Point","coordinates":[-1.11241,44.98713]},"properties":{"depth_m":1.3,"n":1,"date":"28/07/2008"}},{"type":"Feature","geometry":{"type":"Point","coordinates":[-1.11241,44.98716]},"properties":{"depth_m":1.3,"n":2,"date":"28/07/2008"}},{"type":"Feature","geometry":{"type":"Point","coordinates":[-1.1124,44.98717]},"properties":{"depth_m":1.4,"n":1,"date":"28/07/2008"}},{"type":"Feature","geometry":{"type":"Point","coordinates":[-1.11239,44.9872]},"properties":{"depth_m":1.3,"n":1,"date":"28/07/2008"}},{"type":"Feature","geometry":{"type":"Point","coordinates":[-1.09808,44.97747]},"properties":{"depth_m":2.3,"n":1,"date":"28/07/2008"}},{"type":"Feature","geometry":{"type":"Point","coordinates":[-1.11198,44.98646]},"properties":{"depth_m":1.2,"n":1,"date":"28/07/2008"}},{"type":"Feature","geometry":{"type":"Point","coordinates":[-1.10964,44.98429]},"properties":{"depth_m":0.9,"n":1,"date":"28/07/2008"}},{"type":"Feature","geometry":{"type":"Point","coordinates":[-1.1085,44.98241]},"properties":{"depth_m":2.6,"n":1,"date":"28/07/2008"}},{"type":"Feature","geometry":{"type":"Point","coordinates":[-1.10855,44.98253]},"properties":{"depth_m":2.6,"n":1,"date":"28/07/2008"}},{"type":"Feature","geometry":{"type":"Point","coordinates":[-1.1086,44.98263]},"properties":{"depth_m":2.5,"n":1,"date":"28/07/2008"}},{"type":"Feature","geometry":{"type":"Point","coordinates":[-1.10868,44.98273]},"properties":{"depth_m":2.2,"n":1,"date":"28/07/2008"}},{"type":"Feature","geometry":{"type":"Point","coordinates":[-1.10879,44.98284]},"properties":{"depth_m":1.9,"n":1,"date":"28/07/2008"}},{"type":"Feature","geometry":{"type":"Point","coordinates":[-1.10889,44.983]},"properties":{"depth_m":1.4,"n":1,"date":"28/07/2008"}},{"type":"Feature","geometry":{"type":"Point","coordinates":[-1.10898,44.98314]},"properties":{"depth_m":1.5,"n":1,"date":"28/07/2008"}},{"type":"Feature","geometry":{"type":"Point","coordinates":[-1.10909,44.98327]},"properties":{"depth_m":1.7,"n":1,"date":"28/07/2008"}},{"type":"Feature","geometry":{"type":"Point","coordinates":[-1.10916,44.98343]},"properties":{"depth_m":1.4,"n":1,"date":"28/07/2008"}},{"type":"Feature","geometry":{"type":"Point","coordinates":[-1.10925,44.98358]},"properties":{"depth_m":1.2,"n":1,"date":"28/07/2008"}},{"type":"Feature","geometry":{"type":"Point","coordinates":[-1.10935,44.98373]},"properties":{"depth_m":1.3,"n":1,"date":"28/07/2008"}},{"type":"Feature","geometry":{"type":"Point","coordinates":[-1.11082,44.98562]},"properties":{"depth_m":1.0,"n":1,"date":"28/07/2008"}},{"type":"Feature","geometry":{"type":"Point","coordinates":[-1.10959,44.9841]},"properties":{"depth_m":1.0,"n":1,"date":"28/07/2008"}},{"type":"Feature","geometry":{"type":"Point","coordinates":[-1.1107,44.98553]},"properties":{"depth_m":1.0,"n":1,"date":"28/07/2008"}},{"type":"Feature","geometry":{"type":"Point","coordinates":[-1.10968,44.98449]},"properties":{"depth_m":0.8,"n":1,"date":"28/07/2008"}},{"type":"Feature","geometry":{"type":"Point","coordinates":[-1.10971,44.98469]},"properties":{"depth_m":0.7,"n":1,"date":"28/07/2008"}},{"type":"Feature","geometry":{"type":"Point","coordinates":[-1.10973,44.98487]},"properties":{"depth_m":0.6,"n":1,"date":"28/07/2008"}},{"type":"Feature","geometry":{"type":"Point","coordinates":[-1.10976,44.98495]},"properties":{"depth_m":0.6,"n":1,"date":"28/07/2008"}},{"type":"Feature","geometry":{"type":"Point","coordinates":[-1.10984,44.985]},"properties":{"depth_m":0.8,"n":1,"date":"28/07/2008"}},{"type":"Feature","geometry":{"type":"Point","coordinates":[-1.10997,44.98502]},"properties":{"depth_m":1.1,"n":1,"date":"28/07/2008"}},{"type":"Feature","geometry":{"type":"Point","coordinates":[-1.1101,44.98508]},"properties":{"depth_m":1.2,"n":1,"date":"28/07/2008"}},{"type":"Feature","geometry":{"type":"Point","coordinates":[-1.11021,44.98518]},"properties":{"depth_m":1.1,"n":1,"date":"28/07/2008"}},{"type":"Feature","geometry":{"type":"Point","coordinates":[-1.11032,44.98528]},"properties":{"depth_m":1.1,"n":1,"date":"28/07/2008"}},{"type":"Feature","geometry":{"type":"Point","coordinates":[-1.11044,44.98537]},"properties":{"depth_m":1.0,"n":1,"date":"28/07/2008"}},{"type":"Feature","geometry":{"type":"Point","coordinates":[-1.11241,44.98724]},"properties":{"depth_m":1.3,"n":1,"date":"28/07/2008"}},{"type":"Feature","geometry":{"type":"Point","coordinates":[-1.1095,44.98391]},"properties":{"depth_m":1.2,"n":1,"date":"28/07/2008"}},{"type":"Feature","geometry":{"type":"Point","coordinates":[-1.10648,44.94956]},"properties":{"depth_m":1.0,"n":1,"date":"28/07/2008"}},{"type":"Feature","geometry":{"type":"Point","coordinates":[-1.10564,44.94895]},"properties":{"depth_m":1.1,"n":1,"date":"28/07/2008"}},{"type":"Feature","geometry":{"type":"Point","coordinates":[-1.1057,44.949]},"properties":{"depth_m":1.0,"n":1,"date":"28/07/2008"}},{"type":"Feature","geometry":{"type":"Point","coordinates":[-1.10577,44.94905]},"properties":{"depth_m":1.1,"n":1,"date":"28/07/2008"}},{"type":"Feature","geometry":{"type":"Point","coordinates":[-1.10584,44.9491]},"properties":{"depth_m":1.1,"n":1,"date":"28/07/2008"}},{"type":"Feature","geometry":{"type":"Point","coordinates":[-1.10588,44.94913]},"properties":{"depth_m":1.1,"n":1,"date":"28/07/2008"}},{"type":"Feature","geometry":{"type":"Point","coordinates":[-1.10591,44.94916]},"properties":{"depth_m":1.1,"n":1,"date":"28/07/2008"}},{"type":"Feature","geometry":{"type":"Point","coordinates":[-1.10595,44.9492]},"properties":{"depth_m":1.1,"n":1,"date":"28/07/2008"}},{"type":"Feature","geometry":{"type":"Point","coordinates":[-1.10601,44.94924]},"properties":{"depth_m":1.1,"n":1,"date":"28/07/2008"}},{"type":"Feature","geometry":{"type":"Point","coordinates":[-1.10608,44.94928]},"properties":{"depth_m":1.2,"n":1,"date":"28/07/2008"}},{"type":"Feature","geometry":{"type":"Point","coordinates":[-1.10616,44.94934]},"properties":{"depth_m":1.2,"n":1,"date":"28/07/2008"}},{"type":"Feature","geometry":{"type":"Point","coordinates":[-1.10595,44.94875]},"properties":{"depth_m":1.1,"n":1,"date":"28/07/2008"}},{"type":"Feature","geometry":{"type":"Point","coordinates":[-1.10637,44.94948]},"properties":{"depth_m":1.1,"n":1,"date":"28/07/2008"}},{"type":"Feature","geometry":{"type":"Point","coordinates":[-1.10546,44.94878]},"properties":{"depth_m":1.0,"n":1,"date":"28/07/2008"}},{"type":"Feature","geometry":{"type":"Point","coordinates":[-1.10656,44.94966]},"properties":{"depth_m":1.1,"n":1,"date":"28/07/2008"}},{"type":"Feature","geometry":{"type":"Point","coordinates":[-1.10659,44.9497]},"properties":{"depth_m":1.2,"n":1,"date":"28/07/2008"}},{"type":"Feature","geometry":{"type":"Point","coordinates":[-1.10691,44.95017]},"properties":{"depth_m":1.2,"n":1,"date":"28/07/2008"}},{"type":"Feature","geometry":{"type":"Point","coordinates":[-1.10702,44.95026]},"properties":{"depth_m":1.3,"n":1,"date":"28/07/2008"}},{"type":"Feature","geometry":{"type":"Point","coordinates":[-1.10711,44.95032]},"properties":{"depth_m":1.4,"n":1,"date":"28/07/2008"}},{"type":"Feature","geometry":{"type":"Point","coordinates":[-1.1072,44.95041]},"properties":{"depth_m":1.4,"n":1,"date":"28/07/2008"}},{"type":"Feature","geometry":{"type":"Point","coordinates":[-1.10729,44.95052]},"properties":{"depth_m":1.4,"n":1,"date":"28/07/2008"}},{"type":"Feature","geometry":{"type":"Point","coordinates":[-1.10734,44.95062]},"properties":{"depth_m":1.3,"n":1,"date":"28/07/2008"}},{"type":"Feature","geometry":{"type":"Point","coordinates":[-1.10739,44.95071]},"properties":{"depth_m":1.1,"n":1,"date":"28/07/2008"}},{"type":"Feature","geometry":{"type":"Point","coordinates":[-1.10743,44.9508]},"properties":{"depth_m":1.0,"n":1,"date":"28/07/2008"}},{"type":"Feature","geometry":{"type":"Point","coordinates":[-1.10745,44.9509]},"properties":{"depth_m":1.0,"n":1,"date":"28/07/2008"}},{"type":"Feature","geometry":{"type":"Point","coordinates":[-1.10626,44.94941]},"properties":{"depth_m":1.2,"n":1,"date":"28/07/2008"}},{"type":"Feature","geometry":{"type":"Point","coordinates":[-1.1049,44.94809]},"properties":{"depth_m":0.6,"n":1,"date":"28/07/2008"}},{"type":"Feature","geometry":{"type":"Point","coordinates":[-1.10296,44.95781]},"properties":{"depth_m":0.5,"n":1,"date":"28/07/2008"}},{"type":"Feature","geometry":{"type":"Point","coordinates":[-1.10583,44.94862]},"properties":{"depth_m":1.1,"n":1,"date":"28/07/2008"}},{"type":"Feature","geometry":{"type":"Point","coordinates":[-1.10573,44.94857]},"properties":{"depth_m":1.1,"n":1,"date":"28/07/2008"}},{"type":"Feature","geometry":{"type":"Point","coordinates":[-1.10563,44.94852]},"properties":{"depth_m":0.9,"n":1,"date":"28/07/2008"}},{"type":"Feature","geometry":{"type":"Point","coordinates":[-1.10555,44.94846]},"properties":{"depth_m":0.8,"n":1,"date":"28/07/2008"}},{"type":"Feature","geometry":{"type":"Point","coordinates":[-1.10547,44.9484]},"properties":{"depth_m":0.7,"n":1,"date":"28/07/2008"}},{"type":"Feature","geometry":{"type":"Point","coordinates":[-1.10539,44.94834]},"properties":{"depth_m":0.7,"n":1,"date":"28/07/2008"}},{"type":"Feature","geometry":{"type":"Point","coordinates":[-1.10529,44.94831]},"properties":{"depth_m":0.8,"n":1,"date":"28/07/2008"}},{"type":"Feature","geometry":{"type":"Point","coordinates":[-1.1052,44.94828]},"properties":{"depth_m":0.6,"n":1,"date":"28/07/2008"}},{"type":"Feature","geometry":{"type":"Point","coordinates":[-1.10512,44.94827]},"properties":{"depth_m":0.5,"n":1,"date":"28/07/2008"}},{"type":"Feature","geometry":{"type":"Point","coordinates":[-1.10507,44.94826]},"properties":{"depth_m":0.4,"n":1,"date":"28/07/2008"}},{"type":"Feature","geometry":{"type":"Point","coordinates":[-1.10558,44.94889]},"properties":{"depth_m":1.1,"n":1,"date":"28/07/2008"}},{"type":"Feature","geometry":{"type":"Point","coordinates":[-1.10489,44.94812]},"properties":{"depth_m":0.6,"n":1,"date":"28/07/2008"}},{"type":"Feature","geometry":{"type":"Point","coordinates":[-1.10552,44.94884]},"properties":{"depth_m":1.0,"n":1,"date":"28/07/2008"}},{"type":"Feature","geometry":{"type":"Point","coordinates":[-1.10492,44.94806]},"properties":{"depth_m":0.6,"n":1,"date":"28/07/2008"}},{"type":"Feature","geometry":{"type":"Point","coordinates":[-1.10495,44.94808]},"properties":{"depth_m":0.6,"n":1,"date":"28/07/2008"}},{"type":"Feature","geometry":{"type":"Point","coordinates":[-1.10497,44.9481]},"properties":{"depth_m":0.7,"n":1,"date":"28/07/2008"}},{"type":"Feature","geometry":{"type":"Point","coordinates":[-1.105,44.94849]},"properties":{"depth_m":0.7,"n":1,"date":"28/07/2008"}},{"type":"Feature","geometry":{"type":"Point","coordinates":[-1.10508,44.94843]},"properties":{"depth_m":0.7,"n":1,"date":"28/07/2008"}},{"type":"Feature","geometry":{"type":"Point","coordinates":[-1.10516,44.94849]},"properties":{"depth_m":0.7,"n":1,"date":"28/07/2008"}},{"type":"Feature","geometry":{"type":"Point","coordinates":[-1.10522,44.94854]},"properties":{"depth_m":0.7,"n":1,"date":"28/07/2008"}},{"type":"Feature","geometry":{"type":"Point","coordinates":[-1.10528,44.9486]},"properties":{"depth_m":0.8,"n":1,"date":"28/07/2008"}},{"type":"Feature","geometry":{"type":"Point","coordinates":[-1.10534,44.94866]},"properties":{"depth_m":0.9,"n":1,"date":"28/07/2008"}},{"type":"Feature","geometry":{"type":"Point","coordinates":[-1.1054,44.94872]},"properties":{"depth_m":1.0,"n":1,"date":"28/07/2008"}},{"type":"Feature","geometry":{"type":"Point","coordinates":[-1.10753,44.95119]},"properties":{"depth_m":1.1,"n":1,"date":"28/07/2008"}},{"type":"Feature","geometry":{"type":"Point","coordinates":[-1.10504,44.94826]},"properties":{"depth_m":0.4,"n":1,"date":"28/07/2008"}},{"type":"Feature","geometry":{"type":"Point","coordinates":[-1.10831,44.95467]},"properties":{"depth_m":2.4,"n":1,"date":"28/07/2008"}},{"type":"Feature","geometry":{"type":"Point","coordinates":[-1.10747,44.951]},"properties":{"depth_m":1.2,"n":1,"date":"28/07/2008"}},{"type":"Feature","geometry":{"type":"Point","coordinates":[-1.10654,44.95359]},"properties":{"depth_m":1.5,"n":1,"date":"28/07/2008"}},{"type":"Feature","geometry":{"type":"Point","coordinates":[-1.10658,44.95367]},"properties":{"depth_m":1.6,"n":1,"date":"28/07/2008"}},{"type":"Feature","geometry":{"type":"Point","coordinates":[-1.10666,44.95375]},"properties":{"depth_m":1.8,"n":1,"date":"28/07/2008"}},{"type":"Feature","geometry":{"type":"Point","coordinates":[-1.10675,44.95383]},"properties":{"depth_m":1.6,"n":1,"date":"28/07/2008"}},{"type":"Feature","geometry":{"type":"Point","coordinates":[-1.10684,44.95388]},"properties":{"depth_m":1.4,"n":1,"date":"28/07/2008"}},{"type":"Feature","geometry":{"type":"Point","coordinates":[-1.10695,44.95394]},"properties":{"depth_m":1.3,"n":1,"date":"28/07/2008"}},{"type":"Feature","geometry":{"type":"Point","coordinates":[-1.1071,44.95403]},"properties":{"depth_m":1.5,"n":2,"date":"29/07/2008"}},{"type":"Feature","geometry":{"type":"Point","coordinates":[-1.10726,44.95411]},"properties":{"depth_m":1.8,"n":1,"date":"28/07/2008"}},{"type":"Feature","geometry":{"type":"Point","coordinates":[-1.10754,44.95423]},"properties":{"depth_m":2.1,"n":1,"date":"28/07/2008"}},{"type":"Feature","geometry":{"type":"Point","coordinates":[-1.10781,44.9544]},"properties":{"depth_m":2.2,"n":1,"date":"28/07/2008"}},{"type":"Feature","geometry":{"type":"Point","coordinates":[-1.10647,44.95338]},"properties":{"depth_m":1.1,"n":1,"date":"28/07/2008"}},{"type":"Feature","geometry":{"type":"Point","coordinates":[-1.10805,44.95453]},"properties":{"depth_m":2.2,"n":1,"date":"28/07/2008"}},{"type":"Feature","geometry":{"type":"Point","coordinates":[-1.10643,44.95326]},"properties":{"depth_m":1.0,"n":1,"date":"28/07/2008"}},{"type":"Feature","geometry":{"type":"Point","coordinates":[-1.1086,44.95486]},"properties":{"depth_m":2.5,"n":1,"date":"28/07/2008"}},{"type":"Feature","geometry":{"type":"Point","coordinates":[-1.10885,44.95508]},"properties":{"depth_m":2.6,"n":1,"date":"28/07/2008"}},{"type":"Feature","geometry":{"type":"Point","coordinates":[-1.10907,44.95531]},"properties":{"depth_m":3.0,"n":1,"date":"28/07/2008"}},{"type":"Feature","geometry":{"type":"Point","coordinates":[-1.10932,44.95553]},"properties":{"depth_m":1.7,"n":1,"date":"28/07/2008"}},{"type":"Feature","geometry":{"type":"Point","coordinates":[-1.10948,44.95564]},"properties":{"depth_m":1.5,"n":1,"date":"28/07/2008"}},{"type":"Feature","geometry":{"type":"Point","coordinates":[-1.1096,44.95575]},"properties":{"depth_m":1.8,"n":1,"date":"28/07/2008"}},{"type":"Feature","geometry":{"type":"Point","coordinates":[-1.10972,44.95586]},"properties":{"depth_m":1.9,"n":1,"date":"28/07/2008"}},{"type":"Feature","geometry":{"type":"Point","coordinates":[-1.10984,44.95598]},"properties":{"depth_m":1.4,"n":1,"date":"28/07/2008"}},{"type":"Feature","geometry":{"type":"Point","coordinates":[-1.10994,44.9561]},"properties":{"depth_m":1.7,"n":1,"date":"28/07/2008"}},{"type":"Feature","geometry":{"type":"Point","coordinates":[-1.11006,44.95626]},"properties":{"depth_m":2.8,"n":1,"date":"28/07/2008"}},{"type":"Feature","geometry":{"type":"Point","coordinates":[-1.1102,44.95653]},"properties":{"depth_m":2.1,"n":1,"date":"28/07/2008"}},{"type":"Feature","geometry":{"type":"Point","coordinates":[-1.10793,44.95447]},"properties":{"depth_m":2.3,"n":1,"date":"28/07/2008"}},{"type":"Feature","geometry":{"type":"Point","coordinates":[-1.10738,44.95237]},"properties":{"depth_m":0.6,"n":1,"date":"28/07/2008"}},{"type":"Feature","geometry":{"type":"Point","coordinates":[-1.106,44.94882]},"properties":{"depth_m":1.1,"n":1,"date":"28/07/2008"}},{"type":"Feature","geometry":{"type":"Point","coordinates":[-1.10756,44.95128]},"properties":{"depth_m":1.0,"n":1,"date":"28/07/2008"}},{"type":"Feature","geometry":{"type":"Point","coordinates":[-1.10759,44.95138]},"properties":{"depth_m":0.9,"n":1,"date":"28/07/2008"}},{"type":"Feature","geometry":{"type":"Point","coordinates":[-1.10761,44.95147]},"properties":{"depth_m":1.0,"n":1,"date":"28/07/2008"}},{"type":"Feature","geometry":{"type":"Point","coordinates":[-1.10759,44.95157]},"properties":{"depth_m":1.0,"n":1,"date":"28/07/2008"}},{"type":"Feature","geometry":{"type":"Point","coordinates":[-1.10759,44.95167]},"properties":{"depth_m":1.2,"n":1,"date":"28/07/2008"}},{"type":"Feature","geometry":{"type":"Point","coordinates":[-1.10764,44.95177]},"properties":{"depth_m":1.6,"n":1,"date":"28/07/2008"}},{"type":"Feature","geometry":{"type":"Point","coordinates":[-1.10769,44.95187]},"properties":{"depth_m":1.8,"n":1,"date":"28/07/2008"}},{"type":"Feature","geometry":{"type":"Point","coordinates":[-1.10772,44.95197]},"properties":{"depth_m":1.8,"n":1,"date":"28/07/2008"}},{"type":"Feature","geometry":{"type":"Point","coordinates":[-1.10776,44.95208]},"properties":{"depth_m":1.8,"n":1,"date":"28/07/2008"}},{"type":"Feature","geometry":{"type":"Point","coordinates":[-1.10777,44.95219]},"properties":{"depth_m":1.9,"n":1,"date":"28/07/2008"}},{"type":"Feature","geometry":{"type":"Point","coordinates":[-1.1065,44.95348]},"properties":{"depth_m":1.3,"n":1,"date":"28/07/2008"}},{"type":"Feature","geometry":{"type":"Point","coordinates":[-1.10751,44.95231]},"properties":{"depth_m":0.9,"n":1,"date":"28/07/2008"}},{"type":"Feature","geometry":{"type":"Point","coordinates":[-1.10749,44.95109]},"properties":{"depth_m":1.2,"n":1,"date":"28/07/2008"}},{"type":"Feature","geometry":{"type":"Point","coordinates":[-1.10728,44.95242]},"properties":{"depth_m":0.6,"n":1,"date":"28/07/2008"}},{"type":"Feature","geometry":{"type":"Point","coordinates":[-1.10718,44.95248]},"properties":{"depth_m":0.9,"n":1,"date":"28/07/2008"}},{"type":"Feature","geometry":{"type":"Point","coordinates":[-1.10706,44.95253]},"properties":{"depth_m":1.4,"n":1,"date":"28/07/2008"}},{"type":"Feature","geometry":{"type":"Point","coordinates":[-1.10695,44.9526]},"properties":{"depth_m":1.7,"n":1,"date":"28/07/2008"}},{"type":"Feature","geometry":{"type":"Point","coordinates":[-1.10684,44.95267]},"properties":{"depth_m":1.9,"n":1,"date":"28/07/2008"}},{"type":"Feature","geometry":{"type":"Point","coordinates":[-1.10672,44.95273]},"properties":{"depth_m":1.9,"n":1,"date":"28/07/2008"}},{"type":"Feature","geometry":{"type":"Point","coordinates":[-1.1066,44.95279]},"properties":{"depth_m":1.7,"n":1,"date":"28/07/2008"}},{"type":"Feature","geometry":{"type":"Point","coordinates":[-1.10648,44.95285]},"properties":{"depth_m":1.4,"n":1,"date":"28/07/2008"}},{"type":"Feature","geometry":{"type":"Point","coordinates":[-1.10641,44.95294]},"properties":{"depth_m":1.2,"n":1,"date":"28/07/2008"}},{"type":"Feature","geometry":{"type":"Point","coordinates":[-1.10638,44.95305]},"properties":{"depth_m":1.0,"n":1,"date":"28/07/2008"}},{"type":"Feature","geometry":{"type":"Point","coordinates":[-1.1064,44.95316]},"properties":{"depth_m":1.0,"n":1,"date":"28/07/2008"}},{"type":"Feature","geometry":{"type":"Point","coordinates":[-1.10766,44.95226]},"properties":{"depth_m":1.5,"n":1,"date":"28/07/2008"}},{"type":"Feature","geometry":{"type":"Point","coordinates":[-1.10112,44.95711]},"properties":{"depth_m":0.7,"n":1,"date":"28/07/2008"}},{"type":"Feature","geometry":{"type":"Point","coordinates":[-1.10133,44.95743]},"properties":{"depth_m":0.4,"n":1,"date":"28/07/2008"}},{"type":"Feature","geometry":{"type":"Point","coordinates":[-1.10127,44.95741]},"properties":{"depth_m":0.4,"n":1,"date":"28/07/2008"}},{"type":"Feature","geometry":{"type":"Point","coordinates":[-1.10121,44.9574]},"properties":{"depth_m":0.5,"n":1,"date":"28/07/2008"}},{"type":"Feature","geometry":{"type":"Point","coordinates":[-1.10116,44.95737]},"properties":{"depth_m":0.5,"n":1,"date":"28/07/2008"}},{"type":"Feature","geometry":{"type":"Point","coordinates":[-1.10109,44.95737]},"properties":{"depth_m":0.6,"n":1,"date":"28/07/2008"}},{"type":"Feature","geometry":{"type":"Point","coordinates":[-1.10103,44.95737]},"properties":{"depth_m":0.4,"n":1,"date":"28/07/2008"}},{"type":"Feature","geometry":{"type":"Point","coordinates":[-1.10097,44.95737]},"properties":{"depth_m":0.6,"n":1,"date":"28/07/2008"}},{"type":"Feature","geometry":{"type":"Point","coordinates":[-1.10092,44.95737]},"properties":{"depth_m":0.5,"n":1,"date":"28/07/2008"}},{"type":"Feature","geometry":{"type":"Point","coordinates":[-1.10087,44.95737]},"properties":{"depth_m":0.6,"n":1,"date":"28/07/2008"}},{"type":"Feature","geometry":{"type":"Point","coordinates":[-1.10086,44.95737]},"properties":{"depth_m":0.5,"n":1,"date":"28/07/2008"}},{"type":"Feature","geometry":{"type":"Point","coordinates":[-1.10593,44.94868]},"properties":{"depth_m":1.2,"n":1,"date":"28/07/2008"}},{"type":"Feature","geometry":{"type":"Point","coordinates":[-1.10111,44.95708]},"properties":{"depth_m":0.7,"n":1,"date":"28/07/2008"}},{"type":"Feature","geometry":{"type":"Point","coordinates":[-1.10149,44.95749]},"properties":{"depth_m":0.6,"n":1,"date":"28/07/2008"}},{"type":"Feature","geometry":{"type":"Point","coordinates":[-1.10113,44.9571]},"properties":{"depth_m":0.8,"n":1,"date":"28/07/2008"}},{"type":"Feature","geometry":{"type":"Point","coordinates":[-1.10116,44.9571]},"properties":{"depth_m":0.8,"n":1,"date":"28/07/2008"}},{"type":"Feature","geometry":{"type":"Point","coordinates":[-1.1012,44.95708]},"properties":{"depth_m":0.8,"n":1,"date":"28/07/2008"}},{"type":"Feature","geometry":{"type":"Point","coordinates":[-1.10124,44.95704]},"properties":{"depth_m":0.8,"n":1,"date":"28/07/2008"}},{"type":"Feature","geometry":{"type":"Point","coordinates":[-1.10129,44.957]},"properties":{"depth_m":0.8,"n":1,"date":"28/07/2008"}},{"type":"Feature","geometry":{"type":"Point","coordinates":[-1.10134,44.95697]},"properties":{"depth_m":0.8,"n":1,"date":"28/07/2008"}},{"type":"Feature","geometry":{"type":"Point","coordinates":[-1.10139,44.95693]},"properties":{"depth_m":0.9,"n":1,"date":"28/07/2008"}},{"type":"Feature","geometry":{"type":"Point","coordinates":[-1.10144,44.95687]},"properties":{"depth_m":1.1,"n":1,"date":"28/07/2008"}},{"type":"Feature","geometry":{"type":"Point","coordinates":[-1.1015,44.95682]},"properties":{"depth_m":2.0,"n":1,"date":"28/07/2008"}},{"type":"Feature","geometry":{"type":"Point","coordinates":[-1.10154,44.95676]},"properties":{"depth_m":2.1,"n":1,"date":"28/07/2008"}},{"type":"Feature","geometry":{"type":"Point","coordinates":[-1.10158,44.9567]},"properties":{"depth_m":2.4,"n":1,"date":"28/07/2008"}},{"type":"Feature","geometry":{"type":"Point","coordinates":[-1.10107,44.95702]},"properties":{"depth_m":0.6,"n":1,"date":"28/07/2008"}},{"type":"Feature","geometry":{"type":"Point","coordinates":[-1.10209,44.95751]},"properties":{"depth_m":0.6,"n":1,"date":"28/07/2008"}},{"type":"Feature","geometry":{"type":"Point","coordinates":[-1.10291,44.95778]},"properties":{"depth_m":0.4,"n":1,"date":"28/07/2008"}},{"type":"Feature","geometry":{"type":"Point","coordinates":[-1.10285,44.95775]},"properties":{"depth_m":0.4,"n":1,"date":"28/07/2008"}},{"type":"Feature","geometry":{"type":"Point","coordinates":[-1.10279,44.95771]},"properties":{"depth_m":0.5,"n":1,"date":"28/07/2008"}},{"type":"Feature","geometry":{"type":"Point","coordinates":[-1.10273,44.95768]},"properties":{"depth_m":0.4,"n":1,"date":"28/07/2008"}},{"type":"Feature","geometry":{"type":"Point","coordinates":[-1.10266,44.95767]},"properties":{"depth_m":0.5,"n":1,"date":"28/07/2008"}},{"type":"Feature","geometry":{"type":"Point","coordinates":[-1.1026,44.95765]},"properties":{"depth_m":0.5,"n":1,"date":"28/07/2008"}},{"type":"Feature","geometry":{"type":"Point","coordinates":[-1.10254,44.95764]},"properties":{"depth_m":0.5,"n":1,"date":"28/07/2008"}},{"type":"Feature","geometry":{"type":"Point","coordinates":[-1.10247,44.95762]},"properties":{"depth_m":0.5,"n":1,"date":"28/07/2008"}},{"type":"Feature","geometry":{"type":"Point","coordinates":[-1.10241,44.95761]},"properties":{"depth_m":0.5,"n":1,"date":"28/07/2008"}},{"type":"Feature","geometry":{"type":"Point","coordinates":[-1.10235,44.95759]},"properties":{"depth_m":0.6,"n":1,"date":"28/07/2008"}},{"type":"Feature","geometry":{"type":"Point","coordinates":[-1.10228,44.95757]},"properties":{"depth_m":0.6,"n":1,"date":"28/07/2008"}},{"type":"Feature","geometry":{"type":"Point","coordinates":[-1.10139,44.95745]},"properties":{"depth_m":0.4,"n":1,"date":"28/07/2008"}},{"type":"Feature","geometry":{"type":"Point","coordinates":[-1.10215,44.95753]},"properties":{"depth_m":0.6,"n":1,"date":"28/07/2008"}},{"type":"Feature","geometry":{"type":"Point","coordinates":[-1.10144,44.95747]},"properties":{"depth_m":0.4,"n":1,"date":"28/07/2008"}},{"type":"Feature","geometry":{"type":"Point","coordinates":[-1.10203,44.95749]},"properties":{"depth_m":0.6,"n":1,"date":"28/07/2008"}},{"type":"Feature","geometry":{"type":"Point","coordinates":[-1.10196,44.95748]},"properties":{"depth_m":0.6,"n":1,"date":"28/07/2008"}},{"type":"Feature","geometry":{"type":"Point","coordinates":[-1.10191,44.95747]},"properties":{"depth_m":0.6,"n":1,"date":"28/07/2008"}},{"type":"Feature","geometry":{"type":"Point","coordinates":[-1.10184,44.95745]},"properties":{"depth_m":0.6,"n":1,"date":"28/07/2008"}},{"type":"Feature","geometry":{"type":"Point","coordinates":[-1.10179,44.95748]},"properties":{"depth_m":0.6,"n":1,"date":"28/07/2008"}},{"type":"Feature","geometry":{"type":"Point","coordinates":[-1.10174,44.95751]},"properties":{"depth_m":0.5,"n":1,"date":"28/07/2008"}},{"type":"Feature","geometry":{"type":"Point","coordinates":[-1.10169,44.95753]},"properties":{"depth_m":0.4,"n":1,"date":"28/07/2008"}},{"type":"Feature","geometry":{"type":"Point","coordinates":[-1.10164,44.95754]},"properties":{"depth_m":0.6,"n":1,"date":"28/07/2008"}},{"type":"Feature","geometry":{"type":"Point","coordinates":[-1.1016,44.95752]},"properties":{"depth_m":0.5,"n":1,"date":"28/07/2008"}},{"type":"Feature","geometry":{"type":"Point","coordinates":[-1.10154,44.95751]},"properties":{"depth_m":0.6,"n":1,"date":"28/07/2008"}},{"type":"Feature","geometry":{"type":"Point","coordinates":[-1.10188,44.95644]},"properties":{"depth_m":3.0,"n":1,"date":"28/07/2008"}},{"type":"Feature","geometry":{"type":"Point","coordinates":[-1.10222,44.95756]},"properties":{"depth_m":0.6,"n":1,"date":"28/07/2008"}},{"type":"Feature","geometry":{"type":"Point","coordinates":[-1.10774,44.95085]},"properties":{"depth_m":1.5,"n":1,"date":"28/07/2008"}},{"type":"Feature","geometry":{"type":"Point","coordinates":[-1.10165,44.95662]},"properties":{"depth_m":2.7,"n":1,"date":"28/07/2008"}},{"type":"Feature","geometry":{"type":"Point","coordinates":[-1.10602,44.95346]},"properties":{"depth_m":1.6,"n":1,"date":"28/07/2008"}},{"type":"Feature","geometry":{"type":"Point","coordinates":[-1.10618,44.95335]},"properties":{"depth_m":1.1,"n":1,"date":"28/07/2008"}},{"type":"Feature","geometry":{"type":"Point","coordinates":[-1.10636,44.95323]},"properties":{"depth_m":1.0,"n":1,"date":"28/07/2008"}},{"type":"Feature","geometry":{"type":"Point","coordinates":[-1.10653,44.95305]},"properties":{"depth_m":1.1,"n":1,"date":"28/07/2008"}},{"type":"Feature","geometry":{"type":"Point","coordinates":[-1.1067,44.95283]},"properties":{"depth_m":1.8,"n":1,"date":"28/07/2008"}},{"type":"Feature","geometry":{"type":"Point","coordinates":[-1.10687,44.95258]},"properties":{"depth_m":1.8,"n":1,"date":"28/07/2008"}},{"type":"Feature","geometry":{"type":"Point","coordinates":[-1.1071,44.95237]},"properties":{"depth_m":0.8,"n":1,"date":"28/07/2008"}},{"type":"Feature","geometry":{"type":"Point","coordinates":[-1.10733,44.95215]},"properties":{"depth_m":1.0,"n":1,"date":"28/07/2008"}},{"type":"Feature","geometry":{"type":"Point","coordinates":[-1.10753,44.95192]},"properties":{"depth_m":1.7,"n":1,"date":"28/07/2008"}},{"type":"Feature","geometry":{"type":"Point","coordinates":[-1.10767,44.95167]},"properties":{"depth_m":1.8,"n":1,"date":"28/07/2008"}},{"type":"Feature","geometry":{"type":"Point","coordinates":[-1.10574,44.95373]},"properties":{"depth_m":2.2,"n":1,"date":"28/07/2008"}},{"type":"Feature","geometry":{"type":"Point","coordinates":[-1.10776,44.95113]},"properties":{"depth_m":1.6,"n":1,"date":"28/07/2008"}},{"type":"Feature","geometry":{"type":"Point","coordinates":[-1.10563,44.95389]},"properties":{"depth_m":2.2,"n":1,"date":"28/07/2008"}},{"type":"Feature","geometry":{"type":"Point","coordinates":[-1.10764,44.95057]},"properties":{"depth_m":1.3,"n":1,"date":"28/07/2008"}},{"type":"Feature","geometry":{"type":"Point","coordinates":[-1.10747,44.9503]},"properties":{"depth_m":1.3,"n":1,"date":"28/07/2008"}},{"type":"Feature","geometry":{"type":"Point","coordinates":[-1.10728,44.95006]},"properties":{"depth_m":1.4,"n":1,"date":"28/07/2008"}},{"type":"Feature","geometry":{"type":"Point","coordinates":[-1.10707,44.94983]},"properties":{"depth_m":1.3,"n":1,"date":"28/07/2008"}},{"type":"Feature","geometry":{"type":"Point","coordinates":[-1.10687,44.9496]},"properties":{"depth_m":1.2,"n":1,"date":"28/07/2008"}},{"type":"Feature","geometry":{"type":"Point","coordinates":[-1.10666,44.94937]},"properties":{"depth_m":1.1,"n":1,"date":"28/07/2008"}},{"type":"Feature","geometry":{"type":"Point","coordinates":[-1.10643,44.94918]},"properties":{"depth_m":1.1,"n":1,"date":"28/07/2008"}},{"type":"Feature","geometry":{"type":"Point","coordinates":[-1.10632,44.94909]},"properties":{"depth_m":1.1,"n":1,"date":"28/07/2008"}},{"type":"Feature","geometry":{"type":"Point","coordinates":[-1.10624,44.94904]},"properties":{"depth_m":1.1,"n":1,"date":"28/07/2008"}},{"type":"Feature","geometry":{"type":"Point","coordinates":[-1.10617,44.94896]},"properties":{"depth_m":1.1,"n":1,"date":"28/07/2008"}},{"type":"Feature","geometry":{"type":"Point","coordinates":[-1.10608,44.94889]},"properties":{"depth_m":1.1,"n":1,"date":"28/07/2008"}},{"type":"Feature","geometry":{"type":"Point","coordinates":[-1.10774,44.9514]},"properties":{"depth_m":1.5,"n":1,"date":"28/07/2008"}},{"type":"Feature","geometry":{"type":"Point","coordinates":[-1.10387,44.9551]},"properties":{"depth_m":1.5,"n":1,"date":"28/07/2008"}},{"type":"Feature","geometry":{"type":"Point","coordinates":[-1.1107,44.95733]},"properties":{"depth_m":2.2,"n":1,"date":"28/07/2008"}},{"type":"Feature","geometry":{"type":"Point","coordinates":[-1.10197,44.95634]},"properties":{"depth_m":3.1,"n":1,"date":"28/07/2008"}},{"type":"Feature","geometry":{"type":"Point","coordinates":[-1.10206,44.95623]},"properties":{"depth_m":2.5,"n":1,"date":"28/07/2008"}},{"type":"Feature","geometry":{"type":"Point","coordinates":[-1.10215,44.95611]},"properties":{"depth_m":2.2,"n":1,"date":"28/07/2008"}},{"type":"Feature","geometry":{"type":"Point","coordinates":[-1.10228,44.95599]},"properties":{"depth_m":2.0,"n":1,"date":"28/07/2008"}},{"type":"Feature","geometry":{"type":"Point","coordinates":[-1.10243,44.9559]},"properties":{"depth_m":2.1,"n":1,"date":"28/07/2008"}},{"type":"Feature","geometry":{"type":"Point","coordinates":[-1.10259,44.9558]},"properties":{"depth_m":2.4,"n":1,"date":"28/07/2008"}},{"type":"Feature","geometry":{"type":"Point","coordinates":[-1.10272,44.95567]},"properties":{"depth_m":1.9,"n":1,"date":"28/07/2008"}},{"type":"Feature","geometry":{"type":"Point","coordinates":[-1.10285,44.95555]},"properties":{"depth_m":1.6,"n":1,"date":"28/07/2008"}},{"type":"Feature","geometry":{"type":"Point","coordinates":[-1.10303,44.95544]},"properties":{"depth_m":1.3,"n":1,"date":"28/07/2008"}},{"type":"Feature","geometry":{"type":"Point","coordinates":[-1.10319,44.95536]},"properties":{"depth_m":1.2,"n":1,"date":"28/07/2008"}},{"type":"Feature","geometry":{"type":"Point","coordinates":[-1.10586,44.95359]},"properties":{"depth_m":1.5,"n":1,"date":"28/07/2008"}},{"type":"Feature","geometry":{"type":"Point","coordinates":[-1.10362,44.95522]},"properties":{"depth_m":1.6,"n":1,"date":"28/07/2008"}},{"type":"Feature","geometry":{"type":"Point","coordinates":[-1.10175,44.95653]},"properties":{"depth_m":3.0,"n":1,"date":"28/07/2008"}},{"type":"Feature","geometry":{"type":"Point","coordinates":[-1.104,44.95495]},"properties":{"depth_m":1.4,"n":1,"date":"28/07/2008"}},{"type":"Feature","geometry":{"type":"Point","coordinates":[-1.10408,44.95479]},"properties":{"depth_m":1.4,"n":1,"date":"28/07/2008"}},{"type":"Feature","geometry":{"type":"Point","coordinates":[-1.10416,44.95467]},"properties":{"depth_m":1.4,"n":1,"date":"28/07/2008"}},{"type":"Feature","geometry":{"type":"Point","coordinates":[-1.10426,44.95455]},"properties":{"depth_m":1.3,"n":1,"date":"28/07/2008"}},{"type":"Feature","geometry":{"type":"Point","coordinates":[-1.1044,44.95444]},"properties":{"depth_m":1.3,"n":1,"date":"28/07/2008"}},{"type":"Feature","geometry":{"type":"Point","coordinates":[-1.10457,44.95432]},"properties":{"depth_m":1.4,"n":1,"date":"28/07/2008"}},{"type":"Feature","geometry":{"type":"Point","coordinates":[-1.10476,44.95422]},"properties":{"depth_m":1.7,"n":1,"date":"28/07/2008"}},{"type":"Feature","geometry":{"type":"Point","coordinates":[-1.10496,44.95416]},"properties":{"depth_m":1.3,"n":1,"date":"28/07/2008"}},{"type":"Feature","geometry":{"type":"Point","coordinates":[-1.10516,44.95416]},"properties":{"depth_m":1.3,"n":1,"date":"28/07/2008"}},{"type":"Feature","geometry":{"type":"Point","coordinates":[-1.10534,44.95415]},"properties":{"depth_m":1.5,"n":1,"date":"28/07/2008"}},{"type":"Feature","geometry":{"type":"Point","coordinates":[-1.10549,44.95405]},"properties":{"depth_m":2.1,"n":1,"date":"28/07/2008"}},{"type":"Feature","geometry":{"type":"Point","coordinates":[-1.10338,44.95529]},"properties":{"depth_m":1.3,"n":1,"date":"28/07/2008"}},{"type":"Feature","geometry":{"type":"Point","coordinates":[-1.09724,44.97741]},"properties":{"depth_m":2.9,"n":1,"date":"28/07/2008"}},{"type":"Feature","geometry":{"type":"Point","coordinates":[-1.09899,44.9771]},"properties":{"depth_m":4.4,"n":1,"date":"28/07/2008"}},{"type":"Feature","geometry":{"type":"Point","coordinates":[-1.09889,44.97719]},"properties":{"depth_m":3.9,"n":1,"date":"28/07/2008"}},{"type":"Feature","geometry":{"type":"Point","coordinates":[-1.09878,44.97728]},"properties":{"depth_m":3.3,"n":1,"date":"28/07/2008"}},{"type":"Feature","geometry":{"type":"Point","coordinates":[-1.09864,44.97733]},"properties":{"depth_m":3.0,"n":1,"date":"28/07/2008"}},{"type":"Feature","geometry":{"type":"Point","coordinates":[-1.09852,44.97734]},"properties":{"depth_m":3.1,"n":1,"date":"28/07/2008"}},{"type":"Feature","geometry":{"type":"Point","coordinates":[-1.09834,44.97735]},"properties":{"depth_m":3.1,"n":1,"date":"28/07/2008"}},{"type":"Feature","geometry":{"type":"Point","coordinates":[-1.09818,44.97735]},"properties":{"depth_m":3.0,"n":1,"date":"28/07/2008"}},{"type":"Feature","geometry":{"type":"Point","coordinates":[-1.09803,44.97735]},"properties":{"depth_m":2.9,"n":1,"date":"28/07/2008"}},{"type":"Feature","geometry":{"type":"Point","coordinates":[-1.09786,44.97737]},"properties":{"depth_m":2.5,"n":1,"date":"28/07/2008"}},{"type":"Feature","geometry":{"type":"Point","coordinates":[-1.09771,44.97738]},"properties":{"depth_m":2.3,"n":1,"date":"28/07/2008"}},{"type":"Feature","geometry":{"type":"Point","coordinates":[-1.11036,44.95682]},"properties":{"depth_m":2.5,"n":1,"date":"28/07/2008"}},{"type":"Feature","geometry":{"type":"Point","coordinates":[-1.09739,44.9774]},"properties":{"depth_m":2.4,"n":1,"date":"28/07/2008"}},{"type":"Feature","geometry":{"type":"Point","coordinates":[-1.09926,44.9768]},"properties":{"depth_m":2.6,"n":1,"date":"28/07/2008"}},{"type":"Feature","geometry":{"type":"Point","coordinates":[-1.09707,44.97743]},"properties":{"depth_m":1.8,"n":1,"date":"28/07/2008"}},{"type":"Feature","geometry":{"type":"Point","coordinates":[-1.09693,44.97743]},"properties":{"depth_m":1.6,"n":1,"date":"28/07/2008"}},{"type":"Feature","geometry":{"type":"Point","coordinates":[-1.09679,44.97745]},"properties":{"depth_m":1.6,"n":1,"date":"28/07/2008"}},{"type":"Feature","geometry":{"type":"Point","coordinates":[-1.09664,44.97746]},"properties":{"depth_m":1.7,"n":1,"date":"28/07/2008"}},{"type":"Feature","geometry":{"type":"Point","coordinates":[-1.0965,44.97748]},"properties":{"depth_m":1.6,"n":1,"date":"28/07/2008"}},{"type":"Feature","geometry":{"type":"Point","coordinates":[-1.09635,44.97751]},"properties":{"depth_m":1.4,"n":1,"date":"28/07/2008"}},{"type":"Feature","geometry":{"type":"Point","coordinates":[-1.09622,44.97755]},"properties":{"depth_m":1.5,"n":1,"date":"28/07/2008"}},{"type":"Feature","geometry":{"type":"Point","coordinates":[-1.09609,44.9776]},"properties":{"depth_m":1.5,"n":1,"date":"28/07/2008"}},{"type":"Feature","geometry":{"type":"Point","coordinates":[-1.09596,44.97766]},"properties":{"depth_m":1.5,"n":1,"date":"28/07/2008"}},{"type":"Feature","geometry":{"type":"Point","coordinates":[-1.09585,44.97771]},"properties":{"depth_m":1.6,"n":1,"date":"28/07/2008"}},{"type":"Feature","geometry":{"type":"Point","coordinates":[-1.09576,44.97778]},"properties":{"depth_m":1.8,"n":1,"date":"28/07/2008"}},{"type":"Feature","geometry":{"type":"Point","coordinates":[-1.09755,44.97739]},"properties":{"depth_m":2.2,"n":1,"date":"28/07/2008"}},{"type":"Feature","geometry":{"type":"Point","coordinates":[-1.10038,44.97582]},"properties":{"depth_m":2.4,"n":1,"date":"28/07/2008"}},{"type":"Feature","geometry":{"type":"Point","coordinates":[-1.10134,44.97465]},"properties":{"depth_m":1.7,"n":1,"date":"28/07/2008"}},{"type":"Feature","geometry":{"type":"Point","coordinates":[-1.10132,44.97475]},"properties":{"depth_m":1.3,"n":1,"date":"28/07/2008"}},{"type":"Feature","geometry":{"type":"Point","coordinates":[-1.10129,44.97485]},"properties":{"depth_m":0.7,"n":1,"date":"28/07/2008"}},{"type":"Feature","geometry":{"type":"Point","coordinates":[-1.10127,44.97495]},"properties":{"depth_m":1.0,"n":1,"date":"28/07/2008"}},{"type":"Feature","geometry":{"type":"Point","coordinates":[-1.10125,44.97505]},"properties":{"depth_m":1.3,"n":1,"date":"28/07/2008"}},{"type":"Feature","geometry":{"type":"Point","coordinates":[-1.10118,44.97515]},"properties":{"depth_m":1.6,"n":1,"date":"28/07/2008"}},{"type":"Feature","geometry":{"type":"Point","coordinates":[-1.10112,44.97525]},"properties":{"depth_m":1.8,"n":1,"date":"28/07/2008"}},{"type":"Feature","geometry":{"type":"Point","coordinates":[-1.10106,44.97534]},"properties":{"depth_m":2.1,"n":1,"date":"28/07/2008"}},{"type":"Feature","geometry":{"type":"Point","coordinates":[-1.10098,44.97542]},"properties":{"depth_m":2.2,"n":1,"date":"28/07/2008"}},{"type":"Feature","geometry":{"type":"Point","coordinates":[-1.1009,44.97551]},"properties":{"depth_m":2.1,"n":1,"date":"28/07/2008"}},{"type":"Feature","geometry":{"type":"Point","coordinates":[-1.10073,44.97559]},"properties":{"depth_m":2.1,"n":1,"date":"28/07/2008"}},{"type":"Feature","geometry":{"type":"Point","coordinates":[-1.09909,44.977]},"properties":{"depth_m":3.8,"n":1,"date":"28/07/2008"}},{"type":"Feature","geometry":{"type":"Point","coordinates":[-1.10048,44.97574]},"properties":{"depth_m":2.4,"n":1,"date":"28/07/2008"}},{"type":"Feature","geometry":{"type":"Point","coordinates":[-1.09918,44.9769]},"properties":{"depth_m":2.8,"n":1,"date":"28/07/2008"}},{"type":"Feature","geometry":{"type":"Point","coordinates":[-1.10027,44.97589]},"properties":{"depth_m":2.3,"n":1,"date":"28/07/2008"}},{"type":"Feature","geometry":{"type":"Point","coordinates":[-1.10017,44.97598]},"properties":{"depth_m":1.9,"n":1,"date":"28/07/2008"}},{"type":"Feature","geometry":{"type":"Point","coordinates":[-1.10007,44.97607]},"properties":{"depth_m":1.7,"n":1,"date":"28/07/2008"}},{"type":"Feature","geometry":{"type":"Point","coordinates":[-1.09997,44.97616]},"properties":{"depth_m":1.5,"n":1,"date":"28/07/2008"}},{"type":"Feature","geometry":{"type":"Point","coordinates":[-1.09986,44.97625]},"properties":{"depth_m":1.4,"n":1,"date":"28/07/2008"}},{"type":"Feature","geometry":{"type":"Point","coordinates":[-1.09976,44.97633]},"properties":{"depth_m":1.4,"n":1,"date":"28/07/2008"}},{"type":"Feature","geometry":{"type":"Point","coordinates":[-1.09967,44.97643]},"properties":{"depth_m":1.8,"n":1,"date":"28/07/2008"}},{"type":"Feature","geometry":{"type":"Point","coordinates":[-1.09958,44.97653]},"properties":{"depth_m":2.3,"n":1,"date":"28/07/2008"}},{"type":"Feature","geometry":{"type":"Point","coordinates":[-1.09946,44.97661]},"properties":{"depth_m":2.5,"n":1,"date":"28/07/2008"}},{"type":"Feature","geometry":{"type":"Point","coordinates":[-1.09935,44.9767]},"properties":{"depth_m":2.6,"n":1,"date":"28/07/2008"}},{"type":"Feature","geometry":{"type":"Point","coordinates":[-1.09554,44.97801]},"properties":{"depth_m":2.2,"n":1,"date":"28/07/2008"}},{"type":"Feature","geometry":{"type":"Point","coordinates":[-1.1006,44.97567]},"properties":{"depth_m":2.2,"n":1,"date":"28/07/2008"}},{"type":"Feature","geometry":{"type":"Point","coordinates":[-1.09395,44.97885]},"properties":{"depth_m":0.5,"n":7,"date":"28/07/2008"}},{"type":"Feature","geometry":{"type":"Point","coordinates":[-1.09568,44.97786]},"properties":{"depth_m":2.0,"n":1,"date":"28/07/2008"}},{"type":"Feature","geometry":{"type":"Point","coordinates":[-1.09398,44.97879]},"properties":{"depth_m":0.65,"n":4,"date":"28/07/2008"}},{"type":"Feature","geometry":{"type":"Point","coordinates":[-1.09398,44.9788]},"properties":{"depth_m":0.7,"n":2,"date":"28/07/2008"}},{"type":"Feature","geometry":{"type":"Point","coordinates":[-1.09397,44.97882]},"properties":{"depth_m":0.6,"n":1,"date":"28/07/2008"}},{"type":"Feature","geometry":{"type":"Point","coordinates":[-1.09397,44.97883]},"properties":{"depth_m":0.5,"n":1,"date":"28/07/2008"}},{"type":"Feature","geometry":{"type":"Point","coordinates":[-1.09396,44.97884]},"properties":{"depth_m":0.5,"n":2,"date":"28/07/2008"}},{"type":"Feature","geometry":{"type":"Point","coordinates":[-1.09399,44.97879]},"properties":{"depth_m":0.5,"n":4,"date":"29/07/2008"}},{"type":"Feature","geometry":{"type":"Point","coordinates":[-1.09399,44.97878]},"properties":{"depth_m":0.65,"n":2,"date":"29/07/2008"}},{"type":"Feature","geometry":{"type":"Point","coordinates":[-1.09396,44.97885]},"properties":{"depth_m":0.5,"n":6,"date":"28/07/2008"}},{"type":"Feature","geometry":{"type":"Point","coordinates":[-1.11125,44.98864]},"properties":{"depth_m":0.9,"n":1,"date":"28/07/2008"}},{"type":"Feature","geometry":{"type":"Point","coordinates":[-1.11942,45.00288]},"properties":{"depth_m":0.5,"n":1,"date":"28/07/2008"}},{"type":"Feature","geometry":{"type":"Point","coordinates":[-1.09425,44.97851]},"properties":{"depth_m":1.9,"n":1,"date":"28/07/2008"}},{"type":"Feature","geometry":{"type":"Point","coordinates":[-1.10136,44.97434]},"properties":{"depth_m":1.5,"n":1,"date":"28/07/2008"}},{"type":"Feature","geometry":{"type":"Point","coordinates":[-1.09547,44.97808]},"properties":{"depth_m":2.3,"n":1,"date":"28/07/2008"}},{"type":"Feature","geometry":{"type":"Point","coordinates":[-1.09537,44.97814]},"properties":{"depth_m":2.3,"n":1,"date":"28/07/2008"}},{"type":"Feature","geometry":{"type":"Point","coordinates":[-1.09526,44.97818]},"properties":{"depth_m":2.1,"n":1,"date":"28/07/2008"}},{"type":"Feature","geometry":{"type":"Point","coordinates":[-1.09515,44.97823]},"properties":{"depth_m":2.1,"n":1,"date":"28/07/2008"}},{"type":"Feature","geometry":{"type":"Point","coordinates":[-1.09504,44.97826]},"properties":{"depth_m":1.6,"n":1,"date":"28/07/2008"}},{"type":"Feature","geometry":{"type":"Point","coordinates":[-1.09493,44.97829]},"properties":{"depth_m":1.6,"n":1,"date":"28/07/2008"}},{"type":"Feature","geometry":{"type":"Point","coordinates":[-1.09481,44.97832]},"properties":{"depth_m":2.0,"n":1,"date":"28/07/2008"}},{"type":"Feature","geometry":{"type":"Point","coordinates":[-1.09472,44.97833]},"properties":{"depth_m":2.1,"n":1,"date":"28/07/2008"}},{"type":"Feature","geometry":{"type":"Point","coordinates":[-1.09463,44.97837]},"properties":{"depth_m":2.2,"n":1,"date":"28/07/2008"}},{"type":"Feature","geometry":{"type":"Point","coordinates":[-1.09449,44.97843]},"properties":{"depth_m":2.1,"n":1,"date":"28/07/2008"}},{"type":"Feature","geometry":{"type":"Point","coordinates":[-1.09435,44.97848]},"properties":{"depth_m":2.0,"n":1,"date":"28/07/2008"}},{"type":"Feature","geometry":{"type":"Point","coordinates":[-1.09561,44.97793]},"properties":{"depth_m":2.1,"n":1,"date":"28/07/2008"}},{"type":"Feature","geometry":{"type":"Point","coordinates":[-1.09421,44.97851]},"properties":{"depth_m":2.0,"n":1,"date":"28/07/2008"}},{"type":"Feature","geometry":{"type":"Point","coordinates":[-1.09418,44.97853]},"properties":{"depth_m":2.0,"n":1,"date":"28/07/2008"}},{"type":"Feature","geometry":{"type":"Point","coordinates":[-1.09416,44.97855]},"properties":{"depth_m":2.1,"n":1,"date":"28/07/2008"}},{"type":"Feature","geometry":{"type":"Point","coordinates":[-1.09414,44.97857]},"properties":{"depth_m":2.1,"n":1,"date":"28/07/2008"}},{"type":"Feature","geometry":{"type":"Point","coordinates":[-1.0941,44.97859]},"properties":{"depth_m":2.0,"n":1,"date":"28/07/2008"}},{"type":"Feature","geometry":{"type":"Point","coordinates":[-1.09407,44.97861]},"properties":{"depth_m":1.9,"n":1,"date":"28/07/2008"}},{"type":"Feature","geometry":{"type":"Point","coordinates":[-1.09403,44.97864]},"properties":{"depth_m":1.7,"n":1,"date":"28/07/2008"}},{"type":"Feature","geometry":{"type":"Point","coordinates":[-1.09401,44.97868]},"properties":{"depth_m":1.4,"n":1,"date":"28/07/2008"}},{"type":"Feature","geometry":{"type":"Point","coordinates":[-1.09401,44.97871]},"properties":{"depth_m":1.3,"n":1,"date":"28/07/2008"}},{"type":"Feature","geometry":{"type":"Point","coordinates":[-1.094,44.97875]},"properties":{"depth_m":0.9,"n":2,"date":"29/07/2008"}},{"type":"Feature","geometry":{"type":"Point","coordinates":[-1.094,44.97877]},"properties":{"depth_m":0.8,"n":1,"date":"28/07/2008"}},{"type":"Feature","geometry":{"type":"Point","coordinates":[-1.09444,44.97845]},"properties":{"depth_m":2.1,"n":1,"date":"28/07/2008"}},{"type":"Feature","geometry":{"type":"Point","coordinates":[-1.1062,44.96538]},"properties":{"depth_m":1.4,"n":1,"date":"28/07/2008"}},{"type":"Feature","geometry":{"type":"Point","coordinates":[-1.10484,44.96844]},"properties":{"depth_m":1.2,"n":1,"date":"28/07/2008"}},{"type":"Feature","geometry":{"type":"Point","coordinates":[-1.10627,44.96353]},"properties":{"depth_m":1.2,"n":1,"date":"28/07/2008"}},{"type":"Feature","geometry":{"type":"Point","coordinates":[-1.10626,44.96375]},"properties":{"depth_m":1.3,"n":1,"date":"28/07/2008"}},{"type":"Feature","geometry":{"type":"Point","coordinates":[-1.10626,44.964]},"properties":{"depth_m":1.1,"n":1,"date":"28/07/2008"}},{"type":"Feature","geometry":{"type":"Point","coordinates":[-1.10622,44.96429]},"properties":{"depth_m":1.0,"n":1,"date":"28/07/2008"}},{"type":"Feature","geometry":{"type":"Point","coordinates":[-1.10617,44.96457]},"properties":{"depth_m":0.7,"n":1,"date":"28/07/2008"}},{"type":"Feature","geometry":{"type":"Point","coordinates":[-1.10616,44.96475]},"properties":{"depth_m":0.6,"n":1,"date":"28/07/2008"}},{"type":"Feature","geometry":{"type":"Point","coordinates":[-1.10616,44.96483]},"properties":{"depth_m":0.7,"n":1,"date":"28/07/2008"}},{"type":"Feature","geometry":{"type":"Point","coordinates":[-1.10621,44.96492]},"properties":{"depth_m":0.9,"n":1,"date":"28/07/2008"}},{"type":"Feature","geometry":{"type":"Point","coordinates":[-1.10623,44.96499]},"properties":{"depth_m":0.8,"n":1,"date":"28/07/2008"}},{"type":"Feature","geometry":{"type":"Point","coordinates":[-1.10622,44.96508]},"properties":{"depth_m":0.8,"n":1,"date":"28/07/2008"}},{"type":"Feature","geometry":{"type":"Point","coordinates":[-1.10639,44.96311]},"properties":{"depth_m":1.4,"n":1,"date":"28/07/2008"}},{"type":"Feature","geometry":{"type":"Point","coordinates":[-1.10622,44.96526]},"properties":{"depth_m":1.0,"n":1,"date":"28/07/2008"}},{"type":"Feature","geometry":{"type":"Point","coordinates":[-1.10657,44.96281]},"properties":{"depth_m":1.9,"n":1,"date":"28/07/2008"}},{"type":"Feature","geometry":{"type":"Point","coordinates":[-1.10619,44.96554]},"properties":{"depth_m":1.8,"n":1,"date":"28/07/2008"}},{"type":"Feature","geometry":{"type":"Point","coordinates":[-1.10615,44.96585]},"properties":{"depth_m":1.9,"n":1,"date":"28/07/2008"}},{"type":"Feature","geometry":{"type":"Point","coordinates":[-1.10603,44.96622]},"properties":{"depth_m":1.8,"n":1,"date":"28/07/2008"}},{"type":"Feature","geometry":{"type":"Point","coordinates":[-1.10588,44.96651]},"properties":{"depth_m":1.2,"n":1,"date":"28/07/2008"}},{"type":"Feature","geometry":{"type":"Point","coordinates":[-1.10577,44.96673]},"properties":{"depth_m":1.3,"n":1,"date":"28/07/2008"}},{"type":"Feature","geometry":{"type":"Point","coordinates":[-1.10567,44.96693]},"properties":{"depth_m":1.5,"n":1,"date":"28/07/2008"}},{"type":"Feature","geometry":{"type":"Point","coordinates":[-1.10558,44.96711]},"properties":{"depth_m":1.7,"n":1,"date":"28/07/2008"}},{"type":"Feature","geometry":{"type":"Point","coordinates":[-1.10548,44.96735]},"properties":{"depth_m":2.0,"n":1,"date":"28/07/2008"}},{"type":"Feature","geometry":{"type":"Point","coordinates":[-1.10535,44.96764]},"properties":{"depth_m":2.8,"n":1,"date":"28/07/2008"}},{"type":"Feature","geometry":{"type":"Point","coordinates":[-1.10517,44.96789]},"properties":{"depth_m":2.2,"n":1,"date":"28/07/2008"}},{"type":"Feature","geometry":{"type":"Point","coordinates":[-1.10133,44.97454]},"properties":{"depth_m":1.7,"n":1,"date":"28/07/2008"}},{"type":"Feature","geometry":{"type":"Point","coordinates":[-1.10622,44.96517]},"properties":{"depth_m":1.0,"n":1,"date":"28/07/2008"}},{"type":"Feature","geometry":{"type":"Point","coordinates":[-1.10987,44.95972]},"properties":{"depth_m":4.3,"n":1,"date":"28/07/2008"}},{"type":"Feature","geometry":{"type":"Point","coordinates":[-1.0944,44.97847]},"properties":{"depth_m":1.9,"n":1,"date":"28/07/2008"}},{"type":"Feature","geometry":{"type":"Point","coordinates":[-1.11081,44.95753]},"properties":{"depth_m":1.8,"n":1,"date":"28/07/2008"}},{"type":"Feature","geometry":{"type":"Point","coordinates":[-1.11093,44.95775]},"properties":{"depth_m":1.5,"n":1,"date":"28/07/2008"}},{"type":"Feature","geometry":{"type":"Point","coordinates":[-1.11105,44.95797]},"properties":{"depth_m":0.9,"n":1,"date":"28/07/2008"}},{"type":"Feature","geometry":{"type":"Point","coordinates":[-1.11112,44.95815]},"properties":{"depth_m":1.1,"n":1,"date":"28/07/2008"}},{"type":"Feature","geometry":{"type":"Point","coordinates":[-1.11114,44.95835]},"properties":{"depth_m":1.5,"n":1,"date":"28/07/2008"}},{"type":"Feature","geometry":{"type":"Point","coordinates":[-1.11111,44.95847]},"properties":{"depth_m":1.5,"n":1,"date":"28/07/2008"}},{"type":"Feature","geometry":{"type":"Point","coordinates":[-1.11099,44.95856]},"properties":{"depth_m":2.0,"n":1,"date":"28/07/2008"}},{"type":"Feature","geometry":{"type":"Point","coordinates":[-1.11084,44.95863]},"properties":{"depth_m":2.7,"n":1,"date":"28/07/2008"}},{"type":"Feature","geometry":{"type":"Point","coordinates":[-1.1107,44.95875]},"properties":{"depth_m":3.6,"n":1,"date":"28/07/2008"}},{"type":"Feature","geometry":{"type":"Point","coordinates":[-1.11058,44.95888]},"properties":{"depth_m":3.4,"n":1,"date":"28/07/2008"}},{"type":"Feature","geometry":{"type":"Point","coordinates":[-1.10633,44.96333]},"properties":{"depth_m":1.3,"n":1,"date":"28/07/2008"}},{"type":"Feature","geometry":{"type":"Point","coordinates":[-1.11011,44.95946]},"properties":{"depth_m":4.2,"n":1,"date":"28/07/2008"}},{"type":"Feature","geometry":{"type":"Point","coordinates":[-1.10465,44.96878]},"properties":{"depth_m":1.6,"n":1,"date":"28/07/2008"}},{"type":"Feature","geometry":{"type":"Point","coordinates":[-1.10961,44.95997]},"properties":{"depth_m":3.5,"n":1,"date":"28/07/2008"}},{"type":"Feature","geometry":{"type":"Point","coordinates":[-1.10938,44.96023]},"properties":{"depth_m":3.1,"n":1,"date":"28/07/2008"}},{"type":"Feature","geometry":{"type":"Point","coordinates":[-1.10914,44.96049]},"properties":{"depth_m":3.2,"n":1,"date":"28/07/2008"}},{"type":"Feature","geometry":{"type":"Point","coordinates":[-1.10887,44.96078]},"properties":{"depth_m":3.8,"n":1,"date":"28/07/2008"}},{"type":"Feature","geometry":{"type":"Point","coordinates":[-1.10864,44.96099]},"properties":{"depth_m":3.7,"n":1,"date":"28/07/2008"}},{"type":"Feature","geometry":{"type":"Point","coordinates":[-1.10825,44.96126]},"properties":{"depth_m":2.9,"n":1,"date":"28/07/2008"}},{"type":"Feature","geometry":{"type":"Point","coordinates":[-1.1079,44.96146]},"properties":{"depth_m":2.5,"n":1,"date":"28/07/2008"}},{"type":"Feature","geometry":{"type":"Point","coordinates":[-1.10759,44.96174]},"properties":{"depth_m":3.0,"n":1,"date":"28/07/2008"}},{"type":"Feature","geometry":{"type":"Point","coordinates":[-1.10733,44.96198]},"properties":{"depth_m":3.3,"n":1,"date":"28/07/2008"}},{"type":"Feature","geometry":{"type":"Point","coordinates":[-1.10703,44.96225]},"properties":{"depth_m":3.0,"n":1,"date":"28/07/2008"}},{"type":"Feature","geometry":{"type":"Point","coordinates":[-1.10684,44.96249]},"properties":{"depth_m":2.4,"n":1,"date":"28/07/2008"}},{"type":"Feature","geometry":{"type":"Point","coordinates":[-1.11038,44.95912]},"properties":{"depth_m":4.4,"n":1,"date":"28/07/2008"}},{"type":"Feature","geometry":{"type":"Point","coordinates":[-1.10202,44.97324]},"properties":{"depth_m":1.2,"n":1,"date":"28/07/2008"}},{"type":"Feature","geometry":{"type":"Point","coordinates":[-1.10502,44.96813]},"properties":{"depth_m":1.4,"n":1,"date":"28/07/2008"}},{"type":"Feature","geometry":{"type":"Point","coordinates":[-1.10277,44.97248]},"properties":{"depth_m":0.8,"n":1,"date":"28/07/2008"}},{"type":"Feature","geometry":{"type":"Point","coordinates":[-1.10274,44.97254]},"properties":{"depth_m":0.8,"n":1,"date":"28/07/2008"}},{"type":"Feature","geometry":{"type":"Point","coordinates":[-1.1027,44.97259]},"properties":{"depth_m":0.8,"n":1,"date":"28/07/2008"}},{"type":"Feature","geometry":{"type":"Point","coordinates":[-1.10265,44.97265]},"properties":{"depth_m":1.0,"n":1,"date":"28/07/2008"}},{"type":"Feature","geometry":{"type":"Point","coordinates":[-1.10263,44.9727]},"properties":{"depth_m":1.0,"n":1,"date":"28/07/2008"}},{"type":"Feature","geometry":{"type":"Point","coordinates":[-1.10261,44.97275]},"properties":{"depth_m":1.0,"n":1,"date":"28/07/2008"}},{"type":"Feature","geometry":{"type":"Point","coordinates":[-1.10253,44.9728]},"properties":{"depth_m":1.0,"n":1,"date":"28/07/2008"}},{"type":"Feature","geometry":{"type":"Point","coordinates":[-1.10244,44.97285]},"properties":{"depth_m":1.1,"n":1,"date":"28/07/2008"}},{"type":"Feature","geometry":{"type":"Point","coordinates":[-1.10235,44.97292]},"properties":{"depth_m":1.0,"n":1,"date":"28/07/2008"}},{"type":"Feature","geometry":{"type":"Point","coordinates":[-1.10225,44.97298]},"properties":{"depth_m":1.1,"n":1,"date":"28/07/2008"}},{"type":"Feature","geometry":{"type":"Point","coordinates":[-1.10295,44.97212]},"properties":{"depth_m":0.5,"n":1,"date":"28/07/2008"}},{"type":"Feature","geometry":{"type":"Point","coordinates":[-1.10209,44.97316]},"properties":{"depth_m":1.2,"n":1,"date":"28/07/2008"}},{"type":"Feature","geometry":{"type":"Point","coordinates":[-1.10295,44.97207]},"properties":{"depth_m":0.4,"n":1,"date":"28/07/2008"}},{"type":"Feature","geometry":{"type":"Point","coordinates":[-1.10196,44.97334]},"properties":{"depth_m":1.1,"n":1,"date":"28/07/2008"}},{"type":"Feature","geometry":{"type":"Point","coordinates":[-1.1019,44.97345]},"properties":{"depth_m":1.2,"n":1,"date":"28/07/2008"}},{"type":"Feature","geometry":{"type":"Point","coordinates":[-1.10184,44.97355]},"properties":{"depth_m":1.2,"n":1,"date":"28/07/2008"}},{"type":"Feature","geometry":{"type":"Point","coordinates":[-1.10178,44.97366]},"properties":{"depth_m":1.1,"n":1,"date":"28/07/2008"}},{"type":"Feature","geometry":{"type":"Point","coordinates":[-1.10173,44.97376]},"properties":{"depth_m":1.1,"n":1,"date":"28/07/2008"}},{"type":"Feature","geometry":{"type":"Point","coordinates":[-1.10168,44.97387]},"properties":{"depth_m":1.2,"n":1,"date":"28/07/2008"}},{"type":"Feature","geometry":{"type":"Point","coordinates":[-1.10161,44.97397]},"properties":{"depth_m":1.2,"n":1,"date":"28/07/2008"}},{"type":"Feature","geometry":{"type":"Point","coordinates":[-1.10152,44.97404]},"properties":{"depth_m":2.0,"n":1,"date":"28/07/2008"}},{"type":"Feature","geometry":{"type":"Point","coordinates":[-1.10146,44.97413]},"properties":{"depth_m":1.9,"n":1,"date":"28/07/2008"}},{"type":"Feature","geometry":{"type":"Point","coordinates":[-1.10141,44.97423]},"properties":{"depth_m":1.8,"n":1,"date":"28/07/2008"}},{"type":"Feature","geometry":{"type":"Point","coordinates":[-1.11055,44.95711]},"properties":{"depth_m":2.4,"n":1,"date":"28/07/2008"}},{"type":"Feature","geometry":{"type":"Point","coordinates":[-1.10217,44.97307]},"properties":{"depth_m":1.2,"n":1,"date":"28/07/2008"}},{"type":"Feature","geometry":{"type":"Point","coordinates":[-1.10326,44.97184]},"properties":{"depth_m":0.5,"n":1,"date":"28/07/2008"}},{"type":"Feature","geometry":{"type":"Point","coordinates":[-1.10448,44.96906]},"properties":{"depth_m":1.7,"n":1,"date":"28/07/2008"}},{"type":"Feature","geometry":{"type":"Point","coordinates":[-1.10429,44.9693]},"properties":{"depth_m":1.8,"n":1,"date":"28/07/2008"}},{"type":"Feature","geometry":{"type":"Point","coordinates":[-1.10417,44.96951]},"properties":{"depth_m":1.5,"n":1,"date":"28/07/2008"}},{"type":"Feature","geometry":{"type":"Point","coordinates":[-1.10406,44.96974]},"properties":{"depth_m":1.5,"n":1,"date":"28/07/2008"}},{"type":"Feature","geometry":{"type":"Point","coordinates":[-1.10393,44.97008]},"properties":{"depth_m":1.4,"n":1,"date":"28/07/2008"}},{"type":"Feature","geometry":{"type":"Point","coordinates":[-1.10381,44.97038]},"properties":{"depth_m":1.2,"n":1,"date":"28/07/2008"}},{"type":"Feature","geometry":{"type":"Point","coordinates":[-1.10373,44.97057]},"properties":{"depth_m":1.0,"n":1,"date":"28/07/2008"}},{"type":"Feature","geometry":{"type":"Point","coordinates":[-1.10365,44.97087]},"properties":{"depth_m":1.3,"n":1,"date":"28/07/2008"}},{"type":"Feature","geometry":{"type":"Point","coordinates":[-1.10361,44.97109]},"properties":{"depth_m":2.0,"n":1,"date":"28/07/2008"}},{"type":"Feature","geometry":{"type":"Point","coordinates":[-1.10357,44.97123]},"properties":{"depth_m":1.0,"n":1,"date":"28/07/2008"}},{"type":"Feature","geometry":{"type":"Point","coordinates":[-1.10354,44.97134]},"properties":{"depth_m":0.7,"n":1,"date":"28/07/2008"}},{"type":"Feature","geometry":{"type":"Point","coordinates":[-1.10278,44.97242]},"properties":{"depth_m":0.6,"n":1,"date":"28/07/2008"}},{"type":"Feature","geometry":{"type":"Point","coordinates":[-1.10334,44.9717]},"properties":{"depth_m":0.5,"n":1,"date":"28/07/2008"}},{"type":"Feature","geometry":{"type":"Point","coordinates":[-1.10134,44.97444]},"properties":{"depth_m":1.8,"n":1,"date":"28/07/2008"}},{"type":"Feature","geometry":{"type":"Point","coordinates":[-1.10316,44.97201]},"properties":{"depth_m":0.4,"n":1,"date":"28/07/2008"}},{"type":"Feature","geometry":{"type":"Point","coordinates":[-1.10309,44.97206]},"properties":{"depth_m":0.4,"n":1,"date":"28/07/2008"}},{"type":"Feature","geometry":{"type":"Point","coordinates":[-1.10305,44.97206]},"properties":{"depth_m":0.4,"n":1,"date":"28/07/2008"}},{"type":"Feature","geometry":{"type":"Point","coordinates":[-1.10303,44.97204]},"properties":{"depth_m":0.4,"n":1,"date":"28/07/2008"}},{"type":"Feature","geometry":{"type":"Point","coordinates":[-1.10305,44.97202]},"properties":{"depth_m":0.4,"n":1,"date":"28/07/2008"}},{"type":"Feature","geometry":{"type":"Point","coordinates":[-1.10306,44.97199]},"properties":{"depth_m":0.4,"n":1,"date":"28/07/2008"}},{"type":"Feature","geometry":{"type":"Point","coordinates":[-1.10304,44.97197]},"properties":{"depth_m":0.5,"n":1,"date":"28/07/2008"}},{"type":"Feature","geometry":{"type":"Point","coordinates":[-1.10301,44.97196]},"properties":{"depth_m":0.4,"n":1,"date":"28/07/2008"}},{"type":"Feature","geometry":{"type":"Point","coordinates":[-1.10296,44.97198]},"properties":{"depth_m":0.4,"n":1,"date":"28/07/2008"}},{"type":"Feature","geometry":{"type":"Point","coordinates":[-1.10293,44.97201]},"properties":{"depth_m":0.4,"n":1,"date":"28/07/2008"}},{"type":"Feature","geometry":{"type":"Point","coordinates":[-1.10294,44.97204]},"properties":{"depth_m":0.4,"n":1,"date":"28/07/2008"}},{"type":"Feature","geometry":{"type":"Point","coordinates":[-1.10343,44.97152]},"properties":{"depth_m":0.8,"n":1,"date":"28/07/2008"}},{"type":"Feature","geometry":{"type":"Point","coordinates":[-1.10816,44.98367]},"properties":{"depth_m":0.7,"n":1,"date":"28/07/2008"}},{"type":"Feature","geometry":{"type":"Point","coordinates":[-1.10829,44.98383]},"properties":{"depth_m":0.7,"n":1,"date":"28/07/2008"}},{"type":"Feature","geometry":{"type":"Point","coordinates":[-1.10828,44.98383]},"properties":{"depth_m":0.7,"n":1,"date":"28/07/2008"}},{"type":"Feature","geometry":{"type":"Point","coordinates":[-1.10827,44.98383]},"properties":{"depth_m":0.7,"n":1,"date":"28/07/2008"}},{"type":"Feature","geometry":{"type":"Point","coordinates":[-1.10825,44.98382]},"properties":{"depth_m":0.7,"n":1,"date":"28/07/2008"}},{"type":"Feature","geometry":{"type":"Point","coordinates":[-1.10825,44.98381]},"properties":{"depth_m":0.7,"n":1,"date":"28/07/2008"}},{"type":"Feature","geometry":{"type":"Point","coordinates":[-1.10824,44.98381]},"properties":{"depth_m":0.7,"n":1,"date":"28/07/2008"}},{"type":"Feature","geometry":{"type":"Point","coordinates":[-1.10823,44.9838]},"properties":{"depth_m":0.7,"n":1,"date":"28/07/2008"}},{"type":"Feature","geometry":{"type":"Point","coordinates":[-1.10822,44.9838]},"properties":{"depth_m":0.7,"n":1,"date":"28/07/2008"}},{"type":"Feature","geometry":{"type":"Point","coordinates":[-1.1082,44.9838]},"properties":{"depth_m":0.7,"n":1,"date":"28/07/2008"}},{"type":"Feature","geometry":{"type":"Point","coordinates":[-1.10819,44.98379]},"properties":{"depth_m":0.7,"n":1,"date":"28/07/2008"}},{"type":"Feature","geometry":{"type":"Point","coordinates":[-1.10775,44.98558]},"properties":{"depth_m":0.5,"n":1,"date":"28/07/2008"}},{"type":"Feature","geometry":{"type":"Point","coordinates":[-1.10816,44.98372]},"properties":{"depth_m":0.7,"n":1,"date":"28/07/2008"}},{"type":"Feature","geometry":{"type":"Point","coordinates":[-1.10831,44.98386]},"properties":{"depth_m":0.7,"n":1,"date":"28/07/2008"}},{"type":"Feature","geometry":{"type":"Point","coordinates":[-1.10814,44.98361]},"properties":{"depth_m":0.7,"n":1,"date":"28/07/2008"}},{"type":"Feature","geometry":{"type":"Point","coordinates":[-1.1081,44.98356]},"properties":{"depth_m":0.6,"n":1,"date":"28/07/2008"}},{"type":"Feature","geometry":{"type":"Point","coordinates":[-1.10803,44.98351]},"properties":{"depth_m":0.6,"n":1,"date":"28/07/2008"}},{"type":"Feature","geometry":{"type":"Point","coordinates":[-1.10795,44.98347]},"properties":{"depth_m":0.6,"n":1,"date":"28/07/2008"}},{"type":"Feature","geometry":{"type":"Point","coordinates":[-1.10786,44.98342]},"properties":{"depth_m":0.6,"n":1,"date":"28/07/2008"}},{"type":"Feature","geometry":{"type":"Point","coordinates":[-1.10776,44.98338]},"properties":{"depth_m":0.6,"n":1,"date":"28/07/2008"}},{"type":"Feature","geometry":{"type":"Point","coordinates":[-1.10767,44.98333]},"properties":{"depth_m":0.6,"n":1,"date":"28/07/2008"}},{"type":"Feature","geometry":{"type":"Point","coordinates":[-1.10758,44.98329]},"properties":{"depth_m":0.7,"n":1,"date":"28/07/2008"}},{"type":"Feature","geometry":{"type":"Point","coordinates":[-1.10749,44.98324]},"properties":{"depth_m":0.7,"n":1,"date":"28/07/2008"}},{"type":"Feature","geometry":{"type":"Point","coordinates":[-1.10742,44.98318]},"properties":{"depth_m":0.8,"n":1,"date":"28/07/2008"}},{"type":"Feature","geometry":{"type":"Point","coordinates":[-1.10735,44.98311]},"properties":{"depth_m":0.7,"n":1,"date":"28/07/2008"}},{"type":"Feature","geometry":{"type":"Point","coordinates":[-1.10817,44.98377]},"properties":{"depth_m":0.7,"n":1,"date":"28/07/2008"}},{"type":"Feature","geometry":{"type":"Point","coordinates":[-1.10802,44.98453]},"properties":{"depth_m":0.5,"n":1,"date":"28/07/2008"}},{"type":"Feature","geometry":{"type":"Point","coordinates":[-1.09888,44.97638]},"properties":{"depth_m":2.2,"n":1,"date":"28/07/2008"}},{"type":"Feature","geometry":{"type":"Point","coordinates":[-1.10779,44.98544]},"properties":{"depth_m":0.5,"n":1,"date":"28/07/2008"}},{"type":"Feature","geometry":{"type":"Point","coordinates":[-1.1078,44.98537]},"properties":{"depth_m":0.5,"n":1,"date":"28/07/2008"}},{"type":"Feature","geometry":{"type":"Point","coordinates":[-1.10782,44.98531]},"properties":{"depth_m":0.5,"n":1,"date":"28/07/2008"}},{"type":"Feature","geometry":{"type":"Point","coordinates":[-1.10783,44.98524]},"properties":{"depth_m":0.6,"n":1,"date":"28/07/2008"}},{"type":"Feature","geometry":{"type":"Point","coordinates":[-1.10785,44.98517]},"properties":{"depth_m":0.6,"n":1,"date":"28/07/2008"}},{"type":"Feature","geometry":{"type":"Point","coordinates":[-1.10786,44.9851]},"properties":{"depth_m":0.6,"n":1,"date":"28/07/2008"}},{"type":"Feature","geometry":{"type":"Point","coordinates":[-1.10786,44.98507]},"properties":{"depth_m":0.6,"n":1,"date":"28/07/2008"}},{"type":"Feature","geometry":{"type":"Point","coordinates":[-1.10786,44.98484]},"properties":{"depth_m":0.5,"n":1,"date":"28/07/2008"}},{"type":"Feature","geometry":{"type":"Point","coordinates":[-1.1079,44.98478]},"properties":{"depth_m":0.6,"n":1,"date":"28/07/2008"}},{"type":"Feature","geometry":{"type":"Point","coordinates":[-1.1079,44.98473]},"properties":{"depth_m":0.5,"n":1,"date":"28/07/2008"}},{"type":"Feature","geometry":{"type":"Point","coordinates":[-1.1083,44.98383]},"properties":{"depth_m":0.7,"n":1,"date":"28/07/2008"}},{"type":"Feature","geometry":{"type":"Point","coordinates":[-1.10799,44.98459]},"properties":{"depth_m":0.6,"n":1,"date":"28/07/2008"}},{"type":"Feature","geometry":{"type":"Point","coordinates":[-1.10831,44.98384]},"properties":{"depth_m":0.7,"n":1,"date":"28/07/2008"}},{"type":"Feature","geometry":{"type":"Point","coordinates":[-1.10805,44.98447]},"properties":{"depth_m":0.5,"n":1,"date":"28/07/2008"}},{"type":"Feature","geometry":{"type":"Point","coordinates":[-1.10808,44.9844]},"properties":{"depth_m":0.5,"n":1,"date":"28/07/2008"}},{"type":"Feature","geometry":{"type":"Point","coordinates":[-1.10811,44.98437]},"properties":{"depth_m":0.6,"n":1,"date":"28/07/2008"}},{"type":"Feature","geometry":{"type":"Point","coordinates":[-1.10819,44.98433]},"properties":{"depth_m":0.7,"n":1,"date":"28/07/2008"}},{"type":"Feature","geometry":{"type":"Point","coordinates":[-1.10823,44.98426]},"properties":{"depth_m":0.8,"n":1,"date":"28/07/2008"}},{"type":"Feature","geometry":{"type":"Point","coordinates":[-1.10826,44.98417]},"properties":{"depth_m":0.7,"n":1,"date":"28/07/2008"}},{"type":"Feature","geometry":{"type":"Point","coordinates":[-1.10829,44.98408]},"properties":{"depth_m":0.5,"n":1,"date":"28/07/2008"}},{"type":"Feature","geometry":{"type":"Point","coordinates":[-1.1083,44.98399]},"properties":{"depth_m":0.6,"n":1,"date":"28/07/2008"}},{"type":"Feature","geometry":{"type":"Point","coordinates":[-1.10831,44.98393]},"properties":{"depth_m":0.7,"n":1,"date":"28/07/2008"}},{"type":"Feature","geometry":{"type":"Point","coordinates":[-1.10832,44.98389]},"properties":{"depth_m":0.7,"n":1,"date":"28/07/2008"}},{"type":"Feature","geometry":{"type":"Point","coordinates":[-1.10712,44.98286]},"properties":{"depth_m":1.0,"n":1,"date":"28/07/2008"}},{"type":"Feature","geometry":{"type":"Point","coordinates":[-1.10795,44.98466]},"properties":{"depth_m":0.5,"n":1,"date":"28/07/2008"}},{"type":"Feature","geometry":{"type":"Point","coordinates":[-1.10113,44.97664]},"properties":{"depth_m":3.5,"n":1,"date":"28/07/2008"}},{"type":"Feature","geometry":{"type":"Point","coordinates":[-1.10727,44.98303]},"properties":{"depth_m":0.8,"n":1,"date":"28/07/2008"}},{"type":"Feature","geometry":{"type":"Point","coordinates":[-1.10303,44.97794]},"properties":{"depth_m":3.4,"n":1,"date":"28/07/2008"}},{"type":"Feature","geometry":{"type":"Point","coordinates":[-1.10299,44.97766]},"properties":{"depth_m":2.9,"n":1,"date":"28/07/2008"}},{"type":"Feature","geometry":{"type":"Point","coordinates":[-1.10295,44.97738]},"properties":{"depth_m":2.6,"n":1,"date":"28/07/2008"}},{"type":"Feature","geometry":{"type":"Point","coordinates":[-1.1029,44.9771]},"properties":{"depth_m":2.4,"n":1,"date":"28/07/2008"}},{"type":"Feature","geometry":{"type":"Point","coordinates":[-1.10281,44.97687]},"properties":{"depth_m":2.8,"n":1,"date":"28/07/2008"}},{"type":"Feature","geometry":{"type":"Point","coordinates":[-1.1027,44.97671]},"properties":{"depth_m":3.0,"n":1,"date":"28/07/2008"}},{"type":"Feature","geometry":{"type":"Point","coordinates":[-1.10261,44.97657]},"properties":{"depth_m":2.9,"n":1,"date":"28/07/2008"}},{"type":"Feature","geometry":{"type":"Point","coordinates":[-1.10243,44.97649]},"properties":{"depth_m":2.7,"n":1,"date":"28/07/2008"}},{"type":"Feature","geometry":{"type":"Point","coordinates":[-1.1022,44.97651]},"properties":{"depth_m":2.5,"n":1,"date":"28/07/2008"}},{"type":"Feature","geometry":{"type":"Point","coordinates":[-1.10197,44.97654]},"properties":{"depth_m":2.2,"n":1,"date":"28/07/2008"}},{"type":"Feature","geometry":{"type":"Point","coordinates":[-1.1032,44.97848]},"properties":{"depth_m":3.2,"n":1,"date":"28/07/2008"}},{"type":"Feature","geometry":{"type":"Point","coordinates":[-1.10145,44.97656]},"properties":{"depth_m":1.9,"n":1,"date":"28/07/2008"}},{"type":"Feature","geometry":{"type":"Point","coordinates":[-1.10326,44.97875]},"properties":{"depth_m":5.1,"n":1,"date":"28/07/2008"}},{"type":"Feature","geometry":{"type":"Point","coordinates":[-1.10069,44.97675]},"properties":{"depth_m":4.4,"n":1,"date":"28/07/2008"}},{"type":"Feature","geometry":{"type":"Point","coordinates":[-1.10036,44.97681]},"properties":{"depth_m":4.0,"n":1,"date":"28/07/2008"}},{"type":"Feature","geometry":{"type":"Point","coordinates":[-1.10022,44.97683]},"properties":{"depth_m":3.1,"n":1,"date":"28/07/2008"}},{"type":"Feature","geometry":{"type":"Point","coordinates":[-1.10001,44.97683]},"properties":{"depth_m":2.5,"n":1,"date":"28/07/2008"}},{"type":"Feature","geometry":{"type":"Point","coordinates":[-1.09984,44.97678]},"properties":{"depth_m":2.5,"n":1,"date":"28/07/2008"}},{"type":"Feature","geometry":{"type":"Point","coordinates":[-1.09968,44.97673]},"properties":{"depth_m":2.5,"n":1,"date":"28/07/2008"}},{"type":"Feature","geometry":{"type":"Point","coordinates":[-1.09951,44.97668]},"properties":{"depth_m":2.6,"n":1,"date":"28/07/2008"}},{"type":"Feature","geometry":{"type":"Point","coordinates":[-1.09935,44.97661]},"properties":{"depth_m":2.5,"n":1,"date":"28/07/2008"}},{"type":"Feature","geometry":{"type":"Point","coordinates":[-1.09922,44.97656]},"properties":{"depth_m":2.5,"n":1,"date":"28/07/2008"}},{"type":"Feature","geometry":{"type":"Point","coordinates":[-1.09912,44.97651]},"properties":{"depth_m":2.3,"n":1,"date":"28/07/2008"}},{"type":"Feature","geometry":{"type":"Point","coordinates":[-1.099,44.97646]},"properties":{"depth_m":2.2,"n":1,"date":"28/07/2008"}},{"type":"Feature","geometry":{"type":"Point","coordinates":[-1.10174,44.97654]},"properties":{"depth_m":2.0,"n":1,"date":"28/07/2008"}},{"type":"Feature","geometry":{"type":"Point","coordinates":[-1.1057,44.98143]},"properties":{"depth_m":3.4,"n":1,"date":"28/07/2008"}},{"type":"Feature","geometry":{"type":"Point","coordinates":[-1.10773,44.98564]},"properties":{"depth_m":0.5,"n":1,"date":"28/07/2008"}},{"type":"Feature","geometry":{"type":"Point","coordinates":[-1.10706,44.98277]},"properties":{"depth_m":0.9,"n":1,"date":"28/07/2008"}},{"type":"Feature","geometry":{"type":"Point","coordinates":[-1.107,44.98267]},"properties":{"depth_m":0.9,"n":1,"date":"28/07/2008"}},{"type":"Feature","geometry":{"type":"Point","coordinates":[-1.10695,44.98256]},"properties":{"depth_m":0.9,"n":1,"date":"28/07/2008"}},{"type":"Feature","geometry":{"type":"Point","coordinates":[-1.10691,44.98244]},"properties":{"depth_m":0.9,"n":1,"date":"28/07/2008"}},{"type":"Feature","geometry":{"type":"Point","coordinates":[-1.10686,44.98233]},"properties":{"depth_m":1.0,"n":1,"date":"28/07/2008"}},{"type":"Feature","geometry":{"type":"Point","coordinates":[-1.10681,44.98221]},"properties":{"depth_m":1.7,"n":1,"date":"28/07/2008"}},{"type":"Feature","geometry":{"type":"Point","coordinates":[-1.10675,44.98207]},"properties":{"depth_m":3.0,"n":1,"date":"28/07/2008"}},{"type":"Feature","geometry":{"type":"Point","coordinates":[-1.10665,44.98196]},"properties":{"depth_m":3.2,"n":1,"date":"28/07/2008"}},{"type":"Feature","geometry":{"type":"Point","coordinates":[-1.10649,44.98187]},"properties":{"depth_m":3.2,"n":1,"date":"28/07/2008"}},{"type":"Feature","geometry":{"type":"Point","coordinates":[-1.10634,44.98179]},"properties":{"depth_m":3.3,"n":1,"date":"28/07/2008"}},{"type":"Feature","geometry":{"type":"Point","coordinates":[-1.10312,44.97821]},"properties":{"depth_m":3.7,"n":1,"date":"28/07/2008"}},{"type":"Feature","geometry":{"type":"Point","coordinates":[-1.10592,44.98156]},"properties":{"depth_m":3.3,"n":1,"date":"28/07/2008"}},{"type":"Feature","geometry":{"type":"Point","coordinates":[-1.10719,44.98295]},"properties":{"depth_m":0.8,"n":1,"date":"28/07/2008"}},{"type":"Feature","geometry":{"type":"Point","coordinates":[-1.10552,44.98132]},"properties":{"depth_m":3.6,"n":1,"date":"28/07/2008"}},{"type":"Feature","geometry":{"type":"Point","coordinates":[-1.10529,44.98118]},"properties":{"depth_m":3.7,"n":1,"date":"28/07/2008"}},{"type":"Feature","geometry":{"type":"Point","coordinates":[-1.10504,44.98102]},"properties":{"depth_m":3.9,"n":1,"date":"28/07/2008"}},{"type":"Feature","geometry":{"type":"Point","coordinates":[-1.10478,44.98083]},"properties":{"depth_m":3.9,"n":1,"date":"28/07/2008"}},{"type":"Feature","geometry":{"type":"Point","coordinates":[-1.10447,44.98057]},"properties":{"depth_m":3.7,"n":1,"date":"28/07/2008"}},{"type":"Feature","geometry":{"type":"Point","coordinates":[-1.10421,44.98029]},"properties":{"depth_m":3.6,"n":1,"date":"28/07/2008"}},{"type":"Feature","geometry":{"type":"Point","coordinates":[-1.10399,44.98006]},"properties":{"depth_m":4.3,"n":1,"date":"28/07/2008"}},{"type":"Feature","geometry":{"type":"Point","coordinates":[-1.10378,44.97977]},"properties":{"depth_m":4.3,"n":1,"date":"28/07/2008"}},{"type":"Feature","geometry":{"type":"Point","coordinates":[-1.10362,44.97953]},"properties":{"depth_m":4.7,"n":1,"date":"28/07/2008"}},{"type":"Feature","geometry":{"type":"Point","coordinates":[-1.10344,44.97926]},"properties":{"depth_m":4.8,"n":1,"date":"28/07/2008"}},{"type":"Feature","geometry":{"type":"Point","coordinates":[-1.10334,44.97902]},"properties":{"depth_m":4.6,"n":1,"date":"28/07/2008"}},{"type":"Feature","geometry":{"type":"Point","coordinates":[-1.10611,44.98167]},"properties":{"depth_m":3.3,"n":1,"date":"28/07/2008"}},{"type":"Feature","geometry":{"type":"Point","coordinates":[-1.10672,44.98892]},"properties":{"depth_m":1.8,"n":1,"date":"28/07/2008"}},{"type":"Feature","geometry":{"type":"Point","coordinates":[-1.10751,44.98858]},"properties":{"depth_m":1.8,"n":1,"date":"28/07/2008"}},{"type":"Feature","geometry":{"type":"Point","coordinates":[-1.10743,44.98861]},"properties":{"depth_m":1.8,"n":1,"date":"28/07/2008"}},{"type":"Feature","geometry":{"type":"Point","coordinates":[-1.10735,44.98865]},"properties":{"depth_m":1.8,"n":2,"date":"28/07/2008"}},{"type":"Feature","geometry":{"type":"Point","coordinates":[-1.10727,44.98868]},"properties":{"depth_m":1.8,"n":1,"date":"28/07/2008"}},{"type":"Feature","geometry":{"type":"Point","coordinates":[-1.10719,44.98872]},"properties":{"depth_m":1.8,"n":1,"date":"28/07/2008"}},{"type":"Feature","geometry":{"type":"Point","coordinates":[-1.10712,44.98876]},"properties":{"depth_m":1.7,"n":1,"date":"28/07/2008"}},{"type":"Feature","geometry":{"type":"Point","coordinates":[-1.10707,44.98879]},"properties":{"depth_m":1.7,"n":1,"date":"28/07/2008"}},{"type":"Feature","geometry":{"type":"Point","coordinates":[-1.10701,44.98882]},"properties":{"depth_m":1.7,"n":1,"date":"28/07/2008"}},{"type":"Feature","geometry":{"type":"Point","coordinates":[-1.10695,44.98885]},"properties":{"depth_m":1.7,"n":1,"date":"28/07/2008"}},{"type":"Feature","geometry":{"type":"Point","coordinates":[-1.1069,44.98887]},"properties":{"depth_m":1.7,"n":1,"date":"28/07/2008"}},{"type":"Feature","geometry":{"type":"Point","coordinates":[-1.10779,44.98552]},"properties":{"depth_m":0.5,"n":1,"date":"28/07/2008"}},{"type":"Feature","geometry":{"type":"Point","coordinates":[-1.10678,44.9889]},"properties":{"depth_m":1.8,"n":1,"date":"28/07/2008"}},{"type":"Feature","geometry":{"type":"Point","coordinates":[-1.1077,44.9885]},"properties":{"depth_m":1.5,"n":1,"date":"28/07/2008"}},{"type":"Feature","geometry":{"type":"Point","coordinates":[-1.10667,44.98893]},"properties":{"depth_m":1.8,"n":1,"date":"28/07/2008"}},{"type":"Feature","geometry":{"type":"Point","coordinates":[-1.10661,44.98895]},"properties":{"depth_m":1.7,"n":1,"date":"28/07/2008"}},{"type":"Feature","geometry":{"type":"Point","coordinates":[-1.10653,44.98897]},"properties":{"depth_m":1.7,"n":1,"date":"28/07/2008"}},{"type":"Feature","geometry":{"type":"Point","coordinates":[-1.10642,44.98899]},"properties":{"depth_m":1.8,"n":1,"date":"28/07/2008"}},{"type":"Feature","geometry":{"type":"Point","coordinates":[-1.10631,44.98901]},"properties":{"depth_m":1.6,"n":1,"date":"28/07/2008"}},{"type":"Feature","geometry":{"type":"Point","coordinates":[-1.1062,44.98903]},"properties":{"depth_m":1.6,"n":1,"date":"28/07/2008"}},{"type":"Feature","geometry":{"type":"Point","coordinates":[-1.10607,44.98906]},"properties":{"depth_m":1.5,"n":1,"date":"28/07/2008"}},{"type":"Feature","geometry":{"type":"Point","coordinates":[-1.10597,44.98912]},"properties":{"depth_m":1.5,"n":1,"date":"28/07/2008"}},{"type":"Feature","geometry":{"type":"Point","coordinates":[-1.10589,44.98918]},"properties":{"depth_m":1.6,"n":1,"date":"28/07/2008"}},{"type":"Feature","geometry":{"type":"Point","coordinates":[-1.10582,44.98923]},"properties":{"depth_m":1.6,"n":1,"date":"28/07/2008"}},{"type":"Feature","geometry":{"type":"Point","coordinates":[-1.10575,44.98926]},"properties":{"depth_m":1.6,"n":1,"date":"28/07/2008"}},{"type":"Feature","geometry":{"type":"Point","coordinates":[-1.10684,44.98889]},"properties":{"depth_m":1.7,"n":1,"date":"28/07/2008"}},{"type":"Feature","geometry":{"type":"Point","coordinates":[-1.10942,44.98777]},"properties":{"depth_m":2.0,"n":1,"date":"28/07/2008"}},{"type":"Feature","geometry":{"type":"Point","coordinates":[-1.11111,44.9881]},"properties":{"depth_m":1.0,"n":1,"date":"28/07/2008"}},{"type":"Feature","geometry":{"type":"Point","coordinates":[-1.11118,44.98837]},"properties":{"depth_m":0.9,"n":1,"date":"28/07/2008"}},{"type":"Feature","geometry":{"type":"Point","coordinates":[-1.0943,44.97849]},"properties":{"depth_m":1.9,"n":1,"date":"28/07/2008"}},{"type":"Feature","geometry":{"type":"Point","coordinates":[-1.10301,44.95785]},"properties":{"depth_m":0.5,"n":1,"date":"28/07/2008"}},{"type":"Feature","geometry":{"type":"Point","coordinates":[-1.11099,44.98784]},"properties":{"depth_m":1.0,"n":1,"date":"28/07/2008"}},{"type":"Feature","geometry":{"type":"Point","coordinates":[-1.11086,44.98759]},"properties":{"depth_m":1.0,"n":1,"date":"28/07/2008"}},{"type":"Feature","geometry":{"type":"Point","coordinates":[-1.11071,44.98739]},"properties":{"depth_m":1.1,"n":1,"date":"28/07/2008"}},{"type":"Feature","geometry":{"type":"Point","coordinates":[-1.11064,44.9873]},"properties":{"depth_m":2.3,"n":1,"date":"28/07/2008"}},{"type":"Feature","geometry":{"type":"Point","coordinates":[-1.11055,44.98725]},"properties":{"depth_m":1.1,"n":1,"date":"28/07/2008"}},{"type":"Feature","geometry":{"type":"Point","coordinates":[-1.11042,44.9873]},"properties":{"depth_m":1.0,"n":1,"date":"28/07/2008"}},{"type":"Feature","geometry":{"type":"Point","coordinates":[-1.11021,44.98742]},"properties":{"depth_m":1.4,"n":1,"date":"28/07/2008"}},{"type":"Feature","geometry":{"type":"Point","coordinates":[-1.10759,44.98856]},"properties":{"depth_m":1.7,"n":1,"date":"28/07/2008"}},{"type":"Feature","geometry":{"type":"Point","coordinates":[-1.1096,44.9877]},"properties":{"depth_m":2.2,"n":1,"date":"28/07/2008"}},{"type":"Feature","geometry":{"type":"Point","coordinates":[-1.10765,44.98853]},"properties":{"depth_m":1.6,"n":1,"date":"28/07/2008"}},{"type":"Feature","geometry":{"type":"Point","coordinates":[-1.10925,44.98783]},"properties":{"depth_m":2.0,"n":1,"date":"28/07/2008"}},{"type":"Feature","geometry":{"type":"Point","coordinates":[-1.1091,44.98788]},"properties":{"depth_m":2.0,"n":1,"date":"28/07/2008"}},{"type":"Feature","geometry":{"type":"Point","coordinates":[-1.10894,44.98793]},"properties":{"depth_m":1.8,"n":1,"date":"28/07/2008"}},{"type":"Feature","geometry":{"type":"Point","coordinates":[-1.10878,44.98799]},"properties":{"depth_m":1.3,"n":1,"date":"28/07/2008"}},{"type":"Feature","geometry":{"type":"Point","coordinates":[-1.10862,44.98805]},"properties":{"depth_m":1.4,"n":1,"date":"28/07/2008"}},{"type":"Feature","geometry":{"type":"Point","coordinates":[-1.10847,44.98811]},"properties":{"depth_m":1.5,"n":1,"date":"28/07/2008"}},{"type":"Feature","geometry":{"type":"Point","coordinates":[-1.10832,44.98818]},"properties":{"depth_m":1.4,"n":1,"date":"28/07/2008"}},{"type":"Feature","geometry":{"type":"Point","coordinates":[-1.10817,44.98824]},"properties":{"depth_m":1.4,"n":1,"date":"28/07/2008"}},{"type":"Feature","geometry":{"type":"Point","coordinates":[-1.10802,44.98829]},"properties":{"depth_m":1.3,"n":1,"date":"28/07/2008"}},{"type":"Feature","geometry":{"type":"Point","coordinates":[-1.10781,44.98842]},"properties":{"depth_m":1.5,"n":1,"date":"28/07/2008"}},{"type":"Feature","geometry":{"type":"Point","coordinates":[-1.10559,44.98936]},"properties":{"depth_m":1.5,"n":1,"date":"28/07/2008"}},{"type":"Feature","geometry":{"type":"Point","coordinates":[-1.10987,44.98757]},"properties":{"depth_m":2.3,"n":1,"date":"28/07/2008"}},{"type":"Feature","geometry":{"type":"Point","coordinates":[-1.10842,44.98631]},"properties":{"depth_m":0.5,"n":1,"date":"28/07/2008"}},{"type":"Feature","geometry":{"type":"Point","coordinates":[-1.10568,44.98929]},"properties":{"depth_m":1.6,"n":1,"date":"28/07/2008"}},{"type":"Feature","geometry":{"type":"Point","coordinates":[-1.10926,44.98793]},"properties":{"depth_m":1.8,"n":1,"date":"28/07/2008"}},{"type":"Feature","geometry":{"type":"Point","coordinates":[-1.10947,44.98783]},"properties":{"depth_m":1.9,"n":1,"date":"28/07/2008"}},{"type":"Feature","geometry":{"type":"Point","coordinates":[-1.10971,44.98771]},"properties":{"depth_m":2.2,"n":1,"date":"28/07/2008"}},{"type":"Feature","geometry":{"type":"Point","coordinates":[-1.10993,44.98756]},"properties":{"depth_m":2.1,"n":1,"date":"28/07/2008"}},{"type":"Feature","geometry":{"type":"Point","coordinates":[-1.11,44.98736]},"properties":{"depth_m":0.9,"n":1,"date":"28/07/2008"}},{"type":"Feature","geometry":{"type":"Point","coordinates":[-1.10982,44.98708]},"properties":{"depth_m":0.8,"n":1,"date":"28/07/2008"}},{"type":"Feature","geometry":{"type":"Point","coordinates":[-1.1096,44.98682]},"properties":{"depth_m":1.0,"n":1,"date":"28/07/2008"}},{"type":"Feature","geometry":{"type":"Point","coordinates":[-1.10941,44.98653]},"properties":{"depth_m":1.0,"n":1,"date":"28/07/2008"}},{"type":"Feature","geometry":{"type":"Point","coordinates":[-1.10912,44.98632]},"properties":{"depth_m":1.0,"n":1,"date":"28/07/2008"}},{"type":"Feature","geometry":{"type":"Point","coordinates":[-1.10885,44.98627]},"properties":{"depth_m":0.7,"n":1,"date":"28/07/2008"}},{"type":"Feature","geometry":{"type":"Point","coordinates":[-1.10877,44.98812]},"properties":{"depth_m":1.7,"n":1,"date":"28/07/2008"}},{"type":"Feature","geometry":{"type":"Point","coordinates":[-1.10858,44.98631]},"properties":{"depth_m":0.8,"n":1,"date":"28/07/2008"}},{"type":"Feature","geometry":{"type":"Point","coordinates":[-1.10854,44.98822]},"properties":{"depth_m":1.6,"n":1,"date":"28/07/2008"}},{"type":"Feature","geometry":{"type":"Point","coordinates":[-1.10827,44.98632]},"properties":{"depth_m":0.5,"n":1,"date":"28/07/2008"}},{"type":"Feature","geometry":{"type":"Point","coordinates":[-1.10817,44.98633]},"properties":{"depth_m":0.6,"n":1,"date":"28/07/2008"}},{"type":"Feature","geometry":{"type":"Point","coordinates":[-1.10808,44.98636]},"properties":{"depth_m":0.5,"n":1,"date":"28/07/2008"}},{"type":"Feature","geometry":{"type":"Point","coordinates":[-1.108,44.98637]},"properties":{"depth_m":0.5,"n":1,"date":"28/07/2008"}},{"type":"Feature","geometry":{"type":"Point","coordinates":[-1.10793,44.98638]},"properties":{"depth_m":0.5,"n":1,"date":"28/07/2008"}},{"type":"Feature","geometry":{"type":"Point","coordinates":[-1.10787,44.98639]},"properties":{"depth_m":0.5,"n":1,"date":"28/07/2008"}},{"type":"Feature","geometry":{"type":"Point","coordinates":[-1.1078,44.9864]},"properties":{"depth_m":0.4,"n":1,"date":"28/07/2008"}},{"type":"Feature","geometry":{"type":"Point","coordinates":[-1.10772,44.98642]},"properties":{"depth_m":0.4,"n":1,"date":"28/07/2008"}},{"type":"Feature","geometry":{"type":"Point","coordinates":[-1.10766,44.98645]},"properties":{"depth_m":0.4,"n":1,"date":"28/07/2008"}},{"type":"Feature","geometry":{"type":"Point","coordinates":[-1.1076,44.9865]},"properties":{"depth_m":0.4,"n":1,"date":"28/07/2008"}},{"type":"Feature","geometry":{"type":"Point","coordinates":[-1.10754,44.98654]},"properties":{"depth_m":0.3,"n":1,"date":"28/07/2008"}},{"type":"Feature","geometry":{"type":"Point","coordinates":[-1.10872,44.98629]},"properties":{"depth_m":0.8,"n":1,"date":"28/07/2008"}},{"type":"Feature","geometry":{"type":"Point","coordinates":[-1.10671,44.98892]},"properties":{"depth_m":1.7,"n":1,"date":"28/07/2008"}},{"type":"Feature","geometry":{"type":"Point","coordinates":[-1.10776,44.98846]},"properties":{"depth_m":1.5,"n":1,"date":"28/07/2008"}},{"type":"Feature","geometry":{"type":"Point","coordinates":[-1.10561,44.9894]},"properties":{"depth_m":1.0,"n":1,"date":"28/07/2008"}},{"type":"Feature","geometry":{"type":"Point","coordinates":[-1.10569,44.9894]},"properties":{"depth_m":0.9,"n":1,"date":"28/07/2008"}},{"type":"Feature","geometry":{"type":"Point","coordinates":[-1.10577,44.98936]},"properties":{"depth_m":1.1,"n":1,"date":"28/07/2008"}},{"type":"Feature","geometry":{"type":"Point","coordinates":[-1.10585,44.9893]},"properties":{"depth_m":1.5,"n":1,"date":"28/07/2008"}},{"type":"Feature","geometry":{"type":"Point","coordinates":[-1.10591,44.98924]},"properties":{"depth_m":1.6,"n":1,"date":"28/07/2008"}},{"type":"Feature","geometry":{"type":"Point","coordinates":[-1.10597,44.98921]},"properties":{"depth_m":1.7,"n":1,"date":"28/07/2008"}},{"type":"Feature","geometry":{"type":"Point","coordinates":[-1.10603,44.98917]},"properties":{"depth_m":1.6,"n":1,"date":"28/07/2008"}},{"type":"Feature","geometry":{"type":"Point","coordinates":[-1.10609,44.98913]},"properties":{"depth_m":1.6,"n":1,"date":"28/07/2008"}},{"type":"Feature","geometry":{"type":"Point","coordinates":[-1.10618,44.98909]},"properties":{"depth_m":1.5,"n":1,"date":"28/07/2008"}},{"type":"Feature","geometry":{"type":"Point","coordinates":[-1.10629,44.98905]},"properties":{"depth_m":1.6,"n":1,"date":"28/07/2008"}},{"type":"Feature","geometry":{"type":"Point","coordinates":[-1.10904,44.98802]},"properties":{"depth_m":1.8,"n":1,"date":"28/07/2008"}},{"type":"Feature","geometry":{"type":"Point","coordinates":[-1.10656,44.98896]},"properties":{"depth_m":1.7,"n":1,"date":"28/07/2008"}},{"type":"Feature","geometry":{"type":"Point","coordinates":[-1.10562,44.98933]},"properties":{"depth_m":1.6,"n":1,"date":"28/07/2008"}},{"type":"Feature","geometry":{"type":"Point","coordinates":[-1.10685,44.98887]},"properties":{"depth_m":1.7,"n":1,"date":"28/07/2008"}},{"type":"Feature","geometry":{"type":"Point","coordinates":[-1.10699,44.98882]},"properties":{"depth_m":1.7,"n":1,"date":"28/07/2008"}},{"type":"Feature","geometry":{"type":"Point","coordinates":[-1.10711,44.98876]},"properties":{"depth_m":1.6,"n":1,"date":"28/07/2008"}},{"type":"Feature","geometry":{"type":"Point","coordinates":[-1.10723,44.98871]},"properties":{"depth_m":1.7,"n":1,"date":"28/07/2008"}},{"type":"Feature","geometry":{"type":"Point","coordinates":[-1.1075,44.98858]},"properties":{"depth_m":1.7,"n":1,"date":"28/07/2008"}},{"type":"Feature","geometry":{"type":"Point","coordinates":[-1.10767,44.98851]},"properties":{"depth_m":1.6,"n":1,"date":"28/07/2008"}},{"type":"Feature","geometry":{"type":"Point","coordinates":[-1.10784,44.98845]},"properties":{"depth_m":1.4,"n":1,"date":"28/07/2008"}},{"type":"Feature","geometry":{"type":"Point","coordinates":[-1.10801,44.9884]},"properties":{"depth_m":1.3,"n":1,"date":"28/07/2008"}},{"type":"Feature","geometry":{"type":"Point","coordinates":[-1.10818,44.98833]},"properties":{"depth_m":1.3,"n":1,"date":"28/07/2008"}},{"type":"Feature","geometry":{"type":"Point","coordinates":[-1.10835,44.98828]},"properties":{"depth_m":1.5,"n":1,"date":"28/07/2008"}},{"type":"Feature","geometry":{"type":"Point","coordinates":[-1.10642,44.989]},"properties":{"depth_m":1.6,"n":1,"date":"28/07/2008"}},{"type":"Feature","geometry":{"type":"Point","coordinates":[-1.10514,44.96581]},"properties":{"depth_m":1.4,"n":1,"date":"28/07/2008"}},{"type":"Feature","geometry":{"type":"Point","coordinates":[-1.10414,44.96572]},"properties":{"depth_m":1.5,"n":1,"date":"28/07/2008"}},{"type":"Feature","geometry":{"type":"Point","coordinates":[-1.10412,44.96569]},"properties":{"depth_m":1.4,"n":1,"date":"28/07/2008"}},{"type":"Feature","geometry":{"type":"Point","coordinates":[-1.10411,44.96566]},"properties":{"depth_m":1.4,"n":1,"date":"28/07/2008"}},{"type":"Feature","geometry":{"type":"Point","coordinates":[-1.10411,44.96565]},"properties":{"depth_m":1.4,"n":1,"date":"28/07/2008"}},{"type":"Feature","geometry":{"type":"Point","coordinates":[-1.10412,44.96563]},"properties":{"depth_m":1.3,"n":1,"date":"28/07/2008"}},{"type":"Feature","geometry":{"type":"Point","coordinates":[-1.10418,44.96564]},"properties":{"depth_m":1.2,"n":1,"date":"28/07/2008"}},{"type":"Feature","geometry":{"type":"Point","coordinates":[-1.10426,44.96567]},"properties":{"depth_m":1.2,"n":1,"date":"28/07/2008"}},{"type":"Feature","geometry":{"type":"Point","coordinates":[-1.10438,44.96569]},"properties":{"depth_m":1.1,"n":1,"date":"28/07/2008"}},{"type":"Feature","geometry":{"type":"Point","coordinates":[-1.10452,44.96573]},"properties":{"depth_m":1.1,"n":1,"date":"28/07/2008"}},{"type":"Feature","geometry":{"type":"Point","coordinates":[-1.10467,44.96577]},"properties":{"depth_m":1.1,"n":1,"date":"28/07/2008"}},{"type":"Feature","geometry":{"type":"Point","coordinates":[-1.1041,44.96861]},"properties":{"depth_m":1.3,"n":1,"date":"28/07/2008"}},{"type":"Feature","geometry":{"type":"Point","coordinates":[-1.10497,44.96585]},"properties":{"depth_m":1.3,"n":1,"date":"28/07/2008"}},{"type":"Feature","geometry":{"type":"Point","coordinates":[-1.10418,44.96582]},"properties":{"depth_m":1.5,"n":1,"date":"28/07/2008"}},{"type":"Feature","geometry":{"type":"Point","coordinates":[-1.1053,44.96576]},"properties":{"depth_m":1.6,"n":1,"date":"28/07/2008"}},{"type":"Feature","geometry":{"type":"Point","coordinates":[-1.10541,44.96568]},"properties":{"depth_m":1.4,"n":1,"date":"28/07/2008"}},{"type":"Feature","geometry":{"type":"Point","coordinates":[-1.10551,44.96558]},"properties":{"depth_m":1.2,"n":1,"date":"28/07/2008"}},{"type":"Feature","geometry":{"type":"Point","coordinates":[-1.10559,44.96547]},"properties":{"depth_m":1.0,"n":1,"date":"28/07/2008"}},{"type":"Feature","geometry":{"type":"Point","coordinates":[-1.10567,44.96536]},"properties":{"depth_m":0.9,"n":1,"date":"28/07/2008"}},{"type":"Feature","geometry":{"type":"Point","coordinates":[-1.10574,44.96526]},"properties":{"depth_m":1.0,"n":1,"date":"28/07/2008"}},{"type":"Feature","geometry":{"type":"Point","coordinates":[-1.10581,44.96515]},"properties":{"depth_m":0.8,"n":1,"date":"28/07/2008"}},{"type":"Feature","geometry":{"type":"Point","coordinates":[-1.10589,44.96506]},"properties":{"depth_m":0.7,"n":1,"date":"28/07/2008"}},{"type":"Feature","geometry":{"type":"Point","coordinates":[-1.10597,44.96492]},"properties":{"depth_m":0.8,"n":1,"date":"28/07/2008"}},{"type":"Feature","geometry":{"type":"Point","coordinates":[-1.106,44.96475]},"properties":{"depth_m":0.8,"n":1,"date":"28/07/2008"}},{"type":"Feature","geometry":{"type":"Point","coordinates":[-1.10608,44.96454]},"properties":{"depth_m":0.7,"n":1,"date":"28/07/2008"}},{"type":"Feature","geometry":{"type":"Point","coordinates":[-1.10482,44.96582]},"properties":{"depth_m":1.3,"n":1,"date":"28/07/2008"}},{"type":"Feature","geometry":{"type":"Point","coordinates":[-1.10451,44.9662]},"properties":{"depth_m":0.7,"n":1,"date":"28/07/2008"}},{"type":"Feature","geometry":{"type":"Point","coordinates":[-1.10423,44.96835]},"properties":{"depth_m":1.0,"n":1,"date":"28/07/2008"}},{"type":"Feature","geometry":{"type":"Point","coordinates":[-1.10435,44.96808]},"properties":{"depth_m":0.9,"n":1,"date":"28/07/2008"}},{"type":"Feature","geometry":{"type":"Point","coordinates":[-1.10448,44.96783]},"properties":{"depth_m":1.0,"n":1,"date":"28/07/2008"}},{"type":"Feature","geometry":{"type":"Point","coordinates":[-1.10461,44.96757]},"properties":{"depth_m":1.0,"n":1,"date":"28/07/2008"}},{"type":"Feature","geometry":{"type":"Point","coordinates":[-1.10473,44.9673]},"properties":{"depth_m":1.5,"n":1,"date":"28/07/2008"}},{"type":"Feature","geometry":{"type":"Point","coordinates":[-1.10485,44.96704]},"properties":{"depth_m":1.6,"n":1,"date":"28/07/2008"}},{"type":"Feature","geometry":{"type":"Point","coordinates":[-1.10496,44.96679]},"properties":{"depth_m":1.0,"n":1,"date":"28/07/2008"}},{"type":"Feature","geometry":{"type":"Point","coordinates":[-1.10499,44.96658]},"properties":{"depth_m":0.8,"n":1,"date":"28/07/2008"}},{"type":"Feature","geometry":{"type":"Point","coordinates":[-1.10493,44.96648]},"properties":{"depth_m":0.5,"n":1,"date":"28/07/2008"}},{"type":"Feature","geometry":{"type":"Point","coordinates":[-1.10482,44.96639]},"properties":{"depth_m":0.7,"n":1,"date":"28/07/2008"}},{"type":"Feature","geometry":{"type":"Point","coordinates":[-1.10472,44.96634]},"properties":{"depth_m":0.7,"n":1,"date":"28/07/2008"}},{"type":"Feature","geometry":{"type":"Point","coordinates":[-1.10416,44.96575]},"properties":{"depth_m":1.5,"n":1,"date":"28/07/2008"}},{"type":"Feature","geometry":{"type":"Point","coordinates":[-1.10456,44.96624]},"properties":{"depth_m":0.6,"n":1,"date":"28/07/2008"}},{"type":"Feature","geometry":{"type":"Point","coordinates":[-1.10416,44.96579]},"properties":{"depth_m":1.5,"n":1,"date":"28/07/2008"}},{"type":"Feature","geometry":{"type":"Point","coordinates":[-1.10445,44.96616]},"properties":{"depth_m":1.0,"n":1,"date":"28/07/2008"}},{"type":"Feature","geometry":{"type":"Point","coordinates":[-1.1044,44.96613]},"properties":{"depth_m":1.0,"n":1,"date":"28/07/2008"}},{"type":"Feature","geometry":{"type":"Point","coordinates":[-1.10438,44.9661]},"properties":{"depth_m":1.0,"n":1,"date":"28/07/2008"}},{"type":"Feature","geometry":{"type":"Point","coordinates":[-1.10436,44.96607]},"properties":{"depth_m":1.1,"n":1,"date":"28/07/2008"}},{"type":"Feature","geometry":{"type":"Point","coordinates":[-1.10434,44.96604]},"properties":{"depth_m":1.2,"n":1,"date":"28/07/2008"}},{"type":"Feature","geometry":{"type":"Point","coordinates":[-1.10433,44.966]},"properties":{"depth_m":1.2,"n":1,"date":"28/07/2008"}},{"type":"Feature","geometry":{"type":"Point","coordinates":[-1.10431,44.96597]},"properties":{"depth_m":1.3,"n":1,"date":"28/07/2008"}},{"type":"Feature","geometry":{"type":"Point","coordinates":[-1.10427,44.96594]},"properties":{"depth_m":1.4,"n":1,"date":"28/07/2008"}},{"type":"Feature","geometry":{"type":"Point","coordinates":[-1.10423,44.96589]},"properties":{"depth_m":1.4,"n":1,"date":"28/07/2008"}},{"type":"Feature","geometry":{"type":"Point","coordinates":[-1.10419,44.96586]},"properties":{"depth_m":1.5,"n":1,"date":"28/07/2008"}},{"type":"Feature","geometry":{"type":"Point","coordinates":[-1.10638,44.96386]},"properties":{"depth_m":1.2,"n":1,"date":"28/07/2008"}},{"type":"Feature","geometry":{"type":"Point","coordinates":[-1.10463,44.96629]},"properties":{"depth_m":0.7,"n":1,"date":"28/07/2008"}},{"type":"Feature","geometry":{"type":"Point","coordinates":[-1.10415,44.95837]},"properties":{"depth_m":1.1,"n":1,"date":"28/07/2008"}},{"type":"Feature","geometry":{"type":"Point","coordinates":[-1.10619,44.96431]},"properties":{"depth_m":0.9,"n":1,"date":"28/07/2008"}},{"type":"Feature","geometry":{"type":"Point","coordinates":[-1.10486,44.96132]},"properties":{"depth_m":1.1,"n":1,"date":"28/07/2008"}},{"type":"Feature","geometry":{"type":"Point","coordinates":[-1.10482,44.96119]},"properties":{"depth_m":1.1,"n":1,"date":"28/07/2008"}},{"type":"Feature","geometry":{"type":"Point","coordinates":[-1.10476,44.96096]},"properties":{"depth_m":1.0,"n":1,"date":"28/07/2008"}},{"type":"Feature","geometry":{"type":"Point","coordinates":[-1.10472,44.96062]},"properties":{"depth_m":1.4,"n":1,"date":"28/07/2008"}},{"type":"Feature","geometry":{"type":"Point","coordinates":[-1.10465,44.96026]},"properties":{"depth_m":1.3,"n":1,"date":"28/07/2008"}},{"type":"Feature","geometry":{"type":"Point","coordinates":[-1.10456,44.95988]},"properties":{"depth_m":1.1,"n":1,"date":"28/07/2008"}},{"type":"Feature","geometry":{"type":"Point","coordinates":[-1.10452,44.95954]},"properties":{"depth_m":1.0,"n":1,"date":"28/07/2008"}},{"type":"Feature","geometry":{"type":"Point","coordinates":[-1.1045,44.95908]},"properties":{"depth_m":0.9,"n":1,"date":"28/07/2008"}},{"type":"Feature","geometry":{"type":"Point","coordinates":[-1.10447,44.95874]},"properties":{"depth_m":1.2,"n":1,"date":"28/07/2008"}},{"type":"Feature","geometry":{"type":"Point","coordinates":[-1.10455,44.9586]},"properties":{"depth_m":1.1,"n":1,"date":"28/07/2008"}},{"type":"Feature","geometry":{"type":"Point","coordinates":[-1.1049,44.96156]},"properties":{"depth_m":1.2,"n":1,"date":"28/07/2008"}},{"type":"Feature","geometry":{"type":"Point","coordinates":[-1.10432,44.95845]},"properties":{"depth_m":1.2,"n":1,"date":"28/07/2008"}},{"type":"Feature","geometry":{"type":"Point","coordinates":[-1.10494,44.96169]},"properties":{"depth_m":1.2,"n":1,"date":"28/07/2008"}},{"type":"Feature","geometry":{"type":"Point","coordinates":[-1.10401,44.95828]},"properties":{"depth_m":1.1,"n":1,"date":"28/07/2008"}},{"type":"Feature","geometry":{"type":"Point","coordinates":[-1.10387,44.95821]},"properties":{"depth_m":1.1,"n":1,"date":"28/07/2008"}},{"type":"Feature","geometry":{"type":"Point","coordinates":[-1.10373,44.95816]},"properties":{"depth_m":1.1,"n":1,"date":"28/07/2008"}},{"type":"Feature","geometry":{"type":"Point","coordinates":[-1.10358,44.95811]},"properties":{"depth_m":1.0,"n":1,"date":"28/07/2008"}},{"type":"Feature","geometry":{"type":"Point","coordinates":[-1.10343,44.95806]},"properties":{"depth_m":0.9,"n":1,"date":"28/07/2008"}},{"type":"Feature","geometry":{"type":"Point","coordinates":[-1.10306,44.95788]},"properties":{"depth_m":0.5,"n":1,"date":"28/07/2008"}},{"type":"Feature","geometry":{"type":"Point","coordinates":[-1.10312,44.95792]},"properties":{"depth_m":0.7,"n":1,"date":"28/07/2008"}},{"type":"Feature","geometry":{"type":"Point","coordinates":[-1.09883,44.97627]},"properties":{"depth_m":2.2,"n":1,"date":"28/07/2008"}},{"type":"Feature","geometry":{"type":"Point","coordinates":[-1.10789,44.98837]},"properties":{"depth_m":1.5,"n":1,"date":"28/07/2008"}},{"type":"Feature","geometry":{"type":"Point","coordinates":[-1.10329,44.958]},"properties":{"depth_m":0.9,"n":1,"date":"28/07/2008"}},{"type":"Feature","geometry":{"type":"Point","coordinates":[-1.1032,44.95795]},"properties":{"depth_m":0.7,"n":1,"date":"28/07/2008"}},{"type":"Feature","geometry":{"type":"Point","coordinates":[-1.10449,44.9585]},"properties":{"depth_m":1.3,"n":1,"date":"28/07/2008"}},{"type":"Feature","geometry":{"type":"Point","coordinates":[-1.10569,44.96204]},"properties":{"depth_m":1.4,"n":1,"date":"28/07/2008"}},{"type":"Feature","geometry":{"type":"Point","coordinates":[-1.1045,44.95931]},"properties":{"depth_m":0.8,"n":1,"date":"28/07/2008"}},{"type":"Feature","geometry":{"type":"Point","coordinates":[-1.10646,44.96363]},"properties":{"depth_m":1.3,"n":1,"date":"28/07/2008"}},{"type":"Feature","geometry":{"type":"Point","coordinates":[-1.10643,44.96339]},"properties":{"depth_m":1.3,"n":1,"date":"28/07/2008"}},{"type":"Feature","geometry":{"type":"Point","coordinates":[-1.10638,44.96316]},"properties":{"depth_m":1.3,"n":1,"date":"28/07/2008"}},{"type":"Feature","geometry":{"type":"Point","coordinates":[-1.10635,44.96294]},"properties":{"depth_m":1.3,"n":1,"date":"28/07/2008"}},{"type":"Feature","geometry":{"type":"Point","coordinates":[-1.10628,44.96276]},"properties":{"depth_m":1.4,"n":1,"date":"28/07/2008"}},{"type":"Feature","geometry":{"type":"Point","coordinates":[-1.10618,44.96262]},"properties":{"depth_m":1.3,"n":1,"date":"28/07/2008"}},{"type":"Feature","geometry":{"type":"Point","coordinates":[-1.10607,44.96248]},"properties":{"depth_m":1.3,"n":1,"date":"28/07/2008"}},{"type":"Feature","geometry":{"type":"Point","coordinates":[-1.10601,44.96239]},"properties":{"depth_m":1.3,"n":1,"date":"28/07/2008"}},{"type":"Feature","geometry":{"type":"Point","coordinates":[-1.10595,44.96229]},"properties":{"depth_m":1.4,"n":1,"date":"28/07/2008"}},{"type":"Feature","geometry":{"type":"Point","coordinates":[-1.10587,44.9622]},"properties":{"depth_m":1.4,"n":1,"date":"28/07/2008"}},{"type":"Feature","geometry":{"type":"Point","coordinates":[-1.10487,44.96145]},"properties":{"depth_m":1.2,"n":1,"date":"28/07/2008"}},{"type":"Feature","geometry":{"type":"Point","coordinates":[-1.10574,44.96209]},"properties":{"depth_m":1.4,"n":1,"date":"28/07/2008"}},{"type":"Feature","geometry":{"type":"Point","coordinates":[-1.10628,44.96409]},"properties":{"depth_m":0.7,"n":1,"date":"28/07/2008"}},{"type":"Feature","geometry":{"type":"Point","coordinates":[-1.10563,44.96201]},"properties":{"depth_m":1.4,"n":1,"date":"28/07/2008"}},{"type":"Feature","geometry":{"type":"Point","coordinates":[-1.10556,44.96197]},"properties":{"depth_m":1.4,"n":1,"date":"28/07/2008"}},{"type":"Feature","geometry":{"type":"Point","coordinates":[-1.1055,44.96194]},"properties":{"depth_m":1.4,"n":1,"date":"28/07/2008"}},{"type":"Feature","geometry":{"type":"Point","coordinates":[-1.10543,44.96192]},"properties":{"depth_m":1.4,"n":1,"date":"28/07/2008"}},{"type":"Feature","geometry":{"type":"Point","coordinates":[-1.10536,44.9619]},"properties":{"depth_m":1.4,"n":1,"date":"28/07/2008"}},{"type":"Feature","geometry":{"type":"Point","coordinates":[-1.1053,44.96187]},"properties":{"depth_m":1.4,"n":1,"date":"28/07/2008"}},{"type":"Feature","geometry":{"type":"Point","coordinates":[-1.10524,44.96185]},"properties":{"depth_m":1.3,"n":1,"date":"28/07/2008"}},{"type":"Feature","geometry":{"type":"Point","coordinates":[-1.10518,44.96183]},"properties":{"depth_m":1.3,"n":1,"date":"28/07/2008"}},{"type":"Feature","geometry":{"type":"Point","coordinates":[-1.10512,44.96182]},"properties":{"depth_m":1.3,"n":1,"date":"28/07/2008"}},{"type":"Feature","geometry":{"type":"Point","coordinates":[-1.10505,44.96181]},"properties":{"depth_m":1.2,"n":1,"date":"28/07/2008"}},{"type":"Feature","geometry":{"type":"Point","coordinates":[-1.10499,44.96178]},"properties":{"depth_m":1.2,"n":1,"date":"28/07/2008"}},{"type":"Feature","geometry":{"type":"Point","coordinates":[-1.1058,44.96214]},"properties":{"depth_m":1.4,"n":1,"date":"28/07/2008"}},{"type":"Feature","geometry":{"type":"Point","coordinates":[-1.09887,44.97137]},"properties":{"depth_m":0.4,"n":1,"date":"28/07/2008"}},{"type":"Feature","geometry":{"type":"Point","coordinates":[-1.09896,44.97116]},"properties":{"depth_m":0.5,"n":1,"date":"28/07/2008"}},{"type":"Feature","geometry":{"type":"Point","coordinates":[-1.09969,44.97182]},"properties":{"depth_m":1.1,"n":1,"date":"28/07/2008"}},{"type":"Feature","geometry":{"type":"Point","coordinates":[-1.09973,44.97172]},"properties":{"depth_m":0.8,"n":1,"date":"28/07/2008"}},{"type":"Feature","geometry":{"type":"Point","coordinates":[-1.09981,44.97164]},"properties":{"depth_m":0.9,"n":1,"date":"28/07/2008"}},{"type":"Feature","geometry":{"type":"Point","coordinates":[-1.09984,44.97156]},"properties":{"depth_m":0.9,"n":1,"date":"28/07/2008"}},{"type":"Feature","geometry":{"type":"Point","coordinates":[-1.09975,44.9715]},"properties":{"depth_m":0.8,"n":1,"date":"28/07/2008"}},{"type":"Feature","geometry":{"type":"Point","coordinates":[-1.09962,44.97149]},"properties":{"depth_m":0.8,"n":1,"date":"28/07/2008"}},{"type":"Feature","geometry":{"type":"Point","coordinates":[-1.09948,44.97149]},"properties":{"depth_m":0.8,"n":1,"date":"28/07/2008"}},{"type":"Feature","geometry":{"type":"Point","coordinates":[-1.09935,44.97148]},"properties":{"depth_m":0.8,"n":1,"date":"28/07/2008"}},{"type":"Feature","geometry":{"type":"Point","coordinates":[-1.09924,44.97147]},"properties":{"depth_m":0.7,"n":1,"date":"28/07/2008"}},{"type":"Feature","geometry":{"type":"Point","coordinates":[-1.09912,44.97145]},"properties":{"depth_m":0.6,"n":1,"date":"28/07/2008"}},{"type":"Feature","geometry":{"type":"Point","coordinates":[-1.09971,44.97203]},"properties":{"depth_m":1.8,"n":1,"date":"28/07/2008"}},{"type":"Feature","geometry":{"type":"Point","coordinates":[-1.09893,44.9714]},"properties":{"depth_m":0.5,"n":1,"date":"28/07/2008"}},{"type":"Feature","geometry":{"type":"Point","coordinates":[-1.09969,44.97214]},"properties":{"depth_m":2.0,"n":1,"date":"28/07/2008"}},{"type":"Feature","geometry":{"type":"Point","coordinates":[-1.09881,44.97135]},"properties":{"depth_m":0.4,"n":1,"date":"28/07/2008"}},{"type":"Feature","geometry":{"type":"Point","coordinates":[-1.09878,44.97135]},"properties":{"depth_m":0.4,"n":1,"date":"28/07/2008"}},{"type":"Feature","geometry":{"type":"Point","coordinates":[-1.09877,44.97135]},"properties":{"depth_m":0.4,"n":1,"date":"28/07/2008"}},{"type":"Feature","geometry":{"type":"Point","coordinates":[-1.09876,44.97135]},"properties":{"depth_m":0.4,"n":1,"date":"28/07/2008"}},{"type":"Feature","geometry":{"type":"Point","coordinates":[-1.09875,44.97136]},"properties":{"depth_m":0.3,"n":1,"date":"28/07/2008"}},{"type":"Feature","geometry":{"type":"Point","coordinates":[-1.09873,44.97135]},"properties":{"depth_m":0.4,"n":1,"date":"28/07/2008"}},{"type":"Feature","geometry":{"type":"Point","coordinates":[-1.09871,44.97135]},"properties":{"depth_m":0.4,"n":1,"date":"28/07/2008"}},{"type":"Feature","geometry":{"type":"Point","coordinates":[-1.09869,44.97134]},"properties":{"depth_m":0.4,"n":1,"date":"28/07/2008"}},{"type":"Feature","geometry":{"type":"Point","coordinates":[-1.09868,44.97134]},"properties":{"depth_m":0.4,"n":1,"date":"28/07/2008"}},{"type":"Feature","geometry":{"type":"Point","coordinates":[-1.09867,44.97134]},"properties":{"depth_m":0.4,"n":1,"date":"28/07/2008"}},{"type":"Feature","geometry":{"type":"Point","coordinates":[-1.09904,44.97115]},"properties":{"depth_m":0.8,"n":1,"date":"28/07/2008"}},{"type":"Feature","geometry":{"type":"Point","coordinates":[-1.09902,44.97142]},"properties":{"depth_m":0.6,"n":1,"date":"28/07/2008"}},{"type":"Feature","geometry":{"type":"Point","coordinates":[-1.09891,44.97563]},"properties":{"depth_m":2.2,"n":1,"date":"28/07/2008"}},{"type":"Feature","geometry":{"type":"Point","coordinates":[-1.09879,44.97593]},"properties":{"depth_m":2.1,"n":1,"date":"28/07/2008"}},{"type":"Feature","geometry":{"type":"Point","coordinates":[-1.09885,44.97579]},"properties":{"depth_m":2.1,"n":1,"date":"28/07/2008"}},{"type":"Feature","geometry":{"type":"Point","coordinates":[-1.10444,44.95888]},"properties":{"depth_m":1.0,"n":1,"date":"28/07/2008"}},{"type":"Feature","geometry":{"type":"Point","coordinates":[-1.10394,44.96886]},"properties":{"depth_m":1.4,"n":1,"date":"28/07/2008"}},{"type":"Feature","geometry":{"type":"Point","coordinates":[-1.09899,44.97546]},"properties":{"depth_m":1.2,"n":1,"date":"28/07/2008"}},{"type":"Feature","geometry":{"type":"Point","coordinates":[-1.09877,44.97606]},"properties":{"depth_m":2.1,"n":1,"date":"28/07/2008"}},{"type":"Feature","geometry":{"type":"Point","coordinates":[-1.09881,44.97617]},"properties":{"depth_m":2.2,"n":1,"date":"28/07/2008"}},{"type":"Feature","geometry":{"type":"Point","coordinates":[-1.09911,44.97528]},"properties":{"depth_m":1.1,"n":1,"date":"28/07/2008"}},{"type":"Feature","geometry":{"type":"Point","coordinates":[-1.09926,44.97506]},"properties":{"depth_m":1.0,"n":1,"date":"28/07/2008"}},{"type":"Feature","geometry":{"type":"Point","coordinates":[-1.09943,44.9748]},"properties":{"depth_m":0.9,"n":1,"date":"28/07/2008"}},{"type":"Feature","geometry":{"type":"Point","coordinates":[-1.09956,44.97459]},"properties":{"depth_m":0.6,"n":1,"date":"28/07/2008"}},{"type":"Feature","geometry":{"type":"Point","coordinates":[-1.0997,44.97193]},"properties":{"depth_m":1.6,"n":1,"date":"28/07/2008"}},{"type":"Feature","geometry":{"type":"Point","coordinates":[-1.09992,44.97403]},"properties":{"depth_m":0.7,"n":1,"date":"28/07/2008"}},{"type":"Feature","geometry":{"type":"Point","coordinates":[-1.09988,44.97386]},"properties":{"depth_m":0.7,"n":1,"date":"28/07/2008"}},{"type":"Feature","geometry":{"type":"Point","coordinates":[-1.09985,44.97368]},"properties":{"depth_m":0.6,"n":1,"date":"28/07/2008"}},{"type":"Feature","geometry":{"type":"Point","coordinates":[-1.0998,44.97348]},"properties":{"depth_m":0.6,"n":1,"date":"28/07/2008"}},{"type":"Feature","geometry":{"type":"Point","coordinates":[-1.09975,44.97323]},"properties":{"depth_m":0.7,"n":1,"date":"28/07/2008"}},{"type":"Feature","geometry":{"type":"Point","coordinates":[-1.09972,44.973]},"properties":{"depth_m":0.7,"n":1,"date":"28/07/2008"}},{"type":"Feature","geometry":{"type":"Point","coordinates":[-1.09968,44.97282]},"properties":{"depth_m":0.6,"n":1,"date":"28/07/2008"}},{"type":"Feature","geometry":{"type":"Point","coordinates":[-1.09967,44.97276]},"properties":{"depth_m":0.5,"n":1,"date":"28/07/2008"}},{"type":"Feature","geometry":{"type":"Point","coordinates":[-1.09966,44.97267]},"properties":{"depth_m":0.9,"n":1,"date":"28/07/2008"}},{"type":"Feature","geometry":{"type":"Point","coordinates":[-1.09966,44.97257]},"properties":{"depth_m":1.3,"n":1,"date":"28/07/2008"}},{"type":"Feature","geometry":{"type":"Point","coordinates":[-1.09966,44.97247]},"properties":{"depth_m":1.6,"n":1,"date":"28/07/2008"}},{"type":"Feature","geometry":{"type":"Point","coordinates":[-1.09966,44.97236]},"properties":{"depth_m":1.4,"n":1,"date":"28/07/2008"}},{"type":"Feature","geometry":{"type":"Point","coordinates":[-1.09966,44.97225]},"properties":{"depth_m":1.6,"n":1,"date":"28/07/2008"}},{"type":"Feature","geometry":{"type":"Point","coordinates":[-1.09972,44.97436]},"properties":{"depth_m":0.7,"n":1,"date":"28/07/2008"}},{"type":"Feature","geometry":{"type":"Point","coordinates":[-1.10181,44.97091]},"properties":{"depth_m":0.5,"n":1,"date":"28/07/2008"}},{"type":"Feature","geometry":{"type":"Point","coordinates":[-1.10079,44.97141]},"properties":{"depth_m":0.6,"n":1,"date":"28/07/2008"}},{"type":"Feature","geometry":{"type":"Point","coordinates":[-1.10092,44.97139]},"properties":{"depth_m":0.6,"n":1,"date":"28/07/2008"}},{"type":"Feature","geometry":{"type":"Point","coordinates":[-1.10105,44.97138]},"properties":{"depth_m":0.6,"n":1,"date":"28/07/2008"}},{"type":"Feature","geometry":{"type":"Point","coordinates":[-1.10117,44.97137]},"properties":{"depth_m":0.6,"n":1,"date":"28/07/2008"}},{"type":"Feature","geometry":{"type":"Point","coordinates":[-1.10129,44.97134]},"properties":{"depth_m":0.6,"n":1,"date":"28/07/2008"}},{"type":"Feature","geometry":{"type":"Point","coordinates":[-1.10371,44.96906]},"properties":{"depth_m":1.4,"n":1,"date":"28/07/2008"}},{"type":"Feature","geometry":{"type":"Point","coordinates":[-1.1014,44.97132]},"properties":{"depth_m":0.6,"n":1,"date":"28/07/2008"}},{"type":"Feature","geometry":{"type":"Point","coordinates":[-1.1015,44.97127]},"properties":{"depth_m":0.5,"n":1,"date":"28/07/2008"}},{"type":"Feature","geometry":{"type":"Point","coordinates":[-1.1016,44.97121]},"properties":{"depth_m":0.5,"n":1,"date":"28/07/2008"}},{"type":"Feature","geometry":{"type":"Point","coordinates":[-1.10167,44.97112]},"properties":{"depth_m":0.4,"n":1,"date":"28/07/2008"}},{"type":"Feature","geometry":{"type":"Point","coordinates":[-1.1035,44.96928]},"properties":{"depth_m":1.0,"n":1,"date":"28/07/2008"}},{"type":"Feature","geometry":{"type":"Point","coordinates":[-1.10066,44.97144]},"properties":{"depth_m":0.6,"n":1,"date":"28/07/2008"}},{"type":"Feature","geometry":{"type":"Point","coordinates":[-1.10176,44.97097]},"properties":{"depth_m":0.5,"n":1,"date":"28/07/2008"}},{"type":"Feature","geometry":{"type":"Point","coordinates":[-1.10193,44.97074]},"properties":{"depth_m":0.8,"n":1,"date":"28/07/2008"}},{"type":"Feature","geometry":{"type":"Point","coordinates":[-1.10186,44.97083]},"properties":{"depth_m":0.7,"n":1,"date":"28/07/2008"}},{"type":"Feature","geometry":{"type":"Point","coordinates":[-1.102,44.97065]},"properties":{"depth_m":1.2,"n":1,"date":"28/07/2008"}},{"type":"Feature","geometry":{"type":"Point","coordinates":[-1.10208,44.97058]},"properties":{"depth_m":1.4,"n":1,"date":"28/07/2008"}},{"type":"Feature","geometry":{"type":"Point","coordinates":[-1.1022,44.9705]},"properties":{"depth_m":1.5,"n":1,"date":"28/07/2008"}},{"type":"Feature","geometry":{"type":"Point","coordinates":[-1.10232,44.97043]},"properties":{"depth_m":1.6,"n":1,"date":"28/07/2008"}},{"type":"Feature","geometry":{"type":"Point","coordinates":[-1.10246,44.97032]},"properties":{"depth_m":1.9,"n":1,"date":"28/07/2008"}},{"type":"Feature","geometry":{"type":"Point","coordinates":[-1.1026,44.97016]},"properties":{"depth_m":1.8,"n":1,"date":"28/07/2008"}},{"type":"Feature","geometry":{"type":"Point","coordinates":[-1.09894,44.97122]},"properties":{"depth_m":0.5,"n":1,"date":"28/07/2008"}},{"type":"Feature","geometry":{"type":"Point","coordinates":[-1.09988,44.97419]},"properties":{"depth_m":0.7,"n":1,"date":"28/07/2008"}},{"type":"Feature","geometry":{"type":"Point","coordinates":[-1.10285,44.96995]},"properties":{"depth_m":2.1,"n":1,"date":"28/07/2008"}},{"type":"Feature","geometry":{"type":"Point","coordinates":[-1.1031,44.96973]},"properties":{"depth_m":1.8,"n":1,"date":"28/07/2008"}},{"type":"Feature","geometry":{"type":"Point","coordinates":[-1.1033,44.96951]},"properties":{"depth_m":1.3,"n":1,"date":"28/07/2008"}},{"type":"Feature","geometry":{"type":"Point","coordinates":[-1.10173,44.97104]},"properties":{"depth_m":0.5,"n":1,"date":"28/07/2008"}},{"type":"Feature","geometry":{"type":"Point","coordinates":[-1.09923,44.97148]},"properties":{"depth_m":0.7,"n":1,"date":"28/07/2008"}},{"type":"Feature","geometry":{"type":"Point","coordinates":[-1.09893,44.97145]},"properties":{"depth_m":0.6,"n":1,"date":"28/07/2008"}},{"type":"Feature","geometry":{"type":"Point","coordinates":[-1.10052,44.97147]},"properties":{"depth_m":0.7,"n":1,"date":"28/07/2008"}},{"type":"Feature","geometry":{"type":"Point","coordinates":[-1.09903,44.97156]},"properties":{"depth_m":0.6,"n":1,"date":"28/07/2008"}},{"type":"Feature","geometry":{"type":"Point","coordinates":[-1.09909,44.97153]},"properties":{"depth_m":0.7,"n":1,"date":"28/07/2008"}},{"type":"Feature","geometry":{"type":"Point","coordinates":[-1.09915,44.97152]},"properties":{"depth_m":0.7,"n":1,"date":"28/07/2008"}},{"type":"Feature","geometry":{"type":"Point","coordinates":[-1.09893,44.97151]},"properties":{"depth_m":0.4,"n":1,"date":"28/07/2008"}},{"type":"Feature","geometry":{"type":"Point","coordinates":[-1.09919,44.9715]},"properties":{"depth_m":0.7,"n":1,"date":"28/07/2008"}},{"type":"Feature","geometry":{"type":"Point","coordinates":[-1.09897,44.97155]},"properties":{"depth_m":0.5,"n":1,"date":"28/07/2008"}},{"type":"Feature","geometry":{"type":"Point","coordinates":[-1.09926,44.97148]},"properties":{"depth_m":0.8,"n":1,"date":"28/07/2008"}},{"type":"Feature","geometry":{"type":"Point","coordinates":[-1.09928,44.97147]},"properties":{"depth_m":0.8,"n":1,"date":"28/07/2008"}},{"type":"Feature","geometry":{"type":"Point","coordinates":[-1.09932,44.97151]},"properties":{"depth_m":0.9,"n":1,"date":"28/07/2008"}},{"type":"Feature","geometry":{"type":"Point","coordinates":[-1.0994,44.97151]},"properties":{"depth_m":0.9,"n":1,"date":"28/07/2008"}},{"type":"Feature","geometry":{"type":"Point","coordinates":[-1.09894,44.97133]},"properties":{"depth_m":0.6,"n":1,"date":"28/07/2008"}},{"type":"Feature","geometry":{"type":"Point","coordinates":[-1.10014,44.97149]},"properties":{"depth_m":0.8,"n":1,"date":"28/07/2008"}},{"type":"Feature","geometry":{"type":"Point","coordinates":[-1.09894,44.97139]},"properties":{"depth_m":0.7,"n":1,"date":"28/07/2008"}},{"type":"Feature","geometry":{"type":"Point","coordinates":[-1.09894,44.97127]},"properties":{"depth_m":0.4,"n":1,"date":"28/07/2008"}},{"type":"Feature","geometry":{"type":"Point","coordinates":[-1.10026,44.97149]},"properties":{"depth_m":0.8,"n":1,"date":"28/07/2008"}},{"type":"Feature","geometry":{"type":"Point","coordinates":[-1.10002,44.97151]},"properties":{"depth_m":0.9,"n":1,"date":"28/07/2008"}},{"type":"Feature","geometry":{"type":"Point","coordinates":[-1.09991,44.97152]},"properties":{"depth_m":0.9,"n":1,"date":"28/07/2008"}},{"type":"Feature","geometry":{"type":"Point","coordinates":[-1.09979,44.97153]},"properties":{"depth_m":0.9,"n":1,"date":"28/07/2008"}},{"type":"Feature","geometry":{"type":"Point","coordinates":[-1.09969,44.97153]},"properties":{"depth_m":0.9,"n":1,"date":"28/07/2008"}},{"type":"Feature","geometry":{"type":"Point","coordinates":[-1.1004,44.97148]},"properties":{"depth_m":0.6,"n":1,"date":"28/07/2008"}},{"type":"Feature","geometry":{"type":"Point","coordinates":[-1.0996,44.97152]},"properties":{"depth_m":0.9,"n":1,"date":"28/07/2008"}},{"type":"Feature","geometry":{"type":"Point","coordinates":[-1.0995,44.97151]},"properties":{"depth_m":0.9,"n":1,"date":"28/07/2008"}},{"type":"Feature","geometry":{"type":"Point","coordinates":[-1.1038,44.95361]},"properties":{"depth_m":2.1,"n":1,"date":"29/07/2008"}},{"type":"Feature","geometry":{"type":"Point","coordinates":[-1.10299,44.95367]},"properties":{"depth_m":0.4,"n":1,"date":"29/07/2008"}},{"type":"Feature","geometry":{"type":"Point","coordinates":[-1.10448,44.95359]},"properties":{"depth_m":1.4,"n":1,"date":"29/07/2008"}},{"type":"Feature","geometry":{"type":"Point","coordinates":[-1.10306,44.95366]},"properties":{"depth_m":0.6,"n":1,"date":"29/07/2008"}},{"type":"Feature","geometry":{"type":"Point","coordinates":[-1.10188,44.95358]},"properties":{"depth_m":0.7,"n":1,"date":"29/07/2008"}},{"type":"Feature","geometry":{"type":"Point","coordinates":[-1.10313,44.95365]},"properties":{"depth_m":0.7,"n":1,"date":"29/07/2008"}},{"type":"Feature","geometry":{"type":"Point","coordinates":[-1.10321,44.95362]},"properties":{"depth_m":0.9,"n":1,"date":"29/07/2008"}},{"type":"Feature","geometry":{"type":"Point","coordinates":[-1.10332,44.95361]},"properties":{"depth_m":1.4,"n":1,"date":"29/07/2008"}},{"type":"Feature","geometry":{"type":"Point","coordinates":[-1.10363,44.95361]},"properties":{"depth_m":2.0,"n":1,"date":"29/07/2008"}},{"type":"Feature","geometry":{"type":"Point","coordinates":[-1.10397,44.9536]},"properties":{"depth_m":2.1,"n":1,"date":"29/07/2008"}},{"type":"Feature","geometry":{"type":"Point","coordinates":[-1.10293,44.95368]},"properties":{"depth_m":0.4,"n":1,"date":"29/07/2008"}},{"type":"Feature","geometry":{"type":"Point","coordinates":[-1.10431,44.95361]},"properties":{"depth_m":1.8,"n":1,"date":"29/07/2008"}},{"type":"Feature","geometry":{"type":"Point","coordinates":[-1.10261,44.95376]},"properties":{"depth_m":0.4,"n":1,"date":"29/07/2008"}},{"type":"Feature","geometry":{"type":"Point","coordinates":[-1.10414,44.9536]},"properties":{"depth_m":2.0,"n":1,"date":"29/07/2008"}},{"type":"Feature","geometry":{"type":"Point","coordinates":[-1.10347,44.9536]},"properties":{"depth_m":1.9,"n":1,"date":"29/07/2008"}},{"type":"Feature","geometry":{"type":"Point","coordinates":[-1.10247,44.95378]},"properties":{"depth_m":0.6,"n":1,"date":"29/07/2008"}},{"type":"Feature","geometry":{"type":"Point","coordinates":[-1.10201,44.9536]},"properties":{"depth_m":0.9,"n":1,"date":"29/07/2008"}},{"type":"Feature","geometry":{"type":"Point","coordinates":[-1.10196,44.95358]},"properties":{"depth_m":1.0,"n":1,"date":"29/07/2008"}},{"type":"Feature","geometry":{"type":"Point","coordinates":[-1.10206,44.95362]},"properties":{"depth_m":0.8,"n":1,"date":"29/07/2008"}},{"type":"Feature","geometry":{"type":"Point","coordinates":[-1.10212,44.95366]},"properties":{"depth_m":0.8,"n":1,"date":"29/07/2008"}},{"type":"Feature","geometry":{"type":"Point","coordinates":[-1.1065,44.95248]},"properties":{"depth_m":0.9,"n":1,"date":"29/07/2008"}},{"type":"Feature","geometry":{"type":"Point","coordinates":[-1.10225,44.95373]},"properties":{"depth_m":0.8,"n":1,"date":"29/07/2008"}},{"type":"Feature","geometry":{"type":"Point","coordinates":[-1.10273,44.95373]},"properties":{"depth_m":0.5,"n":1,"date":"29/07/2008"}},{"type":"Feature","geometry":{"type":"Point","coordinates":[-1.10241,44.95377]},"properties":{"depth_m":0.7,"n":1,"date":"29/07/2008"}},{"type":"Feature","geometry":{"type":"Point","coordinates":[-1.10288,44.9537]},"properties":{"depth_m":0.7,"n":1,"date":"29/07/2008"}},{"type":"Feature","geometry":{"type":"Point","coordinates":[-1.10253,44.95377]},"properties":{"depth_m":0.4,"n":1,"date":"29/07/2008"}},{"type":"Feature","geometry":{"type":"Point","coordinates":[-1.10268,44.95374]},"properties":{"depth_m":0.4,"n":1,"date":"29/07/2008"}},{"type":"Feature","geometry":{"type":"Point","coordinates":[-1.10218,44.9537]},"properties":{"depth_m":0.8,"n":1,"date":"29/07/2008"}},{"type":"Feature","geometry":{"type":"Point","coordinates":[-1.10278,44.95373]},"properties":{"depth_m":0.7,"n":1,"date":"29/07/2008"}},{"type":"Feature","geometry":{"type":"Point","coordinates":[-1.10283,44.95371]},"properties":{"depth_m":0.8,"n":1,"date":"29/07/2008"}},{"type":"Feature","geometry":{"type":"Point","coordinates":[-1.10192,44.95356]},"properties":{"depth_m":0.8,"n":1,"date":"29/07/2008"}},{"type":"Feature","geometry":{"type":"Point","coordinates":[-1.10233,44.95375]},"properties":{"depth_m":0.8,"n":1,"date":"29/07/2008"}},{"type":"Feature","geometry":{"type":"Point","coordinates":[-1.09713,44.95348]},"properties":{"depth_m":0.9,"n":1,"date":"29/07/2008"}},{"type":"Feature","geometry":{"type":"Point","coordinates":[-1.10613,44.95179]},"properties":{"depth_m":0.5,"n":1,"date":"29/07/2008"}},{"type":"Feature","geometry":{"type":"Point","coordinates":[-1.10617,44.95176]},"properties":{"depth_m":0.5,"n":1,"date":"29/07/2008"}},{"type":"Feature","geometry":{"type":"Point","coordinates":[-1.10622,44.95175]},"properties":{"depth_m":0.5,"n":1,"date":"29/07/2008"}},{"type":"Feature","geometry":{"type":"Point","coordinates":[-1.10623,44.95175]},"properties":{"depth_m":0.5,"n":1,"date":"29/07/2008"}},{"type":"Feature","geometry":{"type":"Point","coordinates":[-1.10646,44.95229]},"properties":{"depth_m":0.6,"n":1,"date":"29/07/2008"}},{"type":"Feature","geometry":{"type":"Point","coordinates":[-1.10655,44.95215]},"properties":{"depth_m":0.6,"n":1,"date":"29/07/2008"}},{"type":"Feature","geometry":{"type":"Point","coordinates":[-1.10629,44.95263]},"properties":{"depth_m":1.7,"n":1,"date":"29/07/2008"}},{"type":"Feature","geometry":{"type":"Point","coordinates":[-1.10183,44.95355]},"properties":{"depth_m":0.7,"n":1,"date":"29/07/2008"}},{"type":"Feature","geometry":{"type":"Point","coordinates":[-1.10653,44.95238]},"properties":{"depth_m":0.5,"n":1,"date":"29/07/2008"}},{"type":"Feature","geometry":{"type":"Point","coordinates":[-1.10672,44.9519]},"properties":{"depth_m":0.7,"n":1,"date":"29/07/2008"}},{"type":"Feature","geometry":{"type":"Point","coordinates":[-1.10685,44.95183]},"properties":{"depth_m":0.7,"n":1,"date":"29/07/2008"}},{"type":"Feature","geometry":{"type":"Point","coordinates":[-1.10698,44.95177]},"properties":{"depth_m":0.6,"n":1,"date":"29/07/2008"}},{"type":"Feature","geometry":{"type":"Point","coordinates":[-1.10709,44.9517]},"properties":{"depth_m":0.6,"n":1,"date":"29/07/2008"}},{"type":"Feature","geometry":{"type":"Point","coordinates":[-1.10717,44.9516]},"properties":{"depth_m":0.5,"n":1,"date":"29/07/2008"}},{"type":"Feature","geometry":{"type":"Point","coordinates":[-1.10723,44.95151]},"properties":{"depth_m":0.4,"n":1,"date":"29/07/2008"}},{"type":"Feature","geometry":{"type":"Point","coordinates":[-1.10664,44.95207]},"properties":{"depth_m":0.6,"n":1,"date":"29/07/2008"}},{"type":"Feature","geometry":{"type":"Point","coordinates":[-1.10579,44.95311]},"properties":{"depth_m":0.9,"n":1,"date":"29/07/2008"}},{"type":"Feature","geometry":{"type":"Point","coordinates":[-1.1048,44.95356]},"properties":{"depth_m":1.1,"n":1,"date":"29/07/2008"}},{"type":"Feature","geometry":{"type":"Point","coordinates":[-1.10497,44.95354]},"properties":{"depth_m":1.6,"n":1,"date":"29/07/2008"}},{"type":"Feature","geometry":{"type":"Point","coordinates":[-1.10514,44.95351]},"properties":{"depth_m":2.2,"n":1,"date":"29/07/2008"}},{"type":"Feature","geometry":{"type":"Point","coordinates":[-1.10529,44.95344]},"properties":{"depth_m":1.9,"n":1,"date":"29/07/2008"}},{"type":"Feature","geometry":{"type":"Point","coordinates":[-1.10543,44.95337]},"properties":{"depth_m":1.3,"n":1,"date":"29/07/2008"}},{"type":"Feature","geometry":{"type":"Point","coordinates":[-1.10558,44.95331]},"properties":{"depth_m":1.4,"n":1,"date":"29/07/2008"}},{"type":"Feature","geometry":{"type":"Point","coordinates":[-1.10612,44.95182]},"properties":{"depth_m":0.4,"n":1,"date":"29/07/2008"}},{"type":"Feature","geometry":{"type":"Point","coordinates":[-1.10575,44.95316]},"properties":{"depth_m":0.9,"n":1,"date":"29/07/2008"}},{"type":"Feature","geometry":{"type":"Point","coordinates":[-1.10652,44.95232]},"properties":{"depth_m":0.7,"n":1,"date":"29/07/2008"}},{"type":"Feature","geometry":{"type":"Point","coordinates":[-1.10587,44.95306]},"properties":{"depth_m":0.7,"n":1,"date":"29/07/2008"}},{"type":"Feature","geometry":{"type":"Point","coordinates":[-1.10596,44.953]},"properties":{"depth_m":0.8,"n":1,"date":"29/07/2008"}},{"type":"Feature","geometry":{"type":"Point","coordinates":[-1.10605,44.95292]},"properties":{"depth_m":0.9,"n":1,"date":"29/07/2008"}},{"type":"Feature","geometry":{"type":"Point","coordinates":[-1.10614,44.95283]},"properties":{"depth_m":1.3,"n":1,"date":"29/07/2008"}},{"type":"Feature","geometry":{"type":"Point","coordinates":[-1.10621,44.95273]},"properties":{"depth_m":1.7,"n":1,"date":"29/07/2008"}},{"type":"Feature","geometry":{"type":"Point","coordinates":[-1.10642,44.95257]},"properties":{"depth_m":1.6,"n":1,"date":"29/07/2008"}},{"type":"Feature","geometry":{"type":"Point","coordinates":[-1.10464,44.95357]},"properties":{"depth_m":1.1,"n":1,"date":"29/07/2008"}},{"type":"Feature","geometry":{"type":"Point","coordinates":[-1.10569,44.95323]},"properties":{"depth_m":1.0,"n":1,"date":"29/07/2008"}},{"type":"Feature","geometry":{"type":"Point","coordinates":[-1.09833,44.95434]},"properties":{"depth_m":0.9,"n":1,"date":"29/07/2008"}},{"type":"Feature","geometry":{"type":"Point","coordinates":[-1.09696,44.95307]},"properties":{"depth_m":1.0,"n":1,"date":"29/07/2008"}},{"type":"Feature","geometry":{"type":"Point","coordinates":[-1.09857,44.955]},"properties":{"depth_m":1.0,"n":1,"date":"29/07/2008"}},{"type":"Feature","geometry":{"type":"Point","coordinates":[-1.09849,44.95491]},"properties":{"depth_m":0.9,"n":1,"date":"29/07/2008"}},{"type":"Feature","geometry":{"type":"Point","coordinates":[-1.09843,44.95481]},"properties":{"depth_m":0.8,"n":1,"date":"29/07/2008"}},{"type":"Feature","geometry":{"type":"Point","coordinates":[-1.09838,44.95472]},"properties":{"depth_m":0.8,"n":1,"date":"29/07/2008"}},{"type":"Feature","geometry":{"type":"Point","coordinates":[-1.09838,44.95463]},"properties":{"depth_m":0.9,"n":1,"date":"29/07/2008"}},{"type":"Feature","geometry":{"type":"Point","coordinates":[-1.09873,44.95516]},"properties":{"depth_m":1.3,"n":1,"date":"29/07/2008"}},{"type":"Feature","geometry":{"type":"Point","coordinates":[-1.09835,44.95443]},"properties":{"depth_m":0.8,"n":1,"date":"29/07/2008"}},{"type":"Feature","geometry":{"type":"Point","coordinates":[-1.09881,44.95524]},"properties":{"depth_m":1.4,"n":1,"date":"29/07/2008"}},{"type":"Feature","geometry":{"type":"Point","coordinates":[-1.09828,44.95423]},"properties":{"depth_m":1.3,"n":1,"date":"29/07/2008"}},{"type":"Feature","geometry":{"type":"Point","coordinates":[-1.09821,44.95413]},"properties":{"depth_m":2.1,"n":1,"date":"29/07/2008"}},{"type":"Feature","geometry":{"type":"Point","coordinates":[-1.09812,44.95403]},"properties":{"depth_m":2.0,"n":1,"date":"29/07/2008"}},{"type":"Feature","geometry":{"type":"Point","coordinates":[-1.09801,44.95393]},"properties":{"depth_m":1.9,"n":1,"date":"29/07/2008"}},{"type":"Feature","geometry":{"type":"Point","coordinates":[-1.09789,44.95382]},"properties":{"depth_m":1.9,"n":1,"date":"29/07/2008"}},{"type":"Feature","geometry":{"type":"Point","coordinates":[-1.09769,44.95369]},"properties":{"depth_m":2.2,"n":1,"date":"29/07/2008"}},{"type":"Feature","geometry":{"type":"Point","coordinates":[-1.09837,44.95453]},"properties":{"depth_m":0.8,"n":1,"date":"29/07/2008"}},{"type":"Feature","geometry":{"type":"Point","coordinates":[-1.09917,44.95577]},"properties":{"depth_m":1.1,"n":1,"date":"29/07/2008"}},{"type":"Feature","geometry":{"type":"Point","coordinates":[-1.0991,44.95621]},"properties":{"depth_m":1.2,"n":1,"date":"29/07/2008"}},{"type":"Feature","geometry":{"type":"Point","coordinates":[-1.09911,44.95614]},"properties":{"depth_m":1.2,"n":1,"date":"29/07/2008"}},{"type":"Feature","geometry":{"type":"Point","coordinates":[-1.09909,44.95607]},"properties":{"depth_m":1.2,"n":1,"date":"29/07/2008"}},{"type":"Feature","geometry":{"type":"Point","coordinates":[-1.0991,44.956]},"properties":{"depth_m":1.2,"n":1,"date":"29/07/2008"}},{"type":"Feature","geometry":{"type":"Point","coordinates":[-1.10527,44.94842]},"properties":{"depth_m":0.5,"n":1,"date":"29/07/2008"}},{"type":"Feature","geometry":{"type":"Point","coordinates":[-1.10728,44.95142]},"properties":{"depth_m":0.4,"n":1,"date":"29/07/2008"}},{"type":"Feature","geometry":{"type":"Point","coordinates":[-1.09865,44.95508]},"properties":{"depth_m":1.2,"n":1,"date":"29/07/2008"}},{"type":"Feature","geometry":{"type":"Point","coordinates":[-1.09915,44.95585]},"properties":{"depth_m":1.0,"n":1,"date":"29/07/2008"}},{"type":"Feature","geometry":{"type":"Point","coordinates":[-1.09715,44.95289]},"properties":{"depth_m":2.1,"n":1,"date":"29/07/2008"}},{"type":"Feature","geometry":{"type":"Point","coordinates":[-1.09919,44.9557]},"properties":{"depth_m":1.3,"n":1,"date":"29/07/2008"}},{"type":"Feature","geometry":{"type":"Point","coordinates":[-1.09919,44.95562]},"properties":{"depth_m":1.6,"n":1,"date":"29/07/2008"}},{"type":"Feature","geometry":{"type":"Point","coordinates":[-1.09914,44.95554]},"properties":{"depth_m":1.5,"n":1,"date":"29/07/2008"}},{"type":"Feature","geometry":{"type":"Point","coordinates":[-1.09907,44.95546]},"properties":{"depth_m":1.5,"n":1,"date":"29/07/2008"}},{"type":"Feature","geometry":{"type":"Point","coordinates":[-1.09898,44.95539]},"properties":{"depth_m":1.5,"n":1,"date":"29/07/2008"}},{"type":"Feature","geometry":{"type":"Point","coordinates":[-1.09889,44.95532]},"properties":{"depth_m":1.5,"n":1,"date":"29/07/2008"}},{"type":"Feature","geometry":{"type":"Point","coordinates":[-1.09912,44.95592]},"properties":{"depth_m":1.1,"n":1,"date":"29/07/2008"}},{"type":"Feature","geometry":{"type":"Point","coordinates":[-1.10104,44.95309]},"properties":{"depth_m":1.0,"n":1,"date":"29/07/2008"}},{"type":"Feature","geometry":{"type":"Point","coordinates":[-1.09991,44.95304]},"properties":{"depth_m":1.4,"n":1,"date":"29/07/2008"}},{"type":"Feature","geometry":{"type":"Point","coordinates":[-1.10003,44.95304]},"properties":{"depth_m":1.6,"n":1,"date":"29/07/2008"}},{"type":"Feature","geometry":{"type":"Point","coordinates":[-1.10019,44.95305]},"properties":{"depth_m":1.1,"n":1,"date":"29/07/2008"}},{"type":"Feature","geometry":{"type":"Point","coordinates":[-1.10034,44.95305]},"properties":{"depth_m":1.1,"n":1,"date":"29/07/2008"}},{"type":"Feature","geometry":{"type":"Point","coordinates":[-1.10047,44.95305]},"properties":{"depth_m":1.0,"n":1,"date":"29/07/2008"}},{"type":"Feature","geometry":{"type":"Point","coordinates":[-1.1006,44.95305]},"properties":{"depth_m":0.9,"n":1,"date":"29/07/2008"}},{"type":"Feature","geometry":{"type":"Point","coordinates":[-1.09745,44.95357]},"properties":{"depth_m":2.0,"n":1,"date":"29/07/2008"}},{"type":"Feature","geometry":{"type":"Point","coordinates":[-1.10089,44.95306]},"properties":{"depth_m":0.9,"n":1,"date":"29/07/2008"}},{"type":"Feature","geometry":{"type":"Point","coordinates":[-1.09952,44.95305]},"properties":{"depth_m":1.2,"n":1,"date":"29/07/2008"}},{"type":"Feature","geometry":{"type":"Point","coordinates":[-1.10118,44.95317]},"properties":{"depth_m":1.0,"n":1,"date":"29/07/2008"}},{"type":"Feature","geometry":{"type":"Point","coordinates":[-1.10132,44.95325]},"properties":{"depth_m":1.0,"n":1,"date":"29/07/2008"}},{"type":"Feature","geometry":{"type":"Point","coordinates":[-1.10144,44.95333]},"properties":{"depth_m":0.7,"n":1,"date":"29/07/2008"}},{"type":"Feature","geometry":{"type":"Point","coordinates":[-1.10154,44.95338]},"properties":{"depth_m":0.7,"n":1,"date":"29/07/2008"}},{"type":"Feature","geometry":{"type":"Point","coordinates":[-1.10163,44.95343]},"properties":{"depth_m":0.7,"n":1,"date":"29/07/2008"}},{"type":"Feature","geometry":{"type":"Point","coordinates":[-1.10171,44.95347]},"properties":{"depth_m":0.6,"n":1,"date":"29/07/2008"}},{"type":"Feature","geometry":{"type":"Point","coordinates":[-1.10074,44.95305]},"properties":{"depth_m":0.9,"n":1,"date":"29/07/2008"}},{"type":"Feature","geometry":{"type":"Point","coordinates":[-1.09824,44.95314]},"properties":{"depth_m":0.9,"n":1,"date":"29/07/2008"}},{"type":"Feature","geometry":{"type":"Point","coordinates":[-1.10178,44.95352]},"properties":{"depth_m":0.6,"n":1,"date":"29/07/2008"}},{"type":"Feature","geometry":{"type":"Point","coordinates":[-1.09731,44.95279]},"properties":{"depth_m":2.0,"n":1,"date":"29/07/2008"}},{"type":"Feature","geometry":{"type":"Point","coordinates":[-1.09745,44.95283]},"properties":{"depth_m":1.8,"n":1,"date":"29/07/2008"}},{"type":"Feature","geometry":{"type":"Point","coordinates":[-1.09745,44.95302]},"properties":{"depth_m":1.9,"n":1,"date":"29/07/2008"}},{"type":"Feature","geometry":{"type":"Point","coordinates":[-1.0976,44.95317]},"properties":{"depth_m":1.9,"n":1,"date":"29/07/2008"}},{"type":"Feature","geometry":{"type":"Point","coordinates":[-1.09778,44.95325]},"properties":{"depth_m":1.8,"n":1,"date":"29/07/2008"}},{"type":"Feature","geometry":{"type":"Point","coordinates":[-1.09981,44.95305]},"properties":{"depth_m":1.4,"n":1,"date":"29/07/2008"}},{"type":"Feature","geometry":{"type":"Point","coordinates":[-1.09811,44.9532]},"properties":{"depth_m":0.8,"n":1,"date":"29/07/2008"}},{"type":"Feature","geometry":{"type":"Point","coordinates":[-1.09969,44.95305]},"properties":{"depth_m":1.4,"n":1,"date":"29/07/2008"}},{"type":"Feature","geometry":{"type":"Point","coordinates":[-1.09838,44.95307]},"properties":{"depth_m":1.1,"n":1,"date":"29/07/2008"}},{"type":"Feature","geometry":{"type":"Point","coordinates":[-1.09857,44.95302]},"properties":{"depth_m":1.0,"n":1,"date":"29/07/2008"}},{"type":"Feature","geometry":{"type":"Point","coordinates":[-1.09883,44.953]},"properties":{"depth_m":1.0,"n":1,"date":"29/07/2008"}},{"type":"Feature","geometry":{"type":"Point","coordinates":[-1.09904,44.953]},"properties":{"depth_m":1.0,"n":1,"date":"29/07/2008"}},{"type":"Feature","geometry":{"type":"Point","coordinates":[-1.0992,44.953]},"properties":{"depth_m":1.1,"n":1,"date":"29/07/2008"}},{"type":"Feature","geometry":{"type":"Point","coordinates":[-1.09936,44.95301]},"properties":{"depth_m":1.1,"n":1,"date":"29/07/2008"}},{"type":"Feature","geometry":{"type":"Point","coordinates":[-1.0969,44.9533]},"properties":{"depth_m":1.0,"n":1,"date":"29/07/2008"}},{"type":"Feature","geometry":{"type":"Point","coordinates":[-1.09795,44.95326]},"properties":{"depth_m":1.3,"n":1,"date":"29/07/2008"}},{"type":"Feature","geometry":{"type":"Point","coordinates":[-1.10752,44.95023]},"properties":{"depth_m":1.4,"n":1,"date":"29/07/2008"}},{"type":"Feature","geometry":{"type":"Point","coordinates":[-1.10507,44.94801]},"properties":{"depth_m":0.8,"n":1,"date":"29/07/2008"}},{"type":"Feature","geometry":{"type":"Point","coordinates":[-1.10689,44.9493]},"properties":{"depth_m":1.2,"n":1,"date":"29/07/2008"}},{"type":"Feature","geometry":{"type":"Point","coordinates":[-1.10709,44.94949]},"properties":{"depth_m":1.2,"n":1,"date":"29/07/2008"}},{"type":"Feature","geometry":{"type":"Point","coordinates":[-1.10726,44.94968]},"properties":{"depth_m":1.3,"n":1,"date":"29/07/2008"}},{"type":"Feature","geometry":{"type":"Point","coordinates":[-1.1074,44.94986]},"properties":{"depth_m":1.3,"n":1,"date":"29/07/2008"}},{"type":"Feature","geometry":{"type":"Point","coordinates":[-1.10747,44.94996]},"properties":{"depth_m":1.5,"n":1,"date":"29/07/2008"}},{"type":"Feature","geometry":{"type":"Point","coordinates":[-1.10651,44.9491]},"properties":{"depth_m":1.1,"n":1,"date":"29/07/2008"}},{"type":"Feature","geometry":{"type":"Point","coordinates":[-1.10754,44.9501]},"properties":{"depth_m":1.3,"n":1,"date":"29/07/2008"}},{"type":"Feature","geometry":{"type":"Point","coordinates":[-1.10628,44.94904]},"properties":{"depth_m":1.0,"n":1,"date":"29/07/2008"}},{"type":"Feature","geometry":{"type":"Point","coordinates":[-1.10754,44.95042]},"properties":{"depth_m":1.3,"n":1,"date":"29/07/2008"}},{"type":"Feature","geometry":{"type":"Point","coordinates":[-1.1076,44.95063]},"properties":{"depth_m":1.3,"n":1,"date":"29/07/2008"}},{"type":"Feature","geometry":{"type":"Point","coordinates":[-1.1077,44.95085]},"properties":{"depth_m":1.3,"n":1,"date":"29/07/2008"}},{"type":"Feature","geometry":{"type":"Point","coordinates":[-1.10779,44.95108]},"properties":{"depth_m":1.4,"n":1,"date":"29/07/2008"}},{"type":"Feature","geometry":{"type":"Point","coordinates":[-1.10787,44.95131]},"properties":{"depth_m":1.7,"n":1,"date":"29/07/2008"}},{"type":"Feature","geometry":{"type":"Point","coordinates":[-1.10794,44.95155]},"properties":{"depth_m":1.8,"n":1,"date":"29/07/2008"}},{"type":"Feature","geometry":{"type":"Point","coordinates":[-1.10752,44.95003]},"properties":{"depth_m":1.4,"n":1,"date":"29/07/2008"}},{"type":"Feature","geometry":{"type":"Point","coordinates":[-1.10532,44.94859]},"properties":{"depth_m":0.7,"n":1,"date":"29/07/2008"}},{"type":"Feature","geometry":{"type":"Point","coordinates":[-1.10524,44.94832]},"properties":{"depth_m":0.5,"n":1,"date":"29/07/2008"}},{"type":"Feature","geometry":{"type":"Point","coordinates":[-1.10512,44.94813]},"properties":{"depth_m":0.7,"n":1,"date":"29/07/2008"}},{"type":"Feature","geometry":{"type":"Point","coordinates":[-1.10513,44.94818]},"properties":{"depth_m":0.6,"n":1,"date":"29/07/2008"}},{"type":"Feature","geometry":{"type":"Point","coordinates":[-1.10516,44.94824]},"properties":{"depth_m":0.7,"n":1,"date":"29/07/2008"}},{"type":"Feature","geometry":{"type":"Point","coordinates":[-1.10521,44.94828]},"properties":{"depth_m":0.6,"n":1,"date":"29/07/2008"}},{"type":"Feature","geometry":{"type":"Point","coordinates":[-1.10526,44.94837]},"properties":{"depth_m":0.5,"n":1,"date":"29/07/2008"}},{"type":"Feature","geometry":{"type":"Point","coordinates":[-1.1067,44.94918]},"properties":{"depth_m":1.2,"n":1,"date":"29/07/2008"}},{"type":"Feature","geometry":{"type":"Point","coordinates":[-1.10529,44.94854]},"properties":{"depth_m":0.7,"n":1,"date":"29/07/2008"}},{"type":"Feature","geometry":{"type":"Point","coordinates":[-1.10806,44.95224]},"properties":{"depth_m":1.9,"n":1,"date":"29/07/2008"}},{"type":"Feature","geometry":{"type":"Point","coordinates":[-1.10537,44.94865]},"properties":{"depth_m":0.8,"n":1,"date":"29/07/2008"}},{"type":"Feature","geometry":{"type":"Point","coordinates":[-1.10542,44.94867]},"properties":{"depth_m":0.7,"n":1,"date":"29/07/2008"}},{"type":"Feature","geometry":{"type":"Point","coordinates":[-1.1055,44.94871]},"properties":{"depth_m":0.7,"n":1,"date":"29/07/2008"}},{"type":"Feature","geometry":{"type":"Point","coordinates":[-1.10563,44.9488]},"properties":{"depth_m":1.0,"n":1,"date":"29/07/2008"}},{"type":"Feature","geometry":{"type":"Point","coordinates":[-1.10579,44.94887]},"properties":{"depth_m":1.0,"n":1,"date":"29/07/2008"}},{"type":"Feature","geometry":{"type":"Point","coordinates":[-1.10604,44.94897]},"properties":{"depth_m":1.1,"n":1,"date":"29/07/2008"}},{"type":"Feature","geometry":{"type":"Point","coordinates":[-1.10527,44.94847]},"properties":{"depth_m":0.6,"n":1,"date":"29/07/2008"}},{"type":"Feature","geometry":{"type":"Point","coordinates":[-1.11179,44.95257]},"properties":{"depth_m":0.4,"n":1,"date":"29/07/2008"}},{"type":"Feature","geometry":{"type":"Point","coordinates":[-1.10936,44.95347]},"properties":{"depth_m":0.7,"n":1,"date":"29/07/2008"}},{"type":"Feature","geometry":{"type":"Point","coordinates":[-1.10968,44.95341]},"properties":{"depth_m":0.8,"n":1,"date":"29/07/2008"}},{"type":"Feature","geometry":{"type":"Point","coordinates":[-1.10997,44.95335]},"properties":{"depth_m":1.0,"n":1,"date":"29/07/2008"}},{"type":"Feature","geometry":{"type":"Point","coordinates":[-1.11029,44.95324]},"properties":{"depth_m":1.4,"n":1,"date":"29/07/2008"}},{"type":"Feature","geometry":{"type":"Point","coordinates":[-1.11062,44.9531]},"properties":{"depth_m":1.9,"n":1,"date":"29/07/2008"}},{"type":"Feature","geometry":{"type":"Point","coordinates":[-1.11095,44.95293]},"properties":{"depth_m":1.5,"n":1,"date":"29/07/2008"}},{"type":"Feature","geometry":{"type":"Point","coordinates":[-1.10799,44.95178]},"properties":{"depth_m":1.8,"n":1,"date":"29/07/2008"}},{"type":"Feature","geometry":{"type":"Point","coordinates":[-1.11152,44.9526]},"properties":{"depth_m":0.6,"n":1,"date":"29/07/2008"}},{"type":"Feature","geometry":{"type":"Point","coordinates":[-1.1084,44.9537]},"properties":{"depth_m":0.6,"n":1,"date":"29/07/2008"}},{"type":"Feature","geometry":{"type":"Point","coordinates":[-1.11187,44.95259]},"properties":{"depth_m":0.5,"n":1,"date":"29/07/2008"}},{"type":"Feature","geometry":{"type":"Point","coordinates":[-1.11194,44.95261]},"properties":{"depth_m":0.4,"n":1,"date":"29/07/2008"}},{"type":"Feature","geometry":{"type":"Point","coordinates":[-1.09911,44.95627]},"properties":{"depth_m":1.1,"n":1,"date":"29/07/2008"}},{"type":"Feature","geometry":{"type":"Point","coordinates":[-1.10303,44.95783]},"properties":{"depth_m":0.5,"n":1,"date":"29/07/2008"}},{"type":"Feature","geometry":{"type":"Point","coordinates":[-1.11203,44.95257]},"properties":{"depth_m":0.5,"n":1,"date":"29/07/2008"}},{"type":"Feature","geometry":{"type":"Point","coordinates":[-1.11208,44.95254]},"properties":{"depth_m":0.5,"n":1,"date":"29/07/2008"}},{"type":"Feature","geometry":{"type":"Point","coordinates":[-1.11121,44.95283]},"properties":{"depth_m":0.7,"n":1,"date":"29/07/2008"}},{"type":"Feature","geometry":{"type":"Point","coordinates":[-1.1067,44.9538]},"properties":{"depth_m":1.6,"n":1,"date":"29/07/2008"}},{"type":"Feature","geometry":{"type":"Point","coordinates":[-1.10506,44.94795]},"properties":{"depth_m":0.8,"n":1,"date":"29/07/2008"}},{"type":"Feature","geometry":{"type":"Point","coordinates":[-1.1079,44.95243]},"properties":{"depth_m":1.9,"n":1,"date":"29/07/2008"}},{"type":"Feature","geometry":{"type":"Point","coordinates":[-1.10755,44.95257]},"properties":{"depth_m":1.3,"n":1,"date":"29/07/2008"}},{"type":"Feature","geometry":{"type":"Point","coordinates":[-1.1072,44.95274]},"properties":{"depth_m":1.4,"n":1,"date":"29/07/2008"}},{"type":"Feature","geometry":{"type":"Point","coordinates":[-1.10692,44.9529]},"properties":{"depth_m":2.0,"n":1,"date":"29/07/2008"}},{"type":"Feature","geometry":{"type":"Point","coordinates":[-1.10669,44.95309]},"properties":{"depth_m":1.5,"n":1,"date":"29/07/2008"}},{"type":"Feature","geometry":{"type":"Point","coordinates":[-1.10901,44.95355]},"properties":{"depth_m":0.5,"n":1,"date":"29/07/2008"}},{"type":"Feature","geometry":{"type":"Point","coordinates":[-1.10662,44.95364]},"properties":{"depth_m":1.3,"n":1,"date":"29/07/2008"}},{"type":"Feature","geometry":{"type":"Point","coordinates":[-1.10866,44.95364]},"properties":{"depth_m":0.6,"n":1,"date":"29/07/2008"}},{"type":"Feature","geometry":{"type":"Point","coordinates":[-1.10685,44.95394]},"properties":{"depth_m":1.6,"n":1,"date":"29/07/2008"}},{"type":"Feature","geometry":{"type":"Point","coordinates":[-1.10744,44.95404]},"properties":{"depth_m":2.0,"n":1,"date":"29/07/2008"}},{"type":"Feature","geometry":{"type":"Point","coordinates":[-1.1078,44.95399]},"properties":{"depth_m":0.7,"n":1,"date":"29/07/2008"}},{"type":"Feature","geometry":{"type":"Point","coordinates":[-1.10805,44.95387]},"properties":{"depth_m":0.7,"n":1,"date":"29/07/2008"}},{"type":"Feature","geometry":{"type":"Point","coordinates":[-1.10824,44.95377]},"properties":{"depth_m":0.6,"n":1,"date":"29/07/2008"}},{"type":"Feature","geometry":{"type":"Point","coordinates":[-1.10807,44.95202]},"properties":{"depth_m":1.9,"n":1,"date":"29/07/2008"}},{"type":"Feature","geometry":{"type":"Point","coordinates":[-1.10661,44.95338]},"properties":{"depth_m":1.1,"n":1,"date":"29/07/2008"}},{"type":"Feature","geometry":{"type":"Point","coordinates":[-1.10591,44.94919]},"properties":{"depth_m":0.6,"n":1,"date":"29/07/2008"}},{"type":"Feature","geometry":{"type":"Point","coordinates":[-1.10509,44.94807]},"properties":{"depth_m":0.7,"n":1,"date":"29/07/2008"}},{"type":"Feature","geometry":{"type":"Point","coordinates":[-1.10643,44.94966]},"properties":{"depth_m":1.2,"n":1,"date":"29/07/2008"}},{"type":"Feature","geometry":{"type":"Point","coordinates":[-1.10629,44.94961]},"properties":{"depth_m":1.1,"n":1,"date":"29/07/2008"}},{"type":"Feature","geometry":{"type":"Point","coordinates":[-1.10618,44.94959]},"properties":{"depth_m":1.0,"n":1,"date":"29/07/2008"}},{"type":"Feature","geometry":{"type":"Point","coordinates":[-1.10611,44.94955]},"properties":{"depth_m":0.8,"n":1,"date":"29/07/2008"}},{"type":"Feature","geometry":{"type":"Point","coordinates":[-1.10604,44.94947]},"properties":{"depth_m":0.9,"n":1,"date":"29/07/2008"}},{"type":"Feature","geometry":{"type":"Point","coordinates":[-1.10666,44.9498]},"properties":{"depth_m":1.3,"n":1,"date":"29/07/2008"}},{"type":"Feature","geometry":{"type":"Point","coordinates":[-1.10595,44.94929]},"properties":{"depth_m":0.7,"n":1,"date":"29/07/2008"}},{"type":"Feature","geometry":{"type":"Point","coordinates":[-1.10677,44.94987]},"properties":{"depth_m":1.3,"n":1,"date":"29/07/2008"}},{"type":"Feature","geometry":{"type":"Point","coordinates":[-1.10587,44.9491]},"properties":{"depth_m":0.6,"n":1,"date":"29/07/2008"}},{"type":"Feature","geometry":{"type":"Point","coordinates":[-1.10582,44.94901]},"properties":{"depth_m":0.8,"n":1,"date":"29/07/2008"}},{"type":"Feature","geometry":{"type":"Point","coordinates":[-1.10576,44.94891]},"properties":{"depth_m":0.8,"n":1,"date":"29/07/2008"}},{"type":"Feature","geometry":{"type":"Point","coordinates":[-1.10569,44.94882]},"properties":{"depth_m":0.8,"n":1,"date":"29/07/2008"}},{"type":"Feature","geometry":{"type":"Point","coordinates":[-1.10563,44.94872]},"properties":{"depth_m":0.8,"n":1,"date":"29/07/2008"}},{"type":"Feature","geometry":{"type":"Point","coordinates":[-1.10558,44.94863]},"properties":{"depth_m":0.8,"n":1,"date":"29/07/2008"}},{"type":"Feature","geometry":{"type":"Point","coordinates":[-1.10599,44.94938]},"properties":{"depth_m":0.9,"n":1,"date":"29/07/2008"}},{"type":"Feature","geometry":{"type":"Point","coordinates":[-1.10734,44.95049]},"properties":{"depth_m":1.0,"n":1,"date":"29/07/2008"}},{"type":"Feature","geometry":{"type":"Point","coordinates":[-1.10727,44.95127]},"properties":{"depth_m":0.4,"n":1,"date":"29/07/2008"}},{"type":"Feature","geometry":{"type":"Point","coordinates":[-1.10724,44.9512]},"properties":{"depth_m":0.4,"n":1,"date":"29/07/2008"}},{"type":"Feature","geometry":{"type":"Point","coordinates":[-1.10724,44.95111]},"properties":{"depth_m":0.5,"n":1,"date":"29/07/2008"}},{"type":"Feature","geometry":{"type":"Point","coordinates":[-1.10727,44.95102]},"properties":{"depth_m":1.1,"n":1,"date":"29/07/2008"}},{"type":"Feature","geometry":{"type":"Point","coordinates":[-1.10731,44.95091]},"properties":{"depth_m":0.9,"n":1,"date":"29/07/2008"}},{"type":"Feature","geometry":{"type":"Point","coordinates":[-1.10734,44.9508]},"properties":{"depth_m":1.1,"n":1,"date":"29/07/2008"}},{"type":"Feature","geometry":{"type":"Point","coordinates":[-1.10654,44.94973]},"properties":{"depth_m":1.2,"n":1,"date":"29/07/2008"}},{"type":"Feature","geometry":{"type":"Point","coordinates":[-1.10736,44.95059]},"properties":{"depth_m":0.8,"n":1,"date":"29/07/2008"}},{"type":"Feature","geometry":{"type":"Point","coordinates":[-1.10537,44.94836]},"properties":{"depth_m":0.6,"n":1,"date":"29/07/2008"}},{"type":"Feature","geometry":{"type":"Point","coordinates":[-1.10729,44.95039]},"properties":{"depth_m":1.4,"n":1,"date":"29/07/2008"}},{"type":"Feature","geometry":{"type":"Point","coordinates":[-1.10724,44.95028]},"properties":{"depth_m":1.4,"n":1,"date":"29/07/2008"}},{"type":"Feature","geometry":{"type":"Point","coordinates":[-1.10718,44.95018]},"properties":{"depth_m":1.3,"n":1,"date":"29/07/2008"}},{"type":"Feature","geometry":{"type":"Point","coordinates":[-1.1071,44.95009]},"properties":{"depth_m":1.3,"n":1,"date":"29/07/2008"}},{"type":"Feature","geometry":{"type":"Point","coordinates":[-1.10701,44.95001]},"properties":{"depth_m":1.2,"n":1,"date":"29/07/2008"}},{"type":"Feature","geometry":{"type":"Point","coordinates":[-1.10689,44.94994]},"properties":{"depth_m":1.2,"n":1,"date":"29/07/2008"}},{"type":"Feature","geometry":{"type":"Point","coordinates":[-1.10736,44.9507]},"properties":{"depth_m":0.9,"n":1,"date":"29/07/2008"}},{"type":"Feature","geometry":{"type":"Point","coordinates":[-1.10493,44.94774]},"properties":{"depth_m":0.5,"n":1,"date":"29/07/2008"}},{"type":"Feature","geometry":{"type":"Point","coordinates":[-1.10363,44.94708]},"properties":{"depth_m":0.4,"n":4,"date":"29/07/2008"}},{"type":"Feature","geometry":{"type":"Point","coordinates":[-1.1049,44.94777]},"properties":{"depth_m":0.4,"n":1,"date":"29/07/2008"}},{"type":"Feature","geometry":{"type":"Point","coordinates":[-1.10491,44.94777]},"properties":{"depth_m":0.4,"n":1,"date":"29/07/2008"}},{"type":"Feature","geometry":{"type":"Point","coordinates":[-1.10493,44.94777]},"properties":{"depth_m":0.5,"n":1,"date":"29/07/2008"}},{"type":"Feature","geometry":{"type":"Point","coordinates":[-1.10497,44.94777]},"properties":{"depth_m":0.45,"n":2,"date":"29/07/2008"}},{"type":"Feature","geometry":{"type":"Point","coordinates":[-1.10551,44.94854]},"properties":{"depth_m":0.8,"n":1,"date":"29/07/2008"}},{"type":"Feature","geometry":{"type":"Point","coordinates":[-1.10497,44.94776]},"properties":{"depth_m":0.5,"n":1,"date":"29/07/2008"}},{"type":"Feature","geometry":{"type":"Point","coordinates":[-1.10468,44.94744]},"properties":{"depth_m":0.4,"n":1,"date":"29/07/2008"}},{"type":"Feature","geometry":{"type":"Point","coordinates":[-1.10493,44.94772]},"properties":{"depth_m":0.5,"n":1,"date":"29/07/2008"}},{"type":"Feature","geometry":{"type":"Point","coordinates":[-1.10496,44.94771]},"properties":{"depth_m":0.5,"n":1,"date":"29/07/2008"}},{"type":"Feature","geometry":{"type":"Point","coordinates":[-1.10501,44.94774]},"properties":{"depth_m":0.5,"n":1,"date":"29/07/2008"}},{"type":"Feature","geometry":{"type":"Point","coordinates":[-1.10503,44.94779]},"properties":{"depth_m":0.5,"n":1,"date":"29/07/2008"}},{"type":"Feature","geometry":{"type":"Point","coordinates":[-1.10503,44.94784]},"properties":{"depth_m":0.5,"n":1,"date":"29/07/2008"}},{"type":"Feature","geometry":{"type":"Point","coordinates":[-1.10505,44.94789]},"properties":{"depth_m":0.6,"n":1,"date":"29/07/2008"}},{"type":"Feature","geometry":{"type":"Point","coordinates":[-1.10512,44.94768]},"properties":{"depth_m":0.7,"n":1,"date":"29/07/2008"}},{"type":"Feature","geometry":{"type":"Point","coordinates":[-1.1073,44.95133]},"properties":{"depth_m":0.4,"n":1,"date":"29/07/2008"}},{"type":"Feature","geometry":{"type":"Point","coordinates":[-1.10532,44.94827]},"properties":{"depth_m":0.7,"n":1,"date":"29/07/2008"}},{"type":"Feature","geometry":{"type":"Point","coordinates":[-1.10528,44.94818]},"properties":{"depth_m":0.6,"n":1,"date":"29/07/2008"}},{"type":"Feature","geometry":{"type":"Point","coordinates":[-1.10524,44.9481]},"properties":{"depth_m":0.5,"n":1,"date":"29/07/2008"}},{"type":"Feature","geometry":{"type":"Point","coordinates":[-1.10522,44.94802]},"properties":{"depth_m":0.5,"n":1,"date":"29/07/2008"}},{"type":"Feature","geometry":{"type":"Point","coordinates":[-1.10521,44.94793]},"properties":{"depth_m":0.6,"n":1,"date":"29/07/2008"}},{"type":"Feature","geometry":{"type":"Point","coordinates":[-1.10518,44.94776]},"properties":{"depth_m":0.7,"n":1,"date":"29/07/2008"}},{"type":"Feature","geometry":{"type":"Point","coordinates":[-1.10505,44.94761]},"properties":{"depth_m":0.5,"n":1,"date":"29/07/2008"}},{"type":"Feature","geometry":{"type":"Point","coordinates":[-1.10497,44.94755]},"properties":{"depth_m":0.4,"n":1,"date":"29/07/2008"}},{"type":"Feature","geometry":{"type":"Point","coordinates":[-1.10489,44.94751]},"properties":{"depth_m":0.4,"n":1,"date":"29/07/2008"}},{"type":"Feature","geometry":{"type":"Point","coordinates":[-1.1048,44.9475]},"properties":{"depth_m":0.6,"n":1,"date":"29/07/2008"}},{"type":"Feature","geometry":{"type":"Point","coordinates":[-1.10471,44.94748]},"properties":{"depth_m":0.5,"n":1,"date":"29/07/2008"}},{"type":"Feature","geometry":{"type":"Point","coordinates":[-1.10468,44.94745]},"properties":{"depth_m":0.6,"n":1,"date":"29/07/2008"}},{"type":"Feature","geometry":{"type":"Point","coordinates":[-1.10543,44.94845]},"properties":{"depth_m":0.7,"n":1,"date":"29/07/2008"}},{"type":"Feature","geometry":{"type":"Point","coordinates":[-1.1052,44.94784]},"properties":{"depth_m":0.6,"n":1,"date":"29/07/2008"}},{"type":"Feature","geometry":{"type":"Point","coordinates":[-1.10359,44.95972]},"properties":{"depth_m":0.4,"n":1,"date":"29/07/2008"}},{"type":"Feature","geometry":{"type":"Point","coordinates":[-1.10282,44.96143]},"properties":{"depth_m":0.6,"n":1,"date":"29/07/2008"}},{"type":"Feature","geometry":{"type":"Point","coordinates":[-1.10347,44.96028]},"properties":{"depth_m":0.6,"n":1,"date":"29/07/2008"}},{"type":"Feature","geometry":{"type":"Point","coordinates":[-1.10352,44.96021]},"properties":{"depth_m":0.6,"n":1,"date":"29/07/2008"}},{"type":"Feature","geometry":{"type":"Point","coordinates":[-1.10351,44.96013]},"properties":{"depth_m":0.5,"n":1,"date":"29/07/2008"}},{"type":"Feature","geometry":{"type":"Point","coordinates":[-1.10353,44.96005]},"properties":{"depth_m":0.5,"n":1,"date":"29/07/2008"}},{"type":"Feature","geometry":{"type":"Point","coordinates":[-1.10355,44.95997]},"properties":{"depth_m":0.5,"n":1,"date":"29/07/2008"}},{"type":"Feature","geometry":{"type":"Point","coordinates":[-1.10336,44.96041]},"properties":{"depth_m":0.6,"n":1,"date":"29/07/2008"}},{"type":"Feature","geometry":{"type":"Point","coordinates":[-1.10358,44.9598]},"properties":{"depth_m":0.5,"n":1,"date":"29/07/2008"}},{"type":"Feature","geometry":{"type":"Point","coordinates":[-1.10327,44.96047]},"properties":{"depth_m":0.6,"n":1,"date":"29/07/2008"}},{"type":"Feature","geometry":{"type":"Point","coordinates":[-1.10364,44.95965]},"properties":{"depth_m":0.5,"n":1,"date":"29/07/2008"}},{"type":"Feature","geometry":{"type":"Point","coordinates":[-1.10365,44.95956]},"properties":{"depth_m":0.5,"n":1,"date":"29/07/2008"}},{"type":"Feature","geometry":{"type":"Point","coordinates":[-1.10368,44.95949]},"properties":{"depth_m":0.5,"n":1,"date":"29/07/2008"}},{"type":"Feature","geometry":{"type":"Point","coordinates":[-1.10374,44.95942]},"properties":{"depth_m":0.4,"n":1,"date":"29/07/2008"}},{"type":"Feature","geometry":{"type":"Point","coordinates":[-1.10376,44.95935]},"properties":{"depth_m":0.5,"n":1,"date":"29/07/2008"}},{"type":"Feature","geometry":{"type":"Point","coordinates":[-1.10382,44.95928]},"properties":{"depth_m":0.5,"n":1,"date":"29/07/2008"}},{"type":"Feature","geometry":{"type":"Point","coordinates":[-1.10358,44.95989]},"properties":{"depth_m":0.5,"n":1,"date":"29/07/2008"}},{"type":"Feature","geometry":{"type":"Point","coordinates":[-1.10279,44.96066]},"properties":{"depth_m":0.6,"n":1,"date":"29/07/2008"}},{"type":"Feature","geometry":{"type":"Point","coordinates":[-1.10174,44.95636]},"properties":{"depth_m":3.1,"n":1,"date":"29/07/2008"}},{"type":"Feature","geometry":{"type":"Point","coordinates":[-1.10283,44.96127]},"properties":{"depth_m":0.7,"n":1,"date":"29/07/2008"}},{"type":"Feature","geometry":{"type":"Point","coordinates":[-1.10283,44.96118]},"properties":{"depth_m":0.9,"n":1,"date":"29/07/2008"}},{"type":"Feature","geometry":{"type":"Point","coordinates":[-1.10282,44.96109]},"properties":{"depth_m":1.0,"n":1,"date":"29/07/2008"}},{"type":"Feature","geometry":{"type":"Point","coordinates":[-1.10283,44.961]},"properties":{"depth_m":1.0,"n":1,"date":"29/07/2008"}},{"type":"Feature","geometry":{"type":"Point","coordinates":[-1.10282,44.96092]},"properties":{"depth_m":0.9,"n":1,"date":"29/07/2008"}},{"type":"Feature","geometry":{"type":"Point","coordinates":[-1.10344,44.96035]},"properties":{"depth_m":0.6,"n":1,"date":"29/07/2008"}},{"type":"Feature","geometry":{"type":"Point","coordinates":[-1.10279,44.96074]},"properties":{"depth_m":0.6,"n":1,"date":"29/07/2008"}},{"type":"Feature","geometry":{"type":"Point","coordinates":[-1.10395,44.95906]},"properties":{"depth_m":0.7,"n":1,"date":"29/07/2008"}},{"type":"Feature","geometry":{"type":"Point","coordinates":[-1.10281,44.96058]},"properties":{"depth_m":0.4,"n":1,"date":"29/07/2008"}},{"type":"Feature","geometry":{"type":"Point","coordinates":[-1.10284,44.96051]},"properties":{"depth_m":0.4,"n":1,"date":"29/07/2008"}},{"type":"Feature","geometry":{"type":"Point","coordinates":[-1.10291,44.96045]},"properties":{"depth_m":0.4,"n":1,"date":"29/07/2008"}},{"type":"Feature","geometry":{"type":"Point","coordinates":[-1.10299,44.9604]},"properties":{"depth_m":0.3,"n":1,"date":"29/07/2008"}},{"type":"Feature","geometry":{"type":"Point","coordinates":[-1.10313,44.96044]},"properties":{"depth_m":0.5,"n":1,"date":"29/07/2008"}},{"type":"Feature","geometry":{"type":"Point","coordinates":[-1.10318,44.96049]},"properties":{"depth_m":0.6,"n":1,"date":"29/07/2008"}},{"type":"Feature","geometry":{"type":"Point","coordinates":[-1.10281,44.96083]},"properties":{"depth_m":0.7,"n":1,"date":"29/07/2008"}},{"type":"Feature","geometry":{"type":"Point","coordinates":[-1.10219,44.95706]},"properties":{"depth_m":0.6,"n":1,"date":"29/07/2008"}},{"type":"Feature","geometry":{"type":"Point","coordinates":[-1.10268,44.95762]},"properties":{"depth_m":0.4,"n":1,"date":"29/07/2008"}},{"type":"Feature","geometry":{"type":"Point","coordinates":[-1.10261,44.95756]},"properties":{"depth_m":0.5,"n":1,"date":"29/07/2008"}},{"type":"Feature","geometry":{"type":"Point","coordinates":[-1.10255,44.95749]},"properties":{"depth_m":0.5,"n":1,"date":"29/07/2008"}},{"type":"Feature","geometry":{"type":"Point","coordinates":[-1.10248,44.95742]},"properties":{"depth_m":0.5,"n":1,"date":"29/07/2008"}},{"type":"Feature","geometry":{"type":"Point","coordinates":[-1.10241,44.95735]},"properties":{"depth_m":0.5,"n":1,"date":"29/07/2008"}},{"type":"Feature","geometry":{"type":"Point","coordinates":[-1.10236,44.95727]},"properties":{"depth_m":0.5,"n":1,"date":"29/07/2008"}},{"type":"Feature","geometry":{"type":"Point","coordinates":[-1.10386,44.95921]},"properties":{"depth_m":0.4,"n":1,"date":"29/07/2008"}},{"type":"Feature","geometry":{"type":"Point","coordinates":[-1.10226,44.95712]},"properties":{"depth_m":0.5,"n":1,"date":"29/07/2008"}},{"type":"Feature","geometry":{"type":"Point","coordinates":[-1.10311,44.95789]},"properties":{"depth_m":0.6,"n":1,"date":"29/07/2008"}},{"type":"Feature","geometry":{"type":"Point","coordinates":[-1.10214,44.95698]},"properties":{"depth_m":0.8,"n":1,"date":"29/07/2008"}},{"type":"Feature","geometry":{"type":"Point","coordinates":[-1.10211,44.95689]},"properties":{"depth_m":1.9,"n":1,"date":"29/07/2008"}},{"type":"Feature","geometry":{"type":"Point","coordinates":[-1.10208,44.9568]},"properties":{"depth_m":2.5,"n":1,"date":"29/07/2008"}},{"type":"Feature","geometry":{"type":"Point","coordinates":[-1.10203,44.95672]},"properties":{"depth_m":3.0,"n":1,"date":"29/07/2008"}},{"type":"Feature","geometry":{"type":"Point","coordinates":[-1.10198,44.95666]},"properties":{"depth_m":3.1,"n":1,"date":"29/07/2008"}},{"type":"Feature","geometry":{"type":"Point","coordinates":[-1.10285,44.95773]},"properties":{"depth_m":0.4,"n":1,"date":"29/07/2008"}},{"type":"Feature","geometry":{"type":"Point","coordinates":[-1.10231,44.9572]},"properties":{"depth_m":0.4,"n":1,"date":"29/07/2008"}},{"type":"Feature","geometry":{"type":"Point","coordinates":[-1.10369,44.95836]},"properties":{"depth_m":0.6,"n":1,"date":"29/07/2008"}},{"type":"Feature","geometry":{"type":"Point","coordinates":[-1.10283,44.96151]},"properties":{"depth_m":0.5,"n":1,"date":"29/07/2008"}},{"type":"Feature","geometry":{"type":"Point","coordinates":[-1.10396,44.95897]},"properties":{"depth_m":0.6,"n":1,"date":"29/07/2008"}},{"type":"Feature","geometry":{"type":"Point","coordinates":[-1.10394,44.95888]},"properties":{"depth_m":0.9,"n":1,"date":"29/07/2008"}},{"type":"Feature","geometry":{"type":"Point","coordinates":[-1.10393,44.95879]},"properties":{"depth_m":0.9,"n":1,"date":"29/07/2008"}},{"type":"Feature","geometry":{"type":"Point","coordinates":[-1.1039,44.9587]},"properties":{"depth_m":0.9,"n":1,"date":"29/07/2008"}},{"type":"Feature","geometry":{"type":"Point","coordinates":[-1.10387,44.9586]},"properties":{"depth_m":0.9,"n":1,"date":"29/07/2008"}},{"type":"Feature","geometry":{"type":"Point","coordinates":[-1.10276,44.95767]},"properties":{"depth_m":0.4,"n":1,"date":"29/07/2008"}},{"type":"Feature","geometry":{"type":"Point","coordinates":[-1.10375,44.95844]},"properties":{"depth_m":0.7,"n":1,"date":"29/07/2008"}},{"type":"Feature","geometry":{"type":"Point","coordinates":[-1.10293,44.95779]},"properties":{"depth_m":0.4,"n":1,"date":"29/07/2008"}},{"type":"Feature","geometry":{"type":"Point","coordinates":[-1.10361,44.95829]},"properties":{"depth_m":0.8,"n":1,"date":"29/07/2008"}},{"type":"Feature","geometry":{"type":"Point","coordinates":[-1.10353,44.95822]},"properties":{"depth_m":0.8,"n":1,"date":"29/07/2008"}},{"type":"Feature","geometry":{"type":"Point","coordinates":[-1.10344,44.95815]},"properties":{"depth_m":0.9,"n":1,"date":"29/07/2008"}},{"type":"Feature","geometry":{"type":"Point","coordinates":[-1.10336,44.95808]},"properties":{"depth_m":0.9,"n":1,"date":"29/07/2008"}},{"type":"Feature","geometry":{"type":"Point","coordinates":[-1.10327,44.95801]},"properties":{"depth_m":0.8,"n":1,"date":"29/07/2008"}},{"type":"Feature","geometry":{"type":"Point","coordinates":[-1.10321,44.95794]},"properties":{"depth_m":0.7,"n":1,"date":"29/07/2008"}},{"type":"Feature","geometry":{"type":"Point","coordinates":[-1.10391,44.95914]},"properties":{"depth_m":0.6,"n":1,"date":"29/07/2008"}},{"type":"Feature","geometry":{"type":"Point","coordinates":[-1.10382,44.95852]},"properties":{"depth_m":0.8,"n":1,"date":"29/07/2008"}},{"type":"Feature","geometry":{"type":"Point","coordinates":[-1.09892,44.96249]},"properties":{"depth_m":1.1,"n":1,"date":"29/07/2008"}},{"type":"Feature","geometry":{"type":"Point","coordinates":[-1.10283,44.96135]},"properties":{"depth_m":0.5,"n":1,"date":"29/07/2008"}},{"type":"Feature","geometry":{"type":"Point","coordinates":[-1.09958,44.96275]},"properties":{"depth_m":1.4,"n":1,"date":"29/07/2008"}},{"type":"Feature","geometry":{"type":"Point","coordinates":[-1.09945,44.96266]},"properties":{"depth_m":1.3,"n":1,"date":"29/07/2008"}},{"type":"Feature","geometry":{"type":"Point","coordinates":[-1.09934,44.96258]},"properties":{"depth_m":1.3,"n":1,"date":"29/07/2008"}},{"type":"Feature","geometry":{"type":"Point","coordinates":[-1.09925,44.96253]},"properties":{"depth_m":1.0,"n":1,"date":"29/07/2008"}},{"type":"Feature","geometry":{"type":"Point","coordinates":[-1.09917,44.9625]},"properties":{"depth_m":1.0,"n":1,"date":"29/07/2008"}},{"type":"Feature","geometry":{"type":"Point","coordinates":[-1.09982,44.96293]},"properties":{"depth_m":1.2,"n":1,"date":"29/07/2008"}},{"type":"Feature","geometry":{"type":"Point","coordinates":[-1.09903,44.96244]},"properties":{"depth_m":0.9,"n":1,"date":"29/07/2008"}},{"type":"Feature","geometry":{"type":"Point","coordinates":[-1.0999,44.96298]},"properties":{"depth_m":1.2,"n":1,"date":"29/07/2008"}},{"type":"Feature","geometry":{"type":"Point","coordinates":[-1.09899,44.96258]},"properties":{"depth_m":0.7,"n":1,"date":"29/07/2008"}},{"type":"Feature","geometry":{"type":"Point","coordinates":[-1.09914,44.96264]},"properties":{"depth_m":0.9,"n":1,"date":"29/07/2008"}},{"type":"Feature","geometry":{"type":"Point","coordinates":[-1.09927,44.96271]},"properties":{"depth_m":1.1,"n":1,"date":"29/07/2008"}},{"type":"Feature","geometry":{"type":"Point","coordinates":[-1.0994,44.96282]},"properties":{"depth_m":1.3,"n":1,"date":"29/07/2008"}},{"type":"Feature","geometry":{"type":"Point","coordinates":[-1.09951,44.96294]},"properties":{"depth_m":1.1,"n":1,"date":"29/07/2008"}},{"type":"Feature","geometry":{"type":"Point","coordinates":[-1.09962,44.96305]},"properties":{"depth_m":1.1,"n":1,"date":"29/07/2008"}},{"type":"Feature","geometry":{"type":"Point","coordinates":[-1.0991,44.96247]},"properties":{"depth_m":0.9,"n":1,"date":"29/07/2008"}},{"type":"Feature","geometry":{"type":"Point","coordinates":[-1.1002,44.96319]},"properties":{"depth_m":0.5,"n":1,"date":"29/07/2008"}},{"type":"Feature","geometry":{"type":"Point","coordinates":[-1.11911,44.94769]},"properties":{"depth_m":1.2,"n":1,"date":"29/07/2008"}},{"type":"Feature","geometry":{"type":"Point","coordinates":[-1.11211,44.9525]},"properties":{"depth_m":0.4,"n":1,"date":"29/07/2008"}},{"type":"Feature","geometry":{"type":"Point","coordinates":[-1.10058,44.96328]},"properties":{"depth_m":0.5,"n":1,"date":"29/07/2008"}},{"type":"Feature","geometry":{"type":"Point","coordinates":[-1.10051,44.96327]},"properties":{"depth_m":0.4,"n":1,"date":"29/07/2008"}},{"type":"Feature","geometry":{"type":"Point","coordinates":[-1.10045,44.96326]},"properties":{"depth_m":0.4,"n":1,"date":"29/07/2008"}},{"type":"Feature","geometry":{"type":"Point","coordinates":[-1.10038,44.96324]},"properties":{"depth_m":0.4,"n":1,"date":"29/07/2008"}},{"type":"Feature","geometry":{"type":"Point","coordinates":[-1.09971,44.96284]},"properties":{"depth_m":1.3,"n":1,"date":"29/07/2008"}},{"type":"Feature","geometry":{"type":"Point","coordinates":[-1.10026,44.96321]},"properties":{"depth_m":0.5,"n":1,"date":"29/07/2008"}},{"type":"Feature","geometry":{"type":"Point","coordinates":[-1.09988,44.96339]},"properties":{"depth_m":0.9,"n":1,"date":"29/07/2008"}},{"type":"Feature","geometry":{"type":"Point","coordinates":[-1.10016,44.96315]},"properties":{"depth_m":0.5,"n":1,"date":"29/07/2008"}},{"type":"Feature","geometry":{"type":"Point","coordinates":[-1.10013,44.9631]},"properties":{"depth_m":0.6,"n":1,"date":"29/07/2008"}},{"type":"Feature","geometry":{"type":"Point","coordinates":[-1.10009,44.96307]},"properties":{"depth_m":0.7,"n":1,"date":"29/07/2008"}},{"type":"Feature","geometry":{"type":"Point","coordinates":[-1.10005,44.96304]},"properties":{"depth_m":0.9,"n":1,"date":"29/07/2008"}},{"type":"Feature","geometry":{"type":"Point","coordinates":[-1.1,44.96302]},"properties":{"depth_m":1.1,"n":1,"date":"29/07/2008"}},{"type":"Feature","geometry":{"type":"Point","coordinates":[-1.09994,44.963]},"properties":{"depth_m":1.1,"n":1,"date":"29/07/2008"}},{"type":"Feature","geometry":{"type":"Point","coordinates":[-1.10032,44.96323]},"properties":{"depth_m":0.5,"n":1,"date":"29/07/2008"}},{"type":"Feature","geometry":{"type":"Point","coordinates":[-1.10291,44.96206]},"properties":{"depth_m":0.8,"n":1,"date":"29/07/2008"}},{"type":"Feature","geometry":{"type":"Point","coordinates":[-1.10221,44.96269]},"properties":{"depth_m":1.2,"n":1,"date":"29/07/2008"}},{"type":"Feature","geometry":{"type":"Point","coordinates":[-1.1023,44.96264]},"properties":{"depth_m":1.5,"n":1,"date":"29/07/2008"}},{"type":"Feature","geometry":{"type":"Point","coordinates":[-1.10241,44.96259]},"properties":{"depth_m":1.7,"n":1,"date":"29/07/2008"}},{"type":"Feature","geometry":{"type":"Point","coordinates":[-1.10254,44.96255]},"properties":{"depth_m":1.5,"n":1,"date":"29/07/2008"}},{"type":"Feature","geometry":{"type":"Point","coordinates":[-1.10266,44.96249]},"properties":{"depth_m":1.4,"n":1,"date":"29/07/2008"}},{"type":"Feature","geometry":{"type":"Point","coordinates":[-1.10278,44.96241]},"properties":{"depth_m":1.4,"n":1,"date":"29/07/2008"}},{"type":"Feature","geometry":{"type":"Point","coordinates":[-1.09971,44.96316]},"properties":{"depth_m":0.9,"n":1,"date":"29/07/2008"}},{"type":"Feature","geometry":{"type":"Point","coordinates":[-1.1029,44.96219]},"properties":{"depth_m":1.2,"n":1,"date":"29/07/2008"}},{"type":"Feature","geometry":{"type":"Point","coordinates":[-1.10204,44.96285]},"properties":{"depth_m":0.8,"n":1,"date":"29/07/2008"}},{"type":"Feature","geometry":{"type":"Point","coordinates":[-1.10291,44.96196]},"properties":{"depth_m":0.7,"n":1,"date":"29/07/2008"}},{"type":"Feature","geometry":{"type":"Point","coordinates":[-1.10293,44.96187]},"properties":{"depth_m":0.6,"n":1,"date":"29/07/2008"}},{"type":"Feature","geometry":{"type":"Point","coordinates":[-1.10294,44.96179]},"properties":{"depth_m":0.4,"n":1,"date":"29/07/2008"}},{"type":"Feature","geometry":{"type":"Point","coordinates":[-1.10295,44.96172]},"properties":{"depth_m":0.5,"n":1,"date":"29/07/2008"}},{"type":"Feature","geometry":{"type":"Point","coordinates":[-1.10291,44.96165]},"properties":{"depth_m":0.5,"n":1,"date":"29/07/2008"}},{"type":"Feature","geometry":{"type":"Point","coordinates":[-1.10285,44.96159]},"properties":{"depth_m":0.5,"n":1,"date":"29/07/2008"}},{"type":"Feature","geometry":{"type":"Point","coordinates":[-1.10286,44.96231]},"properties":{"depth_m":1.4,"n":1,"date":"29/07/2008"}},{"type":"Feature","geometry":{"type":"Point","coordinates":[-1.10099,44.96349]},"properties":{"depth_m":1.1,"n":1,"date":"29/07/2008"}},{"type":"Feature","geometry":{"type":"Point","coordinates":[-1.10161,44.95624]},"properties":{"depth_m":3.0,"n":1,"date":"29/07/2008"}},{"type":"Feature","geometry":{"type":"Point","coordinates":[-1.09995,44.9635]},"properties":{"depth_m":0.8,"n":1,"date":"29/07/2008"}},{"type":"Feature","geometry":{"type":"Point","coordinates":[-1.10002,44.96361]},"properties":{"depth_m":0.7,"n":1,"date":"29/07/2008"}},{"type":"Feature","geometry":{"type":"Point","coordinates":[-1.10011,44.96371]},"properties":{"depth_m":0.8,"n":1,"date":"29/07/2008"}},{"type":"Feature","geometry":{"type":"Point","coordinates":[-1.10028,44.96374]},"properties":{"depth_m":1.0,"n":1,"date":"29/07/2008"}},{"type":"Feature","geometry":{"type":"Point","coordinates":[-1.10047,44.96371]},"properties":{"depth_m":1.1,"n":1,"date":"29/07/2008"}},{"type":"Feature","geometry":{"type":"Point","coordinates":[-1.10215,44.96275]},"properties":{"depth_m":1.0,"n":1,"date":"29/07/2008"}},{"type":"Feature","geometry":{"type":"Point","coordinates":[-1.10081,44.96358]},"properties":{"depth_m":1.1,"n":1,"date":"29/07/2008"}},{"type":"Feature","geometry":{"type":"Point","coordinates":[-1.1021,44.96281]},"properties":{"depth_m":0.9,"n":1,"date":"29/07/2008"}},{"type":"Feature","geometry":{"type":"Point","coordinates":[-1.10117,44.96339]},"properties":{"depth_m":1.0,"n":1,"date":"29/07/2008"}},{"type":"Feature","geometry":{"type":"Point","coordinates":[-1.10136,44.96328]},"properties":{"depth_m":0.9,"n":1,"date":"29/07/2008"}},{"type":"Feature","geometry":{"type":"Point","coordinates":[-1.10159,44.96314]},"properties":{"depth_m":0.6,"n":1,"date":"29/07/2008"}},{"type":"Feature","geometry":{"type":"Point","coordinates":[-1.10175,44.96305]},"properties":{"depth_m":0.6,"n":1,"date":"29/07/2008"}},{"type":"Feature","geometry":{"type":"Point","coordinates":[-1.10185,44.96298]},"properties":{"depth_m":0.6,"n":1,"date":"29/07/2008"}},{"type":"Feature","geometry":{"type":"Point","coordinates":[-1.10195,44.96291]},"properties":{"depth_m":0.5,"n":1,"date":"29/07/2008"}},{"type":"Feature","geometry":{"type":"Point","coordinates":[-1.0998,44.96327]},"properties":{"depth_m":0.9,"n":1,"date":"29/07/2008"}},{"type":"Feature","geometry":{"type":"Point","coordinates":[-1.10065,44.96366]},"properties":{"depth_m":1.0,"n":1,"date":"29/07/2008"}},{"type":"Feature","geometry":{"type":"Point","coordinates":[-1.09791,44.95698]},"properties":{"depth_m":0.5,"n":1,"date":"29/07/2008"}},{"type":"Feature","geometry":{"type":"Point","coordinates":[-1.09836,44.95713]},"properties":{"depth_m":0.7,"n":1,"date":"29/07/2008"}},{"type":"Feature","geometry":{"type":"Point","coordinates":[-1.09779,44.95693]},"properties":{"depth_m":0.6,"n":1,"date":"29/07/2008"}},{"type":"Feature","geometry":{"type":"Point","coordinates":[-1.09778,44.95693]},"properties":{"depth_m":0.4,"n":1,"date":"29/07/2008"}},{"type":"Feature","geometry":{"type":"Point","coordinates":[-1.09779,44.95698]},"properties":{"depth_m":0.5,"n":1,"date":"29/07/2008"}},{"type":"Feature","geometry":{"type":"Point","coordinates":[-1.09782,44.957]},"properties":{"depth_m":0.5,"n":1,"date":"29/07/2008"}},{"type":"Feature","geometry":{"type":"Point","coordinates":[-1.09788,44.957]},"properties":{"depth_m":0.4,"n":1,"date":"29/07/2008"}},{"type":"Feature","geometry":{"type":"Point","coordinates":[-1.09782,44.95693]},"properties":{"depth_m":0.5,"n":1,"date":"29/07/2008"}},{"type":"Feature","geometry":{"type":"Point","coordinates":[-1.0979,44.95699]},"properties":{"depth_m":0.5,"n":1,"date":"29/07/2008"}},{"type":"Feature","geometry":{"type":"Point","coordinates":[-1.09784,44.95693]},"properties":{"depth_m":0.4,"n":1,"date":"29/07/2008"}},{"type":"Feature","geometry":{"type":"Point","coordinates":[-1.09796,44.95697]},"properties":{"depth_m":0.45,"n":2,"date":"29/07/2008"}},{"type":"Feature","geometry":{"type":"Point","coordinates":[-1.09798,44.95697]},"properties":{"depth_m":0.5,"n":1,"date":"29/07/2008"}},{"type":"Feature","geometry":{"type":"Point","coordinates":[-1.098,44.95698]},"properties":{"depth_m":0.4,"n":1,"date":"29/07/2008"}},{"type":"Feature","geometry":{"type":"Point","coordinates":[-1.09801,44.95699]},"properties":{"depth_m":0.4,"n":1,"date":"29/07/2008"}},{"type":"Feature","geometry":{"type":"Point","coordinates":[-1.09803,44.957]},"properties":{"depth_m":0.4,"n":1,"date":"29/07/2008"}},{"type":"Feature","geometry":{"type":"Point","coordinates":[-1.09806,44.957]},"properties":{"depth_m":0.5,"n":1,"date":"29/07/2008"}},{"type":"Feature","geometry":{"type":"Point","coordinates":[-1.0979,44.957]},"properties":{"depth_m":0.5,"n":1,"date":"29/07/2008"}},{"type":"Feature","geometry":{"type":"Point","coordinates":[-1.09794,44.95697]},"properties":{"depth_m":0.6,"n":1,"date":"29/07/2008"}},{"type":"Feature","geometry":{"type":"Point","coordinates":[-1.10189,44.9565]},"properties":{"depth_m":3.0,"n":1,"date":"29/07/2008"}},{"type":"Feature","geometry":{"type":"Point","coordinates":[-1.09832,44.95707]},"properties":{"depth_m":0.6,"n":1,"date":"29/07/2008"}},{"type":"Feature","geometry":{"type":"Point","coordinates":[-1.09824,44.95703]},"properties":{"depth_m":0.7,"n":1,"date":"29/07/2008"}},{"type":"Feature","geometry":{"type":"Point","coordinates":[-1.09815,44.95702]},"properties":{"depth_m":0.6,"n":1,"date":"29/07/2008"}},{"type":"Feature","geometry":{"type":"Point","coordinates":[-1.09807,44.95701]},"properties":{"depth_m":0.4,"n":1,"date":"29/07/2008"}},{"type":"Feature","geometry":{"type":"Point","coordinates":[-1.09799,44.95699]},"properties":{"depth_m":0.6,"n":1,"date":"29/07/2008"}},{"type":"Feature","geometry":{"type":"Point","coordinates":[-1.0978,44.95693]},"properties":{"depth_m":0.6,"n":1,"date":"29/07/2008"}},{"type":"Feature","geometry":{"type":"Point","coordinates":[-1.09795,44.95697]},"properties":{"depth_m":0.5,"n":1,"date":"29/07/2008"}},{"type":"Feature","geometry":{"type":"Point","coordinates":[-1.09812,44.95702]},"properties":{"depth_m":0.6,"n":1,"date":"29/07/2008"}},{"type":"Feature","geometry":{"type":"Point","coordinates":[-1.09793,44.95696]},"properties":{"depth_m":0.7,"n":1,"date":"29/07/2008"}},{"type":"Feature","geometry":{"type":"Point","coordinates":[-1.09792,44.95696]},"properties":{"depth_m":0.5,"n":1,"date":"29/07/2008"}},{"type":"Feature","geometry":{"type":"Point","coordinates":[-1.09788,44.95696]},"properties":{"depth_m":0.5,"n":1,"date":"29/07/2008"}},{"type":"Feature","geometry":{"type":"Point","coordinates":[-1.09787,44.95694]},"properties":{"depth_m":0.5,"n":1,"date":"29/07/2008"}},{"type":"Feature","geometry":{"type":"Point","coordinates":[-1.09786,44.95694]},"properties":{"depth_m":0.5,"n":1,"date":"29/07/2008"}},{"type":"Feature","geometry":{"type":"Point","coordinates":[-1.09785,44.95693]},"properties":{"depth_m":0.4,"n":1,"date":"29/07/2008"}},{"type":"Feature","geometry":{"type":"Point","coordinates":[-1.09917,44.95681]},"properties":{"depth_m":0.6,"n":1,"date":"29/07/2008"}},{"type":"Feature","geometry":{"type":"Point","coordinates":[-1.09892,44.95711]},"properties":{"depth_m":0.4,"n":1,"date":"29/07/2008"}},{"type":"Feature","geometry":{"type":"Point","coordinates":[-1.09901,44.95708]},"properties":{"depth_m":0.5,"n":1,"date":"29/07/2008"}},{"type":"Feature","geometry":{"type":"Point","coordinates":[-1.09905,44.95705]},"properties":{"depth_m":0.5,"n":1,"date":"29/07/2008"}},{"type":"Feature","geometry":{"type":"Point","coordinates":[-1.09909,44.95702]},"properties":{"depth_m":0.6,"n":1,"date":"29/07/2008"}},{"type":"Feature","geometry":{"type":"Point","coordinates":[-1.09911,44.95698]},"properties":{"depth_m":0.6,"n":1,"date":"29/07/2008"}},{"type":"Feature","geometry":{"type":"Point","coordinates":[-1.09912,44.95694]},"properties":{"depth_m":0.6,"n":1,"date":"29/07/2008"}},{"type":"Feature","geometry":{"type":"Point","coordinates":[-1.09808,44.957]},"properties":{"depth_m":0.5,"n":1,"date":"29/07/2008"}},{"type":"Feature","geometry":{"type":"Point","coordinates":[-1.09914,44.95685]},"properties":{"depth_m":0.6,"n":1,"date":"29/07/2008"}},{"type":"Feature","geometry":{"type":"Point","coordinates":[-1.09875,44.95721]},"properties":{"depth_m":0.7,"n":1,"date":"29/07/2008"}},{"type":"Feature","geometry":{"type":"Point","coordinates":[-1.09919,44.95676]},"properties":{"depth_m":0.6,"n":1,"date":"29/07/2008"}},{"type":"Feature","geometry":{"type":"Point","coordinates":[-1.09922,44.9567]},"properties":{"depth_m":0.7,"n":1,"date":"29/07/2008"}},{"type":"Feature","geometry":{"type":"Point","coordinates":[-1.09922,44.95665]},"properties":{"depth_m":0.8,"n":1,"date":"29/07/2008"}},{"type":"Feature","geometry":{"type":"Point","coordinates":[-1.09922,44.95657]},"properties":{"depth_m":0.9,"n":1,"date":"29/07/2008"}},{"type":"Feature","geometry":{"type":"Point","coordinates":[-1.09921,44.9565]},"properties":{"depth_m":1.0,"n":1,"date":"29/07/2008"}},{"type":"Feature","geometry":{"type":"Point","coordinates":[-1.09917,44.95643]},"properties":{"depth_m":0.9,"n":1,"date":"29/07/2008"}},{"type":"Feature","geometry":{"type":"Point","coordinates":[-1.09913,44.9569]},"properties":{"depth_m":0.6,"n":1,"date":"29/07/2008"}},{"type":"Feature","geometry":{"type":"Point","coordinates":[-1.09834,44.95731]},"properties":{"depth_m":0.8,"n":1,"date":"29/07/2008"}},{"type":"Feature","geometry":{"type":"Point","coordinates":[-1.09835,44.95715]},"properties":{"depth_m":0.7,"n":3,"date":"29/07/2008"}},{"type":"Feature","geometry":{"type":"Point","coordinates":[-1.09814,44.95705]},"properties":{"depth_m":0.6,"n":1,"date":"29/07/2008"}},{"type":"Feature","geometry":{"type":"Point","coordinates":[-1.09816,44.95709]},"properties":{"depth_m":0.6,"n":1,"date":"29/07/2008"}},{"type":"Feature","geometry":{"type":"Point","coordinates":[-1.09818,44.95712]},"properties":{"depth_m":0.6,"n":1,"date":"29/07/2008"}},{"type":"Feature","geometry":{"type":"Point","coordinates":[-1.09821,44.95716]},"properties":{"depth_m":0.6,"n":1,"date":"29/07/2008"}},{"type":"Feature","geometry":{"type":"Point","coordinates":[-1.09825,44.95719]},"properties":{"depth_m":0.7,"n":1,"date":"29/07/2008"}},{"type":"Feature","geometry":{"type":"Point","coordinates":[-1.09887,44.95714]},"properties":{"depth_m":0.4,"n":1,"date":"29/07/2008"}},{"type":"Feature","geometry":{"type":"Point","coordinates":[-1.09833,44.95726]},"properties":{"depth_m":0.7,"n":1,"date":"29/07/2008"}},{"type":"Feature","geometry":{"type":"Point","coordinates":[-1.09881,44.95718]},"properties":{"depth_m":0.4,"n":1,"date":"29/07/2008"}},{"type":"Feature","geometry":{"type":"Point","coordinates":[-1.09837,44.95736]},"properties":{"depth_m":0.8,"n":1,"date":"29/07/2008"}},{"type":"Feature","geometry":{"type":"Point","coordinates":[-1.09843,44.95738]},"properties":{"depth_m":0.7,"n":1,"date":"29/07/2008"}},{"type":"Feature","geometry":{"type":"Point","coordinates":[-1.09851,44.95738]},"properties":{"depth_m":0.7,"n":1,"date":"29/07/2008"}},{"type":"Feature","geometry":{"type":"Point","coordinates":[-1.09857,44.95735]},"properties":{"depth_m":0.8,"n":1,"date":"29/07/2008"}},{"type":"Feature","geometry":{"type":"Point","coordinates":[-1.09863,44.9573]},"properties":{"depth_m":0.8,"n":1,"date":"29/07/2008"}},{"type":"Feature","geometry":{"type":"Point","coordinates":[-1.09869,44.95726]},"properties":{"depth_m":0.8,"n":1,"date":"29/07/2008"}},{"type":"Feature","geometry":{"type":"Point","coordinates":[-1.0981,44.95701]},"properties":{"depth_m":0.5,"n":1,"date":"29/07/2008"}},{"type":"Feature","geometry":{"type":"Point","coordinates":[-1.0983,44.95722]},"properties":{"depth_m":0.7,"n":1,"date":"29/07/2008"}},{"type":"Feature","geometry":{"type":"Point","coordinates":[-1.09904,44.95644]},"properties":{"depth_m":0.7,"n":1,"date":"29/07/2008"}},{"type":"Feature","geometry":{"type":"Point","coordinates":[-1.09836,44.95711]},"properties":{"depth_m":0.7,"n":1,"date":"29/07/2008"}},{"type":"Feature","geometry":{"type":"Point","coordinates":[-1.09903,44.95579]},"properties":{"depth_m":0.8,"n":1,"date":"29/07/2008"}},{"type":"Feature","geometry":{"type":"Point","coordinates":[-1.09902,44.95591]},"properties":{"depth_m":0.9,"n":1,"date":"29/07/2008"}},{"type":"Feature","geometry":{"type":"Point","coordinates":[-1.09905,44.95602]},"properties":{"depth_m":1.2,"n":1,"date":"29/07/2008"}},{"type":"Feature","geometry":{"type":"Point","coordinates":[-1.09912,44.95612]},"properties":{"depth_m":0.9,"n":1,"date":"29/07/2008"}},{"type":"Feature","geometry":{"type":"Point","coordinates":[-1.09911,44.95621]},"properties":{"depth_m":0.9,"n":1,"date":"29/07/2008"}},{"type":"Feature","geometry":{"type":"Point","coordinates":[-1.09915,44.9555]},"properties":{"depth_m":1.8,"n":1,"date":"29/07/2008"}},{"type":"Feature","geometry":{"type":"Point","coordinates":[-1.09898,44.95634]},"properties":{"depth_m":0.7,"n":1,"date":"29/07/2008"}},{"type":"Feature","geometry":{"type":"Point","coordinates":[-1.09923,44.95536]},"properties":{"depth_m":2.0,"n":1,"date":"29/07/2008"}},{"type":"Feature","geometry":{"type":"Point","coordinates":[-1.09911,44.95653]},"properties":{"depth_m":0.9,"n":1,"date":"29/07/2008"}},{"type":"Feature","geometry":{"type":"Point","coordinates":[-1.09915,44.95662]},"properties":{"depth_m":0.9,"n":1,"date":"29/07/2008"}},{"type":"Feature","geometry":{"type":"Point","coordinates":[-1.09918,44.95671]},"properties":{"depth_m":0.7,"n":1,"date":"29/07/2008"}},{"type":"Feature","geometry":{"type":"Point","coordinates":[-1.09921,44.95679]},"properties":{"depth_m":0.7,"n":1,"date":"29/07/2008"}},{"type":"Feature","geometry":{"type":"Point","coordinates":[-1.09924,44.95687]},"properties":{"depth_m":0.6,"n":1,"date":"29/07/2008"}},{"type":"Feature","geometry":{"type":"Point","coordinates":[-1.09927,44.95697]},"properties":{"depth_m":0.6,"n":1,"date":"29/07/2008"}},{"type":"Feature","geometry":{"type":"Point","coordinates":[-1.09899,44.95625]},"properties":{"depth_m":1.1,"n":1,"date":"29/07/2008"}},{"type":"Feature","geometry":{"type":"Point","coordinates":[-1.10032,44.95516]},"properties":{"depth_m":2.5,"n":1,"date":"29/07/2008"}},{"type":"Feature","geometry":{"type":"Point","coordinates":[-1.10149,44.95612]},"properties":{"depth_m":2.6,"n":1,"date":"29/07/2008"}},{"type":"Feature","geometry":{"type":"Point","coordinates":[-1.10136,44.95599]},"properties":{"depth_m":2.5,"n":1,"date":"29/07/2008"}},{"type":"Feature","geometry":{"type":"Point","coordinates":[-1.10123,44.95587]},"properties":{"depth_m":2.5,"n":1,"date":"29/07/2008"}},{"type":"Feature","geometry":{"type":"Point","coordinates":[-1.10112,44.95573]},"properties":{"depth_m":2.5,"n":1,"date":"29/07/2008"}},{"type":"Feature","geometry":{"type":"Point","coordinates":[-1.10098,44.95558]},"properties":{"depth_m":2.0,"n":1,"date":"29/07/2008"}},{"type":"Feature","geometry":{"type":"Point","coordinates":[-1.10084,44.95546]},"properties":{"depth_m":2.2,"n":1,"date":"29/07/2008"}},{"type":"Feature","geometry":{"type":"Point","coordinates":[-1.09908,44.95565]},"properties":{"depth_m":1.3,"n":1,"date":"29/07/2008"}},{"type":"Feature","geometry":{"type":"Point","coordinates":[-1.1005,44.95526]},"properties":{"depth_m":2.4,"n":1,"date":"29/07/2008"}},{"type":"Feature","geometry":{"type":"Point","coordinates":[-1.09915,44.95716]},"properties":{"depth_m":0.7,"n":1,"date":"29/07/2008"}},{"type":"Feature","geometry":{"type":"Point","coordinates":[-1.10016,44.95505]},"properties":{"depth_m":2.5,"n":1,"date":"29/07/2008"}},{"type":"Feature","geometry":{"type":"Point","coordinates":[-1.10002,44.95493]},"properties":{"depth_m":2.5,"n":1,"date":"29/07/2008"}},{"type":"Feature","geometry":{"type":"Point","coordinates":[-1.09983,44.9549]},"properties":{"depth_m":2.6,"n":1,"date":"29/07/2008"}},{"type":"Feature","geometry":{"type":"Point","coordinates":[-1.09964,44.95498]},"properties":{"depth_m":2.6,"n":1,"date":"29/07/2008"}},{"type":"Feature","geometry":{"type":"Point","coordinates":[-1.09949,44.9551]},"properties":{"depth_m":2.4,"n":1,"date":"29/07/2008"}},{"type":"Feature","geometry":{"type":"Point","coordinates":[-1.09935,44.95523]},"properties":{"depth_m":1.9,"n":1,"date":"29/07/2008"}},{"type":"Feature","geometry":{"type":"Point","coordinates":[-1.10068,44.95535]},"properties":{"depth_m":2.2,"n":1,"date":"29/07/2008"}},{"type":"Feature","geometry":{"type":"Point","coordinates":[-1.09837,44.95716]},"properties":{"depth_m":0.7,"n":4,"date":"29/07/2008"}},{"type":"Feature","geometry":{"type":"Point","coordinates":[-1.09837,44.95721]},"properties":{"depth_m":0.75,"n":4,"date":"29/07/2008"}},{"type":"Feature","geometry":{"type":"Point","coordinates":[-1.09837,44.9572]},"properties":{"depth_m":0.8,"n":1,"date":"29/07/2008"}},{"type":"Feature","geometry":{"type":"Point","coordinates":[-1.09837,44.95718]},"properties":{"depth_m":0.8,"n":1,"date":"29/07/2008"}},{"type":"Feature","geometry":{"type":"Point","coordinates":[-1.09837,44.95717]},"properties":{"depth_m":0.7,"n":2,"date":"29/07/2008"}},{"type":"Feature","geometry":{"type":"Point","coordinates":[-1.09927,44.95706]},"properties":{"depth_m":0.7,"n":1,"date":"29/07/2008"}},{"type":"Feature","geometry":{"type":"Point","coordinates":[-1.09837,44.95722]},"properties":{"depth_m":0.8,"n":1,"date":"29/07/2008"}},{"type":"Feature","geometry":{"type":"Point","coordinates":[-1.09836,44.95716]},"properties":{"depth_m":0.7,"n":2,"date":"29/07/2008"}},{"type":"Feature","geometry":{"type":"Point","coordinates":[-1.09835,44.95716]},"properties":{"depth_m":0.8,"n":1,"date":"29/07/2008"}},{"type":"Feature","geometry":{"type":"Point","coordinates":[-1.09864,44.9572]},"properties":{"depth_m":0.7,"n":1,"date":"29/07/2008"}},{"type":"Feature","geometry":{"type":"Point","coordinates":[-1.09912,44.95635]},"properties":{"depth_m":0.9,"n":1,"date":"29/07/2008"}},{"type":"Feature","geometry":{"type":"Point","coordinates":[-1.0991,44.95719]},"properties":{"depth_m":0.6,"n":1,"date":"29/07/2008"}},{"type":"Feature","geometry":{"type":"Point","coordinates":[-1.09906,44.95722]},"properties":{"depth_m":0.6,"n":1,"date":"29/07/2008"}},{"type":"Feature","geometry":{"type":"Point","coordinates":[-1.099,44.95722]},"properties":{"depth_m":0.5,"n":1,"date":"29/07/2008"}},{"type":"Feature","geometry":{"type":"Point","coordinates":[-1.09894,44.95721]},"properties":{"depth_m":0.4,"n":1,"date":"29/07/2008"}},{"type":"Feature","geometry":{"type":"Point","coordinates":[-1.0989,44.9572]},"properties":{"depth_m":0.3,"n":1,"date":"29/07/2008"}},{"type":"Feature","geometry":{"type":"Point","coordinates":[-1.09871,44.95719]},"properties":{"depth_m":0.6,"n":1,"date":"29/07/2008"}},{"type":"Feature","geometry":{"type":"Point","coordinates":[-1.09856,44.95722]},"properties":{"depth_m":0.8,"n":1,"date":"29/07/2008"}},{"type":"Feature","geometry":{"type":"Point","coordinates":[-1.09849,44.95724]},"properties":{"depth_m":0.8,"n":1,"date":"29/07/2008"}},{"type":"Feature","geometry":{"type":"Point","coordinates":[-1.09845,44.95724]},"properties":{"depth_m":0.8,"n":1,"date":"29/07/2008"}},{"type":"Feature","geometry":{"type":"Point","coordinates":[-1.09842,44.95725]},"properties":{"depth_m":0.8,"n":1,"date":"29/07/2008"}},{"type":"Feature","geometry":{"type":"Point","coordinates":[-1.0984,44.95724]},"properties":{"depth_m":0.8,"n":1,"date":"29/07/2008"}},{"type":"Feature","geometry":{"type":"Point","coordinates":[-1.09838,44.95722]},"properties":{"depth_m":0.8,"n":1,"date":"29/07/2008"}},{"type":"Feature","geometry":{"type":"Point","coordinates":[-1.09922,44.95712]},"properties":{"depth_m":0.7,"n":1,"date":"29/07/2008"}},{"type":"Feature","geometry":{"type":"Point","coordinates":[-1.09878,44.95719]},"properties":{"depth_m":0.4,"n":1,"date":"29/07/2008"}},{"type":"Feature","geometry":{"type":"Point","coordinates":[-1.11978,44.94051]},"properties":{"depth_m":0.5,"n":1,"date":"29/07/2008"}},{"type":"Feature","geometry":{"type":"Point","coordinates":[-1.12104,44.94187]},"properties":{"depth_m":1.0,"n":1,"date":"29/07/2008"}},{"type":"Feature","geometry":{"type":"Point","coordinates":[-1.11927,44.94064]},"properties":{"depth_m":0.5,"n":1,"date":"29/07/2008"}},{"type":"Feature","geometry":{"type":"Point","coordinates":[-1.11932,44.94058]},"properties":{"depth_m":0.6,"n":1,"date":"29/07/2008"}},{"type":"Feature","geometry":{"type":"Point","coordinates":[-1.11937,44.94052]},"properties":{"depth_m":0.6,"n":1,"date":"29/07/2008"}},{"type":"Feature","geometry":{"type":"Point","coordinates":[-1.11941,44.94047]},"properties":{"depth_m":0.6,"n":1,"date":"29/07/2008"}},{"type":"Feature","geometry":{"type":"Point","coordinates":[-1.11948,44.94042]},"properties":{"depth_m":0.6,"n":1,"date":"29/07/2008"}},{"type":"Feature","geometry":{"type":"Point","coordinates":[-1.11925,44.94074]},"properties":{"depth_m":0.5,"n":1,"date":"29/07/2008"}},{"type":"Feature","geometry":{"type":"Point","coordinates":[-1.11967,44.94043]},"properties":{"depth_m":0.6,"n":1,"date":"29/07/2008"}},{"type":"Feature","geometry":{"type":"Point","coordinates":[-1.11917,44.94078]},"properties":{"depth_m":0.5,"n":1,"date":"29/07/2008"}},{"type":"Feature","geometry":{"type":"Point","coordinates":[-1.11993,44.94061]},"properties":{"depth_m":0.6,"n":1,"date":"29/07/2008"}},{"type":"Feature","geometry":{"type":"Point","coordinates":[-1.12019,44.94072]},"properties":{"depth_m":0.6,"n":1,"date":"29/07/2008"}},{"type":"Feature","geometry":{"type":"Point","coordinates":[-1.1204,44.94089]},"properties":{"depth_m":0.7,"n":1,"date":"29/07/2008"}},{"type":"Feature","geometry":{"type":"Point","coordinates":[-1.12063,44.94108]},"properties":{"depth_m":0.8,"n":1,"date":"29/07/2008"}},{"type":"Feature","geometry":{"type":"Point","coordinates":[-1.12086,44.9413]},"properties":{"depth_m":0.8,"n":1,"date":"29/07/2008"}},{"type":"Feature","geometry":{"type":"Point","coordinates":[-1.11409,44.94918]},"properties":{"depth_m":0.5,"n":3,"date":"29/07/2008"}},{"type":"Feature","geometry":{"type":"Point","coordinates":[-1.11958,44.94041]},"properties":{"depth_m":0.6,"n":1,"date":"29/07/2008"}},{"type":"Feature","geometry":{"type":"Point","coordinates":[-1.11863,44.9409]},"properties":{"depth_m":0.5,"n":1,"date":"29/07/2008"}},{"type":"Feature","geometry":{"type":"Point","coordinates":[-1.11823,44.94139]},"properties":{"depth_m":0.5,"n":1,"date":"29/07/2008"}},{"type":"Feature","geometry":{"type":"Point","coordinates":[-1.11826,44.94131]},"properties":{"depth_m":0.6,"n":1,"date":"29/07/2008"}},{"type":"Feature","geometry":{"type":"Point","coordinates":[-1.1183,44.94123]},"properties":{"depth_m":0.5,"n":1,"date":"29/07/2008"}},{"type":"Feature","geometry":{"type":"Point","coordinates":[-1.11836,44.94116]},"properties":{"depth_m":0.5,"n":1,"date":"29/07/2008"}},{"type":"Feature","geometry":{"type":"Point","coordinates":[-1.11842,44.94109]},"properties":{"depth_m":0.5,"n":1,"date":"29/07/2008"}},{"type":"Feature","geometry":{"type":"Point","coordinates":[-1.11848,44.94103]},"properties":{"depth_m":0.5,"n":1,"date":"29/07/2008"}},{"type":"Feature","geometry":{"type":"Point","coordinates":[-1.11927,44.9407]},"properties":{"depth_m":0.5,"n":1,"date":"29/07/2008"}},{"type":"Feature","geometry":{"type":"Point","coordinates":[-1.11861,44.94095]},"properties":{"depth_m":0.5,"n":1,"date":"29/07/2008"}},{"type":"Feature","geometry":{"type":"Point","coordinates":[-1.12105,44.94217]},"properties":{"depth_m":1.0,"n":1,"date":"29/07/2008"}},{"type":"Feature","geometry":{"type":"Point","coordinates":[-1.11867,44.94085]},"properties":{"depth_m":0.5,"n":1,"date":"29/07/2008"}},{"type":"Feature","geometry":{"type":"Point","coordinates":[-1.11874,44.94081]},"properties":{"depth_m":0.5,"n":1,"date":"29/07/2008"}},{"type":"Feature","geometry":{"type":"Point","coordinates":[-1.11881,44.94079]},"properties":{"depth_m":0.5,"n":1,"date":"29/07/2008"}},{"type":"Feature","geometry":{"type":"Point","coordinates":[-1.1189,44.94078]},"properties":{"depth_m":0.5,"n":1,"date":"29/07/2008"}},{"type":"Feature","geometry":{"type":"Point","coordinates":[-1.11899,44.94077]},"properties":{"depth_m":0.5,"n":1,"date":"29/07/2008"}},{"type":"Feature","geometry":{"type":"Point","coordinates":[-1.11908,44.94079]},"properties":{"depth_m":0.5,"n":1,"date":"29/07/2008"}},{"type":"Feature","geometry":{"type":"Point","coordinates":[-1.11855,44.94099]},"properties":{"depth_m":0.5,"n":1,"date":"29/07/2008"}},{"type":"Feature","geometry":{"type":"Point","coordinates":[-1.11865,44.94771]},"properties":{"depth_m":0.5,"n":1,"date":"29/07/2008"}},{"type":"Feature","geometry":{"type":"Point","coordinates":[-1.12099,44.94158]},"properties":{"depth_m":0.9,"n":1,"date":"29/07/2008"}},{"type":"Feature","geometry":{"type":"Point","coordinates":[-1.11968,44.94717]},"properties":{"depth_m":2.0,"n":1,"date":"29/07/2008"}},{"type":"Feature","geometry":{"type":"Point","coordinates":[-1.11949,44.9473]},"properties":{"depth_m":2.4,"n":1,"date":"29/07/2008"}},{"type":"Feature","geometry":{"type":"Point","coordinates":[-1.11927,44.94746]},"properties":{"depth_m":2.0,"n":1,"date":"29/07/2008"}},{"type":"Feature","geometry":{"type":"Point","coordinates":[-1.11906,44.94762]},"properties":{"depth_m":1.7,"n":1,"date":"29/07/2008"}},{"type":"Feature","geometry":{"type":"Point","coordinates":[-1.11894,44.94768]},"properties":{"depth_m":1.0,"n":1,"date":"29/07/2008"}},{"type":"Feature","geometry":{"type":"Point","coordinates":[-1.11998,44.94698]},"properties":{"depth_m":1.4,"n":1,"date":"29/07/2008"}},{"type":"Feature","geometry":{"type":"Point","coordinates":[-1.11874,44.9477]},"properties":{"depth_m":0.5,"n":1,"date":"29/07/2008"}},{"type":"Feature","geometry":{"type":"Point","coordinates":[-1.12013,44.94678]},"properties":{"depth_m":1.0,"n":1,"date":"29/07/2008"}},{"type":"Feature","geometry":{"type":"Point","coordinates":[-1.11859,44.94775]},"properties":{"depth_m":0.5,"n":1,"date":"29/07/2008"}},{"type":"Feature","geometry":{"type":"Point","coordinates":[-1.11852,44.94776]},"properties":{"depth_m":0.6,"n":1,"date":"29/07/2008"}},{"type":"Feature","geometry":{"type":"Point","coordinates":[-1.11843,44.94776]},"properties":{"depth_m":0.6,"n":1,"date":"29/07/2008"}},{"type":"Feature","geometry":{"type":"Point","coordinates":[-1.11833,44.94775]},"properties":{"depth_m":0.6,"n":1,"date":"29/07/2008"}},{"type":"Feature","geometry":{"type":"Point","coordinates":[-1.11822,44.94773]},"properties":{"depth_m":0.6,"n":1,"date":"29/07/2008"}},{"type":"Feature","geometry":{"type":"Point","coordinates":[-1.11811,44.94772]},"properties":{"depth_m":0.7,"n":1,"date":"29/07/2008"}},{"type":"Feature","geometry":{"type":"Point","coordinates":[-1.11883,44.9477]},"properties":{"depth_m":0.5,"n":1,"date":"29/07/2008"}},{"type":"Feature","geometry":{"type":"Point","coordinates":[-1.12067,44.94491]},"properties":{"depth_m":1.1,"n":1,"date":"29/07/2008"}},{"type":"Feature","geometry":{"type":"Point","coordinates":[-1.12106,44.94246]},"properties":{"depth_m":1.0,"n":1,"date":"29/07/2008"}},{"type":"Feature","geometry":{"type":"Point","coordinates":[-1.12106,44.94276]},"properties":{"depth_m":1.0,"n":1,"date":"29/07/2008"}},{"type":"Feature","geometry":{"type":"Point","coordinates":[-1.12106,44.94306]},"properties":{"depth_m":1.0,"n":1,"date":"29/07/2008"}},{"type":"Feature","geometry":{"type":"Point","coordinates":[-1.12102,44.94336]},"properties":{"depth_m":1.1,"n":1,"date":"29/07/2008"}},{"type":"Feature","geometry":{"type":"Point","coordinates":[-1.12097,44.94369]},"properties":{"depth_m":1.1,"n":1,"date":"29/07/2008"}},{"type":"Feature","geometry":{"type":"Point","coordinates":[-1.12094,44.94403]},"properties":{"depth_m":1.0,"n":1,"date":"29/07/2008"}},{"type":"Feature","geometry":{"type":"Point","coordinates":[-1.11986,44.94708]},"properties":{"depth_m":1.8,"n":1,"date":"29/07/2008"}},{"type":"Feature","geometry":{"type":"Point","coordinates":[-1.12077,44.94461]},"properties":{"depth_m":1.1,"n":1,"date":"29/07/2008"}},{"type":"Feature","geometry":{"type":"Point","coordinates":[-1.11827,44.94162]},"properties":{"depth_m":0.5,"n":1,"date":"29/07/2008"}},{"type":"Feature","geometry":{"type":"Point","coordinates":[-1.12061,44.94517]},"properties":{"depth_m":1.1,"n":1,"date":"29/07/2008"}},{"type":"Feature","geometry":{"type":"Point","coordinates":[-1.12054,44.94543]},"properties":{"depth_m":1.2,"n":1,"date":"29/07/2008"}},{"type":"Feature","geometry":{"type":"Point","coordinates":[-1.12049,44.94569]},"properties":{"depth_m":1.2,"n":1,"date":"29/07/2008"}},{"type":"Feature","geometry":{"type":"Point","coordinates":[-1.12046,44.94597]},"properties":{"depth_m":1.3,"n":1,"date":"29/07/2008"}},{"type":"Feature","geometry":{"type":"Point","coordinates":[-1.1204,44.94624]},"properties":{"depth_m":1.2,"n":1,"date":"29/07/2008"}},{"type":"Feature","geometry":{"type":"Point","coordinates":[-1.12029,44.94652]},"properties":{"depth_m":1.1,"n":1,"date":"29/07/2008"}},{"type":"Feature","geometry":{"type":"Point","coordinates":[-1.12088,44.94431]},"properties":{"depth_m":1.0,"n":1,"date":"29/07/2008"}},{"type":"Feature","geometry":{"type":"Point","coordinates":[-1.11831,44.94852]},"properties":{"depth_m":1.0,"n":1,"date":"29/07/2008"}},{"type":"Feature","geometry":{"type":"Point","coordinates":[-1.11821,44.94147]},"properties":{"depth_m":0.5,"n":1,"date":"29/07/2008"}},{"type":"Feature","geometry":{"type":"Point","coordinates":[-1.11738,44.94859]},"properties":{"depth_m":1.0,"n":1,"date":"29/07/2008"}},{"type":"Feature","geometry":{"type":"Point","coordinates":[-1.11787,44.94866]},"properties":{"depth_m":0.9,"n":1,"date":"29/07/2008"}},{"type":"Feature","geometry":{"type":"Point","coordinates":[-1.11833,44.94877]},"properties":{"depth_m":1.1,"n":1,"date":"29/07/2008"}},{"type":"Feature","geometry":{"type":"Point","coordinates":[-1.11856,44.94871]},"properties":{"depth_m":0.8,"n":1,"date":"29/07/2008"}},{"type":"Feature","geometry":{"type":"Point","coordinates":[-1.11859,44.94863]},"properties":{"depth_m":0.9,"n":1,"date":"29/07/2008"}},{"type":"Feature","geometry":{"type":"Point","coordinates":[-1.11651,44.94849]},"properties":{"depth_m":0.9,"n":1,"date":"29/07/2008"}},{"type":"Feature","geometry":{"type":"Point","coordinates":[-1.11843,44.94852]},"properties":{"depth_m":1.0,"n":1,"date":"29/07/2008"}},{"type":"Feature","geometry":{"type":"Point","coordinates":[-1.11631,44.94846]},"properties":{"depth_m":0.6,"n":1,"date":"29/07/2008"}},{"type":"Feature","geometry":{"type":"Point","coordinates":[-1.11822,44.94848]},"properties":{"depth_m":0.9,"n":1,"date":"29/07/2008"}},{"type":"Feature","geometry":{"type":"Point","coordinates":[-1.11829,44.9484]},"properties":{"depth_m":0.8,"n":1,"date":"29/07/2008"}},{"type":"Feature","geometry":{"type":"Point","coordinates":[-1.1184,44.94832]},"properties":{"depth_m":0.9,"n":1,"date":"29/07/2008"}},{"type":"Feature","geometry":{"type":"Point","coordinates":[-1.11852,44.94824]},"properties":{"depth_m":0.8,"n":1,"date":"29/07/2008"}},{"type":"Feature","geometry":{"type":"Point","coordinates":[-1.11864,44.94816]},"properties":{"depth_m":0.7,"n":1,"date":"29/07/2008"}},{"type":"Feature","geometry":{"type":"Point","coordinates":[-1.11878,44.94808]},"properties":{"depth_m":0.6,"n":1,"date":"29/07/2008"}},{"type":"Feature","geometry":{"type":"Point","coordinates":[-1.11853,44.94856]},"properties":{"depth_m":0.9,"n":1,"date":"29/07/2008"}},{"type":"Feature","geometry":{"type":"Point","coordinates":[-1.11533,44.94864]},"properties":{"depth_m":0.5,"n":1,"date":"29/07/2008"}},{"type":"Feature","geometry":{"type":"Point","coordinates":[-1.11898,44.94783]},"properties":{"depth_m":0.6,"n":1,"date":"29/07/2008"}},{"type":"Feature","geometry":{"type":"Point","coordinates":[-1.11415,44.94916]},"properties":{"depth_m":0.5,"n":1,"date":"29/07/2008"}},{"type":"Feature","geometry":{"type":"Point","coordinates":[-1.11432,44.94943]},"properties":{"depth_m":0.5,"n":1,"date":"29/07/2008"}},{"type":"Feature","geometry":{"type":"Point","coordinates":[-1.11457,44.94842]},"properties":{"depth_m":0.5,"n":1,"date":"29/07/2008"}},{"type":"Feature","geometry":{"type":"Point","coordinates":[-1.11458,44.94862]},"properties":{"depth_m":0.5,"n":1,"date":"29/07/2008"}},{"type":"Feature","geometry":{"type":"Point","coordinates":[-1.11692,44.94855]},"properties":{"depth_m":1.0,"n":1,"date":"29/07/2008"}},{"type":"Feature","geometry":{"type":"Point","coordinates":[-1.11516,44.94872]},"properties":{"depth_m":0.5,"n":1,"date":"29/07/2008"}},{"type":"Feature","geometry":{"type":"Point","coordinates":[-1.10066,44.96327]},"properties":{"depth_m":0.5,"n":1,"date":"29/07/2008"}},{"type":"Feature","geometry":{"type":"Point","coordinates":[-1.11549,44.94858]},"properties":{"depth_m":0.5,"n":1,"date":"29/07/2008"}},{"type":"Feature","geometry":{"type":"Point","coordinates":[-1.11562,44.94852]},"properties":{"depth_m":0.5,"n":1,"date":"29/07/2008"}},{"type":"Feature","geometry":{"type":"Point","coordinates":[-1.11573,44.94848]},"properties":{"depth_m":0.5,"n":1,"date":"29/07/2008"}},{"type":"Feature","geometry":{"type":"Point","coordinates":[-1.11585,44.94845]},"properties":{"depth_m":0.5,"n":1,"date":"29/07/2008"}},{"type":"Feature","geometry":{"type":"Point","coordinates":[-1.11598,44.94844]},"properties":{"depth_m":0.5,"n":1,"date":"29/07/2008"}},{"type":"Feature","geometry":{"type":"Point","coordinates":[-1.11616,44.94844]},"properties":{"depth_m":0.6,"n":1,"date":"29/07/2008"}},{"type":"Feature","geometry":{"type":"Point","coordinates":[-1.11457,44.94949]},"properties":{"depth_m":0.5,"n":1,"date":"29/07/2008"}},{"type":"Feature","geometry":{"type":"Point","coordinates":[-1.11873,44.9424]},"properties":{"depth_m":0.7,"n":1,"date":"29/07/2008"}},{"type":"Feature","geometry":{"type":"Point","coordinates":[-1.11861,44.94432]},"properties":{"depth_m":0.7,"n":1,"date":"29/07/2008"}},{"type":"Feature","geometry":{"type":"Point","coordinates":[-1.11845,44.94413]},"properties":{"depth_m":0.7,"n":1,"date":"29/07/2008"}},{"type":"Feature","geometry":{"type":"Point","coordinates":[-1.1185,44.9439]},"properties":{"depth_m":0.7,"n":1,"date":"29/07/2008"}},{"type":"Feature","geometry":{"type":"Point","coordinates":[-1.11859,44.94366]},"properties":{"depth_m":0.7,"n":1,"date":"29/07/2008"}},{"type":"Feature","geometry":{"type":"Point","coordinates":[-1.11866,44.9434]},"properties":{"depth_m":0.6,"n":1,"date":"29/07/2008"}},{"type":"Feature","geometry":{"type":"Point","coordinates":[-1.11872,44.94314]},"properties":{"depth_m":0.6,"n":1,"date":"29/07/2008"}},{"type":"Feature","geometry":{"type":"Point","coordinates":[-1.11891,44.94796]},"properties":{"depth_m":0.4,"n":1,"date":"29/07/2008"}},{"type":"Feature","geometry":{"type":"Point","coordinates":[-1.11887,44.94266]},"properties":{"depth_m":0.7,"n":1,"date":"29/07/2008"}},{"type":"Feature","geometry":{"type":"Point","coordinates":[-1.11891,44.94499]},"properties":{"depth_m":0.8,"n":1,"date":"29/07/2008"}},{"type":"Feature","geometry":{"type":"Point","coordinates":[-1.11853,44.94218]},"properties":{"depth_m":0.5,"n":1,"date":"29/07/2008"}},{"type":"Feature","geometry":{"type":"Point","coordinates":[-1.11845,44.94197]},"properties":{"depth_m":0.6,"n":1,"date":"29/07/2008"}},{"type":"Feature","geometry":{"type":"Point","coordinates":[-1.11839,44.94184]},"properties":{"depth_m":0.5,"n":1,"date":"29/07/2008"}},{"type":"Feature","geometry":{"type":"Point","coordinates":[-1.11836,44.94177]},"properties":{"depth_m":0.5,"n":1,"date":"29/07/2008"}},{"type":"Feature","geometry":{"type":"Point","coordinates":[-1.11831,44.9417]},"properties":{"depth_m":0.5,"n":1,"date":"29/07/2008"}},{"type":"Feature","geometry":{"type":"Point","coordinates":[-1.11774,44.94768]},"properties":{"depth_m":0.7,"n":1,"date":"29/07/2008"}},{"type":"Feature","geometry":{"type":"Point","coordinates":[-1.11884,44.94292]},"properties":{"depth_m":0.7,"n":1,"date":"29/07/2008"}},{"type":"Feature","geometry":{"type":"Point","coordinates":[-1.11925,44.94663]},"properties":{"depth_m":0.8,"n":1,"date":"29/07/2008"}},{"type":"Feature","geometry":{"type":"Point","coordinates":[-1.11823,44.94154]},"properties":{"depth_m":0.6,"n":1,"date":"29/07/2008"}},{"type":"Feature","geometry":{"type":"Point","coordinates":[-1.11905,44.94776]},"properties":{"depth_m":0.8,"n":1,"date":"29/07/2008"}},{"type":"Feature","geometry":{"type":"Point","coordinates":[-1.10481,44.98316]},"properties":{"depth_m":0.5,"n":1,"date":"29/07/2008"}},{"type":"Feature","geometry":{"type":"Point","coordinates":[-1.11917,44.94759]},"properties":{"depth_m":1.7,"n":1,"date":"29/07/2008"}},{"type":"Feature","geometry":{"type":"Point","coordinates":[-1.11922,44.94747]},"properties":{"depth_m":1.9,"n":1,"date":"29/07/2008"}},{"type":"Feature","geometry":{"type":"Point","coordinates":[-1.11924,44.94731]},"properties":{"depth_m":2.2,"n":1,"date":"29/07/2008"}},{"type":"Feature","geometry":{"type":"Point","coordinates":[-1.11872,44.94455]},"properties":{"depth_m":0.8,"n":1,"date":"29/07/2008"}},{"type":"Feature","geometry":{"type":"Point","coordinates":[-1.11928,44.94689]},"properties":{"depth_m":0.8,"n":1,"date":"29/07/2008"}},{"type":"Feature","geometry":{"type":"Point","coordinates":[-1.11881,44.94478]},"properties":{"depth_m":0.8,"n":1,"date":"29/07/2008"}},{"type":"Feature","geometry":{"type":"Point","coordinates":[-1.11922,44.94636]},"properties":{"depth_m":1.0,"n":1,"date":"29/07/2008"}},{"type":"Feature","geometry":{"type":"Point","coordinates":[-1.11923,44.94609]},"properties":{"depth_m":1.2,"n":1,"date":"29/07/2008"}},{"type":"Feature","geometry":{"type":"Point","coordinates":[-1.11915,44.94584]},"properties":{"depth_m":0.9,"n":1,"date":"29/07/2008"}},{"type":"Feature","geometry":{"type":"Point","coordinates":[-1.11905,44.94558]},"properties":{"depth_m":0.8,"n":1,"date":"29/07/2008"}},{"type":"Feature","geometry":{"type":"Point","coordinates":[-1.11901,44.94535]},"properties":{"depth_m":0.8,"n":1,"date":"29/07/2008"}},{"type":"Feature","geometry":{"type":"Point","coordinates":[-1.11897,44.94517]},"properties":{"depth_m":0.8,"n":1,"date":"29/07/2008"}},{"type":"Feature","geometry":{"type":"Point","coordinates":[-1.11895,44.94789]},"properties":{"depth_m":0.4,"n":1,"date":"29/07/2008"}},{"type":"Feature","geometry":{"type":"Point","coordinates":[-1.11927,44.94712]},"properties":{"depth_m":2.1,"n":1,"date":"29/07/2008"}},{"type":"Feature","geometry":{"type":"Point","coordinates":[-1.11833,44.94461]},"properties":{"depth_m":0.6,"n":1,"date":"29/07/2008"}},{"type":"Feature","geometry":{"type":"Point","coordinates":[-1.11874,44.94714]},"properties":{"depth_m":1.3,"n":1,"date":"29/07/2008"}},{"type":"Feature","geometry":{"type":"Point","coordinates":[-1.11863,44.94534]},"properties":{"depth_m":0.6,"n":1,"date":"29/07/2008"}},{"type":"Feature","geometry":{"type":"Point","coordinates":[-1.1186,44.94523]},"properties":{"depth_m":0.7,"n":1,"date":"29/07/2008"}},{"type":"Feature","geometry":{"type":"Point","coordinates":[-1.11856,44.94512]},"properties":{"depth_m":0.7,"n":1,"date":"29/07/2008"}},{"type":"Feature","geometry":{"type":"Point","coordinates":[-1.1185,44.94502]},"properties":{"depth_m":0.7,"n":1,"date":"29/07/2008"}},{"type":"Feature","geometry":{"type":"Point","coordinates":[-1.11846,44.94492]},"properties":{"depth_m":0.7,"n":1,"date":"29/07/2008"}},{"type":"Feature","geometry":{"type":"Point","coordinates":[-1.11871,44.94555]},"properties":{"depth_m":0.6,"n":1,"date":"29/07/2008"}},{"type":"Feature","geometry":{"type":"Point","coordinates":[-1.11838,44.94472]},"properties":{"depth_m":0.6,"n":1,"date":"29/07/2008"}},{"type":"Feature","geometry":{"type":"Point","coordinates":[-1.11875,44.94568]},"properties":{"depth_m":0.7,"n":1,"date":"29/07/2008"}},{"type":"Feature","geometry":{"type":"Point","coordinates":[-1.11828,44.94452]},"properties":{"depth_m":0.6,"n":1,"date":"29/07/2008"}},{"type":"Feature","geometry":{"type":"Point","coordinates":[-1.11824,44.94442]},"properties":{"depth_m":0.6,"n":1,"date":"29/07/2008"}},{"type":"Feature","geometry":{"type":"Point","coordinates":[-1.11818,44.94432]},"properties":{"depth_m":0.6,"n":1,"date":"29/07/2008"}},{"type":"Feature","geometry":{"type":"Point","coordinates":[-1.11812,44.94423]},"properties":{"depth_m":0.5,"n":1,"date":"29/07/2008"}},{"type":"Feature","geometry":{"type":"Point","coordinates":[-1.11807,44.94414]},"properties":{"depth_m":0.5,"n":1,"date":"29/07/2008"}},{"type":"Feature","geometry":{"type":"Point","coordinates":[-1.11803,44.94404]},"properties":{"depth_m":0.6,"n":1,"date":"29/07/2008"}},{"type":"Feature","geometry":{"type":"Point","coordinates":[-1.11841,44.94483]},"properties":{"depth_m":0.7,"n":1,"date":"29/07/2008"}},{"type":"Feature","geometry":{"type":"Point","coordinates":[-1.11882,44.94639]},"properties":{"depth_m":0.7,"n":1,"date":"29/07/2008"}},{"type":"Feature","geometry":{"type":"Point","coordinates":[-1.11799,44.9477]},"properties":{"depth_m":0.7,"n":1,"date":"29/07/2008"}},{"type":"Feature","geometry":{"type":"Point","coordinates":[-1.1188,44.94698]},"properties":{"depth_m":2.3,"n":1,"date":"29/07/2008"}},{"type":"Feature","geometry":{"type":"Point","coordinates":[-1.11886,44.94688]},"properties":{"depth_m":1.8,"n":1,"date":"29/07/2008"}},{"type":"Feature","geometry":{"type":"Point","coordinates":[-1.11889,44.94679]},"properties":{"depth_m":0.7,"n":1,"date":"29/07/2008"}},{"type":"Feature","geometry":{"type":"Point","coordinates":[-1.11891,44.94671]},"properties":{"depth_m":0.5,"n":1,"date":"29/07/2008"}},{"type":"Feature","geometry":{"type":"Point","coordinates":[-1.11889,44.94663]},"properties":{"depth_m":0.6,"n":1,"date":"29/07/2008"}},{"type":"Feature","geometry":{"type":"Point","coordinates":[-1.11868,44.94545]},"properties":{"depth_m":0.7,"n":1,"date":"29/07/2008"}},{"type":"Feature","geometry":{"type":"Point","coordinates":[-1.11886,44.94648]},"properties":{"depth_m":0.8,"n":1,"date":"29/07/2008"}},{"type":"Feature","geometry":{"type":"Point","coordinates":[-1.11787,44.94377]},"properties":{"depth_m":0.5,"n":1,"date":"29/07/2008"}},{"type":"Feature","geometry":{"type":"Point","coordinates":[-1.11878,44.94629]},"properties":{"depth_m":0.6,"n":1,"date":"29/07/2008"}},{"type":"Feature","geometry":{"type":"Point","coordinates":[-1.11875,44.94619]},"properties":{"depth_m":1.0,"n":1,"date":"29/07/2008"}},{"type":"Feature","geometry":{"type":"Point","coordinates":[-1.11874,44.94609]},"properties":{"depth_m":1.6,"n":1,"date":"29/07/2008"}},{"type":"Feature","geometry":{"type":"Point","coordinates":[-1.11875,44.94599]},"properties":{"depth_m":2.0,"n":1,"date":"29/07/2008"}},{"type":"Feature","geometry":{"type":"Point","coordinates":[-1.11878,44.94588]},"properties":{"depth_m":1.2,"n":1,"date":"29/07/2008"}},{"type":"Feature","geometry":{"type":"Point","coordinates":[-1.11878,44.94578]},"properties":{"depth_m":0.8,"n":1,"date":"29/07/2008"}},{"type":"Feature","geometry":{"type":"Point","coordinates":[-1.11888,44.94656]},"properties":{"depth_m":0.7,"n":1,"date":"29/07/2008"}},{"type":"Feature","geometry":{"type":"Point","coordinates":[-1.11736,44.94221]},"properties":{"depth_m":0.4,"n":1,"date":"29/07/2008"}},{"type":"Feature","geometry":{"type":"Point","coordinates":[-1.11752,44.94266]},"properties":{"depth_m":0.5,"n":1,"date":"29/07/2008"}},{"type":"Feature","geometry":{"type":"Point","coordinates":[-1.11748,44.9426]},"properties":{"depth_m":0.5,"n":1,"date":"29/07/2008"}},{"type":"Feature","geometry":{"type":"Point","coordinates":[-1.11745,44.94254]},"properties":{"depth_m":0.4,"n":1,"date":"29/07/2008"}},{"type":"Feature","geometry":{"type":"Point","coordinates":[-1.11743,44.94248]},"properties":{"depth_m":0.4,"n":1,"date":"29/07/2008"}},{"type":"Feature","geometry":{"type":"Point","coordinates":[-1.1174,44.94243]},"properties":{"depth_m":0.4,"n":1,"date":"29/07/2008"}},{"type":"Feature","geometry":{"type":"Point","coordinates":[-1.11738,44.94237]},"properties":{"depth_m":0.4,"n":1,"date":"29/07/2008"}},{"type":"Feature","geometry":{"type":"Point","coordinates":[-1.11799,44.94394]},"properties":{"depth_m":0.6,"n":1,"date":"29/07/2008"}},{"type":"Feature","geometry":{"type":"Point","coordinates":[-1.11736,44.94227]},"properties":{"depth_m":0.4,"n":1,"date":"29/07/2008"}},{"type":"Feature","geometry":{"type":"Point","coordinates":[-1.11759,44.94286]},"properties":{"depth_m":0.5,"n":1,"date":"29/07/2008"}},{"type":"Feature","geometry":{"type":"Point","coordinates":[-1.11736,44.94216]},"properties":{"depth_m":0.4,"n":1,"date":"29/07/2008"}},{"type":"Feature","geometry":{"type":"Point","coordinates":[-1.11735,44.9421]},"properties":{"depth_m":0.4,"n":1,"date":"29/07/2008"}},{"type":"Feature","geometry":{"type":"Point","coordinates":[-1.11734,44.94204]},"properties":{"depth_m":0.4,"n":1,"date":"29/07/2008"}},{"type":"Feature","geometry":{"type":"Point","coordinates":[-1.11732,44.94198]},"properties":{"depth_m":0.4,"n":1,"date":"29/07/2008"}},{"type":"Feature","geometry":{"type":"Point","coordinates":[-1.1173,44.94193]},"properties":{"depth_m":0.4,"n":1,"date":"29/07/2008"}},{"type":"Feature","geometry":{"type":"Point","coordinates":[-1.11728,44.94187]},"properties":{"depth_m":0.4,"n":1,"date":"29/07/2008"}},{"type":"Feature","geometry":{"type":"Point","coordinates":[-1.11737,44.94232]},"properties":{"depth_m":0.4,"n":1,"date":"29/07/2008"}},{"type":"Feature","geometry":{"type":"Point","coordinates":[-1.11763,44.94325]},"properties":{"depth_m":0.5,"n":1,"date":"29/07/2008"}},{"type":"Feature","geometry":{"type":"Point","coordinates":[-1.11868,44.94721]},"properties":{"depth_m":0.7,"n":1,"date":"29/07/2008"}},{"type":"Feature","geometry":{"type":"Point","coordinates":[-1.11783,44.94369]},"properties":{"depth_m":0.5,"n":1,"date":"29/07/2008"}},{"type":"Feature","geometry":{"type":"Point","coordinates":[-1.1178,44.94362]},"properties":{"depth_m":0.6,"n":1,"date":"29/07/2008"}},{"type":"Feature","geometry":{"type":"Point","coordinates":[-1.11777,44.94355]},"properties":{"depth_m":0.6,"n":1,"date":"29/07/2008"}},{"type":"Feature","geometry":{"type":"Point","coordinates":[-1.11775,44.94349]},"properties":{"depth_m":0.6,"n":1,"date":"29/07/2008"}},{"type":"Feature","geometry":{"type":"Point","coordinates":[-1.1177,44.94343]},"properties":{"depth_m":0.5,"n":1,"date":"29/07/2008"}},{"type":"Feature","geometry":{"type":"Point","coordinates":[-1.11755,44.94272]},"properties":{"depth_m":0.5,"n":1,"date":"29/07/2008"}},{"type":"Feature","geometry":{"type":"Point","coordinates":[-1.11765,44.94331]},"properties":{"depth_m":0.5,"n":1,"date":"29/07/2008"}},{"type":"Feature","geometry":{"type":"Point","coordinates":[-1.11757,44.94279]},"properties":{"depth_m":0.5,"n":1,"date":"29/07/2008"}},{"type":"Feature","geometry":{"type":"Point","coordinates":[-1.11762,44.9432]},"properties":{"depth_m":0.5,"n":1,"date":"29/07/2008"}},{"type":"Feature","geometry":{"type":"Point","coordinates":[-1.1176,44.94314]},"properties":{"depth_m":0.5,"n":1,"date":"29/07/2008"}},{"type":"Feature","geometry":{"type":"Point","coordinates":[-1.11759,44.94309]},"properties":{"depth_m":0.5,"n":1,"date":"29/07/2008"}},{"type":"Feature","geometry":{"type":"Point","coordinates":[-1.11758,44.94303]},"properties":{"depth_m":0.5,"n":1,"date":"29/07/2008"}},{"type":"Feature","geometry":{"type":"Point","coordinates":[-1.11759,44.94298]},"properties":{"depth_m":0.5,"n":1,"date":"29/07/2008"}},{"type":"Feature","geometry":{"type":"Point","coordinates":[-1.11759,44.94292]},"properties":{"depth_m":0.5,"n":1,"date":"29/07/2008"}},{"type":"Feature","geometry":{"type":"Point","coordinates":[-1.11794,44.94385]},"properties":{"depth_m":0.5,"n":1,"date":"29/07/2008"}},{"type":"Feature","geometry":{"type":"Point","coordinates":[-1.11768,44.94337]},"properties":{"depth_m":0.5,"n":1,"date":"29/07/2008"}},{"type":"Feature","geometry":{"type":"Point","coordinates":[-1.11543,44.94691]},"properties":{"depth_m":0.4,"n":1,"date":"29/07/2008"}},{"type":"Feature","geometry":{"type":"Point","coordinates":[-1.11877,44.94707]},"properties":{"depth_m":2.0,"n":1,"date":"29/07/2008"}},{"type":"Feature","geometry":{"type":"Point","coordinates":[-1.116,44.94719]},"properties":{"depth_m":0.6,"n":1,"date":"29/07/2008"}},{"type":"Feature","geometry":{"type":"Point","coordinates":[-1.11591,44.94715]},"properties":{"depth_m":0.6,"n":1,"date":"29/07/2008"}},{"type":"Feature","geometry":{"type":"Point","coordinates":[-1.11584,44.9471]},"properties":{"depth_m":0.6,"n":1,"date":"29/07/2008"}},{"type":"Feature","geometry":{"type":"Point","coordinates":[-1.11577,44.94706]},"properties":{"depth_m":0.6,"n":1,"date":"29/07/2008"}},{"type":"Feature","geometry":{"type":"Point","coordinates":[-1.11569,44.94702]},"properties":{"depth_m":0.5,"n":1,"date":"29/07/2008"}},{"type":"Feature","geometry":{"type":"Point","coordinates":[-1.11619,44.94724]},"properties":{"depth_m":0.6,"n":1,"date":"29/07/2008"}},{"type":"Feature","geometry":{"type":"Point","coordinates":[-1.11552,44.94694]},"properties":{"depth_m":0.4,"n":1,"date":"29/07/2008"}},{"type":"Feature","geometry":{"type":"Point","coordinates":[-1.11628,44.94726]},"properties":{"depth_m":0.6,"n":1,"date":"29/07/2008"}},{"type":"Feature","geometry":{"type":"Point","coordinates":[-1.11535,44.94687]},"properties":{"depth_m":0.4,"n":1,"date":"29/07/2008"}},{"type":"Feature","geometry":{"type":"Point","coordinates":[-1.11526,44.94684]},"properties":{"depth_m":0.4,"n":1,"date":"29/07/2008"}},{"type":"Feature","geometry":{"type":"Point","coordinates":[-1.11518,44.9468]},"properties":{"depth_m":0.4,"n":1,"date":"29/07/2008"}},{"type":"Feature","geometry":{"type":"Point","coordinates":[-1.11511,44.94676]},"properties":{"depth_m":0.4,"n":1,"date":"29/07/2008"}},{"type":"Feature","geometry":{"type":"Point","coordinates":[-1.11503,44.94672]},"properties":{"depth_m":0.4,"n":1,"date":"29/07/2008"}},{"type":"Feature","geometry":{"type":"Point","coordinates":[-1.11496,44.9467]},"properties":{"depth_m":0.4,"n":1,"date":"29/07/2008"}},{"type":"Feature","geometry":{"type":"Point","coordinates":[-1.1156,44.94698]},"properties":{"depth_m":0.5,"n":1,"date":"29/07/2008"}},{"type":"Feature","geometry":{"type":"Point","coordinates":[-1.11687,44.94736]},"properties":{"depth_m":0.6,"n":1,"date":"29/07/2008"}},{"type":"Feature","geometry":{"type":"Point","coordinates":[-1.11409,44.94917]},"properties":{"depth_m":0.5,"n":3,"date":"29/07/2008"}},{"type":"Feature","geometry":{"type":"Point","coordinates":[-1.11761,44.94766]},"properties":{"depth_m":0.7,"n":1,"date":"29/07/2008"}},{"type":"Feature","geometry":{"type":"Point","coordinates":[-1.11749,44.94762]},"properties":{"depth_m":0.7,"n":1,"date":"29/07/2008"}},{"type":"Feature","geometry":{"type":"Point","coordinates":[-1.1174,44.94755]},"properties":{"depth_m":0.6,"n":1,"date":"29/07/2008"}},{"type":"Feature","geometry":{"type":"Point","coordinates":[-1.1173,44.94748]},"properties":{"depth_m":0.7,"n":1,"date":"29/07/2008"}},{"type":"Feature","geometry":{"type":"Point","coordinates":[-1.1172,44.94743]},"properties":{"depth_m":0.6,"n":1,"date":"29/07/2008"}},{"type":"Feature","geometry":{"type":"Point","coordinates":[-1.1161,44.94722]},"properties":{"depth_m":0.6,"n":1,"date":"29/07/2008"}},{"type":"Feature","geometry":{"type":"Point","coordinates":[-1.11697,44.94737]},"properties":{"depth_m":0.7,"n":1,"date":"29/07/2008"}},{"type":"Feature","geometry":{"type":"Point","coordinates":[-1.11563,44.94689]},"properties":{"depth_m":0.4,"n":1,"date":"29/07/2008"}},{"type":"Feature","geometry":{"type":"Point","coordinates":[-1.11678,44.94735]},"properties":{"depth_m":0.6,"n":1,"date":"29/07/2008"}},{"type":"Feature","geometry":{"type":"Point","coordinates":[-1.1167,44.94734]},"properties":{"depth_m":0.6,"n":1,"date":"29/07/2008"}},{"type":"Feature","geometry":{"type":"Point","coordinates":[-1.11662,44.94732]},"properties":{"depth_m":0.6,"n":1,"date":"29/07/2008"}},{"type":"Feature","geometry":{"type":"Point","coordinates":[-1.11654,44.9473]},"properties":{"depth_m":0.6,"n":1,"date":"29/07/2008"}},{"type":"Feature","geometry":{"type":"Point","coordinates":[-1.11646,44.94728]},"properties":{"depth_m":0.6,"n":1,"date":"29/07/2008"}},{"type":"Feature","geometry":{"type":"Point","coordinates":[-1.11638,44.94727]},"properties":{"depth_m":0.6,"n":1,"date":"29/07/2008"}},{"type":"Feature","geometry":{"type":"Point","coordinates":[-1.11709,44.9474]},"properties":{"depth_m":0.6,"n":1,"date":"29/07/2008"}},{"type":"Feature","geometry":{"type":"Point","coordinates":[-1.11806,44.94748]},"properties":{"depth_m":0.5,"n":1,"date":"29/07/2008"}},{"type":"Feature","geometry":{"type":"Point","coordinates":[-1.11715,44.94751]},"properties":{"depth_m":0.7,"n":1,"date":"29/07/2008"}},{"type":"Feature","geometry":{"type":"Point","coordinates":[-1.11727,44.94751]},"properties":{"depth_m":0.7,"n":1,"date":"29/07/2008"}},{"type":"Feature","geometry":{"type":"Point","coordinates":[-1.11738,44.94752]},"properties":{"depth_m":0.7,"n":1,"date":"29/07/2008"}},{"type":"Feature","geometry":{"type":"Point","coordinates":[-1.1175,44.94752]},"properties":{"depth_m":0.7,"n":1,"date":"29/07/2008"}},{"type":"Feature","geometry":{"type":"Point","coordinates":[-1.11761,44.94752]},"properties":{"depth_m":0.7,"n":1,"date":"29/07/2008"}},{"type":"Feature","geometry":{"type":"Point","coordinates":[-1.11773,44.94751]},"properties":{"depth_m":0.7,"n":1,"date":"29/07/2008"}},{"type":"Feature","geometry":{"type":"Point","coordinates":[-1.11545,44.94687]},"properties":{"depth_m":0.4,"n":1,"date":"29/07/2008"}},{"type":"Feature","geometry":{"type":"Point","coordinates":[-1.11795,44.9475]},"properties":{"depth_m":0.6,"n":1,"date":"29/07/2008"}},{"type":"Feature","geometry":{"type":"Point","coordinates":[-1.11682,44.94746]},"properties":{"depth_m":0.6,"n":1,"date":"29/07/2008"}},{"type":"Feature","geometry":{"type":"Point","coordinates":[-1.11816,44.94747]},"properties":{"depth_m":0.5,"n":1,"date":"29/07/2008"}},{"type":"Feature","geometry":{"type":"Point","coordinates":[-1.11827,44.94744]},"properties":{"depth_m":0.4,"n":1,"date":"29/07/2008"}},{"type":"Feature","geometry":{"type":"Point","coordinates":[-1.11835,44.9474]},"properties":{"depth_m":0.4,"n":1,"date":"29/07/2008"}},{"type":"Feature","geometry":{"type":"Point","coordinates":[-1.11845,44.94736]},"properties":{"depth_m":0.4,"n":1,"date":"29/07/2008"}},{"type":"Feature","geometry":{"type":"Point","coordinates":[-1.11854,44.94733]},"properties":{"depth_m":0.4,"n":1,"date":"29/07/2008"}},{"type":"Feature","geometry":{"type":"Point","coordinates":[-1.11861,44.94727]},"properties":{"depth_m":0.5,"n":1,"date":"29/07/2008"}},{"type":"Feature","geometry":{"type":"Point","coordinates":[-1.11784,44.9475]},"properties":{"depth_m":0.6,"n":1,"date":"29/07/2008"}},{"type":"Feature","geometry":{"type":"Point","coordinates":[-1.11622,44.94717]},"properties":{"depth_m":0.6,"n":1,"date":"29/07/2008"}},{"type":"Feature","geometry":{"type":"Point","coordinates":[-1.11786,44.94768]},"properties":{"depth_m":0.7,"n":1,"date":"29/07/2008"}},{"type":"Feature","geometry":{"type":"Point","coordinates":[-1.11571,44.94693]},"properties":{"depth_m":0.5,"n":1,"date":"29/07/2008"}},{"type":"Feature","geometry":{"type":"Point","coordinates":[-1.11579,44.94696]},"properties":{"depth_m":0.5,"n":1,"date":"29/07/2008"}},{"type":"Feature","geometry":{"type":"Point","coordinates":[-1.11588,44.94698]},"properties":{"depth_m":0.5,"n":1,"date":"29/07/2008"}},{"type":"Feature","geometry":{"type":"Point","coordinates":[-1.11594,44.94702]},"properties":{"depth_m":0.5,"n":1,"date":"29/07/2008"}},{"type":"Feature","geometry":{"type":"Point","coordinates":[-1.11601,44.94706]},"properties":{"depth_m":0.6,"n":1,"date":"29/07/2008"}},{"type":"Feature","geometry":{"type":"Point","coordinates":[-1.11703,44.94749]},"properties":{"depth_m":0.7,"n":1,"date":"29/07/2008"}},{"type":"Feature","geometry":{"type":"Point","coordinates":[-1.11616,44.94712]},"properties":{"depth_m":0.6,"n":1,"date":"29/07/2008"}},{"type":"Feature","geometry":{"type":"Point","coordinates":[-1.11693,44.94747]},"properties":{"depth_m":0.6,"n":1,"date":"29/07/2008"}},{"type":"Feature","geometry":{"type":"Point","coordinates":[-1.11629,44.94721]},"properties":{"depth_m":0.6,"n":1,"date":"29/07/2008"}},{"type":"Feature","geometry":{"type":"Point","coordinates":[-1.11637,44.94725]},"properties":{"depth_m":0.6,"n":1,"date":"29/07/2008"}},{"type":"Feature","geometry":{"type":"Point","coordinates":[-1.11644,44.94731]},"properties":{"depth_m":0.6,"n":1,"date":"29/07/2008"}},{"type":"Feature","geometry":{"type":"Point","coordinates":[-1.11653,44.94735]},"properties":{"depth_m":0.6,"n":1,"date":"29/07/2008"}},{"type":"Feature","geometry":{"type":"Point","coordinates":[-1.11664,44.94738]},"properties":{"depth_m":0.6,"n":1,"date":"29/07/2008"}},{"type":"Feature","geometry":{"type":"Point","coordinates":[-1.11673,44.94741]},"properties":{"depth_m":0.6,"n":1,"date":"29/07/2008"}},{"type":"Feature","geometry":{"type":"Point","coordinates":[-1.11551,44.94687]},"properties":{"depth_m":0.4,"n":1,"date":"29/07/2008"}},{"type":"Feature","geometry":{"type":"Point","coordinates":[-1.11609,44.94708]},"properties":{"depth_m":0.6,"n":1,"date":"29/07/2008"}},{"type":"Feature","geometry":{"type":"Point","coordinates":[-1.11182,44.95077]},"properties":{"depth_m":1.5,"n":1,"date":"29/07/2008"}},{"type":"Feature","geometry":{"type":"Point","coordinates":[-1.11176,44.95071]},"properties":{"depth_m":1.4,"n":2,"date":"29/07/2008"}},{"type":"Feature","geometry":{"type":"Point","coordinates":[-1.11188,44.95086]},"properties":{"depth_m":1.6,"n":1,"date":"29/07/2008"}},{"type":"Feature","geometry":{"type":"Point","coordinates":[-1.11187,44.95084]},"properties":{"depth_m":1.5,"n":1,"date":"29/07/2008"}},{"type":"Feature","geometry":{"type":"Point","coordinates":[-1.11186,44.9508]},"properties":{"depth_m":1.6,"n":1,"date":"29/07/2008"}},{"type":"Feature","geometry":{"type":"Point","coordinates":[-1.11185,44.95078]},"properties":{"depth_m":1.5,"n":1,"date":"29/07/2008"}},{"type":"Feature","geometry":{"type":"Point","coordinates":[-1.11184,44.95076]},"properties":{"depth_m":1.5,"n":2,"date":"29/07/2008"}},{"type":"Feature","geometry":{"type":"Point","coordinates":[-1.11191,44.95088]},"properties":{"depth_m":1.6,"n":1,"date":"29/07/2008"}},{"type":"Feature","geometry":{"type":"Point","coordinates":[-1.11183,44.95078]},"properties":{"depth_m":1.5,"n":1,"date":"29/07/2008"}},{"type":"Feature","geometry":{"type":"Point","coordinates":[-1.11192,44.95091]},"properties":{"depth_m":1.6,"n":1,"date":"29/07/2008"}},{"type":"Feature","geometry":{"type":"Point","coordinates":[-1.11181,44.95076]},"properties":{"depth_m":1.4,"n":1,"date":"29/07/2008"}},{"type":"Feature","geometry":{"type":"Point","coordinates":[-1.1118,44.95075]},"properties":{"depth_m":1.4,"n":1,"date":"29/07/2008"}},{"type":"Feature","geometry":{"type":"Point","coordinates":[-1.11179,44.95074]},"properties":{"depth_m":1.4,"n":1,"date":"29/07/2008"}},{"type":"Feature","geometry":{"type":"Point","coordinates":[-1.11178,44.95073]},"properties":{"depth_m":1.4,"n":1,"date":"29/07/2008"}},{"type":"Feature","geometry":{"type":"Point","coordinates":[-1.11177,44.95072]},"properties":{"depth_m":1.4,"n":1,"date":"29/07/2008"}},{"type":"Feature","geometry":{"type":"Point","coordinates":[-1.11205,44.95097]},"properties":{"depth_m":0.9,"n":1,"date":"29/07/2008"}},{"type":"Feature","geometry":{"type":"Point","coordinates":[-1.11209,44.95108]},"properties":{"depth_m":0.6,"n":1,"date":"29/07/2008"}},{"type":"Feature","geometry":{"type":"Point","coordinates":[-1.11209,44.95107]},"properties":{"depth_m":0.6,"n":1,"date":"29/07/2008"}},{"type":"Feature","geometry":{"type":"Point","coordinates":[-1.11208,44.95105]},"properties":{"depth_m":0.7,"n":1,"date":"29/07/2008"}},{"type":"Feature","geometry":{"type":"Point","coordinates":[-1.11208,44.95103]},"properties":{"depth_m":0.7,"n":1,"date":"29/07/2008"}},{"type":"Feature","geometry":{"type":"Point","coordinates":[-1.11207,44.95101]},"properties":{"depth_m":0.7,"n":1,"date":"29/07/2008"}},{"type":"Feature","geometry":{"type":"Point","coordinates":[-1.11207,44.951]},"properties":{"depth_m":0.7,"n":1,"date":"29/07/2008"}},{"type":"Feature","geometry":{"type":"Point","coordinates":[-1.1119,44.95086]},"properties":{"depth_m":1.6,"n":1,"date":"29/07/2008"}},{"type":"Feature","geometry":{"type":"Point","coordinates":[-1.11206,44.95098]},"properties":{"depth_m":0.8,"n":1,"date":"29/07/2008"}},{"type":"Feature","geometry":{"type":"Point","coordinates":[-1.11176,44.9507]},"properties":{"depth_m":1.3,"n":1,"date":"29/07/2008"}},{"type":"Feature","geometry":{"type":"Point","coordinates":[-1.11204,44.95097]},"properties":{"depth_m":0.9,"n":1,"date":"29/07/2008"}},{"type":"Feature","geometry":{"type":"Point","coordinates":[-1.11201,44.95097]},"properties":{"depth_m":1.0,"n":1,"date":"29/07/2008"}},{"type":"Feature","geometry":{"type":"Point","coordinates":[-1.112,44.95098]},"properties":{"depth_m":1.1,"n":1,"date":"29/07/2008"}},{"type":"Feature","geometry":{"type":"Point","coordinates":[-1.11198,44.95098]},"properties":{"depth_m":1.2,"n":1,"date":"29/07/2008"}},{"type":"Feature","geometry":{"type":"Point","coordinates":[-1.11195,44.95098]},"properties":{"depth_m":1.4,"n":1,"date":"29/07/2008"}},{"type":"Feature","geometry":{"type":"Point","coordinates":[-1.11192,44.95096]},"properties":{"depth_m":1.5,"n":1,"date":"29/07/2008"}},{"type":"Feature","geometry":{"type":"Point","coordinates":[-1.11206,44.95099]},"properties":{"depth_m":0.8,"n":1,"date":"29/07/2008"}},{"type":"Feature","geometry":{"type":"Point","coordinates":[-1.11153,44.94946]},"properties":{"depth_m":0.5,"n":1,"date":"29/07/2008"}},{"type":"Feature","geometry":{"type":"Point","coordinates":[-1.11154,44.95051]},"properties":{"depth_m":0.5,"n":1,"date":"29/07/2008"}},{"type":"Feature","geometry":{"type":"Point","coordinates":[-1.11153,44.9505]},"properties":{"depth_m":0.5,"n":1,"date":"29/07/2008"}},{"type":"Feature","geometry":{"type":"Point","coordinates":[-1.11153,44.95046]},"properties":{"depth_m":0.4,"n":1,"date":"29/07/2008"}},{"type":"Feature","geometry":{"type":"Point","coordinates":[-1.11152,44.95044]},"properties":{"depth_m":0.4,"n":1,"date":"29/07/2008"}},{"type":"Feature","geometry":{"type":"Point","coordinates":[-1.11151,44.95041]},"properties":{"depth_m":0.6,"n":1,"date":"29/07/2008"}},{"type":"Feature","geometry":{"type":"Point","coordinates":[-1.11157,44.95056]},"properties":{"depth_m":0.5,"n":1,"date":"29/07/2008"}},{"type":"Feature","geometry":{"type":"Point","coordinates":[-1.11154,44.94947]},"properties":{"depth_m":0.5,"n":1,"date":"29/07/2008"}},{"type":"Feature","geometry":{"type":"Point","coordinates":[-1.11157,44.95058]},"properties":{"depth_m":0.8,"n":1,"date":"29/07/2008"}},{"type":"Feature","geometry":{"type":"Point","coordinates":[-1.11152,44.94945]},"properties":{"depth_m":0.6,"n":1,"date":"29/07/2008"}},{"type":"Feature","geometry":{"type":"Point","coordinates":[-1.1115,44.94945]},"properties":{"depth_m":0.6,"n":2,"date":"29/07/2008"}},{"type":"Feature","geometry":{"type":"Point","coordinates":[-1.11149,44.94945]},"properties":{"depth_m":0.6,"n":1,"date":"29/07/2008"}},{"type":"Feature","geometry":{"type":"Point","coordinates":[-1.11148,44.94944]},"properties":{"depth_m":0.6,"n":1,"date":"29/07/2008"}},{"type":"Feature","geometry":{"type":"Point","coordinates":[-1.11147,44.94944]},"properties":{"depth_m":0.6,"n":1,"date":"29/07/2008"}},{"type":"Feature","geometry":{"type":"Point","coordinates":[-1.11149,44.95037]},"properties":{"depth_m":0.5,"n":1,"date":"29/07/2008"}},{"type":"Feature","geometry":{"type":"Point","coordinates":[-1.11163,44.95061]},"properties":{"depth_m":1.3,"n":1,"date":"29/07/2008"}},{"type":"Feature","geometry":{"type":"Point","coordinates":[-1.11175,44.9507]},"properties":{"depth_m":1.3,"n":1,"date":"29/07/2008"}},{"type":"Feature","geometry":{"type":"Point","coordinates":[-1.11174,44.95072]},"properties":{"depth_m":1.3,"n":1,"date":"29/07/2008"}},{"type":"Feature","geometry":{"type":"Point","coordinates":[-1.11173,44.95071]},"properties":{"depth_m":1.3,"n":1,"date":"29/07/2008"}},{"type":"Feature","geometry":{"type":"Point","coordinates":[-1.11171,44.95071]},"properties":{"depth_m":1.3,"n":1,"date":"29/07/2008"}},{"type":"Feature","geometry":{"type":"Point","coordinates":[-1.11169,44.9507]},"properties":{"depth_m":1.4,"n":1,"date":"29/07/2008"}},{"type":"Feature","geometry":{"type":"Point","coordinates":[-1.11167,44.95065]},"properties":{"depth_m":1.4,"n":1,"date":"29/07/2008"}},{"type":"Feature","geometry":{"type":"Point","coordinates":[-1.11155,44.95052]},"properties":{"depth_m":0.7,"n":1,"date":"29/07/2008"}},{"type":"Feature","geometry":{"type":"Point","coordinates":[-1.11163,44.95062]},"properties":{"depth_m":1.3,"n":1,"date":"29/07/2008"}},{"type":"Feature","geometry":{"type":"Point","coordinates":[-1.11211,44.9511]},"properties":{"depth_m":0.6,"n":2,"date":"29/07/2008"}},{"type":"Feature","geometry":{"type":"Point","coordinates":[-1.11163,44.9506]},"properties":{"depth_m":1.2,"n":1,"date":"29/07/2008"}},{"type":"Feature","geometry":{"type":"Point","coordinates":[-1.11163,44.95059]},"properties":{"depth_m":0.95,"n":2,"date":"29/07/2008"}},{"type":"Feature","geometry":{"type":"Point","coordinates":[-1.11164,44.95058]},"properties":{"depth_m":0.9,"n":1,"date":"29/07/2008"}},{"type":"Feature","geometry":{"type":"Point","coordinates":[-1.1116,44.95059]},"properties":{"depth_m":0.8,"n":1,"date":"29/07/2008"}},{"type":"Feature","geometry":{"type":"Point","coordinates":[-1.11158,44.95058]},"properties":{"depth_m":0.9,"n":1,"date":"29/07/2008"}},{"type":"Feature","geometry":{"type":"Point","coordinates":[-1.11164,44.95063]},"properties":{"depth_m":1.4,"n":1,"date":"29/07/2008"}},{"type":"Feature","geometry":{"type":"Point","coordinates":[-1.11249,44.95157]},"properties":{"depth_m":0.6,"n":1,"date":"29/07/2008"}},{"type":"Feature","geometry":{"type":"Point","coordinates":[-1.1121,44.95108]},"properties":{"depth_m":0.6,"n":1,"date":"29/07/2008"}},{"type":"Feature","geometry":{"type":"Point","coordinates":[-1.11299,44.9517]},"properties":{"depth_m":0.9,"n":1,"date":"29/07/2008"}},{"type":"Feature","geometry":{"type":"Point","coordinates":[-1.11293,44.95169]},"properties":{"depth_m":1.0,"n":1,"date":"29/07/2008"}},{"type":"Feature","geometry":{"type":"Point","coordinates":[-1.11287,44.95167]},"properties":{"depth_m":1.0,"n":1,"date":"29/07/2008"}},{"type":"Feature","geometry":{"type":"Point","coordinates":[-1.1128,44.95165]},"properties":{"depth_m":0.9,"n":1,"date":"29/07/2008"}},{"type":"Feature","geometry":{"type":"Point","coordinates":[-1.11273,44.95162]},"properties":{"depth_m":0.9,"n":1,"date":"29/07/2008"}},{"type":"Feature","geometry":{"type":"Point","coordinates":[-1.11313,44.95174]},"properties":{"depth_m":0.7,"n":1,"date":"29/07/2008"}},{"type":"Feature","geometry":{"type":"Point","coordinates":[-1.11259,44.95157]},"properties":{"depth_m":0.7,"n":1,"date":"29/07/2008"}},{"type":"Feature","geometry":{"type":"Point","coordinates":[-1.11321,44.95172]},"properties":{"depth_m":0.5,"n":1,"date":"29/07/2008"}},{"type":"Feature","geometry":{"type":"Point","coordinates":[-1.11236,44.95159]},"properties":{"depth_m":0.5,"n":1,"date":"29/07/2008"}},{"type":"Feature","geometry":{"type":"Point","coordinates":[-1.11232,44.95149]},"properties":{"depth_m":0.5,"n":1,"date":"29/07/2008"}},{"type":"Feature","geometry":{"type":"Point","coordinates":[-1.11227,44.95166]},"properties":{"depth_m":0.4,"n":1,"date":"29/07/2008"}},{"type":"Feature","geometry":{"type":"Point","coordinates":[-1.11226,44.95165]},"properties":{"depth_m":0.4,"n":1,"date":"29/07/2008"}},{"type":"Feature","geometry":{"type":"Point","coordinates":[-1.11224,44.95164]},"properties":{"depth_m":0.8,"n":1,"date":"29/07/2008"}},{"type":"Feature","geometry":{"type":"Point","coordinates":[-1.11222,44.95164]},"properties":{"depth_m":0.4,"n":1,"date":"29/07/2008"}},{"type":"Feature","geometry":{"type":"Point","coordinates":[-1.11266,44.95159]},"properties":{"depth_m":0.8,"n":1,"date":"29/07/2008"}},{"type":"Feature","geometry":{"type":"Point","coordinates":[-1.11317,44.95233]},"properties":{"depth_m":0.6,"n":1,"date":"29/07/2008"}},{"type":"Feature","geometry":{"type":"Point","coordinates":[-1.11256,44.95273]},"properties":{"depth_m":0.6,"n":1,"date":"29/07/2008"}},{"type":"Feature","geometry":{"type":"Point","coordinates":[-1.11268,44.95269]},"properties":{"depth_m":0.7,"n":1,"date":"29/07/2008"}},{"type":"Feature","geometry":{"type":"Point","coordinates":[-1.11279,44.95262]},"properties":{"depth_m":0.8,"n":1,"date":"29/07/2008"}},{"type":"Feature","geometry":{"type":"Point","coordinates":[-1.11289,44.95254]},"properties":{"depth_m":0.8,"n":1,"date":"29/07/2008"}},{"type":"Feature","geometry":{"type":"Point","coordinates":[-1.11297,44.9525]},"properties":{"depth_m":0.9,"n":1,"date":"29/07/2008"}},{"type":"Feature","geometry":{"type":"Point","coordinates":[-1.11304,44.95246]},"properties":{"depth_m":0.8,"n":1,"date":"29/07/2008"}},{"type":"Feature","geometry":{"type":"Point","coordinates":[-1.11305,44.95173]},"properties":{"depth_m":0.8,"n":1,"date":"29/07/2008"}},{"type":"Feature","geometry":{"type":"Point","coordinates":[-1.11313,44.95238]},"properties":{"depth_m":0.6,"n":1,"date":"29/07/2008"}},{"type":"Feature","geometry":{"type":"Point","coordinates":[-1.11218,44.9516]},"properties":{"depth_m":0.4,"n":1,"date":"29/07/2008"}},{"type":"Feature","geometry":{"type":"Point","coordinates":[-1.11319,44.95227]},"properties":{"depth_m":0.5,"n":1,"date":"29/07/2008"}},{"type":"Feature","geometry":{"type":"Point","coordinates":[-1.11321,44.95222]},"properties":{"depth_m":0.5,"n":1,"date":"29/07/2008"}},{"type":"Feature","geometry":{"type":"Point","coordinates":[-1.11323,44.95216]},"properties":{"depth_m":0.4,"n":1,"date":"29/07/2008"}},{"type":"Feature","geometry":{"type":"Point","coordinates":[-1.11323,44.95208]},"properties":{"depth_m":0.5,"n":1,"date":"29/07/2008"}},{"type":"Feature","geometry":{"type":"Point","coordinates":[-1.1132,44.95207]},"properties":{"depth_m":0.5,"n":1,"date":"29/07/2008"}},{"type":"Feature","geometry":{"type":"Point","coordinates":[-1.11325,44.95174]},"properties":{"depth_m":0.5,"n":1,"date":"29/07/2008"}},{"type":"Feature","geometry":{"type":"Point","coordinates":[-1.11309,44.95242]},"properties":{"depth_m":0.7,"n":1,"date":"29/07/2008"}},{"type":"Feature","geometry":{"type":"Point","coordinates":[-1.11217,44.95111]},"properties":{"depth_m":0.5,"n":2,"date":"29/07/2008"}},{"type":"Feature","geometry":{"type":"Point","coordinates":[-1.11215,44.95121]},"properties":{"depth_m":0.4,"n":1,"date":"29/07/2008"}},{"type":"Feature","geometry":{"type":"Point","coordinates":[-1.11216,44.9512]},"properties":{"depth_m":0.4,"n":1,"date":"29/07/2008"}},{"type":"Feature","geometry":{"type":"Point","coordinates":[-1.11216,44.95119]},"properties":{"depth_m":0.4,"n":1,"date":"29/07/2008"}},{"type":"Feature","geometry":{"type":"Point","coordinates":[-1.11216,44.95118]},"properties":{"depth_m":0.4,"n":1,"date":"29/07/2008"}},{"type":"Feature","geometry":{"type":"Point","coordinates":[-1.11217,44.95116]},"properties":{"depth_m":0.5,"n":1,"date":"29/07/2008"}},{"type":"Feature","geometry":{"type":"Point","coordinates":[-1.11217,44.95114]},"properties":{"depth_m":0.5,"n":1,"date":"29/07/2008"}},{"type":"Feature","geometry":{"type":"Point","coordinates":[-1.11221,44.95163]},"properties":{"depth_m":0.4,"n":1,"date":"29/07/2008"}},{"type":"Feature","geometry":{"type":"Point","coordinates":[-1.11214,44.95129]},"properties":{"depth_m":0.4,"n":1,"date":"29/07/2008"}},{"type":"Feature","geometry":{"type":"Point","coordinates":[-1.11216,44.95113]},"properties":{"depth_m":0.5,"n":1,"date":"29/07/2008"}},{"type":"Feature","geometry":{"type":"Point","coordinates":[-1.11214,44.95115]},"properties":{"depth_m":0.5,"n":1,"date":"29/07/2008"}},{"type":"Feature","geometry":{"type":"Point","coordinates":[-1.11213,44.95116]},"properties":{"depth_m":0.5,"n":1,"date":"29/07/2008"}},{"type":"Feature","geometry":{"type":"Point","coordinates":[-1.11212,44.95115]},"properties":{"depth_m":0.6,"n":1,"date":"29/07/2008"}},{"type":"Feature","geometry":{"type":"Point","coordinates":[-1.11212,44.95113]},"properties":{"depth_m":0.6,"n":1,"date":"29/07/2008"}},{"type":"Feature","geometry":{"type":"Point","coordinates":[-1.11144,44.94941]},"properties":{"depth_m":0.6,"n":3,"date":"29/07/2008"}},{"type":"Feature","geometry":{"type":"Point","coordinates":[-1.11218,44.95111]},"properties":{"depth_m":0.5,"n":1,"date":"29/07/2008"}},{"type":"Feature","geometry":{"type":"Point","coordinates":[-1.11212,44.95147]},"properties":{"depth_m":0.6,"n":1,"date":"29/07/2008"}},{"type":"Feature","geometry":{"type":"Point","coordinates":[-1.11217,44.95159]},"properties":{"depth_m":0.4,"n":1,"date":"29/07/2008"}},{"type":"Feature","geometry":{"type":"Point","coordinates":[-1.11216,44.95157]},"properties":{"depth_m":0.4,"n":1,"date":"29/07/2008"}},{"type":"Feature","geometry":{"type":"Point","coordinates":[-1.11215,44.95155]},"properties":{"depth_m":0.4,"n":1,"date":"29/07/2008"}},{"type":"Feature","geometry":{"type":"Point","coordinates":[-1.11214,44.95154]},"properties":{"depth_m":0.4,"n":1,"date":"29/07/2008"}},{"type":"Feature","geometry":{"type":"Point","coordinates":[-1.11213,44.95152]},"properties":{"depth_m":0.5,"n":1,"date":"29/07/2008"}},{"type":"Feature","geometry":{"type":"Point","coordinates":[-1.11215,44.95123]},"properties":{"depth_m":0.4,"n":1,"date":"29/07/2008"}},{"type":"Feature","geometry":{"type":"Point","coordinates":[-1.11212,44.95149]},"properties":{"depth_m":0.8,"n":1,"date":"29/07/2008"}},{"type":"Feature","geometry":{"type":"Point","coordinates":[-1.11215,44.95126]},"properties":{"depth_m":0.4,"n":1,"date":"29/07/2008"}},{"type":"Feature","geometry":{"type":"Point","coordinates":[-1.11219,44.95114]},"properties":{"depth_m":0.4,"n":1,"date":"29/07/2008"}},{"type":"Feature","geometry":{"type":"Point","coordinates":[-1.11212,44.95108]},"properties":{"depth_m":0.9,"n":1,"date":"29/07/2008"}},{"type":"Feature","geometry":{"type":"Point","coordinates":[-1.11212,44.95129]},"properties":{"depth_m":0.7,"n":1,"date":"29/07/2008"}},{"type":"Feature","geometry":{"type":"Point","coordinates":[-1.11214,44.95135]},"properties":{"depth_m":0.8,"n":1,"date":"29/07/2008"}},{"type":"Feature","geometry":{"type":"Point","coordinates":[-1.11213,44.95135]},"properties":{"depth_m":0.4,"n":1,"date":"29/07/2008"}},{"type":"Feature","geometry":{"type":"Point","coordinates":[-1.11214,44.95131]},"properties":{"depth_m":0.4,"n":1,"date":"29/07/2008"}},{"type":"Feature","geometry":{"type":"Point","coordinates":[-1.11219,44.95162]},"properties":{"depth_m":0.4,"n":1,"date":"29/07/2008"}},{"type":"Feature","geometry":{"type":"Point","coordinates":[-1.11212,44.95151]},"properties":{"depth_m":0.4,"n":1,"date":"29/07/2008"}},{"type":"Feature","geometry":{"type":"Point","coordinates":[-1.11403,44.94892]},"properties":{"depth_m":0.5,"n":1,"date":"29/07/2008"}},{"type":"Feature","geometry":{"type":"Point","coordinates":[-1.11404,44.94888]},"properties":{"depth_m":0.5,"n":2,"date":"29/07/2008"}},{"type":"Feature","geometry":{"type":"Point","coordinates":[-1.11405,44.94886]},"properties":{"depth_m":0.5,"n":16,"date":"29/07/2008"}},{"type":"Feature","geometry":{"type":"Point","coordinates":[-1.11405,44.94885]},"properties":{"depth_m":0.5,"n":1,"date":"29/07/2008"}},{"type":"Feature","geometry":{"type":"Point","coordinates":[-1.11404,44.94887]},"properties":{"depth_m":0.5,"n":4,"date":"29/07/2008"}},{"type":"Feature","geometry":{"type":"Point","coordinates":[-1.11404,44.94889]},"properties":{"depth_m":0.5,"n":1,"date":"29/07/2008"}},{"type":"Feature","geometry":{"type":"Point","coordinates":[-1.11403,44.94891]},"properties":{"depth_m":0.5,"n":1,"date":"29/07/2008"}},{"type":"Feature","geometry":{"type":"Point","coordinates":[-1.114,44.94898]},"properties":{"depth_m":0.5,"n":1,"date":"29/07/2008"}},{"type":"Feature","geometry":{"type":"Point","coordinates":[-1.114,44.94899]},"properties":{"depth_m":0.5,"n":1,"date":"29/07/2008"}},{"type":"Feature","geometry":{"type":"Point","coordinates":[-1.11399,44.949]},"properties":{"depth_m":0.5,"n":3,"date":"29/07/2008"}},{"type":"Feature","geometry":{"type":"Point","coordinates":[-1.11399,44.94901]},"properties":{"depth_m":0.5,"n":3,"date":"29/07/2008"}},{"type":"Feature","geometry":{"type":"Point","coordinates":[-1.11403,44.9489]},"properties":{"depth_m":0.5,"n":1,"date":"29/07/2008"}},{"type":"Feature","geometry":{"type":"Point","coordinates":[-1.11145,44.94943]},"properties":{"depth_m":0.6,"n":1,"date":"29/07/2008"}},{"type":"Feature","geometry":{"type":"Point","coordinates":[-1.114,44.949]},"properties":{"depth_m":0.5,"n":1,"date":"29/07/2008"}},{"type":"Feature","geometry":{"type":"Point","coordinates":[-1.11414,44.94914]},"properties":{"depth_m":0.5,"n":1,"date":"29/07/2008"}},{"type":"Feature","geometry":{"type":"Point","coordinates":[-1.11399,44.94895]},"properties":{"depth_m":0.5,"n":5,"date":"29/07/2008"}},{"type":"Feature","geometry":{"type":"Point","coordinates":[-1.11405,44.94888]},"properties":{"depth_m":0.5,"n":1,"date":"29/07/2008"}},{"type":"Feature","geometry":{"type":"Point","coordinates":[-1.11405,44.94889]},"properties":{"depth_m":0.5,"n":1,"date":"29/07/2008"}},{"type":"Feature","geometry":{"type":"Point","coordinates":[-1.11404,44.9489]},"properties":{"depth_m":0.5,"n":1,"date":"29/07/2008"}},{"type":"Feature","geometry":{"type":"Point","coordinates":[-1.11418,44.94909]},"properties":{"depth_m":0.5,"n":1,"date":"29/07/2008"}},{"type":"Feature","geometry":{"type":"Point","coordinates":[-1.11398,44.94896]},"properties":{"depth_m":0.5,"n":8,"date":"29/07/2008"}},{"type":"Feature","geometry":{"type":"Point","coordinates":[-1.11412,44.94915]},"properties":{"depth_m":0.5,"n":1,"date":"29/07/2008"}},{"type":"Feature","geometry":{"type":"Point","coordinates":[-1.11411,44.94916]},"properties":{"depth_m":0.5,"n":2,"date":"29/07/2008"}},{"type":"Feature","geometry":{"type":"Point","coordinates":[-1.1141,44.94917]},"properties":{"depth_m":0.5,"n":1,"date":"29/07/2008"}},{"type":"Feature","geometry":{"type":"Point","coordinates":[-1.11404,44.94891]},"properties":{"depth_m":0.5,"n":1,"date":"29/07/2008"}},{"type":"Feature","geometry":{"type":"Point","coordinates":[-1.11403,44.94889]},"properties":{"depth_m":0.5,"n":1,"date":"29/07/2008"}},{"type":"Feature","geometry":{"type":"Point","coordinates":[-1.11402,44.94894]},"properties":{"depth_m":0.5,"n":1,"date":"29/07/2008"}},{"type":"Feature","geometry":{"type":"Point","coordinates":[-1.11401,44.94894]},"properties":{"depth_m":0.5,"n":3,"date":"29/07/2008"}},{"type":"Feature","geometry":{"type":"Point","coordinates":[-1.114,44.94894]},"properties":{"depth_m":0.5,"n":1,"date":"29/07/2008"}},{"type":"Feature","geometry":{"type":"Point","coordinates":[-1.11398,44.94895]},"properties":{"depth_m":0.5,"n":1,"date":"29/07/2008"}},{"type":"Feature","geometry":{"type":"Point","coordinates":[-1.11399,44.94896]},"properties":{"depth_m":0.5,"n":1,"date":"29/07/2008"}},{"type":"Feature","geometry":{"type":"Point","coordinates":[-1.114,44.94895]},"properties":{"depth_m":0.5,"n":1,"date":"29/07/2008"}},{"type":"Feature","geometry":{"type":"Point","coordinates":[-1.11315,44.94912]},"properties":{"depth_m":0.4,"n":2,"date":"29/07/2008"}},{"type":"Feature","geometry":{"type":"Point","coordinates":[-1.11146,44.94916]},"properties":{"depth_m":0.4,"n":1,"date":"29/07/2008"}},{"type":"Feature","geometry":{"type":"Point","coordinates":[-1.11147,44.94914]},"properties":{"depth_m":0.4,"n":1,"date":"29/07/2008"}},{"type":"Feature","geometry":{"type":"Point","coordinates":[-1.11148,44.94911]},"properties":{"depth_m":0.4,"n":1,"date":"29/07/2008"}},{"type":"Feature","geometry":{"type":"Point","coordinates":[-1.11148,44.94909]},"properties":{"depth_m":0.6,"n":1,"date":"29/07/2008"}},{"type":"Feature","geometry":{"type":"Point","coordinates":[-1.11317,44.94909]},"properties":{"depth_m":0.5,"n":2,"date":"29/07/2008"}},{"type":"Feature","geometry":{"type":"Point","coordinates":[-1.11144,44.94918]},"properties":{"depth_m":0.4,"n":2,"date":"29/07/2008"}},{"type":"Feature","geometry":{"type":"Point","coordinates":[-1.11316,44.9491]},"properties":{"depth_m":0.4,"n":1,"date":"29/07/2008"}},{"type":"Feature","geometry":{"type":"Point","coordinates":[-1.11314,44.94912]},"properties":{"depth_m":0.4,"n":2,"date":"29/07/2008"}},{"type":"Feature","geometry":{"type":"Point","coordinates":[-1.11317,44.94913]},"properties":{"depth_m":0.4,"n":1,"date":"29/07/2008"}},{"type":"Feature","geometry":{"type":"Point","coordinates":[-1.11322,44.94911]},"properties":{"depth_m":0.4,"n":1,"date":"29/07/2008"}},{"type":"Feature","geometry":{"type":"Point","coordinates":[-1.11344,44.94872]},"properties":{"depth_m":0.4,"n":1,"date":"29/07/2008"}},{"type":"Feature","geometry":{"type":"Point","coordinates":[-1.11141,44.94934]},"properties":{"depth_m":0.8,"n":1,"date":"29/07/2008"}},{"type":"Feature","geometry":{"type":"Point","coordinates":[-1.11247,44.95274]},"properties":{"depth_m":0.6,"n":1,"date":"29/07/2008"}},{"type":"Feature","geometry":{"type":"Point","coordinates":[-1.11144,44.9494]},"properties":{"depth_m":0.7,"n":1,"date":"29/07/2008"}},{"type":"Feature","geometry":{"type":"Point","coordinates":[-1.11143,44.9494]},"properties":{"depth_m":0.7,"n":1,"date":"29/07/2008"}},{"type":"Feature","geometry":{"type":"Point","coordinates":[-1.11143,44.94939]},"properties":{"depth_m":0.7,"n":1,"date":"29/07/2008"}},{"type":"Feature","geometry":{"type":"Point","coordinates":[-1.11142,44.94939]},"properties":{"depth_m":0.8,"n":1,"date":"29/07/2008"}},{"type":"Feature","geometry":{"type":"Point","coordinates":[-1.11145,44.94917]},"properties":{"depth_m":0.4,"n":1,"date":"29/07/2008"}},{"type":"Feature","geometry":{"type":"Point","coordinates":[-1.1114,44.94938]},"properties":{"depth_m":0.8,"n":1,"date":"29/07/2008"}},{"type":"Feature","geometry":{"type":"Point","coordinates":[-1.11353,44.94884]},"properties":{"depth_m":0.4,"n":1,"date":"29/07/2008"}},{"type":"Feature","geometry":{"type":"Point","coordinates":[-1.11142,44.9493]},"properties":{"depth_m":0.8,"n":1,"date":"29/07/2008"}},{"type":"Feature","geometry":{"type":"Point","coordinates":[-1.11143,44.94927]},"properties":{"depth_m":0.8,"n":1,"date":"29/07/2008"}},{"type":"Feature","geometry":{"type":"Point","coordinates":[-1.11144,44.94924]},"properties":{"depth_m":0.8,"n":1,"date":"29/07/2008"}},{"type":"Feature","geometry":{"type":"Point","coordinates":[-1.11144,44.94922]},"properties":{"depth_m":0.8,"n":1,"date":"29/07/2008"}},{"type":"Feature","geometry":{"type":"Point","coordinates":[-1.11145,44.9492]},"properties":{"depth_m":0.7,"n":1,"date":"29/07/2008"}},{"type":"Feature","geometry":{"type":"Point","coordinates":[-1.11144,44.94919]},"properties":{"depth_m":0.5,"n":1,"date":"29/07/2008"}},{"type":"Feature","geometry":{"type":"Point","coordinates":[-1.11141,44.94939]},"properties":{"depth_m":0.8,"n":1,"date":"29/07/2008"}},{"type":"Feature","geometry":{"type":"Point","coordinates":[-1.11401,44.94891]},"properties":{"depth_m":0.5,"n":2,"date":"29/07/2008"}},{"type":"Feature","geometry":{"type":"Point","coordinates":[-1.114,44.94892]},"properties":{"depth_m":0.5,"n":1,"date":"29/07/2008"}},{"type":"Feature","geometry":{"type":"Point","coordinates":[-1.11401,44.9489]},"properties":{"depth_m":0.5,"n":2,"date":"29/07/2008"}},{"type":"Feature","geometry":{"type":"Point","coordinates":[-1.11401,44.94889]},"properties":{"depth_m":0.5,"n":3,"date":"29/07/2008"}},{"type":"Feature","geometry":{"type":"Point","coordinates":[-1.11341,44.94887]},"properties":{"depth_m":0.4,"n":1,"date":"29/07/2008"}},{"type":"Feature","geometry":{"type":"Point","coordinates":[-1.1139,44.94922]},"properties":{"depth_m":0.5,"n":1,"date":"29/07/2008"}},{"type":"Feature","geometry":{"type":"Point","coordinates":[-1.11401,44.94892]},"properties":{"depth_m":0.5,"n":4,"date":"29/07/2008"}},{"type":"Feature","geometry":{"type":"Point","coordinates":[-1.11401,44.94893]},"properties":{"depth_m":0.5,"n":2,"date":"29/07/2008"}},{"type":"Feature","geometry":{"type":"Point","coordinates":[-1.11391,44.9488]},"properties":{"depth_m":0.5,"n":1,"date":"29/07/2008"}},{"type":"Feature","geometry":{"type":"Point","coordinates":[-1.11358,44.94882]},"properties":{"depth_m":0.4,"n":1,"date":"29/07/2008"}},{"type":"Feature","geometry":{"type":"Point","coordinates":[-1.11363,44.94881]},"properties":{"depth_m":0.5,"n":1,"date":"29/07/2008"}},{"type":"Feature","geometry":{"type":"Point","coordinates":[-1.11368,44.94879]},"properties":{"depth_m":0.5,"n":1,"date":"29/07/2008"}},{"type":"Feature","geometry":{"type":"Point","coordinates":[-1.11373,44.94878]},"properties":{"depth_m":0.5,"n":1,"date":"29/07/2008"}},{"type":"Feature","geometry":{"type":"Point","coordinates":[-1.11377,44.94877]},"properties":{"depth_m":0.5,"n":1,"date":"29/07/2008"}},{"type":"Feature","geometry":{"type":"Point","coordinates":[-1.11392,44.94914]},"properties":{"depth_m":0.5,"n":1,"date":"29/07/2008"}},{"type":"Feature","geometry":{"type":"Point","coordinates":[-1.11386,44.94878]},"properties":{"depth_m":0.5,"n":1,"date":"29/07/2008"}},{"type":"Feature","geometry":{"type":"Point","coordinates":[-1.11393,44.94914]},"properties":{"depth_m":0.5,"n":1,"date":"29/07/2008"}},{"type":"Feature","geometry":{"type":"Point","coordinates":[-1.11395,44.94882]},"properties":{"depth_m":0.5,"n":1,"date":"29/07/2008"}},{"type":"Feature","geometry":{"type":"Point","coordinates":[-1.11399,44.94883]},"properties":{"depth_m":0.5,"n":1,"date":"29/07/2008"}},{"type":"Feature","geometry":{"type":"Point","coordinates":[-1.11402,44.94886]},"properties":{"depth_m":0.5,"n":1,"date":"29/07/2008"}},{"type":"Feature","geometry":{"type":"Point","coordinates":[-1.11389,44.94922]},"properties":{"depth_m":0.5,"n":2,"date":"29/07/2008"}},{"type":"Feature","geometry":{"type":"Point","coordinates":[-1.1139,44.94923]},"properties":{"depth_m":0.5,"n":1,"date":"29/07/2008"}},{"type":"Feature","geometry":{"type":"Point","coordinates":[-1.11346,44.94889]},"properties":{"depth_m":0.4,"n":1,"date":"29/07/2008"}},{"type":"Feature","geometry":{"type":"Point","coordinates":[-1.11382,44.94877]},"properties":{"depth_m":0.5,"n":1,"date":"29/07/2008"}},{"type":"Feature","geometry":{"type":"Point","coordinates":[-1.12054,45.00397]},"properties":{"depth_m":0.5,"n":1,"date":"29/07/2008"}},{"type":"Feature","geometry":{"type":"Point","coordinates":[-1.1207,45.00408]},"properties":{"depth_m":0.4,"n":1,"date":"29/07/2008"}},{"type":"Feature","geometry":{"type":"Point","coordinates":[-1.12061,45.00391]},"properties":{"depth_m":0.5,"n":1,"date":"29/07/2008"}},{"type":"Feature","geometry":{"type":"Point","coordinates":[-1.12059,45.00391]},"properties":{"depth_m":0.5,"n":2,"date":"29/07/2008"}},{"type":"Feature","geometry":{"type":"Point","coordinates":[-1.12056,45.00393]},"properties":{"depth_m":0.5,"n":1,"date":"29/07/2008"}},{"type":"Feature","geometry":{"type":"Point","coordinates":[-1.12076,45.00444]},"properties":{"depth_m":0.5,"n":1,"date":"29/07/2008"}},{"type":"Feature","geometry":{"type":"Point","coordinates":[-1.12077,45.00444]},"properties":{"depth_m":0.5,"n":2,"date":"29/07/2008"}},{"type":"Feature","geometry":{"type":"Point","coordinates":[-1.12058,45.00391]},"properties":{"depth_m":0.6,"n":1,"date":"29/07/2008"}},{"type":"Feature","geometry":{"type":"Point","coordinates":[-1.12081,45.00399]},"properties":{"depth_m":0.5,"n":1,"date":"29/07/2008"}},{"type":"Feature","geometry":{"type":"Point","coordinates":[-1.12065,45.00389]},"properties":{"depth_m":0.5,"n":1,"date":"29/07/2008"}},{"type":"Feature","geometry":{"type":"Point","coordinates":[-1.1207,45.00405]},"properties":{"depth_m":0.5,"n":1,"date":"29/07/2008"}},{"type":"Feature","geometry":{"type":"Point","coordinates":[-1.12075,45.00437]},"properties":{"depth_m":0.4,"n":1,"date":"29/07/2008"}},{"type":"Feature","geometry":{"type":"Point","coordinates":[-1.12034,45.00397]},"properties":{"depth_m":0.5,"n":1,"date":"29/07/2008"}},{"type":"Feature","geometry":{"type":"Point","coordinates":[-1.12033,45.00397]},"properties":{"depth_m":0.5,"n":1,"date":"29/07/2008"}},{"type":"Feature","geometry":{"type":"Point","coordinates":[-1.12071,45.00442]},"properties":{"depth_m":0.5,"n":1,"date":"29/07/2008"}},{"type":"Feature","geometry":{"type":"Point","coordinates":[-1.11426,44.99606]},"properties":{"depth_m":0.6,"n":1,"date":"29/07/2008"}},{"type":"Feature","geometry":{"type":"Point","coordinates":[-1.12059,45.00404]},"properties":{"depth_m":0.6,"n":1,"date":"29/07/2008"}},{"type":"Feature","geometry":{"type":"Point","coordinates":[-1.12064,45.00402]},"properties":{"depth_m":0.6,"n":1,"date":"29/07/2008"}},{"type":"Feature","geometry":{"type":"Point","coordinates":[-1.12062,45.00402]},"properties":{"depth_m":0.6,"n":1,"date":"29/07/2008"}},{"type":"Feature","geometry":{"type":"Point","coordinates":[-1.1206,45.00403]},"properties":{"depth_m":0.6,"n":1,"date":"29/07/2008"}},{"type":"Feature","geometry":{"type":"Point","coordinates":[-1.1206,45.00402]},"properties":{"depth_m":0.6,"n":2,"date":"29/07/2008"}},{"type":"Feature","geometry":{"type":"Point","coordinates":[-1.12059,45.00402]},"properties":{"depth_m":0.6,"n":1,"date":"29/07/2008"}},{"type":"Feature","geometry":{"type":"Point","coordinates":[-1.12058,45.00402]},"properties":{"depth_m":0.6,"n":1,"date":"29/07/2008"}},{"type":"Feature","geometry":{"type":"Point","coordinates":[-1.12066,45.00411]},"properties":{"depth_m":0.5,"n":1,"date":"29/07/2008"}},{"type":"Feature","geometry":{"type":"Point","coordinates":[-1.12094,45.00449]},"properties":{"depth_m":0.6,"n":1,"date":"29/07/2008"}},{"type":"Feature","geometry":{"type":"Point","coordinates":[-1.12084,45.00437]},"properties":{"depth_m":0.6,"n":1,"date":"29/07/2008"}},{"type":"Feature","geometry":{"type":"Point","coordinates":[-1.12063,45.00412]},"properties":{"depth_m":0.6,"n":1,"date":"29/07/2008"}},{"type":"Feature","geometry":{"type":"Point","coordinates":[-1.12058,45.00408]},"properties":{"depth_m":0.6,"n":1,"date":"29/07/2008"}},{"type":"Feature","geometry":{"type":"Point","coordinates":[-1.12078,45.00454]},"properties":{"depth_m":0.6,"n":1,"date":"29/07/2008"}},{"type":"Feature","geometry":{"type":"Point","coordinates":[-1.12067,45.00391]},"properties":{"depth_m":0.5,"n":1,"date":"29/07/2008"}},{"type":"Feature","geometry":{"type":"Point","coordinates":[-1.12059,45.00401]},"properties":{"depth_m":0.6,"n":1,"date":"29/07/2008"}},{"type":"Feature","geometry":{"type":"Point","coordinates":[-1.1206,45.00354]},"properties":{"depth_m":0.6,"n":1,"date":"29/07/2008"}},{"type":"Feature","geometry":{"type":"Point","coordinates":[-1.12074,45.004]},"properties":{"depth_m":0.5,"n":1,"date":"29/07/2008"}},{"type":"Feature","geometry":{"type":"Point","coordinates":[-1.12032,45.00377]},"properties":{"depth_m":0.5,"n":1,"date":"29/07/2008"}},{"type":"Feature","geometry":{"type":"Point","coordinates":[-1.11994,45.00353]},"properties":{"depth_m":0.5,"n":1,"date":"29/07/2008"}},{"type":"Feature","geometry":{"type":"Point","coordinates":[-1.11973,45.00334]},"properties":{"depth_m":0.6,"n":1,"date":"29/07/2008"}},{"type":"Feature","geometry":{"type":"Point","coordinates":[-1.12119,45.00429]},"properties":{"depth_m":0.6,"n":1,"date":"29/07/2008"}},{"type":"Feature","geometry":{"type":"Point","coordinates":[-1.12109,45.00425]},"properties":{"depth_m":0.6,"n":1,"date":"29/07/2008"}},{"type":"Feature","geometry":{"type":"Point","coordinates":[-1.12038,45.00383]},"properties":{"depth_m":0.5,"n":1,"date":"29/07/2008"}},{"type":"Feature","geometry":{"type":"Point","coordinates":[-1.12036,45.00372]},"properties":{"depth_m":0.6,"n":1,"date":"29/07/2008"}},{"type":"Feature","geometry":{"type":"Point","coordinates":[-1.12035,45.00379]},"properties":{"depth_m":0.55,"n":2,"date":"29/07/2008"}},{"type":"Feature","geometry":{"type":"Point","coordinates":[-1.12046,45.00363]},"properties":{"depth_m":0.6,"n":1,"date":"29/07/2008"}},{"type":"Feature","geometry":{"type":"Point","coordinates":[-1.12041,45.00364]},"properties":{"depth_m":0.5,"n":1,"date":"29/07/2008"}},{"type":"Feature","geometry":{"type":"Point","coordinates":[-1.12039,45.00364]},"properties":{"depth_m":0.5,"n":1,"date":"29/07/2008"}},{"type":"Feature","geometry":{"type":"Point","coordinates":[-1.12038,45.00364]},"properties":{"depth_m":0.5,"n":1,"date":"29/07/2008"}},{"type":"Feature","geometry":{"type":"Point","coordinates":[-1.12035,45.00364]},"properties":{"depth_m":0.6,"n":1,"date":"29/07/2008"}},{"type":"Feature","geometry":{"type":"Point","coordinates":[-1.12032,45.00363]},"properties":{"depth_m":0.5,"n":1,"date":"29/07/2008"}},{"type":"Feature","geometry":{"type":"Point","coordinates":[-1.12013,45.00366]},"properties":{"depth_m":0.6,"n":1,"date":"29/07/2008"}},{"type":"Feature","geometry":{"type":"Point","coordinates":[-1.11976,45.00368]},"properties":{"depth_m":0.5,"n":1,"date":"29/07/2008"}},{"type":"Feature","geometry":{"type":"Point","coordinates":[-1.12071,45.00415]},"properties":{"depth_m":0.5,"n":1,"date":"29/07/2008"}},{"type":"Feature","geometry":{"type":"Point","coordinates":[-1.12065,45.00412]},"properties":{"depth_m":0.5,"n":1,"date":"29/07/2008"}},{"type":"Feature","geometry":{"type":"Point","coordinates":[-1.12059,45.0041]},"properties":{"depth_m":0.5,"n":1,"date":"29/07/2008"}},{"type":"Feature","geometry":{"type":"Point","coordinates":[-1.12056,45.00408]},"properties":{"depth_m":0.5,"n":1,"date":"29/07/2008"}},{"type":"Feature","geometry":{"type":"Point","coordinates":[-1.121,45.0043]},"properties":{"depth_m":0.5,"n":1,"date":"29/07/2008"}},{"type":"Feature","geometry":{"type":"Point","coordinates":[-1.12012,45.00362]},"properties":{"depth_m":0.5,"n":1,"date":"29/07/2008"}},{"type":"Feature","geometry":{"type":"Point","coordinates":[-1.11989,45.00337]},"properties":{"depth_m":0.5,"n":1,"date":"29/07/2008"}},{"type":"Feature","geometry":{"type":"Point","coordinates":[-1.12068,45.00403]},"properties":{"depth_m":0.6,"n":1,"date":"29/07/2008"}},{"type":"Feature","geometry":{"type":"Point","coordinates":[-1.11967,45.00372]},"properties":{"depth_m":0.5,"n":1,"date":"29/07/2008"}},{"type":"Feature","geometry":{"type":"Point","coordinates":[-1.11981,45.00351]},"properties":{"depth_m":0.5,"n":1,"date":"29/07/2008"}},{"type":"Feature","geometry":{"type":"Point","coordinates":[-1.11986,45.00337]},"properties":{"depth_m":0.5,"n":1,"date":"29/07/2008"}},{"type":"Feature","geometry":{"type":"Point","coordinates":[-1.1199,45.00342]},"properties":{"depth_m":0.6,"n":1,"date":"29/07/2008"}},{"type":"Feature","geometry":{"type":"Point","coordinates":[-1.12001,45.00387]},"properties":{"depth_m":0.6,"n":1,"date":"29/07/2008"}},{"type":"Feature","geometry":{"type":"Point","coordinates":[-1.12029,45.00377]},"properties":{"depth_m":0.6,"n":1,"date":"29/07/2008"}},{"type":"Feature","geometry":{"type":"Point","coordinates":[-1.11986,45.0034]},"properties":{"depth_m":0.5,"n":1,"date":"29/07/2008"}},{"type":"Feature","geometry":{"type":"Point","coordinates":[-1.12092,45.00404]},"properties":{"depth_m":0.7,"n":1,"date":"29/07/2008"}},{"type":"Feature","geometry":{"type":"Point","coordinates":[-1.12066,45.00403]},"properties":{"depth_m":0.6,"n":1,"date":"29/07/2008"}},{"type":"Feature","geometry":{"type":"Point","coordinates":[-1.12108,45.00407]},"properties":{"depth_m":0.8,"n":1,"date":"29/07/2008"}},{"type":"Feature","geometry":{"type":"Point","coordinates":[-1.12104,45.00406]},"properties":{"depth_m":0.7,"n":1,"date":"29/07/2008"}},{"type":"Feature","geometry":{"type":"Point","coordinates":[-1.12101,45.00406]},"properties":{"depth_m":0.8,"n":1,"date":"29/07/2008"}},{"type":"Feature","geometry":{"type":"Point","coordinates":[-1.12098,45.00405]},"properties":{"depth_m":0.7,"n":1,"date":"29/07/2008"}},{"type":"Feature","geometry":{"type":"Point","coordinates":[-1.12096,45.00405]},"properties":{"depth_m":0.7,"n":1,"date":"29/07/2008"}},{"type":"Feature","geometry":{"type":"Point","coordinates":[-1.12121,45.00405]},"properties":{"depth_m":0.8,"n":1,"date":"29/07/2008"}},{"type":"Feature","geometry":{"type":"Point","coordinates":[-1.12093,45.00403]},"properties":{"depth_m":0.7,"n":1,"date":"29/07/2008"}},{"type":"Feature","geometry":{"type":"Point","coordinates":[-1.12127,45.00405]},"properties":{"depth_m":0.8,"n":1,"date":"29/07/2008"}},{"type":"Feature","geometry":{"type":"Point","coordinates":[-1.12091,45.00405]},"properties":{"depth_m":0.7,"n":1,"date":"29/07/2008"}},{"type":"Feature","geometry":{"type":"Point","coordinates":[-1.12091,45.00406]},"properties":{"depth_m":0.7,"n":1,"date":"29/07/2008"}},{"type":"Feature","geometry":{"type":"Point","coordinates":[-1.1209,45.00407]},"properties":{"depth_m":0.7,"n":1,"date":"29/07/2008"}},{"type":"Feature","geometry":{"type":"Point","coordinates":[-1.12089,45.00409]},"properties":{"depth_m":0.7,"n":1,"date":"29/07/2008"}},{"type":"Feature","geometry":{"type":"Point","coordinates":[-1.12088,45.0041]},"properties":{"depth_m":0.7,"n":1,"date":"29/07/2008"}},{"type":"Feature","geometry":{"type":"Point","coordinates":[-1.12087,45.00412]},"properties":{"depth_m":0.7,"n":1,"date":"29/07/2008"}},{"type":"Feature","geometry":{"type":"Point","coordinates":[-1.12094,45.00404]},"properties":{"depth_m":0.7,"n":1,"date":"29/07/2008"}},{"type":"Feature","geometry":{"type":"Point","coordinates":[-1.12178,45.00377]},"properties":{"depth_m":0.6,"n":1,"date":"29/07/2008"}},{"type":"Feature","geometry":{"type":"Point","coordinates":[-1.12276,45.00333]},"properties":{"depth_m":0.7,"n":1,"date":"29/07/2008"}},{"type":"Feature","geometry":{"type":"Point","coordinates":[-1.12262,45.00337]},"properties":{"depth_m":0.8,"n":1,"date":"29/07/2008"}},{"type":"Feature","geometry":{"type":"Point","coordinates":[-1.12247,45.00341]},"properties":{"depth_m":1.0,"n":1,"date":"29/07/2008"}},{"type":"Feature","geometry":{"type":"Point","coordinates":[-1.12233,45.00346]},"properties":{"depth_m":0.9,"n":1,"date":"29/07/2008"}},{"type":"Feature","geometry":{"type":"Point","coordinates":[-1.1222,45.00351]},"properties":{"depth_m":0.8,"n":1,"date":"29/07/2008"}},{"type":"Feature","geometry":{"type":"Point","coordinates":[-1.12209,45.00357]},"properties":{"depth_m":0.7,"n":1,"date":"29/07/2008"}},{"type":"Feature","geometry":{"type":"Point","coordinates":[-1.12114,45.00406]},"properties":{"depth_m":0.8,"n":1,"date":"29/07/2008"}},{"type":"Feature","geometry":{"type":"Point","coordinates":[-1.12188,45.00371]},"properties":{"depth_m":0.4,"n":1,"date":"29/07/2008"}},{"type":"Feature","geometry":{"type":"Point","coordinates":[-1.12045,45.0039]},"properties":{"depth_m":0.6,"n":1,"date":"29/07/2008"}},{"type":"Feature","geometry":{"type":"Point","coordinates":[-1.12168,45.00384]},"properties":{"depth_m":0.6,"n":1,"date":"29/07/2008"}},{"type":"Feature","geometry":{"type":"Point","coordinates":[-1.12158,45.00389]},"properties":{"depth_m":0.8,"n":1,"date":"29/07/2008"}},{"type":"Feature","geometry":{"type":"Point","coordinates":[-1.12151,45.00394]},"properties":{"depth_m":0.8,"n":1,"date":"29/07/2008"}},{"type":"Feature","geometry":{"type":"Point","coordinates":[-1.12145,45.00397]},"properties":{"depth_m":0.7,"n":1,"date":"29/07/2008"}},{"type":"Feature","geometry":{"type":"Point","coordinates":[-1.12138,45.004]},"properties":{"depth_m":0.8,"n":1,"date":"29/07/2008"}},{"type":"Feature","geometry":{"type":"Point","coordinates":[-1.12133,45.00403]},"properties":{"depth_m":0.8,"n":1,"date":"29/07/2008"}},{"type":"Feature","geometry":{"type":"Point","coordinates":[-1.12198,45.00365]},"properties":{"depth_m":0.6,"n":1,"date":"29/07/2008"}},{"type":"Feature","geometry":{"type":"Point","coordinates":[-1.12077,45.00403]},"properties":{"depth_m":0.6,"n":1,"date":"29/07/2008"}},{"type":"Feature","geometry":{"type":"Point","coordinates":[-1.12076,45.004]},"properties":{"depth_m":0.6,"n":2,"date":"29/07/2008"}},{"type":"Feature","geometry":{"type":"Point","coordinates":[-1.12078,45.00401]},"properties":{"depth_m":0.6,"n":1,"date":"29/07/2008"}},{"type":"Feature","geometry":{"type":"Point","coordinates":[-1.1208,45.00402]},"properties":{"depth_m":0.6,"n":1,"date":"29/07/2008"}},{"type":"Feature","geometry":{"type":"Point","coordinates":[-1.12081,45.00403]},"properties":{"depth_m":0.6,"n":1,"date":"29/07/2008"}},{"type":"Feature","geometry":{"type":"Point","coordinates":[-1.12082,45.00404]},"properties":{"depth_m":0.6,"n":3,"date":"29/07/2008"}},{"type":"Feature","geometry":{"type":"Point","coordinates":[-1.12088,45.00412]},"properties":{"depth_m":0.7,"n":1,"date":"29/07/2008"}},{"type":"Feature","geometry":{"type":"Point","coordinates":[-1.1208,45.00404]},"properties":{"depth_m":0.7,"n":1,"date":"29/07/2008"}},{"type":"Feature","geometry":{"type":"Point","coordinates":[-1.12076,45.00399]},"properties":{"depth_m":0.6,"n":1,"date":"29/07/2008"}},{"type":"Feature","geometry":{"type":"Point","coordinates":[-1.12075,45.00403]},"properties":{"depth_m":0.7,"n":1,"date":"29/07/2008"}},{"type":"Feature","geometry":{"type":"Point","coordinates":[-1.12076,45.00404]},"properties":{"depth_m":0.7,"n":1,"date":"29/07/2008"}},{"type":"Feature","geometry":{"type":"Point","coordinates":[-1.12075,45.00404]},"properties":{"depth_m":0.6,"n":1,"date":"29/07/2008"}},{"type":"Feature","geometry":{"type":"Point","coordinates":[-1.12074,45.00404]},"properties":{"depth_m":0.6,"n":1,"date":"29/07/2008"}},{"type":"Feature","geometry":{"type":"Point","coordinates":[-1.12072,45.00404]},"properties":{"depth_m":0.6,"n":1,"date":"29/07/2008"}},{"type":"Feature","geometry":{"type":"Point","coordinates":[-1.12023,45.0036]},"properties":{"depth_m":0.5,"n":1,"date":"29/07/2008"}},{"type":"Feature","geometry":{"type":"Point","coordinates":[-1.12079,45.00395]},"properties":{"depth_m":0.7,"n":1,"date":"29/07/2008"}},{"type":"Feature","geometry":{"type":"Point","coordinates":[-1.12066,45.00402]},"properties":{"depth_m":0.6,"n":1,"date":"29/07/2008"}},{"type":"Feature","geometry":{"type":"Point","coordinates":[-1.12071,45.00406]},"properties":{"depth_m":0.6,"n":1,"date":"29/07/2008"}},{"type":"Feature","geometry":{"type":"Point","coordinates":[-1.12081,45.00396]},"properties":{"depth_m":0.7,"n":1,"date":"29/07/2008"}},{"type":"Feature","geometry":{"type":"Point","coordinates":[-1.12075,45.00392]},"properties":{"depth_m":0.7,"n":1,"date":"29/07/2008"}},{"type":"Feature","geometry":{"type":"Point","coordinates":[-1.12076,45.00393]},"properties":{"depth_m":0.7,"n":1,"date":"29/07/2008"}},{"type":"Feature","geometry":{"type":"Point","coordinates":[-1.12077,45.00394]},"properties":{"depth_m":0.7,"n":2,"date":"29/07/2008"}},{"type":"Feature","geometry":{"type":"Point","coordinates":[-1.12078,45.00395]},"properties":{"depth_m":0.7,"n":1,"date":"29/07/2008"}},{"type":"Feature","geometry":{"type":"Point","coordinates":[-1.12077,45.004]},"properties":{"depth_m":0.7,"n":1,"date":"29/07/2008"}},{"type":"Feature","geometry":{"type":"Point","coordinates":[-1.12079,45.00396]},"properties":{"depth_m":0.7,"n":1,"date":"29/07/2008"}},{"type":"Feature","geometry":{"type":"Point","coordinates":[-1.1208,45.00397]},"properties":{"depth_m":0.7,"n":1,"date":"29/07/2008"}},{"type":"Feature","geometry":{"type":"Point","coordinates":[-1.12082,45.00401]},"properties":{"depth_m":0.7,"n":2,"date":"29/07/2008"}},{"type":"Feature","geometry":{"type":"Point","coordinates":[-1.12082,45.00402]},"properties":{"depth_m":0.7,"n":1,"date":"29/07/2008"}},{"type":"Feature","geometry":{"type":"Point","coordinates":[-1.1208,45.00401]},"properties":{"depth_m":0.7,"n":1,"date":"29/07/2008"}},{"type":"Feature","geometry":{"type":"Point","coordinates":[-1.12046,45.00393]},"properties":{"depth_m":0.7,"n":1,"date":"29/07/2008"}},{"type":"Feature","geometry":{"type":"Point","coordinates":[-1.1171,44.99731]},"properties":{"depth_m":1.0,"n":1,"date":"29/07/2008"}},{"type":"Feature","geometry":{"type":"Point","coordinates":[-1.11786,45.00027]},"properties":{"depth_m":0.6,"n":1,"date":"29/07/2008"}},{"type":"Feature","geometry":{"type":"Point","coordinates":[-1.11767,44.99829]},"properties":{"depth_m":0.6,"n":1,"date":"29/07/2008"}},{"type":"Feature","geometry":{"type":"Point","coordinates":[-1.11765,44.9982]},"properties":{"depth_m":0.6,"n":1,"date":"29/07/2008"}},{"type":"Feature","geometry":{"type":"Point","coordinates":[-1.1176,44.9981]},"properties":{"depth_m":0.7,"n":1,"date":"29/07/2008"}},{"type":"Feature","geometry":{"type":"Point","coordinates":[-1.11744,44.99819]},"properties":{"depth_m":0.7,"n":1,"date":"29/07/2008"}},{"type":"Feature","geometry":{"type":"Point","coordinates":[-1.11754,44.99801]},"properties":{"depth_m":0.7,"n":1,"date":"29/07/2008"}},{"type":"Feature","geometry":{"type":"Point","coordinates":[-1.11772,44.99843]},"properties":{"depth_m":0.6,"n":1,"date":"29/07/2008"}},{"type":"Feature","geometry":{"type":"Point","coordinates":[-1.11745,44.99778]},"properties":{"depth_m":0.9,"n":1,"date":"29/07/2008"}},{"type":"Feature","geometry":{"type":"Point","coordinates":[-1.1177,44.99854]},"properties":{"depth_m":0.6,"n":1,"date":"29/07/2008"}},{"type":"Feature","geometry":{"type":"Point","coordinates":[-1.11743,44.99761]},"properties":{"depth_m":0.9,"n":1,"date":"29/07/2008"}},{"type":"Feature","geometry":{"type":"Point","coordinates":[-1.11725,44.99737]},"properties":{"depth_m":1.0,"n":1,"date":"29/07/2008"}},{"type":"Feature","geometry":{"type":"Point","coordinates":[-1.11723,44.99734]},"properties":{"depth_m":1.0,"n":1,"date":"29/07/2008"}},{"type":"Feature","geometry":{"type":"Point","coordinates":[-1.11706,44.99714]},"properties":{"depth_m":1.0,"n":1,"date":"29/07/2008"}},{"type":"Feature","geometry":{"type":"Point","coordinates":[-1.11689,44.99693]},"properties":{"depth_m":1.0,"n":1,"date":"29/07/2008"}},{"type":"Feature","geometry":{"type":"Point","coordinates":[-1.11678,44.9968]},"properties":{"depth_m":1.0,"n":1,"date":"29/07/2008"}},{"type":"Feature","geometry":{"type":"Point","coordinates":[-1.11751,44.99785]},"properties":{"depth_m":0.8,"n":1,"date":"29/07/2008"}},{"type":"Feature","geometry":{"type":"Point","coordinates":[-1.11822,44.9989]},"properties":{"depth_m":0.5,"n":1,"date":"29/07/2008"}},{"type":"Feature","geometry":{"type":"Point","coordinates":[-1.12028,45.00362]},"properties":{"depth_m":0.5,"n":1,"date":"29/07/2008"}},{"type":"Feature","geometry":{"type":"Point","coordinates":[-1.11764,44.9996]},"properties":{"depth_m":0.6,"n":1,"date":"29/07/2008"}},{"type":"Feature","geometry":{"type":"Point","coordinates":[-1.1179,44.99971]},"properties":{"depth_m":0.7,"n":1,"date":"29/07/2008"}},{"type":"Feature","geometry":{"type":"Point","coordinates":[-1.11787,44.99958]},"properties":{"depth_m":0.7,"n":1,"date":"29/07/2008"}},{"type":"Feature","geometry":{"type":"Point","coordinates":[-1.11792,44.99945]},"properties":{"depth_m":0.6,"n":1,"date":"29/07/2008"}},{"type":"Feature","geometry":{"type":"Point","coordinates":[-1.11791,44.9994]},"properties":{"depth_m":0.6,"n":1,"date":"29/07/2008"}},{"type":"Feature","geometry":{"type":"Point","coordinates":[-1.11769,44.99838]},"properties":{"depth_m":0.6,"n":1,"date":"29/07/2008"}},{"type":"Feature","geometry":{"type":"Point","coordinates":[-1.11785,44.99919]},"properties":{"depth_m":0.5,"n":1,"date":"29/07/2008"}},{"type":"Feature","geometry":{"type":"Point","coordinates":[-1.11651,44.99649]},"properties":{"depth_m":1.0,"n":1,"date":"29/07/2008"}},{"type":"Feature","geometry":{"type":"Point","coordinates":[-1.11775,44.999]},"properties":{"depth_m":0.7,"n":1,"date":"29/07/2008"}},{"type":"Feature","geometry":{"type":"Point","coordinates":[-1.11753,44.99877]},"properties":{"depth_m":0.8,"n":1,"date":"29/07/2008"}},{"type":"Feature","geometry":{"type":"Point","coordinates":[-1.11692,44.99808]},"properties":{"depth_m":0.8,"n":1,"date":"29/07/2008"}},{"type":"Feature","geometry":{"type":"Point","coordinates":[-1.11787,44.9988]},"properties":{"depth_m":0.8,"n":1,"date":"29/07/2008"}},{"type":"Feature","geometry":{"type":"Point","coordinates":[-1.11773,44.99872]},"properties":{"depth_m":0.6,"n":1,"date":"29/07/2008"}},{"type":"Feature","geometry":{"type":"Point","coordinates":[-1.11771,44.99868]},"properties":{"depth_m":0.6,"n":1,"date":"29/07/2008"}},{"type":"Feature","geometry":{"type":"Point","coordinates":[-1.11789,44.9993]},"properties":{"depth_m":0.5,"n":1,"date":"29/07/2008"}},{"type":"Feature","geometry":{"type":"Point","coordinates":[-1.11491,44.99621]},"properties":{"depth_m":0.6,"n":1,"date":"29/07/2008"}},{"type":"Feature","geometry":{"type":"Point","coordinates":[-1.11577,44.99653]},"properties":{"depth_m":1.0,"n":1,"date":"29/07/2008"}},{"type":"Feature","geometry":{"type":"Point","coordinates":[-1.11564,44.99648]},"properties":{"depth_m":0.8,"n":1,"date":"29/07/2008"}},{"type":"Feature","geometry":{"type":"Point","coordinates":[-1.11552,44.99645]},"properties":{"depth_m":0.6,"n":1,"date":"29/07/2008"}},{"type":"Feature","geometry":{"type":"Point","coordinates":[-1.11541,44.99644]},"properties":{"depth_m":0.5,"n":1,"date":"29/07/2008"}},{"type":"Feature","geometry":{"type":"Point","coordinates":[-1.11529,44.9964]},"properties":{"depth_m":0.6,"n":1,"date":"29/07/2008"}},{"type":"Feature","geometry":{"type":"Point","coordinates":[-1.11519,44.99635]},"properties":{"depth_m":0.6,"n":1,"date":"29/07/2008"}},{"type":"Feature","geometry":{"type":"Point","coordinates":[-1.11669,44.9967]},"properties":{"depth_m":1.0,"n":1,"date":"29/07/2008"}},{"type":"Feature","geometry":{"type":"Point","coordinates":[-1.11501,44.99625]},"properties":{"depth_m":0.6,"n":1,"date":"29/07/2008"}},{"type":"Feature","geometry":{"type":"Point","coordinates":[-1.11633,44.99633]},"properties":{"depth_m":1.0,"n":1,"date":"29/07/2008"}},{"type":"Feature","geometry":{"type":"Point","coordinates":[-1.11481,44.99618]},"properties":{"depth_m":0.6,"n":1,"date":"29/07/2008"}},{"type":"Feature","geometry":{"type":"Point","coordinates":[-1.1147,44.9962]},"properties":{"depth_m":0.6,"n":1,"date":"29/07/2008"}},{"type":"Feature","geometry":{"type":"Point","coordinates":[-1.1146,44.99616]},"properties":{"depth_m":0.6,"n":1,"date":"29/07/2008"}},{"type":"Feature","geometry":{"type":"Point","coordinates":[-1.1145,44.99613]},"properties":{"depth_m":0.6,"n":1,"date":"29/07/2008"}},{"type":"Feature","geometry":{"type":"Point","coordinates":[-1.1144,44.99611]},"properties":{"depth_m":0.6,"n":1,"date":"29/07/2008"}},{"type":"Feature","geometry":{"type":"Point","coordinates":[-1.10456,44.98312]},"properties":{"depth_m":0.5,"n":1,"date":"29/07/2008"}},{"type":"Feature","geometry":{"type":"Point","coordinates":[-1.11509,44.9963]},"properties":{"depth_m":0.6,"n":1,"date":"29/07/2008"}},{"type":"Feature","geometry":{"type":"Point","coordinates":[-1.11577,44.99618]},"properties":{"depth_m":0.7,"n":1,"date":"29/07/2008"}},{"type":"Feature","geometry":{"type":"Point","coordinates":[-1.11788,44.99987]},"properties":{"depth_m":0.7,"n":1,"date":"29/07/2008"}},{"type":"Feature","geometry":{"type":"Point","coordinates":[-1.11641,44.9964]},"properties":{"depth_m":1.0,"n":1,"date":"29/07/2008"}},{"type":"Feature","geometry":{"type":"Point","coordinates":[-1.11627,44.99627]},"properties":{"depth_m":1.0,"n":1,"date":"29/07/2008"}},{"type":"Feature","geometry":{"type":"Point","coordinates":[-1.11636,44.99644]},"properties":{"depth_m":0.9,"n":1,"date":"29/07/2008"}},{"type":"Feature","geometry":{"type":"Point","coordinates":[-1.11598,44.99658]},"properties":{"depth_m":0.8,"n":1,"date":"29/07/2008"}},{"type":"Feature","geometry":{"type":"Point","coordinates":[-1.11604,44.99638]},"properties":{"depth_m":0.8,"n":1,"date":"29/07/2008"}},{"type":"Feature","geometry":{"type":"Point","coordinates":[-1.11586,44.99652]},"properties":{"depth_m":1.1,"n":1,"date":"29/07/2008"}},{"type":"Feature","geometry":{"type":"Point","coordinates":[-1.11586,44.99621]},"properties":{"depth_m":0.7,"n":1,"date":"29/07/2008"}},{"type":"Feature","geometry":{"type":"Point","coordinates":[-1.11622,44.9966]},"properties":{"depth_m":1.1,"n":1,"date":"29/07/2008"}},{"type":"Feature","geometry":{"type":"Point","coordinates":[-1.11569,44.99617]},"properties":{"depth_m":0.9,"n":1,"date":"29/07/2008"}},{"type":"Feature","geometry":{"type":"Point","coordinates":[-1.11556,44.99617]},"properties":{"depth_m":1.0,"n":1,"date":"29/07/2008"}},{"type":"Feature","geometry":{"type":"Point","coordinates":[-1.11556,44.9962]},"properties":{"depth_m":1.0,"n":1,"date":"29/07/2008"}},{"type":"Feature","geometry":{"type":"Point","coordinates":[-1.11556,44.99623]},"properties":{"depth_m":1.0,"n":1,"date":"29/07/2008"}},{"type":"Feature","geometry":{"type":"Point","coordinates":[-1.11599,44.99654]},"properties":{"depth_m":0.9,"n":1,"date":"29/07/2008"}},{"type":"Feature","geometry":{"type":"Point","coordinates":[-1.1157,44.9962]},"properties":{"depth_m":1.0,"n":1,"date":"29/07/2008"}},{"type":"Feature","geometry":{"type":"Point","coordinates":[-1.11659,44.99658]},"properties":{"depth_m":1.0,"n":1,"date":"29/07/2008"}},{"type":"Feature","geometry":{"type":"Point","coordinates":[-1.11596,44.99628]},"properties":{"depth_m":0.8,"n":1,"date":"29/07/2008"}},{"type":"Feature","geometry":{"type":"Point","coordinates":[-1.11967,45.00288]},"properties":{"depth_m":0.6,"n":1,"date":"29/07/2008"}},{"type":"Feature","geometry":{"type":"Point","coordinates":[-1.11749,44.99935]},"properties":{"depth_m":0.6,"n":1,"date":"29/07/2008"}},{"type":"Feature","geometry":{"type":"Point","coordinates":[-1.11946,45.0032]},"properties":{"depth_m":0.6,"n":1,"date":"29/07/2008"}},{"type":"Feature","geometry":{"type":"Point","coordinates":[-1.11968,45.0032]},"properties":{"depth_m":0.6,"n":1,"date":"29/07/2008"}},{"type":"Feature","geometry":{"type":"Point","coordinates":[-1.11979,45.00317]},"properties":{"depth_m":0.7,"n":1,"date":"29/07/2008"}},{"type":"Feature","geometry":{"type":"Point","coordinates":[-1.11977,45.0031]},"properties":{"depth_m":0.6,"n":1,"date":"29/07/2008"}},{"type":"Feature","geometry":{"type":"Point","coordinates":[-1.11975,45.00303]},"properties":{"depth_m":0.6,"n":1,"date":"29/07/2008"}},{"type":"Feature","geometry":{"type":"Point","coordinates":[-1.11913,45.0028]},"properties":{"depth_m":0.5,"n":1,"date":"29/07/2008"}},{"type":"Feature","geometry":{"type":"Point","coordinates":[-1.11972,45.00295]},"properties":{"depth_m":0.6,"n":1,"date":"29/07/2008"}},{"type":"Feature","geometry":{"type":"Point","coordinates":[-1.11935,45.00393]},"properties":{"depth_m":0.4,"n":1,"date":"29/07/2008"}},{"type":"Feature","geometry":{"type":"Point","coordinates":[-1.11962,45.00281]},"properties":{"depth_m":0.5,"n":1,"date":"29/07/2008"}},{"type":"Feature","geometry":{"type":"Point","coordinates":[-1.11729,45.00227]},"properties":{"depth_m":0.6,"n":1,"date":"29/07/2008"}},{"type":"Feature","geometry":{"type":"Point","coordinates":[-1.11902,45.00187]},"properties":{"depth_m":0.6,"n":1,"date":"29/07/2008"}},{"type":"Feature","geometry":{"type":"Point","coordinates":[-1.11902,45.00188]},"properties":{"depth_m":0.7,"n":1,"date":"29/07/2008"}},{"type":"Feature","geometry":{"type":"Point","coordinates":[-1.11898,45.00184]},"properties":{"depth_m":0.7,"n":1,"date":"29/07/2008"}},{"type":"Feature","geometry":{"type":"Point","coordinates":[-1.11895,45.00178]},"properties":{"depth_m":0.7,"n":1,"date":"29/07/2008"}},{"type":"Feature","geometry":{"type":"Point","coordinates":[-1.11973,45.00299]},"properties":{"depth_m":0.6,"n":1,"date":"29/07/2008"}},{"type":"Feature","geometry":{"type":"Point","coordinates":[-1.11975,45.00342]},"properties":{"depth_m":0.5,"n":1,"date":"29/07/2008"}},{"type":"Feature","geometry":{"type":"Point","coordinates":[-1.12317,45.00321]},"properties":{"depth_m":1.0,"n":1,"date":"29/07/2008"}},{"type":"Feature","geometry":{"type":"Point","coordinates":[-1.12025,45.0036]},"properties":{"depth_m":0.5,"n":2,"date":"29/07/2008"}},{"type":"Feature","geometry":{"type":"Point","coordinates":[-1.12024,45.00355]},"properties":{"depth_m":0.5,"n":1,"date":"29/07/2008"}},{"type":"Feature","geometry":{"type":"Point","coordinates":[-1.12004,45.00358]},"properties":{"depth_m":0.5,"n":1,"date":"29/07/2008"}},{"type":"Feature","geometry":{"type":"Point","coordinates":[-1.11974,45.0032]},"properties":{"depth_m":0.5,"n":1,"date":"29/07/2008"}},{"type":"Feature","geometry":{"type":"Point","coordinates":[-1.11984,45.00339]},"properties":{"depth_m":0.5,"n":1,"date":"29/07/2008"}},{"type":"Feature","geometry":{"type":"Point","coordinates":[-1.11943,45.00312]},"properties":{"depth_m":0.5,"n":1,"date":"29/07/2008"}},{"type":"Feature","geometry":{"type":"Point","coordinates":[-1.11981,45.00346]},"properties":{"depth_m":0.5,"n":1,"date":"29/07/2008"}},{"type":"Feature","geometry":{"type":"Point","coordinates":[-1.11891,45.00186]},"properties":{"depth_m":0.7,"n":1,"date":"29/07/2008"}},{"type":"Feature","geometry":{"type":"Point","coordinates":[-1.11969,45.0034]},"properties":{"depth_m":0.5,"n":1,"date":"29/07/2008"}},{"type":"Feature","geometry":{"type":"Point","coordinates":[-1.11964,45.00337]},"properties":{"depth_m":0.5,"n":1,"date":"29/07/2008"}},{"type":"Feature","geometry":{"type":"Point","coordinates":[-1.11959,45.00336]},"properties":{"depth_m":0.5,"n":1,"date":"29/07/2008"}},{"type":"Feature","geometry":{"type":"Point","coordinates":[-1.11952,45.00341]},"properties":{"depth_m":0.4,"n":1,"date":"29/07/2008"}},{"type":"Feature","geometry":{"type":"Point","coordinates":[-1.11948,45.00339]},"properties":{"depth_m":0.5,"n":1,"date":"29/07/2008"}},{"type":"Feature","geometry":{"type":"Point","coordinates":[-1.11918,45.00288]},"properties":{"depth_m":0.4,"n":1,"date":"29/07/2008"}},{"type":"Feature","geometry":{"type":"Point","coordinates":[-1.11985,45.00347]},"properties":{"depth_m":0.5,"n":1,"date":"29/07/2008"}},{"type":"Feature","geometry":{"type":"Point","coordinates":[-1.11793,44.99998]},"properties":{"depth_m":0.7,"n":1,"date":"29/07/2008"}},{"type":"Feature","geometry":{"type":"Point","coordinates":[-1.1185,45.00106]},"properties":{"depth_m":0.5,"n":1,"date":"29/07/2008"}},{"type":"Feature","geometry":{"type":"Point","coordinates":[-1.11824,45.00061]},"properties":{"depth_m":0.5,"n":1,"date":"29/07/2008"}},{"type":"Feature","geometry":{"type":"Point","coordinates":[-1.11834,45.00077]},"properties":{"depth_m":0.6,"n":1,"date":"29/07/2008"}},{"type":"Feature","geometry":{"type":"Point","coordinates":[-1.11837,45.00079]},"properties":{"depth_m":0.7,"n":1,"date":"29/07/2008"}},{"type":"Feature","geometry":{"type":"Point","coordinates":[-1.11834,45.00073]},"properties":{"depth_m":0.7,"n":1,"date":"29/07/2008"}},{"type":"Feature","geometry":{"type":"Point","coordinates":[-1.11831,45.00066]},"properties":{"depth_m":0.6,"n":1,"date":"29/07/2008"}},{"type":"Feature","geometry":{"type":"Point","coordinates":[-1.11891,45.00176]},"properties":{"depth_m":0.7,"n":1,"date":"29/07/2008"}},{"type":"Feature","geometry":{"type":"Point","coordinates":[-1.11823,45.00051]},"properties":{"depth_m":0.6,"n":1,"date":"29/07/2008"}},{"type":"Feature","geometry":{"type":"Point","coordinates":[-1.11852,45.00156]},"properties":{"depth_m":0.5,"n":1,"date":"29/07/2008"}},{"type":"Feature","geometry":{"type":"Point","coordinates":[-1.11794,45.0]},"properties":{"depth_m":0.7,"n":1,"date":"29/07/2008"}},{"type":"Feature","geometry":{"type":"Point","coordinates":[-1.11794,44.99998]},"properties":{"depth_m":0.7,"n":1,"date":"29/07/2008"}},{"type":"Feature","geometry":{"type":"Point","coordinates":[-1.11786,44.99987]},"properties":{"depth_m":0.8,"n":1,"date":"29/07/2008"}},{"type":"Feature","geometry":{"type":"Point","coordinates":[-1.11814,45.0001]},"properties":{"depth_m":0.7,"n":1,"date":"29/07/2008"}},{"type":"Feature","geometry":{"type":"Point","coordinates":[-1.11765,44.99974]},"properties":{"depth_m":0.7,"n":1,"date":"29/07/2008"}},{"type":"Feature","geometry":{"type":"Point","coordinates":[-1.11798,44.9997]},"properties":{"depth_m":0.7,"n":1,"date":"29/07/2008"}},{"type":"Feature","geometry":{"type":"Point","coordinates":[-1.11826,45.00059]},"properties":{"depth_m":0.6,"n":1,"date":"29/07/2008"}},{"type":"Feature","geometry":{"type":"Point","coordinates":[-1.11851,45.00125]},"properties":{"depth_m":0.7,"n":1,"date":"29/07/2008"}},{"type":"Feature","geometry":{"type":"Point","coordinates":[-1.11899,45.00192]},"properties":{"depth_m":0.7,"n":1,"date":"29/07/2008"}},{"type":"Feature","geometry":{"type":"Point","coordinates":[-1.11884,45.00172]},"properties":{"depth_m":0.7,"n":1,"date":"29/07/2008"}},{"type":"Feature","geometry":{"type":"Point","coordinates":[-1.11875,45.00177]},"properties":{"depth_m":0.7,"n":1,"date":"29/07/2008"}},{"type":"Feature","geometry":{"type":"Point","coordinates":[-1.11874,45.00176]},"properties":{"depth_m":0.6,"n":1,"date":"29/07/2008"}},{"type":"Feature","geometry":{"type":"Point","coordinates":[-1.11888,45.00193]},"properties":{"depth_m":0.6,"n":1,"date":"29/07/2008"}},{"type":"Feature","geometry":{"type":"Point","coordinates":[-1.11853,45.00118]},"properties":{"depth_m":0.5,"n":1,"date":"29/07/2008"}},{"type":"Feature","geometry":{"type":"Point","coordinates":[-1.11855,45.00127]},"properties":{"depth_m":0.7,"n":1,"date":"29/07/2008"}},{"type":"Feature","geometry":{"type":"Point","coordinates":[-1.11822,45.00078]},"properties":{"depth_m":0.5,"n":1,"date":"29/07/2008"}},{"type":"Feature","geometry":{"type":"Point","coordinates":[-1.11848,45.00122]},"properties":{"depth_m":0.7,"n":1,"date":"29/07/2008"}},{"type":"Feature","geometry":{"type":"Point","coordinates":[-1.11825,45.0021]},"properties":{"depth_m":0.7,"n":1,"date":"29/07/2008"}},{"type":"Feature","geometry":{"type":"Point","coordinates":[-1.11833,45.00133]},"properties":{"depth_m":0.7,"n":1,"date":"29/07/2008"}},{"type":"Feature","geometry":{"type":"Point","coordinates":[-1.11826,45.00207]},"properties":{"depth_m":0.6,"n":1,"date":"29/07/2008"}},{"type":"Feature","geometry":{"type":"Point","coordinates":[-1.11843,45.00077]},"properties":{"depth_m":0.6,"n":1,"date":"29/07/2008"}},{"type":"Feature","geometry":{"type":"Point","coordinates":[-1.11847,45.00183]},"properties":{"depth_m":0.6,"n":1,"date":"29/07/2008"}},{"type":"Feature","geometry":{"type":"Point","coordinates":[-1.11886,45.00181]},"properties":{"depth_m":0.7,"n":1,"date":"29/07/2008"}},{"type":"Feature","geometry":{"type":"Point","coordinates":[-1.1186,45.00134]},"properties":{"depth_m":0.6,"n":1,"date":"29/07/2008"}},{"type":"Feature","geometry":{"type":"Point","coordinates":[-1.14249,44.99137]},"properties":{"depth_m":1.2,"n":4,"date":"29/07/2008"}},{"type":"Feature","geometry":{"type":"Point","coordinates":[-1.1425,44.99126]},"properties":{"depth_m":1.1,"n":1,"date":"29/07/2008"}},{"type":"Feature","geometry":{"type":"Point","coordinates":[-1.14251,44.9913]},"properties":{"depth_m":1.0,"n":1,"date":"29/07/2008"}},{"type":"Feature","geometry":{"type":"Point","coordinates":[-1.1425,44.99135]},"properties":{"depth_m":1.1,"n":2,"date":"29/07/2008"}},{"type":"Feature","geometry":{"type":"Point","coordinates":[-1.1425,44.99136]},"properties":{"depth_m":1.2,"n":2,"date":"29/07/2008"}},{"type":"Feature","geometry":{"type":"Point","coordinates":[-1.1425,44.99137]},"properties":{"depth_m":1.15,"n":2,"date":"29/07/2008"}},{"type":"Feature","geometry":{"type":"Point","coordinates":[-1.14251,44.99129]},"properties":{"depth_m":1.0,"n":4,"date":"29/07/2008"}},{"type":"Feature","geometry":{"type":"Point","coordinates":[-1.14251,44.99135]},"properties":{"depth_m":1.1,"n":2,"date":"29/07/2008"}},{"type":"Feature","geometry":{"type":"Point","coordinates":[-1.14254,44.99126]},"properties":{"depth_m":1.2,"n":1,"date":"29/07/2008"}},{"type":"Feature","geometry":{"type":"Point","coordinates":[-1.14257,44.99121]},"properties":{"depth_m":1.1,"n":2,"date":"29/07/2008"}},{"type":"Feature","geometry":{"type":"Point","coordinates":[-1.14251,44.99137]},"properties":{"depth_m":1.8,"n":1,"date":"29/07/2008"}},{"type":"Feature","geometry":{"type":"Point","coordinates":[-1.14254,44.99148]},"properties":{"depth_m":1.3,"n":2,"date":"29/07/2008"}},{"type":"Feature","geometry":{"type":"Point","coordinates":[-1.1425,44.99125]},"properties":{"depth_m":1.1,"n":2,"date":"29/07/2008"}},{"type":"Feature","geometry":{"type":"Point","coordinates":[-1.1425,44.99124]},"properties":{"depth_m":1.1,"n":1,"date":"29/07/2008"}},{"type":"Feature","geometry":{"type":"Point","coordinates":[-1.14254,44.99118]},"properties":{"depth_m":1.1,"n":1,"date":"29/07/2008"}},{"type":"Feature","geometry":{"type":"Point","coordinates":[-1.14255,44.99122]},"properties":{"depth_m":1.3,"n":1,"date":"29/07/2008"}},{"type":"Feature","geometry":{"type":"Point","coordinates":[-1.14245,44.99157]},"properties":{"depth_m":1.25,"n":2,"date":"29/07/2008"}},{"type":"Feature","geometry":{"type":"Point","coordinates":[-1.14248,44.99147]},"properties":{"depth_m":1.8,"n":1,"date":"29/07/2008"}},{"type":"Feature","geometry":{"type":"Point","coordinates":[-1.14262,44.99109]},"properties":{"depth_m":1.0,"n":1,"date":"29/07/2008"}},{"type":"Feature","geometry":{"type":"Point","coordinates":[-1.14251,44.99134]},"properties":{"depth_m":1.6,"n":1,"date":"29/07/2008"}},{"type":"Feature","geometry":{"type":"Point","coordinates":[-1.14251,44.99133]},"properties":{"depth_m":1.5,"n":1,"date":"29/07/2008"}},{"type":"Feature","geometry":{"type":"Point","coordinates":[-1.1425,44.9913]},"properties":{"depth_m":1.3,"n":1,"date":"29/07/2008"}},{"type":"Feature","geometry":{"type":"Point","coordinates":[-1.1425,44.99129]},"properties":{"depth_m":1.2,"n":1,"date":"29/07/2008"}},{"type":"Feature","geometry":{"type":"Point","coordinates":[-1.14242,44.99136]},"properties":{"depth_m":1.1,"n":1,"date":"29/07/2008"}},{"type":"Feature","geometry":{"type":"Point","coordinates":[-1.14238,44.99135]},"properties":{"depth_m":1.2,"n":3,"date":"29/07/2008"}},{"type":"Feature","geometry":{"type":"Point","coordinates":[-1.14237,44.99135]},"properties":{"depth_m":1.3,"n":3,"date":"29/07/2008"}},{"type":"Feature","geometry":{"type":"Point","coordinates":[-1.14239,44.99134]},"properties":{"depth_m":1.1,"n":1,"date":"29/07/2008"}},{"type":"Feature","geometry":{"type":"Point","coordinates":[-1.14262,44.99111]},"properties":{"depth_m":1.1,"n":1,"date":"29/07/2008"}},{"type":"Feature","geometry":{"type":"Point","coordinates":[-1.14248,44.99123]},"properties":{"depth_m":1.1,"n":1,"date":"29/07/2008"}},{"type":"Feature","geometry":{"type":"Point","coordinates":[-1.14242,44.99133]},"properties":{"depth_m":1.8,"n":1,"date":"29/07/2008"}},{"type":"Feature","geometry":{"type":"Point","coordinates":[-1.14244,44.99137]},"properties":{"depth_m":1.0,"n":1,"date":"29/07/2008"}},{"type":"Feature","geometry":{"type":"Point","coordinates":[-1.14248,44.99135]},"properties":{"depth_m":1.0,"n":1,"date":"29/07/2008"}},{"type":"Feature","geometry":{"type":"Point","coordinates":[-1.14261,44.99128]},"properties":{"depth_m":1.0,"n":1,"date":"29/07/2008"}},{"type":"Feature","geometry":{"type":"Point","coordinates":[-1.14283,44.99086]},"properties":{"depth_m":1.0,"n":1,"date":"29/07/2008"}},{"type":"Feature","geometry":{"type":"Point","coordinates":[-1.1434,44.98964]},"properties":{"depth_m":0.9,"n":1,"date":"29/07/2008"}},{"type":"Feature","geometry":{"type":"Point","coordinates":[-1.1229,45.00329]},"properties":{"depth_m":0.9,"n":1,"date":"29/07/2008"}},{"type":"Feature","geometry":{"type":"Point","coordinates":[-1.14249,44.99123]},"properties":{"depth_m":1.1,"n":1,"date":"29/07/2008"}},{"type":"Feature","geometry":{"type":"Point","coordinates":[-1.14367,44.98885]},"properties":{"depth_m":1.2,"n":1,"date":"29/07/2008"}},{"type":"Feature","geometry":{"type":"Point","coordinates":[-1.14249,44.99135]},"properties":{"depth_m":1.2,"n":1,"date":"29/07/2008"}},{"type":"Feature","geometry":{"type":"Point","coordinates":[-1.14262,44.9911]},"properties":{"depth_m":1.0,"n":3,"date":"29/07/2008"}},{"type":"Feature","geometry":{"type":"Point","coordinates":[-1.14261,44.99111]},"properties":{"depth_m":1.0,"n":2,"date":"29/07/2008"}},{"type":"Feature","geometry":{"type":"Point","coordinates":[-1.1424,44.99134]},"properties":{"depth_m":1.6,"n":1,"date":"29/07/2008"}},{"type":"Feature","geometry":{"type":"Point","coordinates":[-1.14276,44.99084]},"properties":{"depth_m":1.1,"n":1,"date":"29/07/2008"}},{"type":"Feature","geometry":{"type":"Point","coordinates":[-1.14241,44.99134]},"properties":{"depth_m":1.0,"n":1,"date":"29/07/2008"}},{"type":"Feature","geometry":{"type":"Point","coordinates":[-1.1442,44.98764]},"properties":{"depth_m":1.2,"n":1,"date":"29/07/2008"}},{"type":"Feature","geometry":{"type":"Point","coordinates":[-1.14358,44.98902]},"properties":{"depth_m":1.5,"n":1,"date":"29/07/2008"}},{"type":"Feature","geometry":{"type":"Point","coordinates":[-1.14308,44.99008]},"properties":{"depth_m":1.6,"n":1,"date":"29/07/2008"}},{"type":"Feature","geometry":{"type":"Point","coordinates":[-1.14272,44.99089]},"properties":{"depth_m":1.7,"n":1,"date":"29/07/2008"}},{"type":"Feature","geometry":{"type":"Point","coordinates":[-1.14268,44.99098]},"properties":{"depth_m":1.9,"n":1,"date":"29/07/2008"}},{"type":"Feature","geometry":{"type":"Point","coordinates":[-1.14245,44.99133]},"properties":{"depth_m":1.9,"n":1,"date":"29/07/2008"}},{"type":"Feature","geometry":{"type":"Point","coordinates":[-1.14252,44.99133]},"properties":{"depth_m":1.0,"n":1,"date":"29/07/2008"}},{"type":"Feature","geometry":{"type":"Point","coordinates":[-1.1421,44.99147]},"properties":{"depth_m":0.85,"n":4,"date":"29/07/2008"}},{"type":"Feature","geometry":{"type":"Point","coordinates":[-1.14208,44.99148]},"properties":{"depth_m":0.8,"n":1,"date":"29/07/2008"}},{"type":"Feature","geometry":{"type":"Point","coordinates":[-1.14208,44.99149]},"properties":{"depth_m":0.9,"n":1,"date":"29/07/2008"}},{"type":"Feature","geometry":{"type":"Point","coordinates":[-1.14209,44.99148]},"properties":{"depth_m":0.9,"n":1,"date":"29/07/2008"}},{"type":"Feature","geometry":{"type":"Point","coordinates":[-1.14209,44.99147]},"properties":{"depth_m":0.9,"n":1,"date":"29/07/2008"}},{"type":"Feature","geometry":{"type":"Point","coordinates":[-1.14284,44.99031]},"properties":{"depth_m":0.8,"n":1,"date":"29/07/2008"}},{"type":"Feature","geometry":{"type":"Point","coordinates":[-1.14281,44.98931]},"properties":{"depth_m":0.8,"n":1,"date":"29/07/2008"}},{"type":"Feature","geometry":{"type":"Point","coordinates":[-1.1421,44.99146]},"properties":{"depth_m":0.8,"n":10,"date":"29/07/2008"}},{"type":"Feature","geometry":{"type":"Point","coordinates":[-1.14259,44.98626]},"properties":{"depth_m":0.7,"n":1,"date":"29/07/2008"}},{"type":"Feature","geometry":{"type":"Point","coordinates":[-1.14318,44.98967]},"properties":{"depth_m":0.8,"n":1,"date":"29/07/2008"}},{"type":"Feature","geometry":{"type":"Point","coordinates":[-1.14308,44.98984]},"properties":{"depth_m":0.8,"n":1,"date":"29/07/2008"}},{"type":"Feature","geometry":{"type":"Point","coordinates":[-1.143,44.98999]},"properties":{"depth_m":0.8,"n":1,"date":"29/07/2008"}},{"type":"Feature","geometry":{"type":"Point","coordinates":[-1.14301,44.99001]},"properties":{"depth_m":0.8,"n":1,"date":"29/07/2008"}},{"type":"Feature","geometry":{"type":"Point","coordinates":[-1.143,44.99003]},"properties":{"depth_m":0.9,"n":1,"date":"29/07/2008"}},{"type":"Feature","geometry":{"type":"Point","coordinates":[-1.14247,44.99083]},"properties":{"depth_m":0.8,"n":1,"date":"29/07/2008"}},{"type":"Feature","geometry":{"type":"Point","coordinates":[-1.1426,44.99065]},"properties":{"depth_m":0.8,"n":1,"date":"29/07/2008"}},{"type":"Feature","geometry":{"type":"Point","coordinates":[-1.14355,44.98904]},"properties":{"depth_m":0.7,"n":1,"date":"29/07/2008"}},{"type":"Feature","geometry":{"type":"Point","coordinates":[-1.14305,44.99014]},"properties":{"depth_m":0.7,"n":1,"date":"29/07/2008"}},{"type":"Feature","geometry":{"type":"Point","coordinates":[-1.14423,44.98772]},"properties":{"depth_m":0.8,"n":1,"date":"29/07/2008"}},{"type":"Feature","geometry":{"type":"Point","coordinates":[-1.14379,44.9886]},"properties":{"depth_m":0.8,"n":1,"date":"29/07/2008"}},{"type":"Feature","geometry":{"type":"Point","coordinates":[-1.14156,44.98606]},"properties":{"depth_m":0.8,"n":1,"date":"29/07/2008"}},{"type":"Feature","geometry":{"type":"Point","coordinates":[-1.14252,44.98845]},"properties":{"depth_m":0.8,"n":1,"date":"29/07/2008"}},{"type":"Feature","geometry":{"type":"Point","coordinates":[-1.14247,44.98887]},"properties":{"depth_m":0.8,"n":1,"date":"29/07/2008"}},{"type":"Feature","geometry":{"type":"Point","coordinates":[-1.14267,44.99048]},"properties":{"depth_m":0.7,"n":1,"date":"29/07/2008"}},{"type":"Feature","geometry":{"type":"Point","coordinates":[-1.14219,44.99127]},"properties":{"depth_m":0.8,"n":1,"date":"29/07/2008"}},{"type":"Feature","geometry":{"type":"Point","coordinates":[-1.14217,44.99132]},"properties":{"depth_m":0.75,"n":2,"date":"29/07/2008"}},{"type":"Feature","geometry":{"type":"Point","coordinates":[-1.14218,44.99132]},"properties":{"depth_m":0.7,"n":2,"date":"29/07/2008"}},{"type":"Feature","geometry":{"type":"Point","coordinates":[-1.14218,44.99131]},"properties":{"depth_m":0.7,"n":2,"date":"29/07/2008"}},{"type":"Feature","geometry":{"type":"Point","coordinates":[-1.1422,44.99127]},"properties":{"depth_m":0.8,"n":2,"date":"29/07/2008"}},{"type":"Feature","geometry":{"type":"Point","coordinates":[-1.14216,44.99133]},"properties":{"depth_m":0.75,"n":2,"date":"29/07/2008"}},{"type":"Feature","geometry":{"type":"Point","coordinates":[-1.1422,44.99126]},"properties":{"depth_m":0.9,"n":1,"date":"29/07/2008"}},{"type":"Feature","geometry":{"type":"Point","coordinates":[-1.14234,44.9911]},"properties":{"depth_m":1.0,"n":1,"date":"29/07/2008"}},{"type":"Feature","geometry":{"type":"Point","coordinates":[-1.14251,44.99146]},"properties":{"depth_m":1.1,"n":1,"date":"29/07/2008"}},{"type":"Feature","geometry":{"type":"Point","coordinates":[-1.14244,44.99146]},"properties":{"depth_m":1.2,"n":1,"date":"29/07/2008"}},{"type":"Feature","geometry":{"type":"Point","coordinates":[-1.14247,44.99143]},"properties":{"depth_m":1.3,"n":1,"date":"29/07/2008"}},{"type":"Feature","geometry":{"type":"Point","coordinates":[-1.14249,44.99138]},"properties":{"depth_m":1.3,"n":1,"date":"29/07/2008"}},{"type":"Feature","geometry":{"type":"Point","coordinates":[-1.1421,44.99144]},"properties":{"depth_m":0.75,"n":2,"date":"29/07/2008"}},{"type":"Feature","geometry":{"type":"Point","coordinates":[-1.14252,44.99149]},"properties":{"depth_m":1.15,"n":2,"date":"29/07/2008"}},{"type":"Feature","geometry":{"type":"Point","coordinates":[-1.1421,44.99145]},"properties":{"depth_m":0.7,"n":6,"date":"29/07/2008"}},{"type":"Feature","geometry":{"type":"Point","coordinates":[-1.14217,44.99133]},"properties":{"depth_m":0.8,"n":1,"date":"29/07/2008"}},{"type":"Feature","geometry":{"type":"Point","coordinates":[-1.14211,44.99144]},"properties":{"depth_m":0.8,"n":1,"date":"29/07/2008"}},{"type":"Feature","geometry":{"type":"Point","coordinates":[-1.14216,44.99134]},"properties":{"depth_m":0.8,"n":4,"date":"29/07/2008"}},{"type":"Feature","geometry":{"type":"Point","coordinates":[-1.13689,44.99625]},"properties":{"depth_m":3.5,"n":1,"date":"29/07/2008"}},{"type":"Feature","geometry":{"type":"Point","coordinates":[-1.14302,44.99292]},"properties":{"depth_m":2.5,"n":1,"date":"29/07/2008"}},{"type":"Feature","geometry":{"type":"Point","coordinates":[-1.13881,44.99519]},"properties":{"depth_m":3.4,"n":1,"date":"29/07/2008"}},{"type":"Feature","geometry":{"type":"Point","coordinates":[-1.13842,44.99541]},"properties":{"depth_m":3.4,"n":1,"date":"29/07/2008"}},{"type":"Feature","geometry":{"type":"Point","coordinates":[-1.13805,44.99567]},"properties":{"depth_m":3.4,"n":1,"date":"29/07/2008"}},{"type":"Feature","geometry":{"type":"Point","coordinates":[-1.13773,44.9959]},"properties":{"depth_m":3.3,"n":1,"date":"29/07/2008"}},{"type":"Feature","geometry":{"type":"Point","coordinates":[-1.13761,44.99598]},"properties":{"depth_m":3.4,"n":1,"date":"29/07/2008"}},{"type":"Feature","geometry":{"type":"Point","coordinates":[-1.13956,44.99474]},"properties":{"depth_m":3.4,"n":1,"date":"29/07/2008"}},{"type":"Feature","geometry":{"type":"Point","coordinates":[-1.13729,44.99612]},"properties":{"depth_m":3.4,"n":1,"date":"29/07/2008"}},{"type":"Feature","geometry":{"type":"Point","coordinates":[-1.13992,44.9945]},"properties":{"depth_m":3.3,"n":1,"date":"29/07/2008"}},{"type":"Feature","geometry":{"type":"Point","coordinates":[-1.13642,44.99637]},"properties":{"depth_m":3.5,"n":1,"date":"29/07/2008"}},{"type":"Feature","geometry":{"type":"Point","coordinates":[-1.13594,44.99648]},"properties":{"depth_m":3.3,"n":1,"date":"29/07/2008"}},{"type":"Feature","geometry":{"type":"Point","coordinates":[-1.13547,44.99661]},"properties":{"depth_m":3.3,"n":1,"date":"29/07/2008"}},{"type":"Feature","geometry":{"type":"Point","coordinates":[-1.13503,44.99678]},"properties":{"depth_m":3.4,"n":1,"date":"29/07/2008"}},{"type":"Feature","geometry":{"type":"Point","coordinates":[-1.13462,44.99698]},"properties":{"depth_m":3.3,"n":1,"date":"29/07/2008"}},{"type":"Feature","geometry":{"type":"Point","coordinates":[-1.13422,44.9972]},"properties":{"depth_m":3.1,"n":1,"date":"29/07/2008"}},{"type":"Feature","geometry":{"type":"Point","coordinates":[-1.13752,44.99603]},"properties":{"depth_m":3.4,"n":1,"date":"29/07/2008"}},{"type":"Feature","geometry":{"type":"Point","coordinates":[-1.14154,44.99332]},"properties":{"depth_m":2.9,"n":1,"date":"29/07/2008"}},{"type":"Feature","geometry":{"type":"Point","coordinates":[-1.1435,44.98937]},"properties":{"depth_m":1.0,"n":1,"date":"29/07/2008"}},{"type":"Feature","geometry":{"type":"Point","coordinates":[-1.14248,44.99287]},"properties":{"depth_m":0.8,"n":1,"date":"29/07/2008"}},{"type":"Feature","geometry":{"type":"Point","coordinates":[-1.1422,44.99287]},"properties":{"depth_m":0.8,"n":1,"date":"29/07/2008"}},{"type":"Feature","geometry":{"type":"Point","coordinates":[-1.14209,44.99289]},"properties":{"depth_m":1.0,"n":1,"date":"29/07/2008"}},{"type":"Feature","geometry":{"type":"Point","coordinates":[-1.14195,44.99293]},"properties":{"depth_m":0.9,"n":1,"date":"29/07/2008"}},{"type":"Feature","geometry":{"type":"Point","coordinates":[-1.14178,44.99297]},"properties":{"depth_m":2.8,"n":1,"date":"29/07/2008"}},{"type":"Feature","geometry":{"type":"Point","coordinates":[-1.13919,44.99496]},"properties":{"depth_m":3.4,"n":1,"date":"29/07/2008"}},{"type":"Feature","geometry":{"type":"Point","coordinates":[-1.14147,44.9932]},"properties":{"depth_m":0.9,"n":1,"date":"29/07/2008"}},{"type":"Feature","geometry":{"type":"Point","coordinates":[-1.13301,44.99784]},"properties":{"depth_m":3.0,"n":1,"date":"29/07/2008"}},{"type":"Feature","geometry":{"type":"Point","coordinates":[-1.14202,44.99314]},"properties":{"depth_m":3.0,"n":1,"date":"29/07/2008"}},{"type":"Feature","geometry":{"type":"Point","coordinates":[-1.14155,44.99359]},"properties":{"depth_m":0.8,"n":1,"date":"29/07/2008"}},{"type":"Feature","geometry":{"type":"Point","coordinates":[-1.14136,44.99367]},"properties":{"depth_m":2.9,"n":1,"date":"29/07/2008"}},{"type":"Feature","geometry":{"type":"Point","coordinates":[-1.141,44.99381]},"properties":{"depth_m":3.1,"n":1,"date":"29/07/2008"}},{"type":"Feature","geometry":{"type":"Point","coordinates":[-1.14063,44.99403]},"properties":{"depth_m":3.2,"n":1,"date":"29/07/2008"}},{"type":"Feature","geometry":{"type":"Point","coordinates":[-1.14027,44.99425]},"properties":{"depth_m":3.2,"n":1,"date":"29/07/2008"}},{"type":"Feature","geometry":{"type":"Point","coordinates":[-1.14157,44.99305]},"properties":{"depth_m":2.8,"n":1,"date":"29/07/2008"}},{"type":"Feature","geometry":{"type":"Point","coordinates":[-1.12441,45.00251]},"properties":{"depth_m":1.3,"n":1,"date":"29/07/2008"}},{"type":"Feature","geometry":{"type":"Point","coordinates":[-1.12722,45.00078]},"properties":{"depth_m":2.0,"n":1,"date":"29/07/2008"}},{"type":"Feature","geometry":{"type":"Point","coordinates":[-1.12684,45.001]},"properties":{"depth_m":1.9,"n":1,"date":"29/07/2008"}},{"type":"Feature","geometry":{"type":"Point","coordinates":[-1.12649,45.0012]},"properties":{"depth_m":1.9,"n":1,"date":"29/07/2008"}},{"type":"Feature","geometry":{"type":"Point","coordinates":[-1.12615,45.00142]},"properties":{"depth_m":1.7,"n":1,"date":"29/07/2008"}},{"type":"Feature","geometry":{"type":"Point","coordinates":[-1.12583,45.00164]},"properties":{"depth_m":1.8,"n":1,"date":"29/07/2008"}},{"type":"Feature","geometry":{"type":"Point","coordinates":[-1.12547,45.00184]},"properties":{"depth_m":1.6,"n":1,"date":"29/07/2008"}},{"type":"Feature","geometry":{"type":"Point","coordinates":[-1.13382,44.99742]},"properties":{"depth_m":3.2,"n":1,"date":"29/07/2008"}},{"type":"Feature","geometry":{"type":"Point","coordinates":[-1.12475,45.00228]},"properties":{"depth_m":1.4,"n":1,"date":"29/07/2008"}},{"type":"Feature","geometry":{"type":"Point","coordinates":[-1.12831,45.00013]},"properties":{"depth_m":2.1,"n":1,"date":"29/07/2008"}},{"type":"Feature","geometry":{"type":"Point","coordinates":[-1.12408,45.00275]},"properties":{"depth_m":1.3,"n":1,"date":"29/07/2008"}},{"type":"Feature","geometry":{"type":"Point","coordinates":[-1.12376,45.00295]},"properties":{"depth_m":1.2,"n":1,"date":"29/07/2008"}},{"type":"Feature","geometry":{"type":"Point","coordinates":[-1.12358,45.00304]},"properties":{"depth_m":1.0,"n":1,"date":"29/07/2008"}},{"type":"Feature","geometry":{"type":"Point","coordinates":[-1.12345,45.00311]},"properties":{"depth_m":0.9,"n":1,"date":"29/07/2008"}},{"type":"Feature","geometry":{"type":"Point","coordinates":[-1.1233,45.00317]},"properties":{"depth_m":1.0,"n":1,"date":"29/07/2008"}},{"type":"Feature","geometry":{"type":"Point","coordinates":[-1.11418,44.99603]},"properties":{"depth_m":0.7,"n":1,"date":"29/07/2008"}},{"type":"Feature","geometry":{"type":"Point","coordinates":[-1.12511,45.00206]},"properties":{"depth_m":1.5,"n":1,"date":"29/07/2008"}},{"type":"Feature","geometry":{"type":"Point","coordinates":[-1.13029,44.99872]},"properties":{"depth_m":2.6,"n":1,"date":"29/07/2008"}},{"type":"Feature","geometry":{"type":"Point","coordinates":[-1.14323,44.99286]},"properties":{"depth_m":2.6,"n":1,"date":"29/07/2008"}},{"type":"Feature","geometry":{"type":"Point","coordinates":[-1.13256,44.998]},"properties":{"depth_m":3.0,"n":1,"date":"29/07/2008"}},{"type":"Feature","geometry":{"type":"Point","coordinates":[-1.13208,44.99814]},"properties":{"depth_m":2.9,"n":1,"date":"29/07/2008"}},{"type":"Feature","geometry":{"type":"Point","coordinates":[-1.13159,44.99828]},"properties":{"depth_m":2.9,"n":1,"date":"29/07/2008"}},{"type":"Feature","geometry":{"type":"Point","coordinates":[-1.13121,44.99839]},"properties":{"depth_m":2.7,"n":1,"date":"29/07/2008"}},{"type":"Feature","geometry":{"type":"Point","coordinates":[-1.13095,44.99845]},"properties":{"depth_m":2.6,"n":1,"date":"29/07/2008"}},{"type":"Feature","geometry":{"type":"Point","coordinates":[-1.12758,45.00056]},"properties":{"depth_m":2.1,"n":1,"date":"29/07/2008"}},{"type":"Feature","geometry":{"type":"Point","coordinates":[-1.13052,44.99859]},"properties":{"depth_m":2.6,"n":1,"date":"29/07/2008"}},{"type":"Feature","geometry":{"type":"Point","coordinates":[-1.12795,45.00034]},"properties":{"depth_m":2.1,"n":1,"date":"29/07/2008"}},{"type":"Feature","geometry":{"type":"Point","coordinates":[-1.13004,44.99886]},"properties":{"depth_m":2.6,"n":1,"date":"29/07/2008"}},{"type":"Feature","geometry":{"type":"Point","coordinates":[-1.12972,44.99908]},"properties":{"depth_m":2.6,"n":1,"date":"29/07/2008"}},{"type":"Feature","geometry":{"type":"Point","coordinates":[-1.12941,44.99932]},"properties":{"depth_m":2.5,"n":1,"date":"29/07/2008"}},{"type":"Feature","geometry":{"type":"Point","coordinates":[-1.12907,44.99955]},"properties":{"depth_m":2.3,"n":1,"date":"29/07/2008"}},{"type":"Feature","geometry":{"type":"Point","coordinates":[-1.12892,44.99968]},"properties":{"depth_m":2.2,"n":1,"date":"29/07/2008"}},{"type":"Feature","geometry":{"type":"Point","coordinates":[-1.12863,44.99989]},"properties":{"depth_m":2.2,"n":1,"date":"29/07/2008"}},{"type":"Feature","geometry":{"type":"Point","coordinates":[-1.13344,44.99766]},"properties":{"depth_m":3.1,"n":1,"date":"29/07/2008"}},{"type":"Feature","geometry":{"type":"Point","coordinates":[-1.13069,44.99853]},"properties":{"depth_m":2.5,"n":1,"date":"29/07/2008"}},{"type":"Feature","geometry":{"type":"Point","coordinates":[-1.14223,44.99154]},"properties":{"depth_m":0.9,"n":1,"date":"29/07/2008"}},{"type":"Feature","geometry":{"type":"Point","coordinates":[-1.14279,44.99292]},"properties":{"depth_m":2.5,"n":1,"date":"29/07/2008"}},{"type":"Feature","geometry":{"type":"Point","coordinates":[-1.14244,44.99117]},"properties":{"depth_m":0.9,"n":1,"date":"29/07/2008"}},{"type":"Feature","geometry":{"type":"Point","coordinates":[-1.14267,44.99131]},"properties":{"depth_m":0.9,"n":1,"date":"29/07/2008"}},{"type":"Feature","geometry":{"type":"Point","coordinates":[-1.14302,44.99053]},"properties":{"depth_m":1.2,"n":1,"date":"29/07/2008"}},{"type":"Feature","geometry":{"type":"Point","coordinates":[-1.14243,44.99148]},"properties":{"depth_m":1.5,"n":1,"date":"29/07/2008"}},{"type":"Feature","geometry":{"type":"Point","coordinates":[-1.14241,44.99149]},"properties":{"depth_m":1.7,"n":1,"date":"29/07/2008"}},{"type":"Feature","geometry":{"type":"Point","coordinates":[-1.14258,44.99164]},"properties":{"depth_m":1.1,"n":1,"date":"29/07/2008"}},{"type":"Feature","geometry":{"type":"Point","coordinates":[-1.14228,44.99144]},"properties":{"depth_m":1.8,"n":1,"date":"29/07/2008"}},{"type":"Feature","geometry":{"type":"Point","coordinates":[-1.1425,44.99139]},"properties":{"depth_m":1.1,"n":1,"date":"29/07/2008"}},{"type":"Feature","geometry":{"type":"Point","coordinates":[-1.14237,44.99163]},"properties":{"depth_m":1.8,"n":1,"date":"29/07/2008"}},{"type":"Feature","geometry":{"type":"Point","coordinates":[-1.14245,44.99163]},"properties":{"depth_m":1.0,"n":1,"date":"29/07/2008"}},{"type":"Feature","geometry":{"type":"Point","coordinates":[-1.14249,44.99171]},"properties":{"depth_m":0.7,"n":1,"date":"29/07/2008"}},{"type":"Feature","geometry":{"type":"Point","coordinates":[-1.14209,44.99345]},"properties":{"depth_m":0.8,"n":1,"date":"29/07/2008"}},{"type":"Feature","geometry":{"type":"Point","coordinates":[-1.14344,44.99146]},"properties":{"depth_m":2.4,"n":1,"date":"29/07/2008"}},{"type":"Feature","geometry":{"type":"Point","coordinates":[-1.1426,44.9918]},"properties":{"depth_m":2.6,"n":1,"date":"29/07/2008"}},{"type":"Feature","geometry":{"type":"Point","coordinates":[-1.14248,44.99137]},"properties":{"depth_m":1.8,"n":1,"date":"29/07/2008"}},{"type":"Feature","geometry":{"type":"Point","coordinates":[-1.14257,44.9914]},"properties":{"depth_m":1.4,"n":2,"date":"29/07/2008"}},{"type":"Feature","geometry":{"type":"Point","coordinates":[-1.14253,44.99149]},"properties":{"depth_m":1.3,"n":1,"date":"29/07/2008"}},{"type":"Feature","geometry":{"type":"Point","coordinates":[-1.14256,44.99145]},"properties":{"depth_m":1.6,"n":1,"date":"29/07/2008"}},{"type":"Feature","geometry":{"type":"Point","coordinates":[-1.14256,44.99143]},"properties":{"depth_m":1.8,"n":1,"date":"29/07/2008"}},{"type":"Feature","geometry":{"type":"Point","coordinates":[-1.14259,44.99137]},"properties":{"depth_m":1.8,"n":3,"date":"29/07/2008"}},{"type":"Feature","geometry":{"type":"Point","coordinates":[-1.14247,44.99155]},"properties":{"depth_m":0.9,"n":1,"date":"29/07/2008"}},{"type":"Feature","geometry":{"type":"Point","coordinates":[-1.1427,44.99177]},"properties":{"depth_m":1.1,"n":1,"date":"29/07/2008"}},{"type":"Feature","geometry":{"type":"Point","coordinates":[-1.14256,44.9914]},"properties":{"depth_m":0.9,"n":1,"date":"29/07/2008"}},{"type":"Feature","geometry":{"type":"Point","coordinates":[-1.14256,44.99138]},"properties":{"depth_m":1.0,"n":1,"date":"29/07/2008"}},{"type":"Feature","geometry":{"type":"Point","coordinates":[-1.14252,44.99138]},"properties":{"depth_m":1.6,"n":1,"date":"29/07/2008"}},{"type":"Feature","geometry":{"type":"Point","coordinates":[-1.14237,44.99139]},"properties":{"depth_m":1.5,"n":1,"date":"29/07/2008"}},{"type":"Feature","geometry":{"type":"Point","coordinates":[-1.14235,44.99141]},"properties":{"depth_m":1.2,"n":1,"date":"29/07/2008"}},{"type":"Feature","geometry":{"type":"Point","coordinates":[-1.14433,44.99226]},"properties":{"depth_m":2.5,"n":1,"date":"29/07/2008"}},{"type":"Feature","geometry":{"type":"Point","coordinates":[-1.14392,44.99178]},"properties":{"depth_m":2.5,"n":1,"date":"29/07/2008"}},{"type":"Feature","geometry":{"type":"Point","coordinates":[-1.14399,44.99178]},"properties":{"depth_m":2.5,"n":1,"date":"29/07/2008"}},{"type":"Feature","geometry":{"type":"Point","coordinates":[-1.14409,44.99172]},"properties":{"depth_m":0.7,"n":1,"date":"29/07/2008"}},{"type":"Feature","geometry":{"type":"Point","coordinates":[-1.14416,44.9917]},"properties":{"depth_m":2.4,"n":1,"date":"29/07/2008"}},{"type":"Feature","geometry":{"type":"Point","coordinates":[-1.1442,44.99171]},"properties":{"depth_m":2.4,"n":1,"date":"29/07/2008"}},{"type":"Feature","geometry":{"type":"Point","coordinates":[-1.14428,44.9917]},"properties":{"depth_m":2.3,"n":1,"date":"29/07/2008"}},{"type":"Feature","geometry":{"type":"Point","coordinates":[-1.14288,44.99137]},"properties":{"depth_m":1.3,"n":1,"date":"29/07/2008"}},{"type":"Feature","geometry":{"type":"Point","coordinates":[-1.14439,44.99186]},"properties":{"depth_m":2.5,"n":1,"date":"29/07/2008"}},{"type":"Feature","geometry":{"type":"Point","coordinates":[-1.1438,44.99186]},"properties":{"depth_m":2.5,"n":1,"date":"29/07/2008"}},{"type":"Feature","geometry":{"type":"Point","coordinates":[-1.14403,44.99245]},"properties":{"depth_m":2.5,"n":1,"date":"29/07/2008"}},{"type":"Feature","geometry":{"type":"Point","coordinates":[-1.14389,44.99253]},"properties":{"depth_m":2.5,"n":1,"date":"29/07/2008"}},{"type":"Feature","geometry":{"type":"Point","coordinates":[-1.14375,44.99267]},"properties":{"depth_m":2.6,"n":1,"date":"29/07/2008"}},{"type":"Feature","geometry":{"type":"Point","coordinates":[-1.14363,44.99272]},"properties":{"depth_m":2.6,"n":1,"date":"29/07/2008"}},{"type":"Feature","geometry":{"type":"Point","coordinates":[-1.14352,44.99278]},"properties":{"depth_m":2.6,"n":1,"date":"29/07/2008"}},{"type":"Feature","geometry":{"type":"Point","coordinates":[-1.14338,44.9928]},"properties":{"depth_m":2.6,"n":1,"date":"29/07/2008"}},{"type":"Feature","geometry":{"type":"Point","coordinates":[-1.14437,44.99176]},"properties":{"depth_m":2.5,"n":1,"date":"29/07/2008"}},{"type":"Feature","geometry":{"type":"Point","coordinates":[-1.14327,44.99192]},"properties":{"depth_m":1.0,"n":1,"date":"29/07/2008"}},{"type":"Feature","geometry":{"type":"Point","coordinates":[-1.12304,45.00325]},"properties":{"depth_m":0.9,"n":1,"date":"29/07/2008"}},{"type":"Feature","geometry":{"type":"Point","coordinates":[-1.14267,44.99185]},"properties":{"depth_m":1.1,"n":1,"date":"29/07/2008"}},{"type":"Feature","geometry":{"type":"Point","coordinates":[-1.14276,44.99183]},"properties":{"depth_m":2.7,"n":1,"date":"29/07/2008"}},{"type":"Feature","geometry":{"type":"Point","coordinates":[-1.14283,44.99188]},"properties":{"depth_m":2.7,"n":1,"date":"29/07/2008"}},{"type":"Feature","geometry":{"type":"Point","coordinates":[-1.1429,44.99191]},"properties":{"depth_m":0.9,"n":1,"date":"29/07/2008"}},{"type":"Feature","geometry":{"type":"Point","coordinates":[-1.14297,44.99192]},"properties":{"depth_m":2.7,"n":1,"date":"29/07/2008"}},{"type":"Feature","geometry":{"type":"Point","coordinates":[-1.14392,44.99179]},"properties":{"depth_m":2.5,"n":1,"date":"29/07/2008"}},{"type":"Feature","geometry":{"type":"Point","coordinates":[-1.14317,44.99193]},"properties":{"depth_m":2.7,"n":1,"date":"29/07/2008"}},{"type":"Feature","geometry":{"type":"Point","coordinates":[-1.14381,44.99184]},"properties":{"depth_m":2.5,"n":1,"date":"29/07/2008"}},{"type":"Feature","geometry":{"type":"Point","coordinates":[-1.1434,44.99193]},"properties":{"depth_m":2.6,"n":1,"date":"29/07/2008"}},{"type":"Feature","geometry":{"type":"Point","coordinates":[-1.14352,44.99193]},"properties":{"depth_m":2.5,"n":1,"date":"29/07/2008"}},{"type":"Feature","geometry":{"type":"Point","coordinates":[-1.14365,44.99189]},"properties":{"depth_m":2.6,"n":1,"date":"29/07/2008"}},{"type":"Feature","geometry":{"type":"Point","coordinates":[-1.14373,44.99191]},"properties":{"depth_m":2.6,"n":1,"date":"29/07/2008"}},{"type":"Feature","geometry":{"type":"Point","coordinates":[-1.14375,44.99191]},"properties":{"depth_m":2.6,"n":1,"date":"29/07/2008"}},{"type":"Feature","geometry":{"type":"Point","coordinates":[-1.14375,44.99189]},"properties":{"depth_m":2.6,"n":1,"date":"29/07/2008"}},{"type":"Feature","geometry":{"type":"Point","coordinates":[-1.14295,44.99118]},"properties":{"depth_m":2.7,"n":1,"date":"29/07/2008"}},{"type":"Feature","geometry":{"type":"Point","coordinates":[-1.14306,44.99193]},"properties":{"depth_m":2.7,"n":1,"date":"29/07/2008"}},{"type":"Feature","geometry":{"type":"Point","coordinates":[-1.09988,44.97414]},"properties":{"depth_m":0.5,"n":1,"date":"29/07/2008"}},{"type":"Feature","geometry":{"type":"Point","coordinates":[-1.09972,44.97373]},"properties":{"depth_m":0.6,"n":1,"date":"29/07/2008"}},{"type":"Feature","geometry":{"type":"Point","coordinates":[-1.09968,44.97496]},"properties":{"depth_m":0.5,"n":1,"date":"29/07/2008"}},{"type":"Feature","geometry":{"type":"Point","coordinates":[-1.09977,44.97474]},"properties":{"depth_m":0.7,"n":1,"date":"29/07/2008"}},{"type":"Feature","geometry":{"type":"Point","coordinates":[-1.09984,44.97455]},"properties":{"depth_m":0.6,"n":1,"date":"29/07/2008"}},{"type":"Feature","geometry":{"type":"Point","coordinates":[-1.09986,44.97446]},"properties":{"depth_m":0.5,"n":1,"date":"29/07/2008"}},{"type":"Feature","geometry":{"type":"Point","coordinates":[-1.09989,44.97437]},"properties":{"depth_m":0.6,"n":1,"date":"29/07/2008"}},{"type":"Feature","geometry":{"type":"Point","coordinates":[-1.09936,44.97536]},"properties":{"depth_m":0.8,"n":1,"date":"29/07/2008"}},{"type":"Feature","geometry":{"type":"Point","coordinates":[-1.0999,44.97422]},"properties":{"depth_m":0.5,"n":1,"date":"29/07/2008"}},{"type":"Feature","geometry":{"type":"Point","coordinates":[-1.09916,44.97553]},"properties":{"depth_m":1.0,"n":1,"date":"29/07/2008"}},{"type":"Feature","geometry":{"type":"Point","coordinates":[-1.09987,44.97406]},"properties":{"depth_m":0.5,"n":1,"date":"29/07/2008"}},{"type":"Feature","geometry":{"type":"Point","coordinates":[-1.09987,44.97397]},"properties":{"depth_m":0.6,"n":1,"date":"29/07/2008"}},{"type":"Feature","geometry":{"type":"Point","coordinates":[-1.09986,44.97388]},"properties":{"depth_m":0.7,"n":1,"date":"29/07/2008"}},{"type":"Feature","geometry":{"type":"Point","coordinates":[-1.09986,44.9738]},"properties":{"depth_m":0.6,"n":1,"date":"29/07/2008"}},{"type":"Feature","geometry":{"type":"Point","coordinates":[-1.09982,44.97342]},"properties":{"depth_m":0.5,"n":1,"date":"29/07/2008"}},{"type":"Feature","geometry":{"type":"Point","coordinates":[-1.11433,44.99608]},"properties":{"depth_m":0.6,"n":1,"date":"29/07/2008"}},{"type":"Feature","geometry":{"type":"Point","coordinates":[-1.0999,44.97429]},"properties":{"depth_m":0.6,"n":1,"date":"29/07/2008"}},{"type":"Feature","geometry":{"type":"Point","coordinates":[-1.09766,44.97616]},"properties":{"depth_m":1.9,"n":1,"date":"29/07/2008"}},{"type":"Feature","geometry":{"type":"Point","coordinates":[-1.0963,44.97624]},"properties":{"depth_m":1.5,"n":1,"date":"29/07/2008"}},{"type":"Feature","geometry":{"type":"Point","coordinates":[-1.09645,44.97618]},"properties":{"depth_m":1.8,"n":1,"date":"29/07/2008"}},{"type":"Feature","geometry":{"type":"Point","coordinates":[-1.09663,44.97615]},"properties":{"depth_m":2.2,"n":1,"date":"29/07/2008"}},{"type":"Feature","geometry":{"type":"Point","coordinates":[-1.09679,44.97616]},"properties":{"depth_m":2.6,"n":1,"date":"29/07/2008"}},{"type":"Feature","geometry":{"type":"Point","coordinates":[-1.09695,44.97619]},"properties":{"depth_m":3.2,"n":1,"date":"29/07/2008"}},{"type":"Feature","geometry":{"type":"Point","coordinates":[-1.09711,44.97619]},"properties":{"depth_m":3.6,"n":1,"date":"29/07/2008"}},{"type":"Feature","geometry":{"type":"Point","coordinates":[-1.09954,44.97518]},"properties":{"depth_m":0.9,"n":1,"date":"29/07/2008"}},{"type":"Feature","geometry":{"type":"Point","coordinates":[-1.09747,44.97617]},"properties":{"depth_m":2.2,"n":1,"date":"29/07/2008"}},{"type":"Feature","geometry":{"type":"Point","coordinates":[-1.09959,44.97378]},"properties":{"depth_m":0.6,"n":1,"date":"29/07/2008"}},{"type":"Feature","geometry":{"type":"Point","coordinates":[-1.09785,44.97613]},"properties":{"depth_m":1.9,"n":1,"date":"29/07/2008"}},{"type":"Feature","geometry":{"type":"Point","coordinates":[-1.09804,44.97613]},"properties":{"depth_m":2.0,"n":1,"date":"29/07/2008"}},{"type":"Feature","geometry":{"type":"Point","coordinates":[-1.09826,44.97613]},"properties":{"depth_m":2.0,"n":1,"date":"29/07/2008"}},{"type":"Feature","geometry":{"type":"Point","coordinates":[-1.09845,44.97604]},"properties":{"depth_m":2.1,"n":1,"date":"29/07/2008"}},{"type":"Feature","geometry":{"type":"Point","coordinates":[-1.09871,44.97587]},"properties":{"depth_m":1.0,"n":1,"date":"29/07/2008"}},{"type":"Feature","geometry":{"type":"Point","coordinates":[-1.09894,44.9757]},"properties":{"depth_m":1.1,"n":1,"date":"29/07/2008"}},{"type":"Feature","geometry":{"type":"Point","coordinates":[-1.09728,44.97618]},"properties":{"depth_m":3.4,"n":1,"date":"29/07/2008"}},{"type":"Feature","geometry":{"type":"Point","coordinates":[-1.09818,44.9718]},"properties":{"depth_m":0.7,"n":1,"date":"29/07/2008"}},{"type":"Feature","geometry":{"type":"Point","coordinates":[-1.09958,44.97378]},"properties":{"depth_m":0.5,"n":1,"date":"29/07/2008"}},{"type":"Feature","geometry":{"type":"Point","coordinates":[-1.09944,44.97256]},"properties":{"depth_m":1.4,"n":1,"date":"29/07/2008"}},{"type":"Feature","geometry":{"type":"Point","coordinates":[-1.09942,44.97249]},"properties":{"depth_m":1.2,"n":1,"date":"29/07/2008"}},{"type":"Feature","geometry":{"type":"Point","coordinates":[-1.0994,44.97243]},"properties":{"depth_m":1.4,"n":1,"date":"29/07/2008"}},{"type":"Feature","geometry":{"type":"Point","coordinates":[-1.09939,44.97236]},"properties":{"depth_m":1.7,"n":1,"date":"29/07/2008"}},{"type":"Feature","geometry":{"type":"Point","coordinates":[-1.09936,44.97229]},"properties":{"depth_m":2.0,"n":1,"date":"29/07/2008"}},{"type":"Feature","geometry":{"type":"Point","coordinates":[-1.09945,44.97272]},"properties":{"depth_m":1.5,"n":1,"date":"29/07/2008"}},{"type":"Feature","geometry":{"type":"Point","coordinates":[-1.0993,44.97215]},"properties":{"depth_m":1.1,"n":1,"date":"29/07/2008"}},{"type":"Feature","geometry":{"type":"Point","coordinates":[-1.09945,44.97278]},"properties":{"depth_m":1.2,"n":1,"date":"29/07/2008"}},{"type":"Feature","geometry":{"type":"Point","coordinates":[-1.09941,44.97204]},"properties":{"depth_m":0.6,"n":1,"date":"29/07/2008"}},{"type":"Feature","geometry":{"type":"Point","coordinates":[-1.09939,44.97215]},"properties":{"depth_m":0.7,"n":1,"date":"29/07/2008"}},{"type":"Feature","geometry":{"type":"Point","coordinates":[-1.09939,44.97208]},"properties":{"depth_m":0.9,"n":1,"date":"29/07/2008"}},{"type":"Feature","geometry":{"type":"Point","coordinates":[-1.09939,44.97201]},"properties":{"depth_m":0.9,"n":1,"date":"29/07/2008"}},{"type":"Feature","geometry":{"type":"Point","coordinates":[-1.09939,44.97192]},"properties":{"depth_m":0.8,"n":1,"date":"29/07/2008"}},{"type":"Feature","geometry":{"type":"Point","coordinates":[-1.09939,44.97182]},"properties":{"depth_m":0.8,"n":1,"date":"29/07/2008"}},{"type":"Feature","geometry":{"type":"Point","coordinates":[-1.09936,44.97222]},"properties":{"depth_m":1.6,"n":1,"date":"29/07/2008"}},{"type":"Feature","geometry":{"type":"Point","coordinates":[-1.09943,44.97319]},"properties":{"depth_m":0.4,"n":1,"date":"29/07/2008"}},{"type":"Feature","geometry":{"type":"Point","coordinates":[-1.0995,44.9737]},"properties":{"depth_m":0.6,"n":1,"date":"29/07/2008"}},{"type":"Feature","geometry":{"type":"Point","coordinates":[-1.0994,44.97368]},"properties":{"depth_m":0.5,"n":1,"date":"29/07/2008"}},{"type":"Feature","geometry":{"type":"Point","coordinates":[-1.09932,44.97366]},"properties":{"depth_m":0.5,"n":1,"date":"29/07/2008"}},{"type":"Feature","geometry":{"type":"Point","coordinates":[-1.0994,44.97322]},"properties":{"depth_m":0.5,"n":1,"date":"29/07/2008"}},{"type":"Feature","geometry":{"type":"Point","coordinates":[-1.09943,44.97322]},"properties":{"depth_m":0.5,"n":1,"date":"29/07/2008"}},{"type":"Feature","geometry":{"type":"Point","coordinates":[-1.0994,44.97327]},"properties":{"depth_m":0.6,"n":1,"date":"29/07/2008"}},{"type":"Feature","geometry":{"type":"Point","coordinates":[-1.09943,44.97263]},"properties":{"depth_m":1.7,"n":1,"date":"29/07/2008"}},{"type":"Feature","geometry":{"type":"Point","coordinates":[-1.09941,44.97324]},"properties":{"depth_m":0.5,"n":1,"date":"29/07/2008"}},{"type":"Feature","geometry":{"type":"Point","coordinates":[-1.0961,44.97659]},"properties":{"depth_m":0.8,"n":1,"date":"29/07/2008"}},{"type":"Feature","geometry":{"type":"Point","coordinates":[-1.09947,44.97312]},"properties":{"depth_m":0.5,"n":1,"date":"29/07/2008"}},{"type":"Feature","geometry":{"type":"Point","coordinates":[-1.09948,44.97306]},"properties":{"depth_m":0.7,"n":1,"date":"29/07/2008"}},{"type":"Feature","geometry":{"type":"Point","coordinates":[-1.09949,44.97302]},"properties":{"depth_m":0.7,"n":1,"date":"29/07/2008"}},{"type":"Feature","geometry":{"type":"Point","coordinates":[-1.09951,44.97297]},"properties":{"depth_m":0.6,"n":1,"date":"29/07/2008"}},{"type":"Feature","geometry":{"type":"Point","coordinates":[-1.09952,44.97293]},"properties":{"depth_m":0.8,"n":1,"date":"29/07/2008"}},{"type":"Feature","geometry":{"type":"Point","coordinates":[-1.09946,44.97285]},"properties":{"depth_m":1.0,"n":1,"date":"29/07/2008"}},{"type":"Feature","geometry":{"type":"Point","coordinates":[-1.09939,44.97328]},"properties":{"depth_m":0.7,"n":1,"date":"29/07/2008"}},{"type":"Feature","geometry":{"type":"Point","coordinates":[-1.10106,44.97895]},"properties":{"depth_m":2.8,"n":1,"date":"29/07/2008"}},{"type":"Feature","geometry":{"type":"Point","coordinates":[-1.0962,44.97635]},"properties":{"depth_m":1.0,"n":1,"date":"29/07/2008"}},{"type":"Feature","geometry":{"type":"Point","coordinates":[-1.1015,44.97965]},"properties":{"depth_m":2.6,"n":1,"date":"29/07/2008"}},{"type":"Feature","geometry":{"type":"Point","coordinates":[-1.10138,44.97956]},"properties":{"depth_m":2.5,"n":1,"date":"29/07/2008"}},{"type":"Feature","geometry":{"type":"Point","coordinates":[-1.10129,44.97946]},"properties":{"depth_m":2.5,"n":1,"date":"29/07/2008"}},{"type":"Feature","geometry":{"type":"Point","coordinates":[-1.10123,44.97938]},"properties":{"depth_m":2.5,"n":1,"date":"29/07/2008"}},{"type":"Feature","geometry":{"type":"Point","coordinates":[-1.10119,44.97928]},"properties":{"depth_m":2.5,"n":1,"date":"29/07/2008"}},{"type":"Feature","geometry":{"type":"Point","coordinates":[-1.10164,44.97986]},"properties":{"depth_m":2.3,"n":1,"date":"29/07/2008"}},{"type":"Feature","geometry":{"type":"Point","coordinates":[-1.10111,44.97904]},"properties":{"depth_m":2.7,"n":1,"date":"29/07/2008"}},{"type":"Feature","geometry":{"type":"Point","coordinates":[-1.10171,44.97991]},"properties":{"depth_m":2.4,"n":1,"date":"29/07/2008"}},{"type":"Feature","geometry":{"type":"Point","coordinates":[-1.10098,44.97884]},"properties":{"depth_m":2.8,"n":1,"date":"29/07/2008"}},{"type":"Feature","geometry":{"type":"Point","coordinates":[-1.1009,44.97869]},"properties":{"depth_m":2.9,"n":1,"date":"29/07/2008"}},{"type":"Feature","geometry":{"type":"Point","coordinates":[-1.10078,44.97852]},"properties":{"depth_m":2.8,"n":1,"date":"29/07/2008"}},{"type":"Feature","geometry":{"type":"Point","coordinates":[-1.10067,44.97836]},"properties":{"depth_m":2.8,"n":1,"date":"29/07/2008"}},{"type":"Feature","geometry":{"type":"Point","coordinates":[-1.10055,44.9782]},"properties":{"depth_m":2.8,"n":1,"date":"29/07/2008"}},{"type":"Feature","geometry":{"type":"Point","coordinates":[-1.1004,44.97804]},"properties":{"depth_m":2.8,"n":1,"date":"29/07/2008"}},{"type":"Feature","geometry":{"type":"Point","coordinates":[-1.10116,44.97915]},"properties":{"depth_m":2.6,"n":1,"date":"29/07/2008"}},{"type":"Feature","geometry":{"type":"Point","coordinates":[-1.10199,44.9803]},"properties":{"depth_m":1.2,"n":1,"date":"29/07/2008"}},{"type":"Feature","geometry":{"type":"Point","coordinates":[-1.10178,44.9811]},"properties":{"depth_m":1.9,"n":1,"date":"29/07/2008"}},{"type":"Feature","geometry":{"type":"Point","coordinates":[-1.10175,44.98125]},"properties":{"depth_m":2.0,"n":1,"date":"29/07/2008"}},{"type":"Feature","geometry":{"type":"Point","coordinates":[-1.10173,44.98115]},"properties":{"depth_m":2.0,"n":1,"date":"29/07/2008"}},{"type":"Feature","geometry":{"type":"Point","coordinates":[-1.10189,44.98088]},"properties":{"depth_m":2.0,"n":1,"date":"29/07/2008"}},{"type":"Feature","geometry":{"type":"Point","coordinates":[-1.10194,44.98082]},"properties":{"depth_m":1.9,"n":1,"date":"29/07/2008"}},{"type":"Feature","geometry":{"type":"Point","coordinates":[-1.10199,44.98072]},"properties":{"depth_m":1.8,"n":1,"date":"29/07/2008"}},{"type":"Feature","geometry":{"type":"Point","coordinates":[-1.10158,44.97975]},"properties":{"depth_m":2.5,"n":1,"date":"29/07/2008"}},{"type":"Feature","geometry":{"type":"Point","coordinates":[-1.10203,44.98045]},"properties":{"depth_m":1.7,"n":1,"date":"29/07/2008"}},{"type":"Feature","geometry":{"type":"Point","coordinates":[-1.09984,44.97806]},"properties":{"depth_m":4.3,"n":1,"date":"29/07/2008"}},{"type":"Feature","geometry":{"type":"Point","coordinates":[-1.10196,44.98022]},"properties":{"depth_m":1.1,"n":1,"date":"29/07/2008"}},{"type":"Feature","geometry":{"type":"Point","coordinates":[-1.10193,44.98013]},"properties":{"depth_m":1.4,"n":1,"date":"29/07/2008"}},{"type":"Feature","geometry":{"type":"Point","coordinates":[-1.10189,44.98009]},"properties":{"depth_m":1.9,"n":1,"date":"29/07/2008"}},{"type":"Feature","geometry":{"type":"Point","coordinates":[-1.10184,44.98004]},"properties":{"depth_m":2.2,"n":1,"date":"29/07/2008"}},{"type":"Feature","geometry":{"type":"Point","coordinates":[-1.10178,44.97999]},"properties":{"depth_m":2.3,"n":1,"date":"29/07/2008"}},{"type":"Feature","geometry":{"type":"Point","coordinates":[-1.10174,44.97994]},"properties":{"depth_m":2.3,"n":1,"date":"29/07/2008"}},{"type":"Feature","geometry":{"type":"Point","coordinates":[-1.10203,44.98057]},"properties":{"depth_m":1.8,"n":1,"date":"29/07/2008"}},{"type":"Feature","geometry":{"type":"Point","coordinates":[-1.09711,44.97698]},"properties":{"depth_m":3.7,"n":1,"date":"29/07/2008"}},{"type":"Feature","geometry":{"type":"Point","coordinates":[-1.0977,44.97734]},"properties":{"depth_m":2.7,"n":1,"date":"29/07/2008"}},{"type":"Feature","geometry":{"type":"Point","coordinates":[-1.09752,44.97727]},"properties":{"depth_m":2.4,"n":1,"date":"29/07/2008"}},{"type":"Feature","geometry":{"type":"Point","coordinates":[-1.09736,44.97716]},"properties":{"depth_m":2.5,"n":1,"date":"29/07/2008"}},{"type":"Feature","geometry":{"type":"Point","coordinates":[-1.09726,44.97697]},"properties":{"depth_m":3.6,"n":1,"date":"29/07/2008"}},{"type":"Feature","geometry":{"type":"Point","coordinates":[-1.09723,44.97682]},"properties":{"depth_m":3.7,"n":1,"date":"29/07/2008"}},{"type":"Feature","geometry":{"type":"Point","coordinates":[-1.09719,44.97663]},"properties":{"depth_m":3.3,"n":1,"date":"29/07/2008"}},{"type":"Feature","geometry":{"type":"Point","coordinates":[-1.10027,44.97795]},"properties":{"depth_m":3.1,"n":1,"date":"29/07/2008"}},{"type":"Feature","geometry":{"type":"Point","coordinates":[-1.09721,44.977]},"properties":{"depth_m":3.7,"n":1,"date":"29/07/2008"}},{"type":"Feature","geometry":{"type":"Point","coordinates":[-1.09758,44.9776]},"properties":{"depth_m":2.2,"n":1,"date":"29/07/2008"}},{"type":"Feature","geometry":{"type":"Point","coordinates":[-1.09696,44.97685]},"properties":{"depth_m":3.5,"n":1,"date":"29/07/2008"}},{"type":"Feature","geometry":{"type":"Point","coordinates":[-1.0968,44.97685]},"properties":{"depth_m":2.8,"n":1,"date":"29/07/2008"}},{"type":"Feature","geometry":{"type":"Point","coordinates":[-1.0965,44.97677]},"properties":{"depth_m":2.0,"n":1,"date":"29/07/2008"}},{"type":"Feature","geometry":{"type":"Point","coordinates":[-1.09629,44.97673]},"properties":{"depth_m":1.5,"n":1,"date":"29/07/2008"}},{"type":"Feature","geometry":{"type":"Point","coordinates":[-1.09616,44.9767]},"properties":{"depth_m":1.2,"n":1,"date":"29/07/2008"}},{"type":"Feature","geometry":{"type":"Point","coordinates":[-1.10098,44.97297]},"properties":{"depth_m":0.7,"n":1,"date":"29/07/2008"}},{"type":"Feature","geometry":{"type":"Point","coordinates":[-1.0971,44.97659]},"properties":{"depth_m":3.4,"n":1,"date":"29/07/2008"}},{"type":"Feature","geometry":{"type":"Point","coordinates":[-1.09794,44.97756]},"properties":{"depth_m":2.5,"n":1,"date":"29/07/2008"}},{"type":"Feature","geometry":{"type":"Point","coordinates":[-1.09613,44.97646]},"properties":{"depth_m":0.8,"n":1,"date":"29/07/2008"}},{"type":"Feature","geometry":{"type":"Point","coordinates":[-1.09969,44.97801]},"properties":{"depth_m":3.7,"n":1,"date":"29/07/2008"}},{"type":"Feature","geometry":{"type":"Point","coordinates":[-1.0994,44.97801]},"properties":{"depth_m":3.5,"n":1,"date":"29/07/2008"}},{"type":"Feature","geometry":{"type":"Point","coordinates":[-1.09913,44.97796]},"properties":{"depth_m":3.0,"n":1,"date":"29/07/2008"}},{"type":"Feature","geometry":{"type":"Point","coordinates":[-1.09889,44.97791]},"properties":{"depth_m":3.0,"n":1,"date":"29/07/2008"}},{"type":"Feature","geometry":{"type":"Point","coordinates":[-1.09859,44.97748]},"properties":{"depth_m":3.0,"n":1,"date":"29/07/2008"}},{"type":"Feature","geometry":{"type":"Point","coordinates":[-1.09776,44.97741]},"properties":{"depth_m":2.8,"n":1,"date":"29/07/2008"}},{"type":"Feature","geometry":{"type":"Point","coordinates":[-1.09818,44.97752]},"properties":{"depth_m":2.7,"n":1,"date":"29/07/2008"}},{"type":"Feature","geometry":{"type":"Point","coordinates":[-1.0977,44.97752]},"properties":{"depth_m":2.5,"n":1,"date":"29/07/2008"}},{"type":"Feature","geometry":{"type":"Point","coordinates":[-1.09781,44.97759]},"properties":{"depth_m":2.4,"n":1,"date":"29/07/2008"}},{"type":"Feature","geometry":{"type":"Point","coordinates":[-1.09769,44.97761]},"properties":{"depth_m":2.3,"n":1,"date":"29/07/2008"}},{"type":"Feature","geometry":{"type":"Point","coordinates":[-1.09761,44.97763]},"properties":{"depth_m":2.3,"n":1,"date":"29/07/2008"}},{"type":"Feature","geometry":{"type":"Point","coordinates":[-1.09754,44.97765]},"properties":{"depth_m":2.4,"n":1,"date":"29/07/2008"}},{"type":"Feature","geometry":{"type":"Point","coordinates":[-1.09747,44.97766]},"properties":{"depth_m":2.7,"n":1,"date":"29/07/2008"}},{"type":"Feature","geometry":{"type":"Point","coordinates":[-1.09747,44.9776]},"properties":{"depth_m":2.1,"n":1,"date":"29/07/2008"}},{"type":"Feature","geometry":{"type":"Point","coordinates":[-1.10006,44.97815]},"properties":{"depth_m":3.5,"n":1,"date":"29/07/2008"}},{"type":"Feature","geometry":{"type":"Point","coordinates":[-1.09838,44.97748]},"properties":{"depth_m":3.0,"n":1,"date":"29/07/2008"}},{"type":"Feature","geometry":{"type":"Point","coordinates":[-1.10437,44.96658]},"properties":{"depth_m":1.0,"n":1,"date":"29/07/2008"}},{"type":"Feature","geometry":{"type":"Point","coordinates":[-1.1019,44.9687]},"properties":{"depth_m":0.6,"n":1,"date":"29/07/2008"}},{"type":"Feature","geometry":{"type":"Point","coordinates":[-1.10401,44.96733]},"properties":{"depth_m":0.6,"n":1,"date":"29/07/2008"}},{"type":"Feature","geometry":{"type":"Point","coordinates":[-1.10414,44.96727]},"properties":{"depth_m":0.6,"n":1,"date":"29/07/2008"}},{"type":"Feature","geometry":{"type":"Point","coordinates":[-1.10425,44.96721]},"properties":{"depth_m":0.6,"n":1,"date":"29/07/2008"}},{"type":"Feature","geometry":{"type":"Point","coordinates":[-1.10436,44.96713]},"properties":{"depth_m":0.7,"n":1,"date":"29/07/2008"}},{"type":"Feature","geometry":{"type":"Point","coordinates":[-1.10443,44.96702]},"properties":{"depth_m":1.0,"n":1,"date":"29/07/2008"}},{"type":"Feature","geometry":{"type":"Point","coordinates":[-1.10381,44.96748]},"properties":{"depth_m":0.6,"n":1,"date":"29/07/2008"}},{"type":"Feature","geometry":{"type":"Point","coordinates":[-1.10443,44.96676]},"properties":{"depth_m":1.2,"n":1,"date":"29/07/2008"}},{"type":"Feature","geometry":{"type":"Point","coordinates":[-1.10371,44.96756]},"properties":{"depth_m":0.7,"n":1,"date":"29/07/2008"}},{"type":"Feature","geometry":{"type":"Point","coordinates":[-1.10431,44.96644]},"properties":{"depth_m":0.9,"n":1,"date":"29/07/2008"}},{"type":"Feature","geometry":{"type":"Point","coordinates":[-1.10424,44.96631]},"properties":{"depth_m":0.8,"n":1,"date":"29/07/2008"}},{"type":"Feature","geometry":{"type":"Point","coordinates":[-1.10416,44.96619]},"properties":{"depth_m":0.6,"n":1,"date":"29/07/2008"}},{"type":"Feature","geometry":{"type":"Point","coordinates":[-1.10411,44.96609]},"properties":{"depth_m":0.7,"n":1,"date":"29/07/2008"}},{"type":"Feature","geometry":{"type":"Point","coordinates":[-1.10403,44.96599]},"properties":{"depth_m":1.0,"n":1,"date":"29/07/2008"}},{"type":"Feature","geometry":{"type":"Point","coordinates":[-1.10396,44.96587]},"properties":{"depth_m":1.2,"n":1,"date":"29/07/2008"}},{"type":"Feature","geometry":{"type":"Point","coordinates":[-1.10446,44.9669]},"properties":{"depth_m":1.2,"n":1,"date":"29/07/2008"}},{"type":"Feature","geometry":{"type":"Point","coordinates":[-1.10302,44.96816]},"properties":{"depth_m":0.9,"n":1,"date":"29/07/2008"}},{"type":"Feature","geometry":{"type":"Point","coordinates":[-1.0994,44.97172]},"properties":{"depth_m":0.7,"n":1,"date":"29/07/2008"}},{"type":"Feature","geometry":{"type":"Point","coordinates":[-1.10218,44.96866]},"properties":{"depth_m":0.5,"n":1,"date":"29/07/2008"}},{"type":"Feature","geometry":{"type":"Point","coordinates":[-1.10233,44.96865]},"properties":{"depth_m":0.6,"n":1,"date":"29/07/2008"}},{"type":"Feature","geometry":{"type":"Point","coordinates":[-1.10246,44.9686]},"properties":{"depth_m":0.6,"n":1,"date":"29/07/2008"}},{"type":"Feature","geometry":{"type":"Point","coordinates":[-1.10259,44.96854]},"properties":{"depth_m":0.8,"n":1,"date":"29/07/2008"}},{"type":"Feature","geometry":{"type":"Point","coordinates":[-1.10271,44.96845]},"properties":{"depth_m":1.0,"n":1,"date":"29/07/2008"}},{"type":"Feature","geometry":{"type":"Point","coordinates":[-1.1039,44.9674]},"properties":{"depth_m":0.6,"n":1,"date":"29/07/2008"}},{"type":"Feature","geometry":{"type":"Point","coordinates":[-1.10292,44.96826]},"properties":{"depth_m":1.0,"n":1,"date":"29/07/2008"}},{"type":"Feature","geometry":{"type":"Point","coordinates":[-1.10372,44.96551]},"properties":{"depth_m":1.3,"n":1,"date":"29/07/2008"}},{"type":"Feature","geometry":{"type":"Point","coordinates":[-1.10311,44.96806]},"properties":{"depth_m":0.9,"n":1,"date":"29/07/2008"}},{"type":"Feature","geometry":{"type":"Point","coordinates":[-1.1032,44.96797]},"properties":{"depth_m":0.8,"n":1,"date":"29/07/2008"}},{"type":"Feature","geometry":{"type":"Point","coordinates":[-1.10331,44.96789]},"properties":{"depth_m":0.7,"n":1,"date":"29/07/2008"}},{"type":"Feature","geometry":{"type":"Point","coordinates":[-1.1034,44.9678]},"properties":{"depth_m":0.6,"n":1,"date":"29/07/2008"}},{"type":"Feature","geometry":{"type":"Point","coordinates":[-1.10349,44.96772]},"properties":{"depth_m":0.6,"n":1,"date":"29/07/2008"}},{"type":"Feature","geometry":{"type":"Point","coordinates":[-1.1036,44.96764]},"properties":{"depth_m":0.7,"n":1,"date":"29/07/2008"}},{"type":"Feature","geometry":{"type":"Point","coordinates":[-1.10282,44.96835]},"properties":{"depth_m":1.0,"n":1,"date":"29/07/2008"}},{"type":"Feature","geometry":{"type":"Point","coordinates":[-1.10141,44.96346]},"properties":{"depth_m":1.3,"n":1,"date":"29/07/2008"}},{"type":"Feature","geometry":{"type":"Point","coordinates":[-1.10115,44.96436]},"properties":{"depth_m":0.9,"n":1,"date":"29/07/2008"}},{"type":"Feature","geometry":{"type":"Point","coordinates":[-1.10112,44.96425]},"properties":{"depth_m":0.6,"n":1,"date":"29/07/2008"}},{"type":"Feature","geometry":{"type":"Point","coordinates":[-1.1011,44.96415]},"properties":{"depth_m":0.7,"n":1,"date":"29/07/2008"}},{"type":"Feature","geometry":{"type":"Point","coordinates":[-1.10108,44.96403]},"properties":{"depth_m":1.5,"n":1,"date":"29/07/2008"}},{"type":"Feature","geometry":{"type":"Point","coordinates":[-1.10111,44.96391]},"properties":{"depth_m":2.0,"n":1,"date":"29/07/2008"}},{"type":"Feature","geometry":{"type":"Point","coordinates":[-1.10117,44.96379]},"properties":{"depth_m":1.9,"n":1,"date":"29/07/2008"}},{"type":"Feature","geometry":{"type":"Point","coordinates":[-1.10387,44.96576]},"properties":{"depth_m":1.2,"n":1,"date":"29/07/2008"}},{"type":"Feature","geometry":{"type":"Point","coordinates":[-1.10133,44.96357]},"properties":{"depth_m":1.0,"n":1,"date":"29/07/2008"}},{"type":"Feature","geometry":{"type":"Point","coordinates":[-1.10151,44.96458]},"properties":{"depth_m":1.3,"n":1,"date":"29/07/2008"}},{"type":"Feature","geometry":{"type":"Point","coordinates":[-1.10152,44.96333]},"properties":{"depth_m":1.1,"n":1,"date":"29/07/2008"}},{"type":"Feature","geometry":{"type":"Point","coordinates":[-1.1015,44.96324]},"properties":{"depth_m":0.9,"n":1,"date":"29/07/2008"}},{"type":"Feature","geometry":{"type":"Point","coordinates":[-1.10135,44.96323]},"properties":{"depth_m":0.8,"n":1,"date":"29/07/2008"}},{"type":"Feature","geometry":{"type":"Point","coordinates":[-1.10117,44.96325]},"properties":{"depth_m":0.7,"n":1,"date":"29/07/2008"}},{"type":"Feature","geometry":{"type":"Point","coordinates":[-1.10101,44.96323]},"properties":{"depth_m":0.6,"n":1,"date":"29/07/2008"}},{"type":"Feature","geometry":{"type":"Point","coordinates":[-1.10086,44.96324]},"properties":{"depth_m":0.5,"n":1,"date":"29/07/2008"}},{"type":"Feature","geometry":{"type":"Point","coordinates":[-1.10125,44.96368]},"properties":{"depth_m":1.1,"n":1,"date":"29/07/2008"}},{"type":"Feature","geometry":{"type":"Point","coordinates":[-1.1027,44.96487]},"properties":{"depth_m":2.0,"n":1,"date":"29/07/2008"}},{"type":"Feature","geometry":{"type":"Point","coordinates":[-1.10177,44.96871]},"properties":{"depth_m":0.6,"n":1,"date":"29/07/2008"}},{"type":"Feature","geometry":{"type":"Point","coordinates":[-1.10363,44.96541]},"properties":{"depth_m":1.3,"n":1,"date":"29/07/2008"}},{"type":"Feature","geometry":{"type":"Point","coordinates":[-1.10355,44.96529]},"properties":{"depth_m":1.3,"n":1,"date":"29/07/2008"}},{"type":"Feature","geometry":{"type":"Point","coordinates":[-1.10345,44.9652]},"properties":{"depth_m":1.5,"n":1,"date":"29/07/2008"}},{"type":"Feature","geometry":{"type":"Point","coordinates":[-1.10331,44.96512]},"properties":{"depth_m":1.9,"n":1,"date":"29/07/2008"}},{"type":"Feature","geometry":{"type":"Point","coordinates":[-1.10317,44.96504]},"properties":{"depth_m":2.1,"n":1,"date":"29/07/2008"}},{"type":"Feature","geometry":{"type":"Point","coordinates":[-1.10119,44.96448]},"properties":{"depth_m":1.2,"n":1,"date":"29/07/2008"}},{"type":"Feature","geometry":{"type":"Point","coordinates":[-1.10285,44.96492]},"properties":{"depth_m":2.1,"n":1,"date":"29/07/2008"}},{"type":"Feature","geometry":{"type":"Point","coordinates":[-1.10133,44.96455]},"properties":{"depth_m":1.3,"n":1,"date":"29/07/2008"}},{"type":"Feature","geometry":{"type":"Point","coordinates":[-1.10255,44.96482]},"properties":{"depth_m":2.0,"n":1,"date":"29/07/2008"}},{"type":"Feature","geometry":{"type":"Point","coordinates":[-1.10238,44.96477]},"properties":{"depth_m":1.9,"n":1,"date":"29/07/2008"}},{"type":"Feature","geometry":{"type":"Point","coordinates":[-1.10221,44.96473]},"properties":{"depth_m":1.8,"n":1,"date":"29/07/2008"}},{"type":"Feature","geometry":{"type":"Point","coordinates":[-1.10203,44.96469]},"properties":{"depth_m":1.7,"n":1,"date":"29/07/2008"}},{"type":"Feature","geometry":{"type":"Point","coordinates":[-1.10184,44.96465]},"properties":{"depth_m":1.5,"n":1,"date":"29/07/2008"}},{"type":"Feature","geometry":{"type":"Point","coordinates":[-1.10167,44.96462]},"properties":{"depth_m":1.3,"n":1,"date":"29/07/2008"}},{"type":"Feature","geometry":{"type":"Point","coordinates":[-1.10379,44.96564]},"properties":{"depth_m":1.2,"n":1,"date":"29/07/2008"}},{"type":"Feature","geometry":{"type":"Point","coordinates":[-1.10301,44.96498]},"properties":{"depth_m":2.1,"n":1,"date":"29/07/2008"}},{"type":"Feature","geometry":{"type":"Point","coordinates":[-1.09934,44.9696]},"properties":{"depth_m":0.5,"n":1,"date":"29/07/2008"}},{"type":"Feature","geometry":{"type":"Point","coordinates":[-1.10205,44.96869]},"properties":{"depth_m":0.6,"n":1,"date":"29/07/2008"}},{"type":"Feature","geometry":{"type":"Point","coordinates":[-1.09956,44.97001]},"properties":{"depth_m":0.6,"n":1,"date":"29/07/2008"}},{"type":"Feature","geometry":{"type":"Point","coordinates":[-1.09952,44.96995]},"properties":{"depth_m":0.5,"n":1,"date":"29/07/2008"}},{"type":"Feature","geometry":{"type":"Point","coordinates":[-1.0995,44.96988]},"properties":{"depth_m":0.6,"n":1,"date":"29/07/2008"}},{"type":"Feature","geometry":{"type":"Point","coordinates":[-1.09946,44.96982]},"properties":{"depth_m":0.7,"n":1,"date":"29/07/2008"}},{"type":"Feature","geometry":{"type":"Point","coordinates":[-1.09944,44.96976]},"properties":{"depth_m":0.6,"n":1,"date":"29/07/2008"}},{"type":"Feature","geometry":{"type":"Point","coordinates":[-1.09961,44.97016]},"properties":{"depth_m":0.6,"n":1,"date":"29/07/2008"}},{"type":"Feature","geometry":{"type":"Point","coordinates":[-1.09938,44.96965]},"properties":{"depth_m":0.6,"n":1,"date":"29/07/2008"}},{"type":"Feature","geometry":{"type":"Point","coordinates":[-1.09965,44.97022]},"properties":{"depth_m":0.8,"n":1,"date":"29/07/2008"}},{"type":"Feature","geometry":{"type":"Point","coordinates":[-1.09902,44.96987]},"properties":{"depth_m":0.5,"n":1,"date":"29/07/2008"}},{"type":"Feature","geometry":{"type":"Point","coordinates":[-1.09931,44.96944]},"properties":{"depth_m":0.4,"n":1,"date":"29/07/2008"}},{"type":"Feature","geometry":{"type":"Point","coordinates":[-1.09925,44.96943]},"properties":{"depth_m":0.5,"n":1,"date":"29/07/2008"}},{"type":"Feature","geometry":{"type":"Point","coordinates":[-1.09923,44.96962]},"properties":{"depth_m":0.5,"n":1,"date":"29/07/2008"}},{"type":"Feature","geometry":{"type":"Point","coordinates":[-1.09877,44.96987]},"properties":{"depth_m":0.7,"n":1,"date":"29/07/2008"}},{"type":"Feature","geometry":{"type":"Point","coordinates":[-1.09885,44.96981]},"properties":{"depth_m":0.7,"n":1,"date":"29/07/2008"}},{"type":"Feature","geometry":{"type":"Point","coordinates":[-1.09941,44.9697]},"properties":{"depth_m":0.6,"n":1,"date":"29/07/2008"}},{"type":"Feature","geometry":{"type":"Point","coordinates":[-1.0996,44.97089]},"properties":{"depth_m":2.3,"n":1,"date":"29/07/2008"}},{"type":"Feature","geometry":{"type":"Point","coordinates":[-1.1019,44.98132]},"properties":{"depth_m":1.4,"n":1,"date":"29/07/2008"}},{"type":"Feature","geometry":{"type":"Point","coordinates":[-1.09933,44.97142]},"properties":{"depth_m":0.7,"n":1,"date":"29/07/2008"}},{"type":"Feature","geometry":{"type":"Point","coordinates":[-1.09938,44.97131]},"properties":{"depth_m":0.7,"n":1,"date":"29/07/2008"}},{"type":"Feature","geometry":{"type":"Point","coordinates":[-1.09945,44.97128]},"properties":{"depth_m":0.7,"n":1,"date":"29/07/2008"}},{"type":"Feature","geometry":{"type":"Point","coordinates":[-1.09949,44.97122]},"properties":{"depth_m":0.8,"n":1,"date":"29/07/2008"}},{"type":"Feature","geometry":{"type":"Point","coordinates":[-1.09951,44.97113]},"properties":{"depth_m":1.1,"n":1,"date":"29/07/2008"}},{"type":"Feature","geometry":{"type":"Point","coordinates":[-1.09958,44.9701]},"properties":{"depth_m":0.5,"n":1,"date":"29/07/2008"}},{"type":"Feature","geometry":{"type":"Point","coordinates":[-1.09956,44.97097]},"properties":{"depth_m":2.3,"n":1,"date":"29/07/2008"}},{"type":"Feature","geometry":{"type":"Point","coordinates":[-1.09863,44.96983]},"properties":{"depth_m":0.4,"n":1,"date":"29/07/2008"}},{"type":"Feature","geometry":{"type":"Point","coordinates":[-1.09963,44.97079]},"properties":{"depth_m":2.3,"n":1,"date":"29/07/2008"}},{"type":"Feature","geometry":{"type":"Point","coordinates":[-1.09964,44.97069]},"properties":{"depth_m":2.3,"n":1,"date":"29/07/2008"}},{"type":"Feature","geometry":{"type":"Point","coordinates":[-1.09965,44.97058]},"properties":{"depth_m":2.1,"n":1,"date":"29/07/2008"}},{"type":"Feature","geometry":{"type":"Point","coordinates":[-1.09966,44.97047]},"properties":{"depth_m":0.9,"n":1,"date":"29/07/2008"}},{"type":"Feature","geometry":{"type":"Point","coordinates":[-1.09968,44.97037]},"properties":{"depth_m":1.0,"n":1,"date":"29/07/2008"}},{"type":"Feature","geometry":{"type":"Point","coordinates":[-1.09965,44.97029]},"properties":{"depth_m":0.8,"n":1,"date":"29/07/2008"}},{"type":"Feature","geometry":{"type":"Point","coordinates":[-1.09953,44.97105]},"properties":{"depth_m":1.9,"n":1,"date":"29/07/2008"}},{"type":"Feature","geometry":{"type":"Point","coordinates":[-1.10077,44.96864]},"properties":{"depth_m":0.7,"n":1,"date":"29/07/2008"}},{"type":"Feature","geometry":{"type":"Point","coordinates":[-1.09903,44.96951]},"properties":{"depth_m":0.5,"n":1,"date":"29/07/2008"}},{"type":"Feature","geometry":{"type":"Point","coordinates":[-1.09914,44.96949]},"properties":{"depth_m":0.4,"n":1,"date":"29/07/2008"}},{"type":"Feature","geometry":{"type":"Point","coordinates":[-1.09924,44.96946]},"properties":{"depth_m":0.5,"n":1,"date":"29/07/2008"}},{"type":"Feature","geometry":{"type":"Point","coordinates":[-1.09933,44.96943]},"properties":{"depth_m":0.6,"n":1,"date":"29/07/2008"}},{"type":"Feature","geometry":{"type":"Point","coordinates":[-1.09942,44.96939]},"properties":{"depth_m":0.6,"n":1,"date":"29/07/2008"}},{"type":"Feature","geometry":{"type":"Point","coordinates":[-1.0995,44.96941]},"properties":{"depth_m":0.5,"n":1,"date":"29/07/2008"}},{"type":"Feature","geometry":{"type":"Point","coordinates":[-1.09856,44.96993]},"properties":{"depth_m":0.8,"n":1,"date":"29/07/2008"}},{"type":"Feature","geometry":{"type":"Point","coordinates":[-1.10062,44.96862]},"properties":{"depth_m":0.7,"n":1,"date":"29/07/2008"}},{"type":"Feature","geometry":{"type":"Point","coordinates":[-1.09883,44.96953]},"properties":{"depth_m":0.8,"n":1,"date":"29/07/2008"}},{"type":"Feature","geometry":{"type":"Point","coordinates":[-1.10093,44.96866]},"properties":{"depth_m":0.7,"n":1,"date":"29/07/2008"}},{"type":"Feature","geometry":{"type":"Point","coordinates":[-1.10107,44.96868]},"properties":{"depth_m":0.6,"n":1,"date":"29/07/2008"}},{"type":"Feature","geometry":{"type":"Point","coordinates":[-1.10121,44.9687]},"properties":{"depth_m":0.6,"n":1,"date":"29/07/2008"}},{"type":"Feature","geometry":{"type":"Point","coordinates":[-1.10134,44.96873]},"properties":{"depth_m":0.6,"n":1,"date":"29/07/2008"}},{"type":"Feature","geometry":{"type":"Point","coordinates":[-1.10148,44.96873]},"properties":{"depth_m":0.5,"n":1,"date":"29/07/2008"}},{"type":"Feature","geometry":{"type":"Point","coordinates":[-1.10162,44.96873]},"properties":{"depth_m":0.6,"n":1,"date":"29/07/2008"}},{"type":"Feature","geometry":{"type":"Point","coordinates":[-1.10058,44.9687]},"properties":{"depth_m":0.7,"n":1,"date":"29/07/2008"}},{"type":"Feature","geometry":{"type":"Point","coordinates":[-1.09902,44.96928]},"properties":{"depth_m":0.7,"n":1,"date":"29/07/2008"}},{"type":"Feature","geometry":{"type":"Point","coordinates":[-1.09941,44.97163]},"properties":{"depth_m":0.6,"n":1,"date":"29/07/2008"}},{"type":"Feature","geometry":{"type":"Point","coordinates":[-1.09862,44.96982]},"properties":{"depth_m":0.4,"n":1,"date":"29/07/2008"}},{"type":"Feature","geometry":{"type":"Point","coordinates":[-1.09899,44.96954]},"properties":{"depth_m":0.5,"n":1,"date":"29/07/2008"}},{"type":"Feature","geometry":{"type":"Point","coordinates":[-1.09914,44.96978]},"properties":{"depth_m":0.4,"n":1,"date":"29/07/2008"}},{"type":"Feature","geometry":{"type":"Point","coordinates":[-1.09909,44.96961]},"properties":{"depth_m":0.4,"n":1,"date":"29/07/2008"}},{"type":"Feature","geometry":{"type":"Point","coordinates":[-1.09883,44.96933]},"properties":{"depth_m":0.6,"n":1,"date":"29/07/2008"}},{"type":"Feature","geometry":{"type":"Point","coordinates":[-1.09896,44.9695]},"properties":{"depth_m":0.6,"n":1,"date":"29/07/2008"}},{"type":"Feature","geometry":{"type":"Point","coordinates":[-1.09899,44.96931]},"properties":{"depth_m":0.7,"n":1,"date":"29/07/2008"}},{"type":"Feature","geometry":{"type":"Point","coordinates":[-1.0989,44.96952]},"properties":{"depth_m":0.6,"n":1,"date":"29/07/2008"}},{"type":"Feature","geometry":{"type":"Point","coordinates":[-1.09903,44.96925]},"properties":{"depth_m":0.4,"n":1,"date":"29/07/2008"}},{"type":"Feature","geometry":{"type":"Point","coordinates":[-1.09903,44.96922]},"properties":{"depth_m":0.7,"n":1,"date":"29/07/2008"}},{"type":"Feature","geometry":{"type":"Point","coordinates":[-1.09901,44.96923]},"properties":{"depth_m":0.8,"n":1,"date":"29/07/2008"}},{"type":"Feature","geometry":{"type":"Point","coordinates":[-1.0987,44.96947]},"properties":{"depth_m":0.9,"n":1,"date":"29/07/2008"}},{"type":"Feature","geometry":{"type":"Point","coordinates":[-1.09873,44.96958]},"properties":{"depth_m":0.8,"n":1,"date":"29/07/2008"}},{"type":"Feature","geometry":{"type":"Point","coordinates":[-1.09878,44.9695]},"properties":{"depth_m":0.8,"n":1,"date":"29/07/2008"}},{"type":"Feature","geometry":{"type":"Point","coordinates":[-1.09859,44.96989]},"properties":{"depth_m":0.8,"n":1,"date":"29/07/2008"}},{"type":"Feature","geometry":{"type":"Point","coordinates":[-1.09896,44.96935]},"properties":{"depth_m":0.7,"n":1,"date":"29/07/2008"}},{"type":"Feature","geometry":{"type":"Point","coordinates":[-1.10901,44.99105]},"properties":{"depth_m":0.5,"n":1,"date":"29/07/2008"}},{"type":"Feature","geometry":{"type":"Point","coordinates":[-1.11043,44.99139]},"properties":{"depth_m":0.5,"n":1,"date":"29/07/2008"}},{"type":"Feature","geometry":{"type":"Point","coordinates":[-1.10929,44.99124]},"properties":{"depth_m":0.5,"n":1,"date":"29/07/2008"}},{"type":"Feature","geometry":{"type":"Point","coordinates":[-1.10911,44.99052]},"properties":{"depth_m":0.5,"n":1,"date":"29/07/2008"}},{"type":"Feature","geometry":{"type":"Point","coordinates":[-1.1091,44.99062]},"properties":{"depth_m":0.5,"n":1,"date":"29/07/2008"}},{"type":"Feature","geometry":{"type":"Point","coordinates":[-1.10908,44.99065]},"properties":{"depth_m":0.5,"n":1,"date":"29/07/2008"}},{"type":"Feature","geometry":{"type":"Point","coordinates":[-1.10905,44.99055]},"properties":{"depth_m":0.4,"n":1,"date":"29/07/2008"}},{"type":"Feature","geometry":{"type":"Point","coordinates":[-1.1094,44.99137]},"properties":{"depth_m":0.5,"n":1,"date":"29/07/2008"}},{"type":"Feature","geometry":{"type":"Point","coordinates":[-1.10905,44.99049]},"properties":{"depth_m":0.4,"n":1,"date":"29/07/2008"}},{"type":"Feature","geometry":{"type":"Point","coordinates":[-1.10947,44.99135]},"properties":{"depth_m":0.5,"n":1,"date":"29/07/2008"}},{"type":"Feature","geometry":{"type":"Point","coordinates":[-1.10903,44.99035]},"properties":{"depth_m":0.4,"n":1,"date":"29/07/2008"}},{"type":"Feature","geometry":{"type":"Point","coordinates":[-1.10905,44.99088]},"properties":{"depth_m":0.4,"n":1,"date":"29/07/2008"}},{"type":"Feature","geometry":{"type":"Point","coordinates":[-1.10905,44.99089]},"properties":{"depth_m":0.4,"n":1,"date":"29/07/2008"}},{"type":"Feature","geometry":{"type":"Point","coordinates":[-1.10899,44.99082]},"properties":{"depth_m":0.4,"n":1,"date":"29/07/2008"}},{"type":"Feature","geometry":{"type":"Point","coordinates":[-1.10899,44.99078]},"properties":{"depth_m":0.4,"n":1,"date":"29/07/2008"}},{"type":"Feature","geometry":{"type":"Point","coordinates":[-1.10895,44.99075]},"properties":{"depth_m":0.4,"n":1,"date":"29/07/2008"}},{"type":"Feature","geometry":{"type":"Point","coordinates":[-1.10906,44.9905]},"properties":{"depth_m":0.4,"n":1,"date":"29/07/2008"}},{"type":"Feature","geometry":{"type":"Point","coordinates":[-1.10989,44.99133]},"properties":{"depth_m":0.4,"n":1,"date":"29/07/2008"}},{"type":"Feature","geometry":{"type":"Point","coordinates":[-1.1093,44.98752]},"properties":{"depth_m":0.8,"n":1,"date":"29/07/2008"}},{"type":"Feature","geometry":{"type":"Point","coordinates":[-1.11031,44.99136]},"properties":{"depth_m":0.4,"n":1,"date":"29/07/2008"}},{"type":"Feature","geometry":{"type":"Point","coordinates":[-1.11026,44.99135]},"properties":{"depth_m":0.4,"n":1,"date":"29/07/2008"}},{"type":"Feature","geometry":{"type":"Point","coordinates":[-1.1102,44.99135]},"properties":{"depth_m":0.4,"n":1,"date":"29/07/2008"}},{"type":"Feature","geometry":{"type":"Point","coordinates":[-1.11014,44.99135]},"properties":{"depth_m":0.4,"n":1,"date":"29/07/2008"}},{"type":"Feature","geometry":{"type":"Point","coordinates":[-1.11008,44.99136]},"properties":{"depth_m":0.4,"n":1,"date":"29/07/2008"}},{"type":"Feature","geometry":{"type":"Point","coordinates":[-1.10936,44.99134]},"properties":{"depth_m":0.5,"n":1,"date":"29/07/2008"}},{"type":"Feature","geometry":{"type":"Point","coordinates":[-1.10995,44.99133]},"properties":{"depth_m":0.4,"n":1,"date":"29/07/2008"}},{"type":"Feature","geometry":{"type":"Point","coordinates":[-1.10885,44.99029]},"properties":{"depth_m":0.7,"n":1,"date":"29/07/2008"}},{"type":"Feature","geometry":{"type":"Point","coordinates":[-1.10983,44.99132]},"properties":{"depth_m":0.4,"n":1,"date":"29/07/2008"}},{"type":"Feature","geometry":{"type":"Point","coordinates":[-1.10977,44.99131]},"properties":{"depth_m":0.4,"n":1,"date":"29/07/2008"}},{"type":"Feature","geometry":{"type":"Point","coordinates":[-1.10972,44.99131]},"properties":{"depth_m":0.5,"n":1,"date":"29/07/2008"}},{"type":"Feature","geometry":{"type":"Point","coordinates":[-1.10966,44.99131]},"properties":{"depth_m":0.5,"n":1,"date":"29/07/2008"}},{"type":"Feature","geometry":{"type":"Point","coordinates":[-1.1096,44.99132]},"properties":{"depth_m":0.5,"n":1,"date":"29/07/2008"}},{"type":"Feature","geometry":{"type":"Point","coordinates":[-1.10954,44.99133]},"properties":{"depth_m":0.5,"n":1,"date":"29/07/2008"}},{"type":"Feature","geometry":{"type":"Point","coordinates":[-1.11002,44.99134]},"properties":{"depth_m":0.4,"n":1,"date":"29/07/2008"}},{"type":"Feature","geometry":{"type":"Point","coordinates":[-1.1096,44.98826]},"properties":{"depth_m":1.2,"n":1,"date":"29/07/2008"}},{"type":"Feature","geometry":{"type":"Point","coordinates":[-1.1085,44.9889]},"properties":{"depth_m":1.3,"n":1,"date":"29/07/2008"}},{"type":"Feature","geometry":{"type":"Point","coordinates":[-1.10869,44.98882]},"properties":{"depth_m":1.7,"n":1,"date":"29/07/2008"}},{"type":"Feature","geometry":{"type":"Point","coordinates":[-1.1089,44.98872]},"properties":{"depth_m":1.6,"n":1,"date":"29/07/2008"}},{"type":"Feature","geometry":{"type":"Point","coordinates":[-1.10913,44.98862]},"properties":{"depth_m":1.7,"n":1,"date":"29/07/2008"}},{"type":"Feature","geometry":{"type":"Point","coordinates":[-1.10933,44.98855]},"properties":{"depth_m":1.8,"n":1,"date":"29/07/2008"}},{"type":"Feature","geometry":{"type":"Point","coordinates":[-1.10941,44.9885]},"properties":{"depth_m":1.9,"n":1,"date":"29/07/2008"}},{"type":"Feature","geometry":{"type":"Point","coordinates":[-1.10884,44.99003]},"properties":{"depth_m":0.4,"n":1,"date":"29/07/2008"}},{"type":"Feature","geometry":{"type":"Point","coordinates":[-1.10955,44.98837]},"properties":{"depth_m":2.2,"n":1,"date":"29/07/2008"}},{"type":"Feature","geometry":{"type":"Point","coordinates":[-1.10805,44.98855]},"properties":{"depth_m":1.4,"n":1,"date":"29/07/2008"}},{"type":"Feature","geometry":{"type":"Point","coordinates":[-1.10964,44.98818]},"properties":{"depth_m":0.7,"n":1,"date":"29/07/2008"}},{"type":"Feature","geometry":{"type":"Point","coordinates":[-1.10964,44.98805]},"properties":{"depth_m":0.8,"n":1,"date":"29/07/2008"}},{"type":"Feature","geometry":{"type":"Point","coordinates":[-1.1095,44.98774]},"properties":{"depth_m":0.7,"n":1,"date":"29/07/2008"}},{"type":"Feature","geometry":{"type":"Point","coordinates":[-1.10945,44.9878]},"properties":{"depth_m":0.7,"n":1,"date":"29/07/2008"}},{"type":"Feature","geometry":{"type":"Point","coordinates":[-1.10938,44.98771]},"properties":{"depth_m":0.6,"n":1,"date":"29/07/2008"}},{"type":"Feature","geometry":{"type":"Point","coordinates":[-1.1018,44.98118]},"properties":{"depth_m":1.7,"n":1,"date":"29/07/2008"}},{"type":"Feature","geometry":{"type":"Point","coordinates":[-1.10949,44.98845]},"properties":{"depth_m":1.9,"n":1,"date":"29/07/2008"}},{"type":"Feature","geometry":{"type":"Point","coordinates":[-1.10819,44.98965]},"properties":{"depth_m":1.4,"n":1,"date":"29/07/2008"}},{"type":"Feature","geometry":{"type":"Point","coordinates":[-1.11051,44.99141]},"properties":{"depth_m":0.4,"n":1,"date":"29/07/2008"}},{"type":"Feature","geometry":{"type":"Point","coordinates":[-1.10877,44.99011]},"properties":{"depth_m":0.5,"n":1,"date":"29/07/2008"}},{"type":"Feature","geometry":{"type":"Point","coordinates":[-1.10819,44.98986]},"properties":{"depth_m":1.2,"n":1,"date":"29/07/2008"}},{"type":"Feature","geometry":{"type":"Point","coordinates":[-1.10818,44.98987]},"properties":{"depth_m":1.2,"n":1,"date":"29/07/2008"}},{"type":"Feature","geometry":{"type":"Point","coordinates":[-1.10815,44.98986]},"properties":{"depth_m":1.3,"n":1,"date":"29/07/2008"}},{"type":"Feature","geometry":{"type":"Point","coordinates":[-1.1081,44.98981]},"properties":{"depth_m":1.3,"n":1,"date":"29/07/2008"}},{"type":"Feature","geometry":{"type":"Point","coordinates":[-1.10839,44.98892]},"properties":{"depth_m":1.4,"n":1,"date":"29/07/2008"}},{"type":"Feature","geometry":{"type":"Point","coordinates":[-1.10813,44.9897]},"properties":{"depth_m":1.3,"n":1,"date":"29/07/2008"}},{"type":"Feature","geometry":{"type":"Point","coordinates":[-1.10829,44.989]},"properties":{"depth_m":1.4,"n":1,"date":"29/07/2008"}},{"type":"Feature","geometry":{"type":"Point","coordinates":[-1.10825,44.98959]},"properties":{"depth_m":1.4,"n":1,"date":"29/07/2008"}},{"type":"Feature","geometry":{"type":"Point","coordinates":[-1.1083,44.98951]},"properties":{"depth_m":1.4,"n":1,"date":"29/07/2008"}},{"type":"Feature","geometry":{"type":"Point","coordinates":[-1.10834,44.98943]},"properties":{"depth_m":1.4,"n":1,"date":"29/07/2008"}},{"type":"Feature","geometry":{"type":"Point","coordinates":[-1.10837,44.98934]},"properties":{"depth_m":1.3,"n":1,"date":"29/07/2008"}},{"type":"Feature","geometry":{"type":"Point","coordinates":[-1.10813,44.9887]},"properties":{"depth_m":1.4,"n":1,"date":"29/07/2008"}},{"type":"Feature","geometry":{"type":"Point","coordinates":[-1.10807,44.98861]},"properties":{"depth_m":1.5,"n":1,"date":"29/07/2008"}},{"type":"Feature","geometry":{"type":"Point","coordinates":[-1.10875,44.99009]},"properties":{"depth_m":0.5,"n":1,"date":"29/07/2008"}},{"type":"Feature","geometry":{"type":"Point","coordinates":[-1.10809,44.98976]},"properties":{"depth_m":1.3,"n":1,"date":"29/07/2008"}},{"type":"Feature","geometry":{"type":"Point","coordinates":[-1.11279,44.99342]},"properties":{"depth_m":0.5,"n":1,"date":"29/07/2008"}},{"type":"Feature","geometry":{"type":"Point","coordinates":[-1.11036,44.99136]},"properties":{"depth_m":0.4,"n":1,"date":"29/07/2008"}},{"type":"Feature","geometry":{"type":"Point","coordinates":[-1.1131,44.9942]},"properties":{"depth_m":0.5,"n":1,"date":"29/07/2008"}},{"type":"Feature","geometry":{"type":"Point","coordinates":[-1.11297,44.99402]},"properties":{"depth_m":0.5,"n":1,"date":"29/07/2008"}},{"type":"Feature","geometry":{"type":"Point","coordinates":[-1.11296,44.99399]},"properties":{"depth_m":0.5,"n":1,"date":"29/07/2008"}},{"type":"Feature","geometry":{"type":"Point","coordinates":[-1.11297,44.99377]},"properties":{"depth_m":0.5,"n":1,"date":"29/07/2008"}},{"type":"Feature","geometry":{"type":"Point","coordinates":[-1.11328,44.99418]},"properties":{"depth_m":0.5,"n":1,"date":"29/07/2008"}},{"type":"Feature","geometry":{"type":"Point","coordinates":[-1.11316,44.99423]},"properties":{"depth_m":0.5,"n":1,"date":"29/07/2008"}},{"type":"Feature","geometry":{"type":"Point","coordinates":[-1.11284,44.99352]},"properties":{"depth_m":0.5,"n":1,"date":"29/07/2008"}},{"type":"Feature","geometry":{"type":"Point","coordinates":[-1.11337,44.99418]},"properties":{"depth_m":0.6,"n":1,"date":"29/07/2008"}},{"type":"Feature","geometry":{"type":"Point","coordinates":[-1.11307,44.99371]},"properties":{"depth_m":0.5,"n":1,"date":"29/07/2008"}},{"type":"Feature","geometry":{"type":"Point","coordinates":[-1.1128,44.99328]},"properties":{"depth_m":0.6,"n":1,"date":"29/07/2008"}},{"type":"Feature","geometry":{"type":"Point","coordinates":[-1.11267,44.99316]},"properties":{"depth_m":0.6,"n":1,"date":"29/07/2008"}},{"type":"Feature","geometry":{"type":"Point","coordinates":[-1.11289,44.99355]},"properties":{"depth_m":0.7,"n":1,"date":"29/07/2008"}},{"type":"Feature","geometry":{"type":"Point","coordinates":[-1.11277,44.99343]},"properties":{"depth_m":0.6,"n":1,"date":"29/07/2008"}},{"type":"Feature","geometry":{"type":"Point","coordinates":[-1.11272,44.99336]},"properties":{"depth_m":0.6,"n":1,"date":"29/07/2008"}},{"type":"Feature","geometry":{"type":"Point","coordinates":[-1.11305,44.99398]},"properties":{"depth_m":0.5,"n":1,"date":"29/07/2008"}},{"type":"Feature","geometry":{"type":"Point","coordinates":[-1.1134,44.9954]},"properties":{"depth_m":0.5,"n":1,"date":"29/07/2008"}},{"type":"Feature","geometry":{"type":"Point","coordinates":[-1.11414,44.99589]},"properties":{"depth_m":0.7,"n":1,"date":"29/07/2008"}},{"type":"Feature","geometry":{"type":"Point","coordinates":[-1.11408,44.99585]},"properties":{"depth_m":0.7,"n":1,"date":"29/07/2008"}},{"type":"Feature","geometry":{"type":"Point","coordinates":[-1.11401,44.99579]},"properties":{"depth_m":0.7,"n":1,"date":"29/07/2008"}},{"type":"Feature","geometry":{"type":"Point","coordinates":[-1.11376,44.9956]},"properties":{"depth_m":0.7,"n":1,"date":"29/07/2008"}},{"type":"Feature","geometry":{"type":"Point","coordinates":[-1.11377,44.99583]},"properties":{"depth_m":0.7,"n":1,"date":"29/07/2008"}},{"type":"Feature","geometry":{"type":"Point","coordinates":[-1.11366,44.99579]},"properties":{"depth_m":0.7,"n":1,"date":"29/07/2008"}},{"type":"Feature","geometry":{"type":"Point","coordinates":[-1.1131,44.99414]},"properties":{"depth_m":0.5,"n":1,"date":"29/07/2008"}},{"type":"Feature","geometry":{"type":"Point","coordinates":[-1.11347,44.99548]},"properties":{"depth_m":0.7,"n":1,"date":"29/07/2008"}},{"type":"Feature","geometry":{"type":"Point","coordinates":[-1.11241,44.99316]},"properties":{"depth_m":0.4,"n":1,"date":"29/07/2008"}},{"type":"Feature","geometry":{"type":"Point","coordinates":[-1.11314,44.9948]},"properties":{"depth_m":0.5,"n":1,"date":"29/07/2008"}},{"type":"Feature","geometry":{"type":"Point","coordinates":[-1.11366,44.99534]},"properties":{"depth_m":0.4,"n":1,"date":"29/07/2008"}},{"type":"Feature","geometry":{"type":"Point","coordinates":[-1.11372,44.99521]},"properties":{"depth_m":0.5,"n":1,"date":"29/07/2008"}},{"type":"Feature","geometry":{"type":"Point","coordinates":[-1.11375,44.99515]},"properties":{"depth_m":0.5,"n":1,"date":"29/07/2008"}},{"type":"Feature","geometry":{"type":"Point","coordinates":[-1.1138,44.99509]},"properties":{"depth_m":0.5,"n":1,"date":"29/07/2008"}},{"type":"Feature","geometry":{"type":"Point","coordinates":[-1.11379,44.99501]},"properties":{"depth_m":0.6,"n":1,"date":"29/07/2008"}},{"type":"Feature","geometry":{"type":"Point","coordinates":[-1.1135,44.9955]},"properties":{"depth_m":0.7,"n":1,"date":"29/07/2008"}},{"type":"Feature","geometry":{"type":"Point","coordinates":[-1.11113,44.99174]},"properties":{"depth_m":0.6,"n":1,"date":"29/07/2008"}},{"type":"Feature","geometry":{"type":"Point","coordinates":[-1.11147,44.99204]},"properties":{"depth_m":0.5,"n":1,"date":"29/07/2008"}},{"type":"Feature","geometry":{"type":"Point","coordinates":[-1.11136,44.9921]},"properties":{"depth_m":0.5,"n":1,"date":"29/07/2008"}},{"type":"Feature","geometry":{"type":"Point","coordinates":[-1.11143,44.99191]},"properties":{"depth_m":0.5,"n":1,"date":"29/07/2008"}},{"type":"Feature","geometry":{"type":"Point","coordinates":[-1.11131,44.99196]},"properties":{"depth_m":0.5,"n":1,"date":"29/07/2008"}},{"type":"Feature","geometry":{"type":"Point","coordinates":[-1.11126,44.99193]},"properties":{"depth_m":0.5,"n":1,"date":"29/07/2008"}},{"type":"Feature","geometry":{"type":"Point","coordinates":[-1.11121,44.9919]},"properties":{"depth_m":0.6,"n":1,"date":"29/07/2008"}},{"type":"Feature","geometry":{"type":"Point","coordinates":[-1.11257,44.99322]},"properties":{"depth_m":0.5,"n":1,"date":"29/07/2008"}},{"type":"Feature","geometry":{"type":"Point","coordinates":[-1.11116,44.99179]},"properties":{"depth_m":0.6,"n":1,"date":"29/07/2008"}},{"type":"Feature","geometry":{"type":"Point","coordinates":[-1.11169,44.99209]},"properties":{"depth_m":0.6,"n":1,"date":"29/07/2008"}},{"type":"Feature","geometry":{"type":"Point","coordinates":[-1.11106,44.99168]},"properties":{"depth_m":0.6,"n":1,"date":"29/07/2008"}},{"type":"Feature","geometry":{"type":"Point","coordinates":[-1.11097,44.99162]},"properties":{"depth_m":0.6,"n":1,"date":"29/07/2008"}},{"type":"Feature","geometry":{"type":"Point","coordinates":[-1.11088,44.99156]},"properties":{"depth_m":0.6,"n":1,"date":"29/07/2008"}},{"type":"Feature","geometry":{"type":"Point","coordinates":[-1.11079,44.99151]},"properties":{"depth_m":0.5,"n":1,"date":"29/07/2008"}},{"type":"Feature","geometry":{"type":"Point","coordinates":[-1.1107,44.99147]},"properties":{"depth_m":0.4,"n":1,"date":"29/07/2008"}},{"type":"Feature","geometry":{"type":"Point","coordinates":[-1.11061,44.99143]},"properties":{"depth_m":0.4,"n":1,"date":"29/07/2008"}},{"type":"Feature","geometry":{"type":"Point","coordinates":[-1.11118,44.99185]},"properties":{"depth_m":0.6,"n":1,"date":"29/07/2008"}},{"type":"Feature","geometry":{"type":"Point","coordinates":[-1.11188,44.99211]},"properties":{"depth_m":0.5,"n":1,"date":"29/07/2008"}},{"type":"Feature","geometry":{"type":"Point","coordinates":[-1.10926,44.98743]},"properties":{"depth_m":0.7,"n":1,"date":"29/07/2008"}},{"type":"Feature","geometry":{"type":"Point","coordinates":[-1.11221,44.99278]},"properties":{"depth_m":0.5,"n":1,"date":"29/07/2008"}},{"type":"Feature","geometry":{"type":"Point","coordinates":[-1.11223,44.99274]},"properties":{"depth_m":0.6,"n":1,"date":"29/07/2008"}},{"type":"Feature","geometry":{"type":"Point","coordinates":[-1.11226,44.99269]},"properties":{"depth_m":0.6,"n":1,"date":"29/07/2008"}},{"type":"Feature","geometry":{"type":"Point","coordinates":[-1.11225,44.99262]},"properties":{"depth_m":0.6,"n":1,"date":"29/07/2008"}},{"type":"Feature","geometry":{"type":"Point","coordinates":[-1.1121,44.99256]},"properties":{"depth_m":0.6,"n":1,"date":"29/07/2008"}},{"type":"Feature","geometry":{"type":"Point","coordinates":[-1.11138,44.99226]},"properties":{"depth_m":0.5,"n":1,"date":"29/07/2008"}},{"type":"Feature","geometry":{"type":"Point","coordinates":[-1.11194,44.99215]},"properties":{"depth_m":0.6,"n":1,"date":"29/07/2008"}},{"type":"Feature","geometry":{"type":"Point","coordinates":[-1.11165,44.99202]},"properties":{"depth_m":0.5,"n":1,"date":"29/07/2008"}},{"type":"Feature","geometry":{"type":"Point","coordinates":[-1.11194,44.99229]},"properties":{"depth_m":0.6,"n":1,"date":"29/07/2008"}},{"type":"Feature","geometry":{"type":"Point","coordinates":[-1.11193,44.99221]},"properties":{"depth_m":0.6,"n":1,"date":"29/07/2008"}},{"type":"Feature","geometry":{"type":"Point","coordinates":[-1.11188,44.99218]},"properties":{"depth_m":0.6,"n":1,"date":"29/07/2008"}},{"type":"Feature","geometry":{"type":"Point","coordinates":[-1.11184,44.99215]},"properties":{"depth_m":0.6,"n":1,"date":"29/07/2008"}},{"type":"Feature","geometry":{"type":"Point","coordinates":[-1.1118,44.99212]},"properties":{"depth_m":0.5,"n":1,"date":"29/07/2008"}},{"type":"Feature","geometry":{"type":"Point","coordinates":[-1.11175,44.99208]},"properties":{"depth_m":0.5,"n":1,"date":"29/07/2008"}},{"type":"Feature","geometry":{"type":"Point","coordinates":[-1.11248,44.9932]},"properties":{"depth_m":0.5,"n":1,"date":"29/07/2008"}},{"type":"Feature","geometry":{"type":"Point","coordinates":[-1.11209,44.99248]},"properties":{"depth_m":0.6,"n":1,"date":"29/07/2008"}},{"type":"Feature","geometry":{"type":"Point","coordinates":[-1.10528,44.98324]},"properties":{"depth_m":0.5,"n":1,"date":"29/07/2008"}},{"type":"Feature","geometry":{"type":"Point","coordinates":[-1.10742,44.98435]},"properties":{"depth_m":0.7,"n":1,"date":"29/07/2008"}},{"type":"Feature","geometry":{"type":"Point","coordinates":[-1.10603,44.98349]},"properties":{"depth_m":0.6,"n":1,"date":"29/07/2008"}},{"type":"Feature","geometry":{"type":"Point","coordinates":[-1.10592,44.98346]},"properties":{"depth_m":0.5,"n":1,"date":"29/07/2008"}},{"type":"Feature","geometry":{"type":"Point","coordinates":[-1.10582,44.98342]},"properties":{"depth_m":0.5,"n":1,"date":"29/07/2008"}},{"type":"Feature","geometry":{"type":"Point","coordinates":[-1.10572,44.98338]},"properties":{"depth_m":0.5,"n":1,"date":"29/07/2008"}},{"type":"Feature","geometry":{"type":"Point","coordinates":[-1.10563,44.98335]},"properties":{"depth_m":0.5,"n":1,"date":"29/07/2008"}},{"type":"Feature","geometry":{"type":"Point","coordinates":[-1.10624,44.98358]},"properties":{"depth_m":0.6,"n":1,"date":"29/07/2008"}},{"type":"Feature","geometry":{"type":"Point","coordinates":[-1.1054,44.98327]},"properties":{"depth_m":0.5,"n":1,"date":"29/07/2008"}},{"type":"Feature","geometry":{"type":"Point","coordinates":[-1.10636,44.98363]},"properties":{"depth_m":0.6,"n":1,"date":"29/07/2008"}},{"type":"Feature","geometry":{"type":"Point","coordinates":[-1.10516,44.98321]},"properties":{"depth_m":0.5,"n":1,"date":"29/07/2008"}},{"type":"Feature","geometry":{"type":"Point","coordinates":[-1.10504,44.98319]},"properties":{"depth_m":0.5,"n":1,"date":"29/07/2008"}},{"type":"Feature","geometry":{"type":"Point","coordinates":[-1.10493,44.98318]},"properties":{"depth_m":0.5,"n":1,"date":"29/07/2008"}},{"type":"Feature","geometry":{"type":"Point","coordinates":[-1.12119,44.95263]},"properties":{"depth_m":3.9,"n":1,"date":"29/07/2008"}},{"type":"Feature","geometry":{"type":"Point","coordinates":[-1.10468,44.98314]},"properties":{"depth_m":0.5,"n":1,"date":"29/07/2008"}},{"type":"Feature","geometry":{"type":"Point","coordinates":[-1.11726,44.94181]},"properties":{"depth_m":0.4,"n":1,"date":"29/07/2008"}},{"type":"Feature","geometry":{"type":"Point","coordinates":[-1.10551,44.98332]},"properties":{"depth_m":0.5,"n":1,"date":"29/07/2008"}},{"type":"Feature","geometry":{"type":"Point","coordinates":[-1.10707,44.98396]},"properties":{"depth_m":0.7,"n":1,"date":"29/07/2008"}},{"type":"Feature","geometry":{"type":"Point","coordinates":[-1.10935,44.98761]},"properties":{"depth_m":0.6,"n":1,"date":"29/07/2008"}},{"type":"Feature","geometry":{"type":"Point","coordinates":[-1.1074,44.98424]},"properties":{"depth_m":0.7,"n":1,"date":"29/07/2008"}},{"type":"Feature","geometry":{"type":"Point","coordinates":[-1.10767,44.98412]},"properties":{"depth_m":0.7,"n":1,"date":"29/07/2008"}},{"type":"Feature","geometry":{"type":"Point","coordinates":[-1.10741,44.98422]},"properties":{"depth_m":0.7,"n":1,"date":"29/07/2008"}},{"type":"Feature","geometry":{"type":"Point","coordinates":[-1.10732,44.98417]},"properties":{"depth_m":0.7,"n":1,"date":"29/07/2008"}},{"type":"Feature","geometry":{"type":"Point","coordinates":[-1.10727,44.98413]},"properties":{"depth_m":0.7,"n":1,"date":"29/07/2008"}},{"type":"Feature","geometry":{"type":"Point","coordinates":[-1.10614,44.98353]},"properties":{"depth_m":0.6,"n":1,"date":"29/07/2008"}},{"type":"Feature","geometry":{"type":"Point","coordinates":[-1.10713,44.98403]},"properties":{"depth_m":0.7,"n":1,"date":"29/07/2008"}},{"type":"Feature","geometry":{"type":"Point","coordinates":[-1.10429,44.9831]},"properties":{"depth_m":0.6,"n":1,"date":"29/07/2008"}},{"type":"Feature","geometry":{"type":"Point","coordinates":[-1.107,44.98391]},"properties":{"depth_m":0.7,"n":1,"date":"29/07/2008"}},{"type":"Feature","geometry":{"type":"Point","coordinates":[-1.1069,44.98386]},"properties":{"depth_m":0.7,"n":1,"date":"29/07/2008"}},{"type":"Feature","geometry":{"type":"Point","coordinates":[-1.1068,44.98381]},"properties":{"depth_m":0.7,"n":1,"date":"29/07/2008"}},{"type":"Feature","geometry":{"type":"Point","coordinates":[-1.10669,44.98377]},"properties":{"depth_m":0.6,"n":1,"date":"29/07/2008"}},{"type":"Feature","geometry":{"type":"Point","coordinates":[-1.10658,44.98372]},"properties":{"depth_m":0.6,"n":1,"date":"29/07/2008"}},{"type":"Feature","geometry":{"type":"Point","coordinates":[-1.10647,44.98367]},"properties":{"depth_m":0.6,"n":1,"date":"29/07/2008"}},{"type":"Feature","geometry":{"type":"Point","coordinates":[-1.1072,44.98408]},"properties":{"depth_m":0.7,"n":1,"date":"29/07/2008"}},{"type":"Feature","geometry":{"type":"Point","coordinates":[-1.1021,44.98195]},"properties":{"depth_m":1.0,"n":1,"date":"29/07/2008"}},{"type":"Feature","geometry":{"type":"Point","coordinates":[-1.10274,44.98248]},"properties":{"depth_m":0.9,"n":1,"date":"29/07/2008"}},{"type":"Feature","geometry":{"type":"Point","coordinates":[-1.10265,44.98245]},"properties":{"depth_m":1.0,"n":1,"date":"29/07/2008"}},{"type":"Feature","geometry":{"type":"Point","coordinates":[-1.10224,44.98253]},"properties":{"depth_m":1.0,"n":1,"date":"29/07/2008"}},{"type":"Feature","geometry":{"type":"Point","coordinates":[-1.1025,44.98224]},"properties":{"depth_m":1.0,"n":1,"date":"29/07/2008"}},{"type":"Feature","geometry":{"type":"Point","coordinates":[-1.1024,44.98216]},"properties":{"depth_m":1.0,"n":1,"date":"29/07/2008"}},{"type":"Feature","geometry":{"type":"Point","coordinates":[-1.10228,44.98216]},"properties":{"depth_m":1.0,"n":1,"date":"29/07/2008"}},{"type":"Feature","geometry":{"type":"Point","coordinates":[-1.10446,44.9831]},"properties":{"depth_m":0.5,"n":1,"date":"29/07/2008"}},{"type":"Feature","geometry":{"type":"Point","coordinates":[-1.10216,44.982]},"properties":{"depth_m":1.0,"n":1,"date":"29/07/2008"}},{"type":"Feature","geometry":{"type":"Point","coordinates":[-1.10303,44.98263]},"properties":{"depth_m":0.9,"n":1,"date":"29/07/2008"}},{"type":"Feature","geometry":{"type":"Point","coordinates":[-1.10206,44.9819]},"properties":{"depth_m":1.1,"n":1,"date":"29/07/2008"}},{"type":"Feature","geometry":{"type":"Point","coordinates":[-1.10209,44.9819]},"properties":{"depth_m":1.1,"n":1,"date":"29/07/2008"}},{"type":"Feature","geometry":{"type":"Point","coordinates":[-1.10201,44.98166]},"properties":{"depth_m":1.2,"n":1,"date":"29/07/2008"}},{"type":"Feature","geometry":{"type":"Point","coordinates":[-1.10198,44.98152]},"properties":{"depth_m":1.2,"n":1,"date":"29/07/2008"}},{"type":"Feature","geometry":{"type":"Point","coordinates":[-1.10197,44.9814]},"properties":{"depth_m":1.3,"n":1,"date":"29/07/2008"}},{"type":"Feature","geometry":{"type":"Point","coordinates":[-1.10076,44.96325]},"properties":{"depth_m":0.5,"n":1,"date":"29/07/2008"}},{"type":"Feature","geometry":{"type":"Point","coordinates":[-1.1022,44.98211]},"properties":{"depth_m":1.0,"n":1,"date":"29/07/2008"}},{"type":"Feature","geometry":{"type":"Point","coordinates":[-1.10368,44.98301]},"properties":{"depth_m":0.7,"n":1,"date":"29/07/2008"}},{"type":"Feature","geometry":{"type":"Point","coordinates":[-1.10744,44.98438]},"properties":{"depth_m":0.7,"n":1,"date":"29/07/2008"}},{"type":"Feature","geometry":{"type":"Point","coordinates":[-1.10423,44.9831]},"properties":{"depth_m":0.6,"n":1,"date":"29/07/2008"}},{"type":"Feature","geometry":{"type":"Point","coordinates":[-1.10416,44.98309]},"properties":{"depth_m":0.6,"n":1,"date":"29/07/2008"}},{"type":"Feature","geometry":{"type":"Point","coordinates":[-1.10408,44.98311]},"properties":{"depth_m":0.6,"n":1,"date":"29/07/2008"}},{"type":"Feature","geometry":{"type":"Point","coordinates":[-1.10402,44.98311]},"properties":{"depth_m":0.6,"n":1,"date":"29/07/2008"}},{"type":"Feature","geometry":{"type":"Point","coordinates":[-1.10395,44.9831]},"properties":{"depth_m":0.6,"n":1,"date":"29/07/2008"}},{"type":"Feature","geometry":{"type":"Point","coordinates":[-1.10284,44.98252]},"properties":{"depth_m":0.9,"n":1,"date":"29/07/2008"}},{"type":"Feature","geometry":{"type":"Point","coordinates":[-1.10377,44.98305]},"properties":{"depth_m":0.7,"n":1,"date":"29/07/2008"}},{"type":"Feature","geometry":{"type":"Point","coordinates":[-1.10294,44.98258]},"properties":{"depth_m":0.9,"n":1,"date":"29/07/2008"}},{"type":"Feature","geometry":{"type":"Point","coordinates":[-1.10359,44.98297]},"properties":{"depth_m":0.7,"n":1,"date":"29/07/2008"}},{"type":"Feature","geometry":{"type":"Point","coordinates":[-1.10351,44.98292]},"properties":{"depth_m":0.7,"n":1,"date":"29/07/2008"}},{"type":"Feature","geometry":{"type":"Point","coordinates":[-1.10341,44.98286]},"properties":{"depth_m":0.8,"n":1,"date":"29/07/2008"}},{"type":"Feature","geometry":{"type":"Point","coordinates":[-1.10329,44.98281]},"properties":{"depth_m":0.8,"n":1,"date":"29/07/2008"}},{"type":"Feature","geometry":{"type":"Point","coordinates":[-1.10321,44.98274]},"properties":{"depth_m":0.8,"n":1,"date":"29/07/2008"}},{"type":"Feature","geometry":{"type":"Point","coordinates":[-1.10313,44.98268]},"properties":{"depth_m":0.9,"n":1,"date":"29/07/2008"}},{"type":"Feature","geometry":{"type":"Point","coordinates":[-1.10437,44.9831]},"properties":{"depth_m":0.6,"n":1,"date":"29/07/2008"}},{"type":"Feature","geometry":{"type":"Point","coordinates":[-1.10386,44.98308]},"properties":{"depth_m":0.7,"n":1,"date":"29/07/2008"}},{"type":"Feature","geometry":{"type":"Point","coordinates":[-1.1086,44.98769]},"properties":{"depth_m":0.5,"n":1,"date":"29/07/2008"}},{"type":"Feature","geometry":{"type":"Point","coordinates":[-1.10741,44.9843]},"properties":{"depth_m":0.7,"n":1,"date":"29/07/2008"}},{"type":"Feature","geometry":{"type":"Point","coordinates":[-1.10853,44.98758]},"properties":{"depth_m":0.6,"n":1,"date":"29/07/2008"}},{"type":"Feature","geometry":{"type":"Point","coordinates":[-1.10847,44.98761]},"properties":{"depth_m":0.6,"n":1,"date":"29/07/2008"}},{"type":"Feature","geometry":{"type":"Point","coordinates":[-1.10842,44.98764]},"properties":{"depth_m":0.6,"n":1,"date":"29/07/2008"}},{"type":"Feature","geometry":{"type":"Point","coordinates":[-1.10839,44.98767]},"properties":{"depth_m":0.5,"n":1,"date":"29/07/2008"}},{"type":"Feature","geometry":{"type":"Point","coordinates":[-1.10836,44.98769]},"properties":{"depth_m":0.5,"n":1,"date":"29/07/2008"}},{"type":"Feature","geometry":{"type":"Point","coordinates":[-1.1086,44.98752]},"properties":{"depth_m":0.6,"n":1,"date":"29/07/2008"}},{"type":"Feature","geometry":{"type":"Point","coordinates":[-1.1083,44.98778]},"properties":{"depth_m":0.4,"n":1,"date":"29/07/2008"}},{"type":"Feature","geometry":{"type":"Point","coordinates":[-1.10864,44.9875]},"properties":{"depth_m":0.6,"n":1,"date":"29/07/2008"}},{"type":"Feature","geometry":{"type":"Point","coordinates":[-1.10868,44.98765]},"properties":{"depth_m":0.6,"n":1,"date":"29/07/2008"}},{"type":"Feature","geometry":{"type":"Point","coordinates":[-1.10876,44.98761]},"properties":{"depth_m":0.6,"n":1,"date":"29/07/2008"}},{"type":"Feature","geometry":{"type":"Point","coordinates":[-1.10885,44.98756]},"properties":{"depth_m":0.6,"n":1,"date":"29/07/2008"}},{"type":"Feature","geometry":{"type":"Point","coordinates":[-1.10892,44.98753]},"properties":{"depth_m":0.6,"n":1,"date":"29/07/2008"}},{"type":"Feature","geometry":{"type":"Point","coordinates":[-1.10896,44.98745]},"properties":{"depth_m":0.6,"n":1,"date":"29/07/2008"}},{"type":"Feature","geometry":{"type":"Point","coordinates":[-1.10903,44.98739]},"properties":{"depth_m":0.6,"n":1,"date":"29/07/2008"}},{"type":"Feature","geometry":{"type":"Point","coordinates":[-1.10833,44.98774]},"properties":{"depth_m":0.4,"n":1,"date":"29/07/2008"}},{"type":"Feature","geometry":{"type":"Point","coordinates":[-1.10887,44.98695]},"properties":{"depth_m":0.8,"n":1,"date":"29/07/2008"}},{"type":"Feature","geometry":{"type":"Point","coordinates":[-1.1092,44.98735]},"properties":{"depth_m":0.7,"n":1,"date":"29/07/2008"}},{"type":"Feature","geometry":{"type":"Point","coordinates":[-1.10917,44.98727]},"properties":{"depth_m":0.8,"n":1,"date":"29/07/2008"}},{"type":"Feature","geometry":{"type":"Point","coordinates":[-1.10914,44.9872]},"properties":{"depth_m":0.8,"n":1,"date":"29/07/2008"}},{"type":"Feature","geometry":{"type":"Point","coordinates":[-1.10911,44.98714]},"properties":{"depth_m":0.8,"n":1,"date":"29/07/2008"}},{"type":"Feature","geometry":{"type":"Point","coordinates":[-1.10907,44.98708]},"properties":{"depth_m":0.8,"n":1,"date":"29/07/2008"}},{"type":"Feature","geometry":{"type":"Point","coordinates":[-1.10904,44.98703]},"properties":{"depth_m":0.9,"n":1,"date":"29/07/2008"}},{"type":"Feature","geometry":{"type":"Point","coordinates":[-1.10856,44.98755]},"properties":{"depth_m":0.6,"n":1,"date":"29/07/2008"}},{"type":"Feature","geometry":{"type":"Point","coordinates":[-1.10895,44.98694]},"properties":{"depth_m":0.8,"n":1,"date":"29/07/2008"}},{"type":"Feature","geometry":{"type":"Point","coordinates":[-1.10914,44.98713]},"properties":{"depth_m":0.7,"n":1,"date":"29/07/2008"}},{"type":"Feature","geometry":{"type":"Point","coordinates":[-1.10884,44.98702]},"properties":{"depth_m":0.7,"n":1,"date":"29/07/2008"}},{"type":"Feature","geometry":{"type":"Point","coordinates":[-1.10884,44.98715]},"properties":{"depth_m":0.7,"n":1,"date":"29/07/2008"}},{"type":"Feature","geometry":{"type":"Point","coordinates":[-1.10885,44.98725]},"properties":{"depth_m":0.7,"n":1,"date":"29/07/2008"}},{"type":"Feature","geometry":{"type":"Point","coordinates":[-1.10883,44.98734]},"properties":{"depth_m":0.6,"n":1,"date":"29/07/2008"}},{"type":"Feature","geometry":{"type":"Point","coordinates":[-1.10874,44.98739]},"properties":{"depth_m":0.7,"n":1,"date":"29/07/2008"}},{"type":"Feature","geometry":{"type":"Point","coordinates":[-1.10869,44.98745]},"properties":{"depth_m":0.5,"n":1,"date":"29/07/2008"}},{"type":"Feature","geometry":{"type":"Point","coordinates":[-1.109,44.98696]},"properties":{"depth_m":0.8,"n":1,"date":"29/07/2008"}},{"type":"Feature","geometry":{"type":"Point","coordinates":[-1.10778,44.98474]},"properties":{"depth_m":0.6,"n":1,"date":"29/07/2008"}},{"type":"Feature","geometry":{"type":"Point","coordinates":[-1.10811,44.9853]},"properties":{"depth_m":0.6,"n":1,"date":"29/07/2008"}},{"type":"Feature","geometry":{"type":"Point","coordinates":[-1.10806,44.9852]},"properties":{"depth_m":0.5,"n":1,"date":"29/07/2008"}},{"type":"Feature","geometry":{"type":"Point","coordinates":[-1.10802,44.98511]},"properties":{"depth_m":0.4,"n":1,"date":"29/07/2008"}},{"type":"Feature","geometry":{"type":"Point","coordinates":[-1.10798,44.98502]},"properties":{"depth_m":0.5,"n":1,"date":"29/07/2008"}},{"type":"Feature","geometry":{"type":"Point","coordinates":[-1.10795,44.98493]},"properties":{"depth_m":0.4,"n":1,"date":"29/07/2008"}},{"type":"Feature","geometry":{"type":"Point","coordinates":[-1.10789,44.9849]},"properties":{"depth_m":0.5,"n":1,"date":"29/07/2008"}},{"type":"Feature","geometry":{"type":"Point","coordinates":[-1.10909,44.98734]},"properties":{"depth_m":0.7,"n":1,"date":"29/07/2008"}},{"type":"Feature","geometry":{"type":"Point","coordinates":[-1.10783,44.98478]},"properties":{"depth_m":0.6,"n":1,"date":"29/07/2008"}},{"type":"Feature","geometry":{"type":"Point","coordinates":[-1.10825,44.98557]},"properties":{"depth_m":0.6,"n":1,"date":"29/07/2008"}},{"type":"Feature","geometry":{"type":"Point","coordinates":[-1.10774,44.98469]},"properties":{"depth_m":0.6,"n":1,"date":"29/07/2008"}},{"type":"Feature","geometry":{"type":"Point","coordinates":[-1.10768,44.98463]},"properties":{"depth_m":0.5,"n":1,"date":"29/07/2008"}},{"type":"Feature","geometry":{"type":"Point","coordinates":[-1.10759,44.98459]},"properties":{"depth_m":0.6,"n":1,"date":"29/07/2008"}},{"type":"Feature","geometry":{"type":"Point","coordinates":[-1.10753,44.98451]},"properties":{"depth_m":0.4,"n":1,"date":"29/07/2008"}},{"type":"Feature","geometry":{"type":"Point","coordinates":[-1.10749,44.98445]},"properties":{"depth_m":0.7,"n":1,"date":"29/07/2008"}},{"type":"Feature","geometry":{"type":"Point","coordinates":[-1.10746,44.98442]},"properties":{"depth_m":0.7,"n":1,"date":"29/07/2008"}},{"type":"Feature","geometry":{"type":"Point","coordinates":[-1.10784,44.98485]},"properties":{"depth_m":0.5,"n":1,"date":"29/07/2008"}},{"type":"Feature","geometry":{"type":"Point","coordinates":[-1.10869,44.98624]},"properties":{"depth_m":0.6,"n":1,"date":"29/07/2008"}},{"type":"Feature","geometry":{"type":"Point","coordinates":[-1.10184,44.98128]},"properties":{"depth_m":1.6,"n":1,"date":"29/07/2008"}},{"type":"Feature","geometry":{"type":"Point","coordinates":[-1.10912,44.987]},"properties":{"depth_m":0.8,"n":1,"date":"29/07/2008"}},{"type":"Feature","geometry":{"type":"Point","coordinates":[-1.10908,44.98689]},"properties":{"depth_m":0.8,"n":1,"date":"29/07/2008"}},{"type":"Feature","geometry":{"type":"Point","coordinates":[-1.10902,44.98679]},"properties":{"depth_m":0.7,"n":1,"date":"29/07/2008"}},{"type":"Feature","geometry":{"type":"Point","coordinates":[-1.10895,44.98668]},"properties":{"depth_m":0.8,"n":1,"date":"29/07/2008"}},{"type":"Feature","geometry":{"type":"Point","coordinates":[-1.10888,44.98658]},"properties":{"depth_m":0.7,"n":1,"date":"29/07/2008"}},{"type":"Feature","geometry":{"type":"Point","coordinates":[-1.10815,44.98539]},"properties":{"depth_m":0.5,"n":1,"date":"29/07/2008"}},{"type":"Feature","geometry":{"type":"Point","coordinates":[-1.10876,44.98635]},"properties":{"depth_m":0.7,"n":1,"date":"29/07/2008"}},{"type":"Feature","geometry":{"type":"Point","coordinates":[-1.1082,44.98548]},"properties":{"depth_m":0.5,"n":1,"date":"29/07/2008"}},{"type":"Feature","geometry":{"type":"Point","coordinates":[-1.10863,44.98612]},"properties":{"depth_m":0.5,"n":1,"date":"29/07/2008"}},{"type":"Feature","geometry":{"type":"Point","coordinates":[-1.10857,44.98603]},"properties":{"depth_m":0.6,"n":1,"date":"29/07/2008"}},{"type":"Feature","geometry":{"type":"Point","coordinates":[-1.10847,44.98596]},"properties":{"depth_m":0.6,"n":1,"date":"29/07/2008"}},{"type":"Feature","geometry":{"type":"Point","coordinates":[-1.10841,44.98585]},"properties":{"depth_m":0.6,"n":1,"date":"29/07/2008"}},{"type":"Feature","geometry":{"type":"Point","coordinates":[-1.10835,44.98576]},"properties":{"depth_m":0.7,"n":1,"date":"29/07/2008"}},{"type":"Feature","geometry":{"type":"Point","coordinates":[-1.10829,44.98567]},"properties":{"depth_m":0.6,"n":1,"date":"29/07/2008"}},{"type":"Feature","geometry":{"type":"Point","coordinates":[-1.10914,44.98725]},"properties":{"depth_m":0.7,"n":1,"date":"29/07/2008"}},{"type":"Feature","geometry":{"type":"Point","coordinates":[-1.10882,44.98646]},"properties":{"depth_m":0.8,"n":1,"date":"29/07/2008"}},{"type":"Feature","geometry":{"type":"Point","coordinates":[-1.12218,44.95007]},"properties":{"depth_m":1.6,"n":1,"date":"29/07/2008"}},{"type":"Feature","geometry":{"type":"Point","coordinates":[-1.14422,44.98789]},"properties":{"depth_m":0.8,"n":1,"date":"29/07/2008"}},{"type":"Feature","geometry":{"type":"Point","coordinates":[-1.12138,44.95205]},"properties":{"depth_m":3.1,"n":1,"date":"29/07/2008"}},{"type":"Feature","geometry":{"type":"Point","coordinates":[-1.12147,44.95187]},"properties":{"depth_m":3.0,"n":1,"date":"29/07/2008"}},{"type":"Feature","geometry":{"type":"Point","coordinates":[-1.12155,44.95171]},"properties":{"depth_m":3.6,"n":1,"date":"29/07/2008"}},{"type":"Feature","geometry":{"type":"Point","coordinates":[-1.12162,44.95151]},"properties":{"depth_m":3.5,"n":1,"date":"29/07/2008"}},{"type":"Feature","geometry":{"type":"Point","coordinates":[-1.1217,44.95126]},"properties":{"depth_m":3.2,"n":1,"date":"29/07/2008"}},{"type":"Feature","geometry":{"type":"Point","coordinates":[-1.12175,44.95104]},"properties":{"depth_m":3.3,"n":1,"date":"29/07/2008"}},{"type":"Feature","geometry":{"type":"Point","coordinates":[-1.1218,44.95085]},"properties":{"depth_m":3.4,"n":1,"date":"29/07/2008"}},{"type":"Feature","geometry":{"type":"Point","coordinates":[-1.12184,44.95071]},"properties":{"depth_m":3.3,"n":1,"date":"29/07/2008"}},{"type":"Feature","geometry":{"type":"Point","coordinates":[-1.12185,44.95058]},"properties":{"depth_m":2.6,"n":1,"date":"29/07/2008"}},{"type":"Feature","geometry":{"type":"Point","coordinates":[-1.12186,44.95041]},"properties":{"depth_m":1.7,"n":1,"date":"29/07/2008"}},{"type":"Feature","geometry":{"type":"Point","coordinates":[-1.12467,44.95039]},"properties":{"depth_m":2.1,"n":1,"date":"29/07/2008"}},{"type":"Feature","geometry":{"type":"Point","coordinates":[-1.12203,44.95016]},"properties":{"depth_m":1.7,"n":1,"date":"29/07/2008"}},{"type":"Feature","geometry":{"type":"Point","coordinates":[-1.12113,44.95308]},"properties":{"depth_m":2.6,"n":1,"date":"29/07/2008"}},{"type":"Feature","geometry":{"type":"Point","coordinates":[-1.12235,44.95]},"properties":{"depth_m":1.7,"n":1,"date":"29/07/2008"}},{"type":"Feature","geometry":{"type":"Point","coordinates":[-1.12267,44.94994]},"properties":{"depth_m":1.8,"n":1,"date":"29/07/2008"}},{"type":"Feature","geometry":{"type":"Point","coordinates":[-1.12311,44.94998]},"properties":{"depth_m":1.8,"n":1,"date":"29/07/2008"}},{"type":"Feature","geometry":{"type":"Point","coordinates":[-1.12351,44.9501]},"properties":{"depth_m":1.9,"n":1,"date":"29/07/2008"}},{"type":"Feature","geometry":{"type":"Point","coordinates":[-1.12381,44.95021]},"properties":{"depth_m":1.9,"n":1,"date":"29/07/2008"}},{"type":"Feature","geometry":{"type":"Point","coordinates":[-1.12402,44.95029]},"properties":{"depth_m":1.9,"n":1,"date":"29/07/2008"}},{"type":"Feature","geometry":{"type":"Point","coordinates":[-1.12416,44.95034]},"properties":{"depth_m":2.0,"n":1,"date":"29/07/2008"}},{"type":"Feature","geometry":{"type":"Point","coordinates":[-1.12425,44.95037]},"properties":{"depth_m":2.0,"n":1,"date":"29/07/2008"}},{"type":"Feature","geometry":{"type":"Point","coordinates":[-1.12434,44.95037]},"properties":{"depth_m":2.0,"n":1,"date":"29/07/2008"}},{"type":"Feature","geometry":{"type":"Point","coordinates":[-1.12442,44.95038]},"properties":{"depth_m":2.0,"n":1,"date":"29/07/2008"}},{"type":"Feature","geometry":{"type":"Point","coordinates":[-1.1245,44.95039]},"properties":{"depth_m":2.1,"n":1,"date":"29/07/2008"}},{"type":"Feature","geometry":{"type":"Point","coordinates":[-1.13227,44.94399]},"properties":{"depth_m":2.0,"n":1,"date":"29/07/2008"}},{"type":"Feature","geometry":{"type":"Point","coordinates":[-1.12193,44.95027]},"properties":{"depth_m":1.6,"n":1,"date":"29/07/2008"}},{"type":"Feature","geometry":{"type":"Point","coordinates":[-1.12086,44.95507]},"properties":{"depth_m":3.4,"n":1,"date":"29/07/2008"}},{"type":"Feature","geometry":{"type":"Point","coordinates":[-1.12083,44.95792]},"properties":{"depth_m":1.6,"n":1,"date":"29/07/2008"}},{"type":"Feature","geometry":{"type":"Point","coordinates":[-1.12081,44.95779]},"properties":{"depth_m":2.3,"n":1,"date":"29/07/2008"}},{"type":"Feature","geometry":{"type":"Point","coordinates":[-1.12078,44.95764]},"properties":{"depth_m":2.9,"n":1,"date":"29/07/2008"}},{"type":"Feature","geometry":{"type":"Point","coordinates":[-1.12076,44.95749]},"properties":{"depth_m":3.6,"n":1,"date":"29/07/2008"}},{"type":"Feature","geometry":{"type":"Point","coordinates":[-1.12075,44.95725]},"properties":{"depth_m":3.0,"n":1,"date":"29/07/2008"}},{"type":"Feature","geometry":{"type":"Point","coordinates":[-1.12073,44.95699]},"properties":{"depth_m":4.0,"n":1,"date":"29/07/2008"}},{"type":"Feature","geometry":{"type":"Point","coordinates":[-1.12067,44.95673]},"properties":{"depth_m":3.9,"n":1,"date":"29/07/2008"}},{"type":"Feature","geometry":{"type":"Point","coordinates":[-1.12063,44.95647]},"properties":{"depth_m":2.1,"n":1,"date":"29/07/2008"}},{"type":"Feature","geometry":{"type":"Point","coordinates":[-1.12058,44.95624]},"properties":{"depth_m":1.4,"n":1,"date":"29/07/2008"}},{"type":"Feature","geometry":{"type":"Point","coordinates":[-1.12056,44.95606]},"properties":{"depth_m":1.1,"n":1,"date":"29/07/2008"}},{"type":"Feature","geometry":{"type":"Point","coordinates":[-1.12055,44.95588]},"properties":{"depth_m":0.9,"n":1,"date":"29/07/2008"}},{"type":"Feature","geometry":{"type":"Point","coordinates":[-1.1206,44.95567]},"properties":{"depth_m":1.1,"n":1,"date":"29/07/2008"}},{"type":"Feature","geometry":{"type":"Point","coordinates":[-1.12125,44.95243]},"properties":{"depth_m":3.7,"n":1,"date":"29/07/2008"}},{"type":"Feature","geometry":{"type":"Point","coordinates":[-1.12078,44.95523]},"properties":{"depth_m":3.0,"n":1,"date":"29/07/2008"}},{"type":"Feature","geometry":{"type":"Point","coordinates":[-1.12115,44.95284]},"properties":{"depth_m":3.7,"n":1,"date":"29/07/2008"}},{"type":"Feature","geometry":{"type":"Point","coordinates":[-1.12089,44.95491]},"properties":{"depth_m":3.2,"n":1,"date":"29/07/2008"}},{"type":"Feature","geometry":{"type":"Point","coordinates":[-1.12089,44.95478]},"properties":{"depth_m":1.7,"n":1,"date":"29/07/2008"}},{"type":"Feature","geometry":{"type":"Point","coordinates":[-1.12088,44.95466]},"properties":{"depth_m":1.3,"n":1,"date":"29/07/2008"}},{"type":"Feature","geometry":{"type":"Point","coordinates":[-1.12086,44.95452]},"properties":{"depth_m":1.2,"n":1,"date":"29/07/2008"}},{"type":"Feature","geometry":{"type":"Point","coordinates":[-1.12086,44.95437]},"properties":{"depth_m":1.0,"n":1,"date":"29/07/2008"}},{"type":"Feature","geometry":{"type":"Point","coordinates":[-1.12086,44.95426]},"properties":{"depth_m":0.8,"n":1,"date":"29/07/2008"}},{"type":"Feature","geometry":{"type":"Point","coordinates":[-1.12089,44.95414]},"properties":{"depth_m":0.7,"n":1,"date":"29/07/2008"}},{"type":"Feature","geometry":{"type":"Point","coordinates":[-1.12095,44.95396]},"properties":{"depth_m":0.9,"n":1,"date":"29/07/2008"}},{"type":"Feature","geometry":{"type":"Point","coordinates":[-1.12101,44.9538]},"properties":{"depth_m":1.7,"n":1,"date":"29/07/2008"}},{"type":"Feature","geometry":{"type":"Point","coordinates":[-1.12106,44.9536]},"properties":{"depth_m":3.0,"n":1,"date":"29/07/2008"}},{"type":"Feature","geometry":{"type":"Point","coordinates":[-1.12111,44.95334]},"properties":{"depth_m":2.8,"n":1,"date":"29/07/2008"}},{"type":"Feature","geometry":{"type":"Point","coordinates":[-1.12476,44.9504]},"properties":{"depth_m":2.1,"n":1,"date":"29/07/2008"}},{"type":"Feature","geometry":{"type":"Point","coordinates":[-1.12068,44.95543]},"properties":{"depth_m":1.5,"n":1,"date":"29/07/2008"}},{"type":"Feature","geometry":{"type":"Point","coordinates":[-1.13086,44.94724]},"properties":{"depth_m":1.7,"n":1,"date":"29/07/2008"}},{"type":"Feature","geometry":{"type":"Point","coordinates":[-1.12957,44.9503]},"properties":{"depth_m":1.2,"n":1,"date":"29/07/2008"}},{"type":"Feature","geometry":{"type":"Point","coordinates":[-1.12991,44.95015]},"properties":{"depth_m":1.0,"n":1,"date":"29/07/2008"}},{"type":"Feature","geometry":{"type":"Point","coordinates":[-1.13028,44.95002]},"properties":{"depth_m":2.0,"n":1,"date":"29/07/2008"}},{"type":"Feature","geometry":{"type":"Point","coordinates":[-1.13058,44.94991]},"properties":{"depth_m":1.9,"n":1,"date":"29/07/2008"}},{"type":"Feature","geometry":{"type":"Point","coordinates":[-1.1308,44.9497]},"properties":{"depth_m":1.0,"n":1,"date":"29/07/2008"}},{"type":"Feature","geometry":{"type":"Point","coordinates":[-1.1309,44.94944]},"properties":{"depth_m":0.9,"n":1,"date":"29/07/2008"}},{"type":"Feature","geometry":{"type":"Point","coordinates":[-1.13091,44.94919]},"properties":{"depth_m":2.0,"n":1,"date":"29/07/2008"}},{"type":"Feature","geometry":{"type":"Point","coordinates":[-1.13082,44.94899]},"properties":{"depth_m":2.1,"n":1,"date":"29/07/2008"}},{"type":"Feature","geometry":{"type":"Point","coordinates":[-1.13074,44.94883]},"properties":{"depth_m":2.5,"n":1,"date":"29/07/2008"}},{"type":"Feature","geometry":{"type":"Point","coordinates":[-1.13062,44.94858]},"properties":{"depth_m":2.5,"n":1,"date":"29/07/2008"}},{"type":"Feature","geometry":{"type":"Point","coordinates":[-1.13051,44.94827]},"properties":{"depth_m":2.5,"n":1,"date":"29/07/2008"}},{"type":"Feature","geometry":{"type":"Point","coordinates":[-1.12458,44.95039]},"properties":{"depth_m":2.0,"n":1,"date":"29/07/2008"}},{"type":"Feature","geometry":{"type":"Point","coordinates":[-1.1307,44.94759]},"properties":{"depth_m":2.0,"n":1,"date":"29/07/2008"}},{"type":"Feature","geometry":{"type":"Point","coordinates":[-1.12868,44.95059]},"properties":{"depth_m":2.2,"n":1,"date":"29/07/2008"}},{"type":"Feature","geometry":{"type":"Point","coordinates":[-1.131,44.94688]},"properties":{"depth_m":2.2,"n":1,"date":"29/07/2008"}},{"type":"Feature","geometry":{"type":"Point","coordinates":[-1.13114,44.94654]},"properties":{"depth_m":2.3,"n":1,"date":"29/07/2008"}},{"type":"Feature","geometry":{"type":"Point","coordinates":[-1.13123,44.94622]},"properties":{"depth_m":2.2,"n":1,"date":"29/07/2008"}},{"type":"Feature","geometry":{"type":"Point","coordinates":[-1.13124,44.94591]},"properties":{"depth_m":2.3,"n":1,"date":"29/07/2008"}},{"type":"Feature","geometry":{"type":"Point","coordinates":[-1.13121,44.9456]},"properties":{"depth_m":2.4,"n":1,"date":"29/07/2008"}},{"type":"Feature","geometry":{"type":"Point","coordinates":[-1.13118,44.94529]},"properties":{"depth_m":2.5,"n":1,"date":"29/07/2008"}},{"type":"Feature","geometry":{"type":"Point","coordinates":[-1.13115,44.94499]},"properties":{"depth_m":2.3,"n":1,"date":"29/07/2008"}},{"type":"Feature","geometry":{"type":"Point","coordinates":[-1.13116,44.94469]},"properties":{"depth_m":2.6,"n":1,"date":"29/07/2008"}},{"type":"Feature","geometry":{"type":"Point","coordinates":[-1.13123,44.94442]},"properties":{"depth_m":2.6,"n":1,"date":"29/07/2008"}},{"type":"Feature","geometry":{"type":"Point","coordinates":[-1.13137,44.94423]},"properties":{"depth_m":2.6,"n":1,"date":"29/07/2008"}},{"type":"Feature","geometry":{"type":"Point","coordinates":[-1.13164,44.94412]},"properties":{"depth_m":2.5,"n":1,"date":"29/07/2008"}},{"type":"Feature","geometry":{"type":"Point","coordinates":[-1.13198,44.94404]},"properties":{"depth_m":2.3,"n":1,"date":"29/07/2008"}},{"type":"Feature","geometry":{"type":"Point","coordinates":[-1.13055,44.94793]},"properties":{"depth_m":1.8,"n":1,"date":"29/07/2008"}},{"type":"Feature","geometry":{"type":"Point","coordinates":[-1.12707,44.95102]},"properties":{"depth_m":2.3,"n":1,"date":"29/07/2008"}},{"type":"Feature","geometry":{"type":"Point","coordinates":[-1.12486,44.95041]},"properties":{"depth_m":2.0,"n":1,"date":"29/07/2008"}},{"type":"Feature","geometry":{"type":"Point","coordinates":[-1.12497,44.95043]},"properties":{"depth_m":2.0,"n":1,"date":"29/07/2008"}},{"type":"Feature","geometry":{"type":"Point","coordinates":[-1.12516,44.95049]},"properties":{"depth_m":2.0,"n":1,"date":"29/07/2008"}},{"type":"Feature","geometry":{"type":"Point","coordinates":[-1.12536,44.95055]},"properties":{"depth_m":2.0,"n":1,"date":"29/07/2008"}},{"type":"Feature","geometry":{"type":"Point","coordinates":[-1.12555,44.95063]},"properties":{"depth_m":2.0,"n":1,"date":"29/07/2008"}},{"type":"Feature","geometry":{"type":"Point","coordinates":[-1.12575,44.95071]},"properties":{"depth_m":2.1,"n":1,"date":"29/07/2008"}},{"type":"Feature","geometry":{"type":"Point","coordinates":[-1.12594,44.95079]},"properties":{"depth_m":2.1,"n":1,"date":"29/07/2008"}},{"type":"Feature","geometry":{"type":"Point","coordinates":[-1.12613,44.95086]},"properties":{"depth_m":2.2,"n":1,"date":"29/07/2008"}},{"type":"Feature","geometry":{"type":"Point","coordinates":[-1.12632,44.95093]},"properties":{"depth_m":2.2,"n":1,"date":"29/07/2008"}},{"type":"Feature","geometry":{"type":"Point","coordinates":[-1.12649,44.95096]},"properties":{"depth_m":2.2,"n":1,"date":"29/07/2008"}},{"type":"Feature","geometry":{"type":"Point","coordinates":[-1.12664,44.951]},"properties":{"depth_m":2.3,"n":1,"date":"29/07/2008"}},{"type":"Feature","geometry":{"type":"Point","coordinates":[-1.12676,44.95101]},"properties":{"depth_m":2.4,"n":1,"date":"29/07/2008"}},{"type":"Feature","geometry":{"type":"Point","coordinates":[-1.12926,44.9504]},"properties":{"depth_m":1.3,"n":1,"date":"29/07/2008"}},{"type":"Feature","geometry":{"type":"Point","coordinates":[-1.12696,44.95101]},"properties":{"depth_m":2.3,"n":1,"date":"29/07/2008"}},{"type":"Feature","geometry":{"type":"Point","coordinates":[-1.12897,44.9505]},"properties":{"depth_m":1.8,"n":1,"date":"29/07/2008"}},{"type":"Feature","geometry":{"type":"Point","coordinates":[-1.12721,44.95104]},"properties":{"depth_m":2.2,"n":1,"date":"29/07/2008"}},{"type":"Feature","geometry":{"type":"Point","coordinates":[-1.12737,44.95105]},"properties":{"depth_m":2.0,"n":1,"date":"29/07/2008"}},{"type":"Feature","geometry":{"type":"Point","coordinates":[-1.12751,44.95102]},"properties":{"depth_m":2.2,"n":1,"date":"29/07/2008"}},{"type":"Feature","geometry":{"type":"Point","coordinates":[-1.12763,44.95097]},"properties":{"depth_m":2.2,"n":1,"date":"29/07/2008"}},{"type":"Feature","geometry":{"type":"Point","coordinates":[-1.12775,44.95093]},"properties":{"depth_m":2.3,"n":1,"date":"29/07/2008"}},{"type":"Feature","geometry":{"type":"Point","coordinates":[-1.12785,44.9509]},"properties":{"depth_m":2.3,"n":1,"date":"29/07/2008"}},{"type":"Feature","geometry":{"type":"Point","coordinates":[-1.12794,44.95085]},"properties":{"depth_m":2.3,"n":1,"date":"29/07/2008"}},{"type":"Feature","geometry":{"type":"Point","coordinates":[-1.12806,44.95078]},"properties":{"depth_m":2.2,"n":1,"date":"29/07/2008"}},{"type":"Feature","geometry":{"type":"Point","coordinates":[-1.1282,44.95073]},"properties":{"depth_m":2.3,"n":1,"date":"29/07/2008"}},{"type":"Feature","geometry":{"type":"Point","coordinates":[-1.12832,44.95069]},"properties":{"depth_m":2.3,"n":1,"date":"29/07/2008"}},{"type":"Feature","geometry":{"type":"Point","coordinates":[-1.12845,44.95065]},"properties":{"depth_m":1.7,"n":1,"date":"29/07/2008"}},{"type":"Feature","geometry":{"type":"Point","coordinates":[-1.12069,44.95838]},"properties":{"depth_m":3.0,"n":1,"date":"29/07/2008"}},{"type":"Feature","geometry":{"type":"Point","coordinates":[-1.12686,44.95101]},"properties":{"depth_m":2.3,"n":1,"date":"29/07/2008"}},{"type":"Feature","geometry":{"type":"Point","coordinates":[-1.10058,44.97575]},"properties":{"depth_m":2.6,"n":1,"date":"29/07/2008"}},{"type":"Feature","geometry":{"type":"Point","coordinates":[-1.09613,44.97758]},"properties":{"depth_m":1.5,"n":1,"date":"29/07/2008"}},{"type":"Feature","geometry":{"type":"Point","coordinates":[-1.09642,44.97748]},"properties":{"depth_m":1.7,"n":1,"date":"29/07/2008"}},{"type":"Feature","geometry":{"type":"Point","coordinates":[-1.09677,44.97742]},"properties":{"depth_m":1.6,"n":1,"date":"29/07/2008"}},{"type":"Feature","geometry":{"type":"Point","coordinates":[-1.09715,44.97738]},"properties":{"depth_m":2.8,"n":1,"date":"29/07/2008"}},{"type":"Feature","geometry":{"type":"Point","coordinates":[-1.09772,44.97736]},"properties":{"depth_m":2.6,"n":1,"date":"29/07/2008"}},{"type":"Feature","geometry":{"type":"Point","coordinates":[-1.09809,44.97734]},"properties":{"depth_m":3.2,"n":1,"date":"29/07/2008"}},{"type":"Feature","geometry":{"type":"Point","coordinates":[-1.09842,44.97735]},"properties":{"depth_m":3.5,"n":1,"date":"29/07/2008"}},{"type":"Feature","geometry":{"type":"Point","coordinates":[-1.09881,44.9773]},"properties":{"depth_m":3.3,"n":1,"date":"29/07/2008"}},{"type":"Feature","geometry":{"type":"Point","coordinates":[-1.09911,44.97705]},"properties":{"depth_m":4.4,"n":1,"date":"29/07/2008"}},{"type":"Feature","geometry":{"type":"Point","coordinates":[-1.0993,44.9769]},"properties":{"depth_m":2.7,"n":1,"date":"29/07/2008"}},{"type":"Feature","geometry":{"type":"Point","coordinates":[-1.0995,44.97673]},"properties":{"depth_m":2.6,"n":1,"date":"29/07/2008"}},{"type":"Feature","geometry":{"type":"Point","coordinates":[-1.12083,44.95805]},"properties":{"depth_m":1.8,"n":1,"date":"29/07/2008"}},{"type":"Feature","geometry":{"type":"Point","coordinates":[-1.10021,44.97608]},"properties":{"depth_m":1.8,"n":1,"date":"29/07/2008"}},{"type":"Feature","geometry":{"type":"Point","coordinates":[-1.09547,44.97807]},"properties":{"depth_m":2.1,"n":1,"date":"29/07/2008"}},{"type":"Feature","geometry":{"type":"Point","coordinates":[-1.10096,44.97538]},"properties":{"depth_m":2.4,"n":1,"date":"29/07/2008"}},{"type":"Feature","geometry":{"type":"Point","coordinates":[-1.1012,44.97503]},"properties":{"depth_m":1.6,"n":1,"date":"29/07/2008"}},{"type":"Feature","geometry":{"type":"Point","coordinates":[-1.10141,44.97468]},"properties":{"depth_m":1.9,"n":1,"date":"29/07/2008"}},{"type":"Feature","geometry":{"type":"Point","coordinates":[-1.10164,44.97434]},"properties":{"depth_m":1.8,"n":1,"date":"29/07/2008"}},{"type":"Feature","geometry":{"type":"Point","coordinates":[-1.10189,44.97399]},"properties":{"depth_m":2.4,"n":1,"date":"29/07/2008"}},{"type":"Feature","geometry":{"type":"Point","coordinates":[-1.10216,44.97366]},"properties":{"depth_m":1.4,"n":1,"date":"29/07/2008"}},{"type":"Feature","geometry":{"type":"Point","coordinates":[-1.10245,44.97334]},"properties":{"depth_m":1.4,"n":1,"date":"29/07/2008"}},{"type":"Feature","geometry":{"type":"Point","coordinates":[-1.10278,44.97297]},"properties":{"depth_m":1.4,"n":1,"date":"29/07/2008"}},{"type":"Feature","geometry":{"type":"Point","coordinates":[-1.10304,44.97273]},"properties":{"depth_m":1.2,"n":1,"date":"29/07/2008"}},{"type":"Feature","geometry":{"type":"Point","coordinates":[-1.10329,44.97249]},"properties":{"depth_m":0.9,"n":1,"date":"29/07/2008"}},{"type":"Feature","geometry":{"type":"Point","coordinates":[-1.1037,44.97217]},"properties":{"depth_m":0.7,"n":1,"date":"29/07/2008"}},{"type":"Feature","geometry":{"type":"Point","coordinates":[-1.10407,44.97183]},"properties":{"depth_m":0.8,"n":1,"date":"29/07/2008"}},{"type":"Feature","geometry":{"type":"Point","coordinates":[-1.09979,44.97647]},"properties":{"depth_m":1.6,"n":1,"date":"29/07/2008"}},{"type":"Feature","geometry":{"type":"Point","coordinates":[-1.09401,44.97858]},"properties":{"depth_m":2.0,"n":1,"date":"29/07/2008"}},{"type":"Feature","geometry":{"type":"Point","coordinates":[-1.11724,44.94175]},"properties":{"depth_m":0.4,"n":1,"date":"29/07/2008"}},{"type":"Feature","geometry":{"type":"Point","coordinates":[-1.12131,44.95224]},"properties":{"depth_m":3.3,"n":1,"date":"29/07/2008"}},{"type":"Feature","geometry":{"type":"Point","coordinates":[-1.09399,44.97876]},"properties":{"depth_m":0.8,"n":1,"date":"29/07/2008"}},{"type":"Feature","geometry":{"type":"Point","coordinates":[-1.09398,44.97873]},"properties":{"depth_m":1.0,"n":1,"date":"29/07/2008"}},{"type":"Feature","geometry":{"type":"Point","coordinates":[-1.09397,44.97873]},"properties":{"depth_m":1.0,"n":1,"date":"29/07/2008"}},{"type":"Feature","geometry":{"type":"Point","coordinates":[-1.09397,44.97871]},"properties":{"depth_m":1.4,"n":1,"date":"29/07/2008"}},{"type":"Feature","geometry":{"type":"Point","coordinates":[-1.09582,44.97779]},"properties":{"depth_m":1.6,"n":1,"date":"29/07/2008"}},{"type":"Feature","geometry":{"type":"Point","coordinates":[-1.09398,44.97864]},"properties":{"depth_m":1.8,"n":1,"date":"29/07/2008"}},{"type":"Feature","geometry":{"type":"Point","coordinates":[-1.09558,44.97798]},"properties":{"depth_m":2.1,"n":1,"date":"29/07/2008"}},{"type":"Feature","geometry":{"type":"Point","coordinates":[-1.09405,44.97852]},"properties":{"depth_m":1.9,"n":1,"date":"29/07/2008"}},{"type":"Feature","geometry":{"type":"Point","coordinates":[-1.0941,44.97846]},"properties":{"depth_m":1.8,"n":1,"date":"29/07/2008"}},{"type":"Feature","geometry":{"type":"Point","coordinates":[-1.09415,44.97839]},"properties":{"depth_m":1.5,"n":1,"date":"29/07/2008"}},{"type":"Feature","geometry":{"type":"Point","coordinates":[-1.09424,44.9783]},"properties":{"depth_m":1.3,"n":1,"date":"29/07/2008"}},{"type":"Feature","geometry":{"type":"Point","coordinates":[-1.09439,44.97829]},"properties":{"depth_m":1.3,"n":1,"date":"29/07/2008"}},{"type":"Feature","geometry":{"type":"Point","coordinates":[-1.09455,44.97828]},"properties":{"depth_m":1.2,"n":1,"date":"29/07/2008"}},{"type":"Feature","geometry":{"type":"Point","coordinates":[-1.09472,44.97826]},"properties":{"depth_m":1.3,"n":1,"date":"29/07/2008"}},{"type":"Feature","geometry":{"type":"Point","coordinates":[-1.0949,44.97829]},"properties":{"depth_m":1.3,"n":1,"date":"29/07/2008"}},{"type":"Feature","geometry":{"type":"Point","coordinates":[-1.09507,44.97831]},"properties":{"depth_m":1.3,"n":1,"date":"29/07/2008"}},{"type":"Feature","geometry":{"type":"Point","coordinates":[-1.09521,44.97825]},"properties":{"depth_m":1.5,"n":1,"date":"29/07/2008"}},{"type":"Feature","geometry":{"type":"Point","coordinates":[-1.09534,44.97816]},"properties":{"depth_m":2.1,"n":1,"date":"29/07/2008"}},{"type":"Feature","geometry":{"type":"Point","coordinates":[-1.10494,44.97091]},"properties":{"depth_m":1.1,"n":1,"date":"29/07/2008"}},{"type":"Feature","geometry":{"type":"Point","coordinates":[-1.09397,44.97868]},"properties":{"depth_m":1.4,"n":1,"date":"29/07/2008"}},{"type":"Feature","geometry":{"type":"Point","coordinates":[-1.1175,44.96176]},"properties":{"depth_m":5.2,"n":1,"date":"29/07/2008"}},{"type":"Feature","geometry":{"type":"Point","coordinates":[-1.10443,44.97153]},"properties":{"depth_m":0.8,"n":1,"date":"29/07/2008"}},{"type":"Feature","geometry":{"type":"Point","coordinates":[-1.11392,44.96383]},"properties":{"depth_m":5.0,"n":1,"date":"29/07/2008"}},{"type":"Feature","geometry":{"type":"Point","coordinates":[-1.11432,44.96365]},"properties":{"depth_m":4.8,"n":1,"date":"29/07/2008"}},{"type":"Feature","geometry":{"type":"Point","coordinates":[-1.11471,44.96354]},"properties":{"depth_m":4.6,"n":1,"date":"29/07/2008"}},{"type":"Feature","geometry":{"type":"Point","coordinates":[-1.11514,44.96346]},"properties":{"depth_m":4.4,"n":1,"date":"29/07/2008"}},{"type":"Feature","geometry":{"type":"Point","coordinates":[-1.11548,44.96336]},"properties":{"depth_m":4.4,"n":1,"date":"29/07/2008"}},{"type":"Feature","geometry":{"type":"Point","coordinates":[-1.11585,44.9632]},"properties":{"depth_m":4.5,"n":1,"date":"29/07/2008"}},{"type":"Feature","geometry":{"type":"Point","coordinates":[-1.11607,44.96303]},"properties":{"depth_m":5.1,"n":1,"date":"29/07/2008"}},{"type":"Feature","geometry":{"type":"Point","coordinates":[-1.11624,44.96281]},"properties":{"depth_m":5.4,"n":1,"date":"29/07/2008"}},{"type":"Feature","geometry":{"type":"Point","coordinates":[-1.11644,44.96262]},"properties":{"depth_m":5.3,"n":1,"date":"29/07/2008"}},{"type":"Feature","geometry":{"type":"Point","coordinates":[-1.11661,44.9625]},"properties":{"depth_m":4.9,"n":1,"date":"29/07/2008"}},{"type":"Feature","geometry":{"type":"Point","coordinates":[-1.11685,44.96229]},"properties":{"depth_m":4.4,"n":1,"date":"29/07/2008"}},{"type":"Feature","geometry":{"type":"Point","coordinates":[-1.11338,44.9641]},"properties":{"depth_m":3.9,"n":1,"date":"29/07/2008"}},{"type":"Feature","geometry":{"type":"Point","coordinates":[-1.11726,44.96194]},"properties":{"depth_m":4.4,"n":1,"date":"29/07/2008"}},{"type":"Feature","geometry":{"type":"Point","coordinates":[-1.11309,44.96427]},"properties":{"depth_m":4.1,"n":1,"date":"29/07/2008"}},{"type":"Feature","geometry":{"type":"Point","coordinates":[-1.1177,44.96155]},"properties":{"depth_m":5.5,"n":1,"date":"29/07/2008"}},{"type":"Feature","geometry":{"type":"Point","coordinates":[-1.11799,44.96126]},"properties":{"depth_m":5.8,"n":1,"date":"29/07/2008"}},{"type":"Feature","geometry":{"type":"Point","coordinates":[-1.11829,44.96097]},"properties":{"depth_m":6.0,"n":1,"date":"29/07/2008"}},{"type":"Feature","geometry":{"type":"Point","coordinates":[-1.11862,44.96069]},"properties":{"depth_m":5.5,"n":1,"date":"29/07/2008"}},{"type":"Feature","geometry":{"type":"Point","coordinates":[-1.11887,44.96043]},"properties":{"depth_m":5.0,"n":1,"date":"29/07/2008"}},{"type":"Feature","geometry":{"type":"Point","coordinates":[-1.11901,44.96021]},"properties":{"depth_m":4.7,"n":1,"date":"29/07/2008"}},{"type":"Feature","geometry":{"type":"Point","coordinates":[-1.11927,44.95997]},"properties":{"depth_m":4.6,"n":1,"date":"29/07/2008"}},{"type":"Feature","geometry":{"type":"Point","coordinates":[-1.11951,44.95972]},"properties":{"depth_m":4.7,"n":1,"date":"29/07/2008"}},{"type":"Feature","geometry":{"type":"Point","coordinates":[-1.11987,44.95933]},"properties":{"depth_m":4.6,"n":1,"date":"29/07/2008"}},{"type":"Feature","geometry":{"type":"Point","coordinates":[-1.12016,44.95896]},"properties":{"depth_m":3.9,"n":1,"date":"29/07/2008"}},{"type":"Feature","geometry":{"type":"Point","coordinates":[-1.12047,44.95863]},"properties":{"depth_m":3.9,"n":1,"date":"29/07/2008"}},{"type":"Feature","geometry":{"type":"Point","coordinates":[-1.09593,44.97769]},"properties":{"depth_m":1.4,"n":1,"date":"29/07/2008"}},{"type":"Feature","geometry":{"type":"Point","coordinates":[-1.11709,44.96208]},"properties":{"depth_m":4.1,"n":1,"date":"29/07/2008"}},{"type":"Feature","geometry":{"type":"Point","coordinates":[-1.10929,44.96767]},"properties":{"depth_m":2.3,"n":1,"date":"29/07/2008"}},{"type":"Feature","geometry":{"type":"Point","coordinates":[-1.12079,44.95818]},"properties":{"depth_m":2.1,"n":1,"date":"29/07/2008"}},{"type":"Feature","geometry":{"type":"Point","coordinates":[-1.10528,44.9706]},"properties":{"depth_m":2.1,"n":1,"date":"29/07/2008"}},{"type":"Feature","geometry":{"type":"Point","coordinates":[-1.10559,44.97036]},"properties":{"depth_m":2.1,"n":1,"date":"29/07/2008"}},{"type":"Feature","geometry":{"type":"Point","coordinates":[-1.10592,44.97015]},"properties":{"depth_m":1.3,"n":1,"date":"29/07/2008"}},{"type":"Feature","geometry":{"type":"Point","coordinates":[-1.10626,44.96991]},"properties":{"depth_m":2.3,"n":1,"date":"29/07/2008"}},{"type":"Feature","geometry":{"type":"Point","coordinates":[-1.10661,44.96969]},"properties":{"depth_m":2.0,"n":1,"date":"29/07/2008"}},{"type":"Feature","geometry":{"type":"Point","coordinates":[-1.1069,44.96953]},"properties":{"depth_m":2.4,"n":1,"date":"29/07/2008"}},{"type":"Feature","geometry":{"type":"Point","coordinates":[-1.10728,44.96931]},"properties":{"depth_m":2.4,"n":1,"date":"29/07/2008"}},{"type":"Feature","geometry":{"type":"Point","coordinates":[-1.10761,44.96905]},"properties":{"depth_m":2.5,"n":1,"date":"29/07/2008"}},{"type":"Feature","geometry":{"type":"Point","coordinates":[-1.10795,44.96881]},"properties":{"depth_m":2.2,"n":1,"date":"29/07/2008"}},{"type":"Feature","geometry":{"type":"Point","coordinates":[-1.10827,44.96858]},"properties":{"depth_m":1.7,"n":1,"date":"29/07/2008"}},{"type":"Feature","geometry":{"type":"Point","coordinates":[-1.10845,44.96843]},"properties":{"depth_m":2.3,"n":1,"date":"29/07/2008"}},{"type":"Feature","geometry":{"type":"Point","coordinates":[-1.11365,44.96397]},"properties":{"depth_m":4.5,"n":1,"date":"29/07/2008"}},{"type":"Feature","geometry":{"type":"Point","coordinates":[-1.10899,44.96792]},"properties":{"depth_m":2.6,"n":1,"date":"29/07/2008"}},{"type":"Feature","geometry":{"type":"Point","coordinates":[-1.10468,44.97122]},"properties":{"depth_m":1.2,"n":1,"date":"29/07/2008"}},{"type":"Feature","geometry":{"type":"Point","coordinates":[-1.10956,44.9674]},"properties":{"depth_m":2.6,"n":1,"date":"29/07/2008"}},{"type":"Feature","geometry":{"type":"Point","coordinates":[-1.10993,44.9671]},"properties":{"depth_m":3.1,"n":1,"date":"29/07/2008"}},{"type":"Feature","geometry":{"type":"Point","coordinates":[-1.11018,44.96687]},"properties":{"depth_m":2.9,"n":1,"date":"29/07/2008"}},{"type":"Feature","geometry":{"type":"Point","coordinates":[-1.11053,44.9666]},"properties":{"depth_m":2.8,"n":1,"date":"29/07/2008"}},{"type":"Feature","geometry":{"type":"Point","coordinates":[-1.11084,44.96631]},"properties":{"depth_m":2.9,"n":1,"date":"29/07/2008"}},{"type":"Feature","geometry":{"type":"Point","coordinates":[-1.1111,44.96602]},"properties":{"depth_m":3.1,"n":1,"date":"29/07/2008"}},{"type":"Feature","geometry":{"type":"Point","coordinates":[-1.11134,44.96577]},"properties":{"depth_m":2.1,"n":1,"date":"29/07/2008"}},{"type":"Feature","geometry":{"type":"Point","coordinates":[-1.1116,44.96551]},"properties":{"depth_m":2.8,"n":1,"date":"29/07/2008"}},{"type":"Feature","geometry":{"type":"Point","coordinates":[-1.11184,44.96527]},"properties":{"depth_m":3.6,"n":1,"date":"29/07/2008"}},{"type":"Feature","geometry":{"type":"Point","coordinates":[-1.11213,44.96504]},"properties":{"depth_m":4.1,"n":1,"date":"29/07/2008"}},{"type":"Feature","geometry":{"type":"Point","coordinates":[-1.11243,44.9648]},"properties":{"depth_m":4.3,"n":1,"date":"29/07/2008"}},{"type":"Feature","geometry":{"type":"Point","coordinates":[-1.11274,44.96451]},"properties":{"depth_m":3.9,"n":1,"date":"29/07/2008"}},{"type":"Feature","geometry":{"type":"Point","coordinates":[-1.10871,44.96819]},"properties":{"depth_m":2.7,"n":1,"date":"29/07/2008"}},{"type":"Feature","geometry":{"type":"Point","coordinates":[-1.1211,44.93676]},"properties":{"depth_m":0.6,"n":1,"date":"29/07/2008"}},{"type":"Feature","geometry":{"type":"Point","coordinates":[-1.12271,44.93704]},"properties":{"depth_m":0.5,"n":1,"date":"29/07/2008"}},{"type":"Feature","geometry":{"type":"Point","coordinates":[-1.12257,44.93703]},"properties":{"depth_m":0.6,"n":1,"date":"29/07/2008"}},{"type":"Feature","geometry":{"type":"Point","coordinates":[-1.12243,44.93702]},"properties":{"depth_m":0.5,"n":1,"date":"29/07/2008"}},{"type":"Feature","geometry":{"type":"Point","coordinates":[-1.12228,44.937]},"properties":{"depth_m":0.5,"n":1,"date":"29/07/2008"}},{"type":"Feature","geometry":{"type":"Point","coordinates":[-1.12215,44.93698]},"properties":{"depth_m":0.6,"n":1,"date":"29/07/2008"}},{"type":"Feature","geometry":{"type":"Point","coordinates":[-1.12201,44.93695]},"properties":{"depth_m":0.6,"n":1,"date":"29/07/2008"}},{"type":"Feature","geometry":{"type":"Point","coordinates":[-1.12189,44.93692]},"properties":{"depth_m":0.5,"n":1,"date":"29/07/2008"}},{"type":"Feature","geometry":{"type":"Point","coordinates":[-1.12178,44.93687]},"properties":{"depth_m":0.4,"n":1,"date":"29/07/2008"}},{"type":"Feature","geometry":{"type":"Point","coordinates":[-1.12169,44.93682]},"properties":{"depth_m":0.4,"n":1,"date":"29/07/2008"}},{"type":"Feature","geometry":{"type":"Point","coordinates":[-1.12159,44.93677]},"properties":{"depth_m":0.6,"n":1,"date":"29/07/2008"}},{"type":"Feature","geometry":{"type":"Point","coordinates":[-1.12146,44.93673]},"properties":{"depth_m":0.6,"n":1,"date":"29/07/2008"}},{"type":"Feature","geometry":{"type":"Point","coordinates":[-1.12023,44.93789]},"properties":{"depth_m":0.5,"n":1,"date":"29/07/2008"}},{"type":"Feature","geometry":{"type":"Point","coordinates":[-1.12121,44.93673]},"properties":{"depth_m":0.5,"n":1,"date":"29/07/2008"}},{"type":"Feature","geometry":{"type":"Point","coordinates":[-1.12313,44.93703]},"properties":{"depth_m":0.7,"n":1,"date":"29/07/2008"}},{"type":"Feature","geometry":{"type":"Point","coordinates":[-1.12101,44.93682]},"properties":{"depth_m":0.5,"n":1,"date":"29/07/2008"}},{"type":"Feature","geometry":{"type":"Point","coordinates":[-1.12093,44.93688]},"properties":{"depth_m":0.5,"n":1,"date":"29/07/2008"}},{"type":"Feature","geometry":{"type":"Point","coordinates":[-1.12084,44.93694]},"properties":{"depth_m":0.5,"n":1,"date":"29/07/2008"}},{"type":"Feature","geometry":{"type":"Point","coordinates":[-1.12075,44.93701]},"properties":{"depth_m":0.5,"n":1,"date":"29/07/2008"}},{"type":"Feature","geometry":{"type":"Point","coordinates":[-1.12066,44.93707]},"properties":{"depth_m":0.5,"n":1,"date":"29/07/2008"}},{"type":"Feature","geometry":{"type":"Point","coordinates":[-1.12059,44.93715]},"properties":{"depth_m":0.5,"n":1,"date":"29/07/2008"}},{"type":"Feature","geometry":{"type":"Point","coordinates":[-1.12055,44.93724]},"properties":{"depth_m":0.5,"n":1,"date":"29/07/2008"}},{"type":"Feature","geometry":{"type":"Point","coordinates":[-1.12039,44.93749]},"properties":{"depth_m":0.5,"n":1,"date":"29/07/2008"}},{"type":"Feature","geometry":{"type":"Point","coordinates":[-1.12035,44.93757]},"properties":{"depth_m":0.4,"n":1,"date":"29/07/2008"}},{"type":"Feature","geometry":{"type":"Point","coordinates":[-1.12032,44.93765]},"properties":{"depth_m":0.4,"n":1,"date":"29/07/2008"}},{"type":"Feature","geometry":{"type":"Point","coordinates":[-1.12029,44.93773]},"properties":{"depth_m":0.4,"n":1,"date":"29/07/2008"}},{"type":"Feature","geometry":{"type":"Point","coordinates":[-1.12374,44.93654]},"properties":{"depth_m":1.0,"n":1,"date":"29/07/2008"}},{"type":"Feature","geometry":{"type":"Point","coordinates":[-1.12133,44.93673]},"properties":{"depth_m":0.5,"n":1,"date":"29/07/2008"}},{"type":"Feature","geometry":{"type":"Point","coordinates":[-1.12371,44.93605]},"properties":{"depth_m":1.2,"n":1,"date":"29/07/2008"}},{"type":"Feature","geometry":{"type":"Point","coordinates":[-1.1237,44.93644]},"properties":{"depth_m":1.2,"n":1,"date":"29/07/2008"}},{"type":"Feature","geometry":{"type":"Point","coordinates":[-1.12368,44.93632]},"properties":{"depth_m":1.2,"n":1,"date":"29/07/2008"}},{"type":"Feature","geometry":{"type":"Point","coordinates":[-1.12366,44.93621]},"properties":{"depth_m":1.2,"n":1,"date":"29/07/2008"}},{"type":"Feature","geometry":{"type":"Point","coordinates":[-1.12362,44.9361]},"properties":{"depth_m":1.1,"n":1,"date":"29/07/2008"}},{"type":"Feature","geometry":{"type":"Point","coordinates":[-1.12358,44.93599]},"properties":{"depth_m":1.1,"n":1,"date":"29/07/2008"}},{"type":"Feature","geometry":{"type":"Point","coordinates":[-1.12351,44.93589]},"properties":{"depth_m":1.2,"n":1,"date":"29/07/2008"}},{"type":"Feature","geometry":{"type":"Point","coordinates":[-1.12349,44.93579]},"properties":{"depth_m":0.8,"n":1,"date":"29/07/2008"}},{"type":"Feature","geometry":{"type":"Point","coordinates":[-1.12344,44.93569]},"properties":{"depth_m":0.9,"n":1,"date":"29/07/2008"}},{"type":"Feature","geometry":{"type":"Point","coordinates":[-1.12345,44.93559]},"properties":{"depth_m":0.8,"n":1,"date":"29/07/2008"}},{"type":"Feature","geometry":{"type":"Point","coordinates":[-1.12357,44.93556]},"properties":{"depth_m":1.1,"n":1,"date":"29/07/2008"}},{"type":"Feature","geometry":{"type":"Point","coordinates":[-1.12368,44.93563]},"properties":{"depth_m":1.1,"n":1,"date":"29/07/2008"}},{"type":"Feature","geometry":{"type":"Point","coordinates":[-1.1237,44.93574]},"properties":{"depth_m":1.1,"n":1,"date":"29/07/2008"}},{"type":"Feature","geometry":{"type":"Point","coordinates":[-1.12285,44.93705]},"properties":{"depth_m":0.5,"n":1,"date":"29/07/2008"}},{"type":"Feature","geometry":{"type":"Point","coordinates":[-1.12368,44.93595]},"properties":{"depth_m":1.2,"n":1,"date":"29/07/2008"}},{"type":"Feature","geometry":{"type":"Point","coordinates":[-1.12298,44.93705]},"properties":{"depth_m":0.7,"n":1,"date":"29/07/2008"}},{"type":"Feature","geometry":{"type":"Point","coordinates":[-1.12369,44.93616]},"properties":{"depth_m":1.1,"n":1,"date":"29/07/2008"}},{"type":"Feature","geometry":{"type":"Point","coordinates":[-1.12364,44.93626]},"properties":{"depth_m":1.2,"n":1,"date":"29/07/2008"}},{"type":"Feature","geometry":{"type":"Point","coordinates":[-1.12361,44.93637]},"properties":{"depth_m":1.3,"n":1,"date":"29/07/2008"}},{"type":"Feature","geometry":{"type":"Point","coordinates":[-1.12365,44.93648]},"properties":{"depth_m":1.2,"n":1,"date":"29/07/2008"}},{"type":"Feature","geometry":{"type":"Point","coordinates":[-1.12369,44.93659]},"properties":{"depth_m":1.0,"n":1,"date":"29/07/2008"}},{"type":"Feature","geometry":{"type":"Point","coordinates":[-1.12369,44.93669]},"properties":{"depth_m":0.8,"n":1,"date":"29/07/2008"}},{"type":"Feature","geometry":{"type":"Point","coordinates":[-1.12368,44.93678]},"properties":{"depth_m":0.8,"n":1,"date":"29/07/2008"}},{"type":"Feature","geometry":{"type":"Point","coordinates":[-1.12364,44.93687]},"properties":{"depth_m":0.7,"n":1,"date":"29/07/2008"}},{"type":"Feature","geometry":{"type":"Point","coordinates":[-1.12353,44.93694]},"properties":{"depth_m":0.7,"n":1,"date":"29/07/2008"}},{"type":"Feature","geometry":{"type":"Point","coordinates":[-1.1234,44.93698]},"properties":{"depth_m":0.8,"n":1,"date":"29/07/2008"}},{"type":"Feature","geometry":{"type":"Point","coordinates":[-1.12326,44.93701]},"properties":{"depth_m":0.7,"n":1,"date":"29/07/2008"}},{"type":"Feature","geometry":{"type":"Point","coordinates":[-1.12021,44.93797]},"properties":{"depth_m":0.4,"n":1,"date":"29/07/2008"}},{"type":"Feature","geometry":{"type":"Point","coordinates":[-1.1237,44.93584]},"properties":{"depth_m":1.2,"n":1,"date":"29/07/2008"}},{"type":"Feature","geometry":{"type":"Point","coordinates":[-1.11788,44.94126]},"properties":{"depth_m":0.4,"n":1,"date":"29/07/2008"}},{"type":"Feature","geometry":{"type":"Point","coordinates":[-1.11927,44.94046]},"properties":{"depth_m":0.6,"n":1,"date":"29/07/2008"}},{"type":"Feature","geometry":{"type":"Point","coordinates":[-1.11923,44.94054]},"properties":{"depth_m":0.5,"n":1,"date":"29/07/2008"}},{"type":"Feature","geometry":{"type":"Point","coordinates":[-1.11916,44.94061]},"properties":{"depth_m":0.5,"n":1,"date":"29/07/2008"}},{"type":"Feature","geometry":{"type":"Point","coordinates":[-1.11906,44.94067]},"properties":{"depth_m":0.5,"n":1,"date":"29/07/2008"}},{"type":"Feature","geometry":{"type":"Point","coordinates":[-1.11897,44.94072]},"properties":{"depth_m":0.5,"n":1,"date":"29/07/2008"}},{"type":"Feature","geometry":{"type":"Point","coordinates":[-1.11888,44.94078]},"properties":{"depth_m":0.5,"n":1,"date":"29/07/2008"}},{"type":"Feature","geometry":{"type":"Point","coordinates":[-1.11879,44.94084]},"properties":{"depth_m":0.5,"n":1,"date":"29/07/2008"}},{"type":"Feature","geometry":{"type":"Point","coordinates":[-1.1187,44.9409]},"properties":{"depth_m":0.5,"n":1,"date":"29/07/2008"}},{"type":"Feature","geometry":{"type":"Point","coordinates":[-1.11862,44.94096]},"properties":{"depth_m":0.5,"n":1,"date":"29/07/2008"}},{"type":"Feature","geometry":{"type":"Point","coordinates":[-1.11844,44.94106]},"properties":{"depth_m":0.4,"n":1,"date":"29/07/2008"}},{"type":"Feature","geometry":{"type":"Point","coordinates":[-1.11823,44.94114]},"properties":{"depth_m":0.5,"n":1,"date":"29/07/2008"}},{"type":"Feature","geometry":{"type":"Point","coordinates":[-1.12027,44.93781]},"properties":{"depth_m":0.5,"n":1,"date":"29/07/2008"}},{"type":"Feature","geometry":{"type":"Point","coordinates":[-1.11796,44.94124]},"properties":{"depth_m":0.7,"n":1,"date":"29/07/2008"}},{"type":"Feature","geometry":{"type":"Point","coordinates":[-1.11935,44.94019]},"properties":{"depth_m":0.6,"n":1,"date":"29/07/2008"}},{"type":"Feature","geometry":{"type":"Point","coordinates":[-1.11779,44.94128]},"properties":{"depth_m":0.4,"n":1,"date":"29/07/2008"}},{"type":"Feature","geometry":{"type":"Point","coordinates":[-1.11772,44.94132]},"properties":{"depth_m":0.4,"n":1,"date":"29/07/2008"}},{"type":"Feature","geometry":{"type":"Point","coordinates":[-1.11764,44.94136]},"properties":{"depth_m":0.4,"n":1,"date":"29/07/2008"}},{"type":"Feature","geometry":{"type":"Point","coordinates":[-1.11756,44.94141]},"properties":{"depth_m":0.8,"n":1,"date":"29/07/2008"}},{"type":"Feature","geometry":{"type":"Point","coordinates":[-1.11748,44.94145]},"properties":{"depth_m":0.8,"n":1,"date":"29/07/2008"}},{"type":"Feature","geometry":{"type":"Point","coordinates":[-1.1174,44.94149]},"properties":{"depth_m":0.7,"n":1,"date":"29/07/2008"}},{"type":"Feature","geometry":{"type":"Point","coordinates":[-1.11733,44.94153]},"properties":{"depth_m":0.7,"n":1,"date":"29/07/2008"}},{"type":"Feature","geometry":{"type":"Point","coordinates":[-1.11728,44.94159]},"properties":{"depth_m":0.7,"n":1,"date":"29/07/2008"}},{"type":"Feature","geometry":{"type":"Point","coordinates":[-1.1325,44.94397]},"properties":{"depth_m":1.8,"n":1,"date":"29/07/2008"}},{"type":"Feature","geometry":{"type":"Point","coordinates":[-1.09571,44.97788]},"properties":{"depth_m":2.0,"n":1,"date":"29/07/2008"}},{"type":"Feature","geometry":{"type":"Point","coordinates":[-1.11723,44.94164]},"properties":{"depth_m":0.7,"n":1,"date":"29/07/2008"}},{"type":"Feature","geometry":{"type":"Point","coordinates":[-1.11721,44.9417]},"properties":{"depth_m":0.7,"n":1,"date":"29/07/2008"}},{"type":"Feature","geometry":{"type":"Point","coordinates":[-1.11812,44.94118]},"properties":{"depth_m":0.4,"n":1,"date":"29/07/2008"}},{"type":"Feature","geometry":{"type":"Point","coordinates":[-1.11959,44.93919]},"properties":{"depth_m":0.4,"n":1,"date":"29/07/2008"}},{"type":"Feature","geometry":{"type":"Point","coordinates":[-1.12017,44.93805]},"properties":{"depth_m":0.4,"n":1,"date":"29/07/2008"}},{"type":"Feature","geometry":{"type":"Point","coordinates":[-1.12012,44.93813]},"properties":{"depth_m":0.5,"n":1,"date":"29/07/2008"}},{"type":"Feature","geometry":{"type":"Point","coordinates":[-1.12008,44.93821]},"properties":{"depth_m":0.5,"n":1,"date":"29/07/2008"}},{"type":"Feature","geometry":{"type":"Point","coordinates":[-1.12006,44.9383]},"properties":{"depth_m":0.5,"n":1,"date":"29/07/2008"}},{"type":"Feature","geometry":{"type":"Point","coordinates":[-1.12003,44.93838]},"properties":{"depth_m":0.5,"n":1,"date":"29/07/2008"}},{"type":"Feature","geometry":{"type":"Point","coordinates":[-1.11998,44.93846]},"properties":{"depth_m":0.5,"n":1,"date":"29/07/2008"}},{"type":"Feature","geometry":{"type":"Point","coordinates":[-1.11993,44.93855]},"properties":{"depth_m":0.5,"n":1,"date":"29/07/2008"}},{"type":"Feature","geometry":{"type":"Point","coordinates":[-1.11988,44.93863]},"properties":{"depth_m":0.4,"n":1,"date":"29/07/2008"}},{"type":"Feature","geometry":{"type":"Point","coordinates":[-1.11982,44.93871]},"properties":{"depth_m":0.4,"n":1,"date":"29/07/2008"}},{"type":"Feature","geometry":{"type":"Point","coordinates":[-1.11976,44.93878]},"properties":{"depth_m":0.5,"n":1,"date":"29/07/2008"}},{"type":"Feature","geometry":{"type":"Point","coordinates":[-1.1197,44.93886]},"properties":{"depth_m":0.4,"n":1,"date":"29/07/2008"}},{"type":"Feature","geometry":{"type":"Point","coordinates":[-1.11966,44.93894]},"properties":{"depth_m":0.4,"n":1,"date":"29/07/2008"}},{"type":"Feature","geometry":{"type":"Point","coordinates":[-1.11929,44.94037]},"properties":{"depth_m":0.5,"n":1,"date":"29/07/2008"}},{"type":"Feature","geometry":{"type":"Point","coordinates":[-1.11961,44.93911]},"properties":{"depth_m":0.5,"n":1,"date":"29/07/2008"}},{"type":"Feature","geometry":{"type":"Point","coordinates":[-1.11932,44.94028]},"properties":{"depth_m":0.6,"n":1,"date":"29/07/2008"}},{"type":"Feature","geometry":{"type":"Point","coordinates":[-1.11956,44.93927]},"properties":{"depth_m":0.4,"n":1,"date":"29/07/2008"}},{"type":"Feature","geometry":{"type":"Point","coordinates":[-1.11954,44.93936]},"properties":{"depth_m":0.4,"n":1,"date":"29/07/2008"}},{"type":"Feature","geometry":{"type":"Point","coordinates":[-1.11951,44.93944]},"properties":{"depth_m":0.4,"n":1,"date":"29/07/2008"}},{"type":"Feature","geometry":{"type":"Point","coordinates":[-1.1195,44.93952]},"properties":{"depth_m":0.4,"n":1,"date":"29/07/2008"}},{"type":"Feature","geometry":{"type":"Point","coordinates":[-1.11947,44.93961]},"properties":{"depth_m":0.5,"n":1,"date":"29/07/2008"}},{"type":"Feature","geometry":{"type":"Point","coordinates":[-1.11945,44.93969]},"properties":{"depth_m":0.5,"n":1,"date":"29/07/2008"}},{"type":"Feature","geometry":{"type":"Point","coordinates":[-1.11944,44.93977]},"properties":{"depth_m":0.5,"n":1,"date":"29/07/2008"}},{"type":"Feature","geometry":{"type":"Point","coordinates":[-1.11942,44.93986]},"properties":{"depth_m":0.5,"n":1,"date":"29/07/2008"}},{"type":"Feature","geometry":{"type":"Point","coordinates":[-1.11939,44.93995]},"properties":{"depth_m":0.5,"n":1,"date":"29/07/2008"}},{"type":"Feature","geometry":{"type":"Point","coordinates":[-1.11937,44.94003]},"properties":{"depth_m":0.5,"n":1,"date":"29/07/2008"}},{"type":"Feature","geometry":{"type":"Point","coordinates":[-1.11935,44.9401]},"properties":{"depth_m":0.5,"n":1,"date":"29/07/2008"}},{"type":"Feature","geometry":{"type":"Point","coordinates":[-1.11852,44.94101]},"properties":{"depth_m":0.5,"n":1,"date":"29/07/2008"}},{"type":"Feature","geometry":{"type":"Point","coordinates":[-1.11964,44.93902]},"properties":{"depth_m":0.4,"n":1,"date":"29/07/2008"}},{"type":"Feature","geometry":{"type":"Point","coordinates":[-1.13384,44.94044]},"properties":{"depth_m":1.6,"n":1,"date":"29/07/2008"}},{"type":"Feature","geometry":{"type":"Point","coordinates":[-1.13352,44.94031]},"properties":{"depth_m":2.1,"n":1,"date":"29/07/2008"}},{"type":"Feature","geometry":{"type":"Point","coordinates":[-1.13354,44.94035]},"properties":{"depth_m":2.1,"n":1,"date":"29/07/2008"}},{"type":"Feature","geometry":{"type":"Point","coordinates":[-1.13358,44.94038]},"properties":{"depth_m":1.9,"n":1,"date":"29/07/2008"}},{"type":"Feature","geometry":{"type":"Point","coordinates":[-1.13364,44.9404]},"properties":{"depth_m":2.0,"n":1,"date":"29/07/2008"}},{"type":"Feature","geometry":{"type":"Point","coordinates":[-1.1337,44.9404]},"properties":{"depth_m":1.8,"n":1,"date":"29/07/2008"}},{"type":"Feature","geometry":{"type":"Point","coordinates":[-1.13375,44.9404]},"properties":{"depth_m":1.8,"n":1,"date":"29/07/2008"}},{"type":"Feature","geometry":{"type":"Point","coordinates":[-1.13378,44.94041]},"properties":{"depth_m":1.7,"n":1,"date":"29/07/2008"}},{"type":"Feature","geometry":{"type":"Point","coordinates":[-1.1338,44.94041]},"properties":{"depth_m":1.7,"n":2,"date":"29/07/2008"}},{"type":"Feature","geometry":{"type":"Point","coordinates":[-1.13381,44.9404]},"properties":{"depth_m":1.8,"n":1,"date":"29/07/2008"}},{"type":"Feature","geometry":{"type":"Point","coordinates":[-1.13382,44.94039]},"properties":{"depth_m":1.7,"n":1,"date":"29/07/2008"}},{"type":"Feature","geometry":{"type":"Point","coordinates":[-1.13448,44.94022]},"properties":{"depth_m":0.6,"n":1,"date":"29/07/2008"}},{"type":"Feature","geometry":{"type":"Point","coordinates":[-1.13383,44.94043]},"properties":{"depth_m":1.6,"n":1,"date":"29/07/2008"}},{"type":"Feature","geometry":{"type":"Point","coordinates":[-1.13321,44.9404]},"properties":{"depth_m":2.2,"n":1,"date":"29/07/2008"}},{"type":"Feature","geometry":{"type":"Point","coordinates":[-1.13387,44.94044]},"properties":{"depth_m":1.6,"n":1,"date":"29/07/2008"}},{"type":"Feature","geometry":{"type":"Point","coordinates":[-1.13394,44.94045]},"properties":{"depth_m":1.5,"n":1,"date":"29/07/2008"}},{"type":"Feature","geometry":{"type":"Point","coordinates":[-1.13403,44.94047]},"properties":{"depth_m":1.4,"n":1,"date":"29/07/2008"}},{"type":"Feature","geometry":{"type":"Point","coordinates":[-1.13413,44.94049]},"properties":{"depth_m":0.6,"n":1,"date":"29/07/2008"}},{"type":"Feature","geometry":{"type":"Point","coordinates":[-1.13423,44.94052]},"properties":{"depth_m":0.6,"n":1,"date":"29/07/2008"}},{"type":"Feature","geometry":{"type":"Point","coordinates":[-1.13434,44.94055]},"properties":{"depth_m":0.4,"n":1,"date":"29/07/2008"}},{"type":"Feature","geometry":{"type":"Point","coordinates":[-1.13444,44.94054]},"properties":{"depth_m":0.5,"n":1,"date":"29/07/2008"}},{"type":"Feature","geometry":{"type":"Point","coordinates":[-1.13451,44.9405]},"properties":{"depth_m":0.5,"n":1,"date":"29/07/2008"}},{"type":"Feature","geometry":{"type":"Point","coordinates":[-1.13457,44.94045]},"properties":{"depth_m":0.5,"n":1,"date":"29/07/2008"}},{"type":"Feature","geometry":{"type":"Point","coordinates":[-1.13457,44.9404]},"properties":{"depth_m":0.5,"n":1,"date":"29/07/2008"}},{"type":"Feature","geometry":{"type":"Point","coordinates":[-1.13456,44.94034]},"properties":{"depth_m":0.5,"n":1,"date":"29/07/2008"}},{"type":"Feature","geometry":{"type":"Point","coordinates":[-1.13453,44.94027]},"properties":{"depth_m":0.4,"n":1,"date":"29/07/2008"}},{"type":"Feature","geometry":{"type":"Point","coordinates":[-1.13383,44.94041]},"properties":{"depth_m":1.7,"n":1,"date":"29/07/2008"}},{"type":"Feature","geometry":{"type":"Point","coordinates":[-1.13268,44.9419]},"properties":{"depth_m":2.2,"n":1,"date":"29/07/2008"}},{"type":"Feature","geometry":{"type":"Point","coordinates":[-1.13292,44.94382]},"properties":{"depth_m":1.6,"n":1,"date":"29/07/2008"}},{"type":"Feature","geometry":{"type":"Point","coordinates":[-1.13302,44.94377]},"properties":{"depth_m":1.5,"n":1,"date":"29/07/2008"}},{"type":"Feature","geometry":{"type":"Point","coordinates":[-1.11833,44.9411]},"properties":{"depth_m":0.5,"n":1,"date":"29/07/2008"}},{"type":"Feature","geometry":{"type":"Point","coordinates":[-1.12386,44.93663]},"properties":{"depth_m":0.8,"n":1,"date":"29/07/2008"}},{"type":"Feature","geometry":{"type":"Point","coordinates":[-1.13283,44.94386]},"properties":{"depth_m":1.6,"n":1,"date":"29/07/2008"}},{"type":"Feature","geometry":{"type":"Point","coordinates":[-1.13269,44.94393]},"properties":{"depth_m":1.6,"n":1,"date":"29/07/2008"}},{"type":"Feature","geometry":{"type":"Point","coordinates":[-1.13317,44.9437]},"properties":{"depth_m":0.6,"n":1,"date":"29/07/2008"}},{"type":"Feature","geometry":{"type":"Point","coordinates":[-1.13325,44.94363]},"properties":{"depth_m":1.5,"n":1,"date":"29/07/2008"}},{"type":"Feature","geometry":{"type":"Point","coordinates":[-1.1333,44.94356]},"properties":{"depth_m":0.7,"n":1,"date":"29/07/2008"}},{"type":"Feature","geometry":{"type":"Point","coordinates":[-1.13331,44.94346]},"properties":{"depth_m":0.8,"n":1,"date":"29/07/2008"}},{"type":"Feature","geometry":{"type":"Point","coordinates":[-1.13319,44.94327]},"properties":{"depth_m":1.6,"n":1,"date":"29/07/2008"}},{"type":"Feature","geometry":{"type":"Point","coordinates":[-1.13297,44.94271]},"properties":{"depth_m":0.7,"n":1,"date":"29/07/2008"}},{"type":"Feature","geometry":{"type":"Point","coordinates":[-1.13344,44.94029]},"properties":{"depth_m":2.2,"n":1,"date":"29/07/2008"}},{"type":"Feature","geometry":{"type":"Point","coordinates":[-1.13272,44.94205]},"properties":{"depth_m":2.1,"n":1,"date":"29/07/2008"}},{"type":"Feature","geometry":{"type":"Point","coordinates":[-1.13334,44.94033]},"properties":{"depth_m":2.2,"n":1,"date":"29/07/2008"}},{"type":"Feature","geometry":{"type":"Point","coordinates":[-1.13266,44.94175]},"properties":{"depth_m":2.2,"n":1,"date":"29/07/2008"}},{"type":"Feature","geometry":{"type":"Point","coordinates":[-1.13264,44.9416]},"properties":{"depth_m":2.3,"n":1,"date":"29/07/2008"}},{"type":"Feature","geometry":{"type":"Point","coordinates":[-1.13261,44.94145]},"properties":{"depth_m":2.4,"n":1,"date":"29/07/2008"}},{"type":"Feature","geometry":{"type":"Point","coordinates":[-1.13257,44.9413]},"properties":{"depth_m":2.4,"n":1,"date":"29/07/2008"}},{"type":"Feature","geometry":{"type":"Point","coordinates":[-1.13255,44.94115]},"properties":{"depth_m":2.4,"n":1,"date":"29/07/2008"}},{"type":"Feature","geometry":{"type":"Point","coordinates":[-1.13258,44.941]},"properties":{"depth_m":2.4,"n":1,"date":"29/07/2008"}},{"type":"Feature","geometry":{"type":"Point","coordinates":[-1.13265,44.94087]},"properties":{"depth_m":2.4,"n":1,"date":"29/07/2008"}},{"type":"Feature","geometry":{"type":"Point","coordinates":[-1.13274,44.94077]},"properties":{"depth_m":2.5,"n":1,"date":"29/07/2008"}},{"type":"Feature","geometry":{"type":"Point","coordinates":[-1.13286,44.94067]},"properties":{"depth_m":2.4,"n":1,"date":"29/07/2008"}},{"type":"Feature","geometry":{"type":"Point","coordinates":[-1.13297,44.94057]},"properties":{"depth_m":2.4,"n":1,"date":"29/07/2008"}},{"type":"Feature","geometry":{"type":"Point","coordinates":[-1.13308,44.94048]},"properties":{"depth_m":2.3,"n":1,"date":"29/07/2008"}},{"type":"Feature","geometry":{"type":"Point","coordinates":[-1.13284,44.94242]},"properties":{"depth_m":0.7,"n":1,"date":"29/07/2008"}},{"type":"Feature","geometry":{"type":"Point","coordinates":[-1.13277,44.9422]},"properties":{"depth_m":2.1,"n":1,"date":"29/07/2008"}},{"type":"Feature","geometry":{"type":"Point","coordinates":[-1.1259,44.93723]},"properties":{"depth_m":1.0,"n":1,"date":"29/07/2008"}},{"type":"Feature","geometry":{"type":"Point","coordinates":[-1.13013,44.93706]},"properties":{"depth_m":1.7,"n":1,"date":"29/07/2008"}},{"type":"Feature","geometry":{"type":"Point","coordinates":[-1.12972,44.93695]},"properties":{"depth_m":1.7,"n":1,"date":"29/07/2008"}},{"type":"Feature","geometry":{"type":"Point","coordinates":[-1.12927,44.93689]},"properties":{"depth_m":1.6,"n":1,"date":"29/07/2008"}},{"type":"Feature","geometry":{"type":"Point","coordinates":[-1.12883,44.93692]},"properties":{"depth_m":1.6,"n":1,"date":"29/07/2008"}},{"type":"Feature","geometry":{"type":"Point","coordinates":[-1.12844,44.93704]},"properties":{"depth_m":1.4,"n":1,"date":"29/07/2008"}},{"type":"Feature","geometry":{"type":"Point","coordinates":[-1.12807,44.93717]},"properties":{"depth_m":1.5,"n":1,"date":"29/07/2008"}},{"type":"Feature","geometry":{"type":"Point","coordinates":[-1.1278,44.93723]},"properties":{"depth_m":1.3,"n":1,"date":"29/07/2008"}},{"type":"Feature","geometry":{"type":"Point","coordinates":[-1.12756,44.93725]},"properties":{"depth_m":1.3,"n":1,"date":"29/07/2008"}},{"type":"Feature","geometry":{"type":"Point","coordinates":[-1.12726,44.93727]},"properties":{"depth_m":1.1,"n":1,"date":"29/07/2008"}},{"type":"Feature","geometry":{"type":"Point","coordinates":[-1.1269,44.93726]},"properties":{"depth_m":1.2,"n":1,"date":"29/07/2008"}},{"type":"Feature","geometry":{"type":"Point","coordinates":[-1.1266,44.93724]},"properties":{"depth_m":1.2,"n":1,"date":"29/07/2008"}},{"type":"Feature","geometry":{"type":"Point","coordinates":[-1.12644,44.93724]},"properties":{"depth_m":1.2,"n":1,"date":"29/07/2008"}},{"type":"Feature","geometry":{"type":"Point","coordinates":[-1.13048,44.93726]},"properties":{"depth_m":1.8,"n":1,"date":"29/07/2008"}},{"type":"Feature","geometry":{"type":"Point","coordinates":[-1.12608,44.93724]},"properties":{"depth_m":1.1,"n":1,"date":"29/07/2008"}},{"type":"Feature","geometry":{"type":"Point","coordinates":[-1.12554,44.93718]},"properties":{"depth_m":1.0,"n":1,"date":"29/07/2008"}},{"type":"Feature","geometry":{"type":"Point","coordinates":[-1.12572,44.9372]},"properties":{"depth_m":1.0,"n":1,"date":"29/07/2008"}},{"type":"Feature","geometry":{"type":"Point","coordinates":[-1.12535,44.93717]},"properties":{"depth_m":1.0,"n":1,"date":"29/07/2008"}},{"type":"Feature","geometry":{"type":"Point","coordinates":[-1.12501,44.93707]},"properties":{"depth_m":0.7,"n":1,"date":"29/07/2008"}},{"type":"Feature","geometry":{"type":"Point","coordinates":[-1.12486,44.93703]},"properties":{"depth_m":0.6,"n":1,"date":"29/07/2008"}},{"type":"Feature","geometry":{"type":"Point","coordinates":[-1.12397,44.93671]},"properties":{"depth_m":0.8,"n":1,"date":"29/07/2008"}},{"type":"Feature","geometry":{"type":"Point","coordinates":[-1.12409,44.93679]},"properties":{"depth_m":0.7,"n":1,"date":"29/07/2008"}},{"type":"Feature","geometry":{"type":"Point","coordinates":[-1.13439,44.94017]},"properties":{"depth_m":0.7,"n":1,"date":"29/07/2008"}},{"type":"Feature","geometry":{"type":"Point","coordinates":[-1.13307,44.94302]},"properties":{"depth_m":1.8,"n":1,"date":"29/07/2008"}},{"type":"Feature","geometry":{"type":"Point","coordinates":[-1.12472,44.93698]},"properties":{"depth_m":0.8,"n":1,"date":"29/07/2008"}},{"type":"Feature","geometry":{"type":"Point","coordinates":[-1.12455,44.93694]},"properties":{"depth_m":0.9,"n":1,"date":"29/07/2008"}},{"type":"Feature","geometry":{"type":"Point","coordinates":[-1.12438,44.9369]},"properties":{"depth_m":0.8,"n":1,"date":"29/07/2008"}},{"type":"Feature","geometry":{"type":"Point","coordinates":[-1.12423,44.93685]},"properties":{"depth_m":0.7,"n":1,"date":"29/07/2008"}},{"type":"Feature","geometry":{"type":"Point","coordinates":[-1.12626,44.93724]},"properties":{"depth_m":1.2,"n":1,"date":"29/07/2008"}},{"type":"Feature","geometry":{"type":"Point","coordinates":[-1.134,44.94003]},"properties":{"depth_m":1.8,"n":1,"date":"29/07/2008"}},{"type":"Feature","geometry":{"type":"Point","coordinates":[-1.13297,44.93927]},"properties":{"depth_m":2.2,"n":1,"date":"29/07/2008"}},{"type":"Feature","geometry":{"type":"Point","coordinates":[-1.13313,44.93941]},"properties":{"depth_m":2.0,"n":1,"date":"29/07/2008"}},{"type":"Feature","geometry":{"type":"Point","coordinates":[-1.13323,44.93953]},"properties":{"depth_m":2.1,"n":1,"date":"29/07/2008"}},{"type":"Feature","geometry":{"type":"Point","coordinates":[-1.13413,44.94007]},"properties":{"depth_m":1.7,"n":1,"date":"29/07/2008"}},{"type":"Feature","geometry":{"type":"Point","coordinates":[-1.13354,44.93967]},"properties":{"depth_m":0.9,"n":1,"date":"29/07/2008"}},{"type":"Feature","geometry":{"type":"Point","coordinates":[-1.13265,44.9391]},"properties":{"depth_m":2.1,"n":1,"date":"29/07/2008"}},{"type":"Feature","geometry":{"type":"Point","coordinates":[-1.13367,44.9397]},"properties":{"depth_m":2.0,"n":1,"date":"29/07/2008"}},{"type":"Feature","geometry":{"type":"Point","coordinates":[-1.13337,44.93961]},"properties":{"depth_m":2.0,"n":1,"date":"29/07/2008"}},{"type":"Feature","geometry":{"type":"Point","coordinates":[-1.13386,44.93999]},"properties":{"depth_m":1.9,"n":1,"date":"29/07/2008"}},{"type":"Feature","geometry":{"type":"Point","coordinates":[-1.13375,44.93977]},"properties":{"depth_m":2.0,"n":1,"date":"29/07/2008"}},{"type":"Feature","geometry":{"type":"Point","coordinates":[-1.13376,44.93983]},"properties":{"depth_m":2.0,"n":1,"date":"29/07/2008"}},{"type":"Feature","geometry":{"type":"Point","coordinates":[-1.13075,44.93746]},"properties":{"depth_m":1.8,"n":1,"date":"29/07/2008"}},{"type":"Feature","geometry":{"type":"Point","coordinates":[-1.12518,44.93713]},"properties":{"depth_m":0.9,"n":1,"date":"29/07/2008"}},{"type":"Feature","geometry":{"type":"Point","coordinates":[-1.13372,44.93989]},"properties":{"depth_m":0.7,"n":1,"date":"29/07/2008"}},{"type":"Feature","geometry":{"type":"Point","coordinates":[-1.13375,44.93996]},"properties":{"depth_m":0.8,"n":1,"date":"29/07/2008"}},{"type":"Feature","geometry":{"type":"Point","coordinates":[-1.13147,44.93832]},"properties":{"depth_m":2.1,"n":1,"date":"29/07/2008"}},{"type":"Feature","geometry":{"type":"Point","coordinates":[-1.13086,44.93756]},"properties":{"depth_m":1.7,"n":1,"date":"29/07/2008"}},{"type":"Feature","geometry":{"type":"Point","coordinates":[-1.13099,44.93766]},"properties":{"depth_m":1.9,"n":1,"date":"29/07/2008"}},{"type":"Feature","geometry":{"type":"Point","coordinates":[-1.13234,44.93894]},"properties":{"depth_m":2.2,"n":1,"date":"29/07/2008"}},{"type":"Feature","geometry":{"type":"Point","coordinates":[-1.13119,44.93796]},"properties":{"depth_m":1.9,"n":1,"date":"29/07/2008"}},{"type":"Feature","geometry":{"type":"Point","coordinates":[-1.1314,44.93825]},"properties":{"depth_m":1.9,"n":1,"date":"29/07/2008"}},{"type":"Feature","geometry":{"type":"Point","coordinates":[-1.1311,44.9378]},"properties":{"depth_m":1.8,"n":1,"date":"29/07/2008"}},{"type":"Feature","geometry":{"type":"Point","coordinates":[-1.13162,44.93843]},"properties":{"depth_m":2.0,"n":1,"date":"29/07/2008"}},{"type":"Feature","geometry":{"type":"Point","coordinates":[-1.13175,44.93855]},"properties":{"depth_m":2.0,"n":1,"date":"29/07/2008"}},{"type":"Feature","geometry":{"type":"Point","coordinates":[-1.1319,44.93868]},"properties":{"depth_m":2.1,"n":1,"date":"29/07/2008"}},{"type":"Feature","geometry":{"type":"Point","coordinates":[-1.13208,44.9388]},"properties":{"depth_m":2.1,"n":1,"date":"29/07/2008"}},{"type":"Feature","geometry":{"type":"Point","coordinates":[-1.13427,44.94011]},"properties":{"depth_m":0.7,"n":1,"date":"29/07/2008"}},{"type":"Feature","geometry":{"type":"Point","coordinates":[-1.13129,44.93811]},"properties":{"depth_m":1.9,"n":1,"date":"29/07/2008"}},{"type":"Feature","geometry":{"type":"Point","coordinates":[-1.13168,44.9554]},"properties":{"depth_m":2.5,"n":19,"date":"29/07/2008"}},{"type":"Feature","geometry":{"type":"Point","coordinates":[-1.13169,44.9554]},"properties":{"depth_m":2.5,"n":19,"date":"29/07/2008"}},{"type":"Feature","geometry":{"type":"Point","coordinates":[-1.13158,44.95542]},"properties":{"depth_m":2.6,"n":1,"date":"29/07/2008"}},{"type":"Feature","geometry":{"type":"Point","coordinates":[-1.13133,44.95536]},"properties":{"depth_m":2.7,"n":1,"date":"29/07/2008"}},{"type":"Feature","geometry":{"type":"Point","coordinates":[-1.1314,44.95537]},"properties":{"depth_m":2.7,"n":1,"date":"29/07/2008"}},{"type":"Feature","geometry":{"type":"Point","coordinates":[-1.13146,44.95538]},"properties":{"depth_m":2.6,"n":1,"date":"29/07/2008"}},{"type":"Feature","geometry":{"type":"Point","coordinates":[-1.1315,44.95539]},"properties":{"depth_m":2.6,"n":1,"date":"29/07/2008"}},{"type":"Feature","geometry":{"type":"Point","coordinates":[-1.13129,44.95537]},"properties":{"depth_m":2.7,"n":1,"date":"29/07/2008"}},{"type":"Feature","geometry":{"type":"Point","coordinates":[-1.13127,44.95538]},"properties":{"depth_m":2.7,"n":1,"date":"29/07/2008"}},{"type":"Feature","geometry":{"type":"Point","coordinates":[-1.13169,44.95535]},"properties":{"depth_m":1.2,"n":2,"date":"29/07/2008"}},{"type":"Feature","geometry":{"type":"Point","coordinates":[-1.13156,44.9554]},"properties":{"depth_m":2.7,"n":1,"date":"29/07/2008"}},{"type":"Feature","geometry":{"type":"Point","coordinates":[-1.1316,44.9554]},"properties":{"depth_m":2.6,"n":1,"date":"29/07/2008"}},{"type":"Feature","geometry":{"type":"Point","coordinates":[-1.13167,44.95541]},"properties":{"depth_m":1.0,"n":1,"date":"29/07/2008"}},{"type":"Feature","geometry":{"type":"Point","coordinates":[-1.1316,44.95542]},"properties":{"depth_m":2.7,"n":1,"date":"29/07/2008"}},{"type":"Feature","geometry":{"type":"Point","coordinates":[-1.13159,44.95541]},"properties":{"depth_m":2.6,"n":1,"date":"29/07/2008"}},{"type":"Feature","geometry":{"type":"Point","coordinates":[-1.13161,44.95541]},"properties":{"depth_m":2.6,"n":1,"date":"29/07/2008"}},{"type":"Feature","geometry":{"type":"Point","coordinates":[-1.13164,44.95541]},"properties":{"depth_m":2.55,"n":2,"date":"29/07/2008"}},{"type":"Feature","geometry":{"type":"Point","coordinates":[-1.13153,44.9554]},"properties":{"depth_m":2.7,"n":1,"date":"29/07/2008"}},{"type":"Feature","geometry":{"type":"Point","coordinates":[-1.13161,44.95542]},"properties":{"depth_m":2.7,"n":1,"date":"29/07/2008"}},{"type":"Feature","geometry":{"type":"Point","coordinates":[-1.13169,44.95544]},"properties":{"depth_m":2.55,"n":2,"date":"29/07/2008"}},{"type":"Feature","geometry":{"type":"Point","coordinates":[-1.13169,44.95527]},"properties":{"depth_m":2.6,"n":1,"date":"29/07/2008"}},{"type":"Feature","geometry":{"type":"Point","coordinates":[-1.1317,44.95525]},"properties":{"depth_m":2.7,"n":1,"date":"29/07/2008"}},{"type":"Feature","geometry":{"type":"Point","coordinates":[-1.13171,44.95524]},"properties":{"depth_m":2.7,"n":1,"date":"29/07/2008"}},{"type":"Feature","geometry":{"type":"Point","coordinates":[-1.13172,44.95528]},"properties":{"depth_m":2.5,"n":1,"date":"29/07/2008"}},{"type":"Feature","geometry":{"type":"Point","coordinates":[-1.1317,44.95541]},"properties":{"depth_m":2.6,"n":1,"date":"29/07/2008"}},{"type":"Feature","geometry":{"type":"Point","coordinates":[-1.1317,44.95542]},"properties":{"depth_m":2.6,"n":1,"date":"29/07/2008"}},{"type":"Feature","geometry":{"type":"Point","coordinates":[-1.13169,44.95542]},"properties":{"depth_m":2.65,"n":2,"date":"29/07/2008"}},{"type":"Feature","geometry":{"type":"Point","coordinates":[-1.13169,44.95543]},"properties":{"depth_m":2.6,"n":3,"date":"29/07/2008"}},{"type":"Feature","geometry":{"type":"Point","coordinates":[-1.13169,44.95536]},"properties":{"depth_m":2.05,"n":2,"date":"29/07/2008"}},{"type":"Feature","geometry":{"type":"Point","coordinates":[-1.13169,44.95534]},"properties":{"depth_m":0.85,"n":2,"date":"29/07/2008"}},{"type":"Feature","geometry":{"type":"Point","coordinates":[-1.13127,44.9554]},"properties":{"depth_m":2.6,"n":1,"date":"29/07/2008"}},{"type":"Feature","geometry":{"type":"Point","coordinates":[-1.13169,44.95545]},"properties":{"depth_m":2.45,"n":6,"date":"29/07/2008"}},{"type":"Feature","geometry":{"type":"Point","coordinates":[-1.13169,44.95546]},"properties":{"depth_m":2.5,"n":1,"date":"29/07/2008"}},{"type":"Feature","geometry":{"type":"Point","coordinates":[-1.13171,44.95536]},"properties":{"depth_m":2.5,"n":16,"date":"29/07/2008"}},{"type":"Feature","geometry":{"type":"Point","coordinates":[-1.13168,44.95546]},"properties":{"depth_m":2.6,"n":1,"date":"29/07/2008"}},{"type":"Feature","geometry":{"type":"Point","coordinates":[-1.13167,44.95547]},"properties":{"depth_m":2.6,"n":1,"date":"29/07/2008"}},{"type":"Feature","geometry":{"type":"Point","coordinates":[-1.1317,44.95539]},"properties":{"depth_m":2.7,"n":3,"date":"29/07/2008"}},{"type":"Feature","geometry":{"type":"Point","coordinates":[-1.13169,44.95539]},"properties":{"depth_m":2.05,"n":2,"date":"29/07/2008"}},{"type":"Feature","geometry":{"type":"Point","coordinates":[-1.13169,44.95533]},"properties":{"depth_m":2.6,"n":2,"date":"29/07/2008"}},{"type":"Feature","geometry":{"type":"Point","coordinates":[-1.1317,44.95538]},"properties":{"depth_m":2.7,"n":3,"date":"29/07/2008"}},{"type":"Feature","geometry":{"type":"Point","coordinates":[-1.1317,44.95537]},"properties":{"depth_m":2.6,"n":3,"date":"29/07/2008"}},{"type":"Feature","geometry":{"type":"Point","coordinates":[-1.1331,44.963]},"properties":{"depth_m":4.4,"n":1,"date":"29/07/2008"}},{"type":"Feature","geometry":{"type":"Point","coordinates":[-1.13644,44.96496]},"properties":{"depth_m":5.2,"n":1,"date":"29/07/2008"}},{"type":"Feature","geometry":{"type":"Point","coordinates":[-1.1361,44.96471]},"properties":{"depth_m":5.2,"n":1,"date":"29/07/2008"}},{"type":"Feature","geometry":{"type":"Point","coordinates":[-1.13575,44.96447]},"properties":{"depth_m":5.2,"n":1,"date":"29/07/2008"}},{"type":"Feature","geometry":{"type":"Point","coordinates":[-1.13535,44.96427]},"properties":{"depth_m":5.1,"n":1,"date":"29/07/2008"}},{"type":"Feature","geometry":{"type":"Point","coordinates":[-1.13495,44.96407]},"properties":{"depth_m":5.2,"n":1,"date":"29/07/2008"}},{"type":"Feature","geometry":{"type":"Point","coordinates":[-1.13457,44.96385]},"properties":{"depth_m":5.0,"n":1,"date":"29/07/2008"}},{"type":"Feature","geometry":{"type":"Point","coordinates":[-1.13419,44.96363]},"properties":{"depth_m":5.2,"n":1,"date":"29/07/2008"}},{"type":"Feature","geometry":{"type":"Point","coordinates":[-1.13383,44.96341]},"properties":{"depth_m":5.0,"n":1,"date":"29/07/2008"}},{"type":"Feature","geometry":{"type":"Point","coordinates":[-1.13352,44.96322]},"properties":{"depth_m":4.5,"n":1,"date":"29/07/2008"}},{"type":"Feature","geometry":{"type":"Point","coordinates":[-1.13007,44.96084]},"properties":{"depth_m":3.6,"n":1,"date":"29/07/2008"}},{"type":"Feature","geometry":{"type":"Point","coordinates":[-1.1332,44.96305]},"properties":{"depth_m":4.4,"n":1,"date":"29/07/2008"}},{"type":"Feature","geometry":{"type":"Point","coordinates":[-1.13718,44.96557]},"properties":{"depth_m":5.1,"n":1,"date":"29/07/2008"}},{"type":"Feature","geometry":{"type":"Point","coordinates":[-1.13301,44.96294]},"properties":{"depth_m":4.3,"n":1,"date":"29/07/2008"}},{"type":"Feature","geometry":{"type":"Point","coordinates":[-1.1329,44.96288]},"properties":{"depth_m":4.2,"n":1,"date":"29/07/2008"}},{"type":"Feature","geometry":{"type":"Point","coordinates":[-1.13272,44.96278]},"properties":{"depth_m":4.2,"n":1,"date":"29/07/2008"}},{"type":"Feature","geometry":{"type":"Point","coordinates":[-1.13237,44.96257]},"properties":{"depth_m":4.4,"n":1,"date":"29/07/2008"}},{"type":"Feature","geometry":{"type":"Point","coordinates":[-1.13203,44.96236]},"properties":{"depth_m":4.4,"n":1,"date":"29/07/2008"}},{"type":"Feature","geometry":{"type":"Point","coordinates":[-1.13169,44.96214]},"properties":{"depth_m":4.4,"n":1,"date":"29/07/2008"}},{"type":"Feature","geometry":{"type":"Point","coordinates":[-1.13138,44.9619]},"properties":{"depth_m":4.5,"n":1,"date":"29/07/2008"}},{"type":"Feature","geometry":{"type":"Point","coordinates":[-1.13109,44.96166]},"properties":{"depth_m":4.8,"n":1,"date":"29/07/2008"}},{"type":"Feature","geometry":{"type":"Point","coordinates":[-1.13078,44.96142]},"properties":{"depth_m":4.8,"n":1,"date":"29/07/2008"}},{"type":"Feature","geometry":{"type":"Point","coordinates":[-1.12938,44.96025]},"properties":{"depth_m":4.3,"n":1,"date":"29/07/2008"}},{"type":"Feature","geometry":{"type":"Point","coordinates":[-1.13336,44.96313]},"properties":{"depth_m":4.4,"n":1,"date":"29/07/2008"}},{"type":"Feature","geometry":{"type":"Point","coordinates":[-1.13922,44.96758]},"properties":{"depth_m":5.4,"n":1,"date":"29/07/2008"}},{"type":"Feature","geometry":{"type":"Point","coordinates":[-1.13811,44.96891]},"properties":{"depth_m":5.3,"n":1,"date":"29/07/2008"}},{"type":"Feature","geometry":{"type":"Point","coordinates":[-1.13841,44.96868]},"properties":{"depth_m":5.3,"n":1,"date":"29/07/2008"}},{"type":"Feature","geometry":{"type":"Point","coordinates":[-1.13869,44.96844]},"properties":{"depth_m":5.3,"n":1,"date":"29/07/2008"}},{"type":"Feature","geometry":{"type":"Point","coordinates":[-1.139,44.96825]},"properties":{"depth_m":5.4,"n":1,"date":"29/07/2008"}},{"type":"Feature","geometry":{"type":"Point","coordinates":[-1.13921,44.96811]},"properties":{"depth_m":5.2,"n":1,"date":"29/07/2008"}},{"type":"Feature","geometry":{"type":"Point","coordinates":[-1.13932,44.96798]},"properties":{"depth_m":5.3,"n":1,"date":"29/07/2008"}},{"type":"Feature","geometry":{"type":"Point","coordinates":[-1.12927,44.95485]},"properties":{"depth_m":2.9,"n":1,"date":"29/07/2008"}},{"type":"Feature","geometry":{"type":"Point","coordinates":[-1.13935,44.96789]},"properties":{"depth_m":5.4,"n":1,"date":"29/07/2008"}},{"type":"Feature","geometry":{"type":"Point","coordinates":[-1.13934,44.96782]},"properties":{"depth_m":5.4,"n":1,"date":"29/07/2008"}},{"type":"Feature","geometry":{"type":"Point","coordinates":[-1.13674,44.9652]},"properties":{"depth_m":5.1,"n":1,"date":"29/07/2008"}},{"type":"Feature","geometry":{"type":"Point","coordinates":[-1.13931,44.96767]},"properties":{"depth_m":5.5,"n":1,"date":"29/07/2008"}},{"type":"Feature","geometry":{"type":"Point","coordinates":[-1.13697,44.96539]},"properties":{"depth_m":5.3,"n":1,"date":"29/07/2008"}},{"type":"Feature","geometry":{"type":"Point","coordinates":[-1.13904,44.9674]},"properties":{"depth_m":5.6,"n":1,"date":"29/07/2008"}},{"type":"Feature","geometry":{"type":"Point","coordinates":[-1.13886,44.96721]},"properties":{"depth_m":5.5,"n":1,"date":"29/07/2008"}},{"type":"Feature","geometry":{"type":"Point","coordinates":[-1.13871,44.96703]},"properties":{"depth_m":5.4,"n":1,"date":"29/07/2008"}},{"type":"Feature","geometry":{"type":"Point","coordinates":[-1.13853,44.96682]},"properties":{"depth_m":5.3,"n":1,"date":"29/07/2008"}},{"type":"Feature","geometry":{"type":"Point","coordinates":[-1.13833,44.96662]},"properties":{"depth_m":5.5,"n":1,"date":"29/07/2008"}},{"type":"Feature","geometry":{"type":"Point","coordinates":[-1.13811,44.96642]},"properties":{"depth_m":5.1,"n":1,"date":"29/07/2008"}},{"type":"Feature","geometry":{"type":"Point","coordinates":[-1.1379,44.96622]},"properties":{"depth_m":5.0,"n":1,"date":"29/07/2008"}},{"type":"Feature","geometry":{"type":"Point","coordinates":[-1.13763,44.96601]},"properties":{"depth_m":5.1,"n":1,"date":"29/07/2008"}},{"type":"Feature","geometry":{"type":"Point","coordinates":[-1.13739,44.96578]},"properties":{"depth_m":5.0,"n":1,"date":"29/07/2008"}},{"type":"Feature","geometry":{"type":"Point","coordinates":[-1.12973,44.96054]},"properties":{"depth_m":4.3,"n":1,"date":"29/07/2008"}},{"type":"Feature","geometry":{"type":"Point","coordinates":[-1.13934,44.96776]},"properties":{"depth_m":5.5,"n":1,"date":"29/07/2008"}},{"type":"Feature","geometry":{"type":"Point","coordinates":[-1.13082,44.9555]},"properties":{"depth_m":2.2,"n":1,"date":"29/07/2008"}},{"type":"Feature","geometry":{"type":"Point","coordinates":[-1.12645,44.95666]},"properties":{"depth_m":2.7,"n":1,"date":"29/07/2008"}},{"type":"Feature","geometry":{"type":"Point","coordinates":[-1.12685,44.95652]},"properties":{"depth_m":2.6,"n":1,"date":"29/07/2008"}},{"type":"Feature","geometry":{"type":"Point","coordinates":[-1.12727,44.95639]},"properties":{"depth_m":2.7,"n":1,"date":"29/07/2008"}},{"type":"Feature","geometry":{"type":"Point","coordinates":[-1.12768,44.95627]},"properties":{"depth_m":3.0,"n":1,"date":"29/07/2008"}},{"type":"Feature","geometry":{"type":"Point","coordinates":[-1.1281,44.95618]},"properties":{"depth_m":4.2,"n":1,"date":"29/07/2008"}},{"type":"Feature","geometry":{"type":"Point","coordinates":[-1.12851,44.95606]},"properties":{"depth_m":4.0,"n":1,"date":"29/07/2008"}},{"type":"Feature","geometry":{"type":"Point","coordinates":[-1.12901,44.95592]},"properties":{"depth_m":3.6,"n":1,"date":"29/07/2008"}},{"type":"Feature","geometry":{"type":"Point","coordinates":[-1.1295,44.95579]},"properties":{"depth_m":2.9,"n":1,"date":"29/07/2008"}},{"type":"Feature","geometry":{"type":"Point","coordinates":[-1.12983,44.95571]},"properties":{"depth_m":2.8,"n":1,"date":"29/07/2008"}},{"type":"Feature","geometry":{"type":"Point","coordinates":[-1.13042,44.96113]},"properties":{"depth_m":3.5,"n":1,"date":"29/07/2008"}},{"type":"Feature","geometry":{"type":"Point","coordinates":[-1.1305,44.95556]},"properties":{"depth_m":2.6,"n":1,"date":"29/07/2008"}},{"type":"Feature","geometry":{"type":"Point","coordinates":[-1.12599,44.95698]},"properties":{"depth_m":3.8,"n":1,"date":"29/07/2008"}},{"type":"Feature","geometry":{"type":"Point","coordinates":[-1.13108,44.95546]},"properties":{"depth_m":2.5,"n":1,"date":"29/07/2008"}},{"type":"Feature","geometry":{"type":"Point","coordinates":[-1.13127,44.95545]},"properties":{"depth_m":2.5,"n":1,"date":"29/07/2008"}},{"type":"Feature","geometry":{"type":"Point","coordinates":[-1.13139,44.95542]},"properties":{"depth_m":2.6,"n":1,"date":"29/07/2008"}},{"type":"Feature","geometry":{"type":"Point","coordinates":[-1.13136,44.95538]},"properties":{"depth_m":2.6,"n":1,"date":"29/07/2008"}},{"type":"Feature","geometry":{"type":"Point","coordinates":[-1.13135,44.95538]},"properties":{"depth_m":2.7,"n":1,"date":"29/07/2008"}},{"type":"Feature","geometry":{"type":"Point","coordinates":[-1.13137,44.9554]},"properties":{"depth_m":2.7,"n":1,"date":"29/07/2008"}},{"type":"Feature","geometry":{"type":"Point","coordinates":[-1.13139,44.95541]},"properties":{"depth_m":2.7,"n":1,"date":"29/07/2008"}},{"type":"Feature","geometry":{"type":"Point","coordinates":[-1.13138,44.95542]},"properties":{"depth_m":2.7,"n":1,"date":"29/07/2008"}},{"type":"Feature","geometry":{"type":"Point","coordinates":[-1.13135,44.95542]},"properties":{"depth_m":2.6,"n":1,"date":"29/07/2008"}},{"type":"Feature","geometry":{"type":"Point","coordinates":[-1.13131,44.95542]},"properties":{"depth_m":2.6,"n":1,"date":"29/07/2008"}},{"type":"Feature","geometry":{"type":"Point","coordinates":[-1.13018,44.95563]},"properties":{"depth_m":2.6,"n":1,"date":"29/07/2008"}},{"type":"Feature","geometry":{"type":"Point","coordinates":[-1.12621,44.95746]},"properties":{"depth_m":0.9,"n":1,"date":"29/07/2008"}},{"type":"Feature","geometry":{"type":"Point","coordinates":[-1.12902,44.95997]},"properties":{"depth_m":4.1,"n":1,"date":"29/07/2008"}},{"type":"Feature","geometry":{"type":"Point","coordinates":[-1.12877,44.9598]},"properties":{"depth_m":4.2,"n":1,"date":"29/07/2008"}},{"type":"Feature","geometry":{"type":"Point","coordinates":[-1.12847,44.9596]},"properties":{"depth_m":4.4,"n":1,"date":"29/07/2008"}},{"type":"Feature","geometry":{"type":"Point","coordinates":[-1.12812,44.95935]},"properties":{"depth_m":3.9,"n":1,"date":"29/07/2008"}},{"type":"Feature","geometry":{"type":"Point","coordinates":[-1.1279,44.95918]},"properties":{"depth_m":4.1,"n":1,"date":"29/07/2008"}},{"type":"Feature","geometry":{"type":"Point","coordinates":[-1.12762,44.95896]},"properties":{"depth_m":3.3,"n":1,"date":"29/07/2008"}},{"type":"Feature","geometry":{"type":"Point","coordinates":[-1.12735,44.95874]},"properties":{"depth_m":3.6,"n":1,"date":"29/07/2008"}},{"type":"Feature","geometry":{"type":"Point","coordinates":[-1.12707,44.95853]},"properties":{"depth_m":3.1,"n":1,"date":"29/07/2008"}},{"type":"Feature","geometry":{"type":"Point","coordinates":[-1.12681,44.95831]},"properties":{"depth_m":2.8,"n":1,"date":"29/07/2008"}},{"type":"Feature","geometry":{"type":"Point","coordinates":[-1.12661,44.95807]},"properties":{"depth_m":3.0,"n":1,"date":"29/07/2008"}},{"type":"Feature","geometry":{"type":"Point","coordinates":[-1.12612,44.95684]},"properties":{"depth_m":2.7,"n":1,"date":"29/07/2008"}},{"type":"Feature","geometry":{"type":"Point","coordinates":[-1.12632,44.95764]},"properties":{"depth_m":1.1,"n":1,"date":"29/07/2008"}},{"type":"Feature","geometry":{"type":"Point","coordinates":[-1.12603,44.95692]},"properties":{"depth_m":3.4,"n":1,"date":"29/07/2008"}},{"type":"Feature","geometry":{"type":"Point","coordinates":[-1.12615,44.95736]},"properties":{"depth_m":1.3,"n":1,"date":"29/07/2008"}},{"type":"Feature","geometry":{"type":"Point","coordinates":[-1.12611,44.95733]},"properties":{"depth_m":2.6,"n":1,"date":"29/07/2008"}},{"type":"Feature","geometry":{"type":"Point","coordinates":[-1.12608,44.95728]},"properties":{"depth_m":3.2,"n":1,"date":"29/07/2008"}},{"type":"Feature","geometry":{"type":"Point","coordinates":[-1.12605,44.95724]},"properties":{"depth_m":3.6,"n":1,"date":"29/07/2008"}},{"type":"Feature","geometry":{"type":"Point","coordinates":[-1.12603,44.9572]},"properties":{"depth_m":3.9,"n":1,"date":"29/07/2008"}},{"type":"Feature","geometry":{"type":"Point","coordinates":[-1.12601,44.95716]},"properties":{"depth_m":4.1,"n":1,"date":"29/07/2008"}},{"type":"Feature","geometry":{"type":"Point","coordinates":[-1.12599,44.95712]},"properties":{"depth_m":4.2,"n":1,"date":"29/07/2008"}},{"type":"Feature","geometry":{"type":"Point","coordinates":[-1.12599,44.95707]},"properties":{"depth_m":4.2,"n":1,"date":"29/07/2008"}},{"type":"Feature","geometry":{"type":"Point","coordinates":[-1.12598,44.95702]},"properties":{"depth_m":4.0,"n":1,"date":"29/07/2008"}},{"type":"Feature","geometry":{"type":"Point","coordinates":[-1.13127,44.95542]},"properties":{"depth_m":2.6,"n":1,"date":"29/07/2008"}},{"type":"Feature","geometry":{"type":"Point","coordinates":[-1.12646,44.95785]},"properties":{"depth_m":2.5,"n":1,"date":"29/07/2008"}},{"type":"Feature","geometry":{"type":"Point","coordinates":[-1.12537,44.9503]},"properties":{"depth_m":2.3,"n":1,"date":"29/07/2008"}},{"type":"Feature","geometry":{"type":"Point","coordinates":[-1.12206,44.95079]},"properties":{"depth_m":3.3,"n":1,"date":"29/07/2008"}},{"type":"Feature","geometry":{"type":"Point","coordinates":[-1.12206,44.95051]},"properties":{"depth_m":2.0,"n":1,"date":"29/07/2008"}},{"type":"Feature","geometry":{"type":"Point","coordinates":[-1.12215,44.95025]},"properties":{"depth_m":1.8,"n":1,"date":"29/07/2008"}},{"type":"Feature","geometry":{"type":"Point","coordinates":[-1.1224,44.95006]},"properties":{"depth_m":1.8,"n":1,"date":"29/07/2008"}},{"type":"Feature","geometry":{"type":"Point","coordinates":[-1.12274,44.94998]},"properties":{"depth_m":1.8,"n":1,"date":"29/07/2008"}},{"type":"Feature","geometry":{"type":"Point","coordinates":[-1.12311,44.94999]},"properties":{"depth_m":1.8,"n":1,"date":"29/07/2008"}},{"type":"Feature","geometry":{"type":"Point","coordinates":[-1.12348,44.95001]},"properties":{"depth_m":1.8,"n":1,"date":"29/07/2008"}},{"type":"Feature","geometry":{"type":"Point","coordinates":[-1.12383,44.95006]},"properties":{"depth_m":1.9,"n":1,"date":"29/07/2008"}},{"type":"Feature","geometry":{"type":"Point","coordinates":[-1.12415,44.95012]},"properties":{"depth_m":1.9,"n":1,"date":"29/07/2008"}},{"type":"Feature","geometry":{"type":"Point","coordinates":[-1.13034,44.94936]},"properties":{"depth_m":2.2,"n":1,"date":"29/07/2008"}},{"type":"Feature","geometry":{"type":"Point","coordinates":[-1.12488,44.95023]},"properties":{"depth_m":2.1,"n":1,"date":"29/07/2008"}},{"type":"Feature","geometry":{"type":"Point","coordinates":[-1.12278,44.95157]},"properties":{"depth_m":2.0,"n":1,"date":"29/07/2008"}},{"type":"Feature","geometry":{"type":"Point","coordinates":[-1.12586,44.95037]},"properties":{"depth_m":2.3,"n":1,"date":"29/07/2008"}},{"type":"Feature","geometry":{"type":"Point","coordinates":[-1.12636,44.95043]},"properties":{"depth_m":2.4,"n":1,"date":"29/07/2008"}},{"type":"Feature","geometry":{"type":"Point","coordinates":[-1.12684,44.95049]},"properties":{"depth_m":2.4,"n":1,"date":"29/07/2008"}},{"type":"Feature","geometry":{"type":"Point","coordinates":[-1.12733,44.95051]},"properties":{"depth_m":2.4,"n":1,"date":"29/07/2008"}},{"type":"Feature","geometry":{"type":"Point","coordinates":[-1.12782,44.95045]},"properties":{"depth_m":1.6,"n":1,"date":"29/07/2008"}},{"type":"Feature","geometry":{"type":"Point","coordinates":[-1.12829,44.95036]},"properties":{"depth_m":1.7,"n":1,"date":"29/07/2008"}},{"type":"Feature","geometry":{"type":"Point","coordinates":[-1.12878,44.95025]},"properties":{"depth_m":1.6,"n":1,"date":"29/07/2008"}},{"type":"Feature","geometry":{"type":"Point","coordinates":[-1.12925,44.95008]},"properties":{"depth_m":1.6,"n":1,"date":"29/07/2008"}},{"type":"Feature","geometry":{"type":"Point","coordinates":[-1.12967,44.94988]},"properties":{"depth_m":2.2,"n":1,"date":"29/07/2008"}},{"type":"Feature","geometry":{"type":"Point","coordinates":[-1.1305,44.95514]},"properties":{"depth_m":2.7,"n":1,"date":"29/07/2008"}},{"type":"Feature","geometry":{"type":"Point","coordinates":[-1.12447,44.95016]},"properties":{"depth_m":1.8,"n":1,"date":"29/07/2008"}},{"type":"Feature","geometry":{"type":"Point","coordinates":[-1.12617,44.95387]},"properties":{"depth_m":2.2,"n":1,"date":"29/07/2008"}},{"type":"Feature","geometry":{"type":"Point","coordinates":[-1.12968,44.95496]},"properties":{"depth_m":2.8,"n":1,"date":"29/07/2008"}},{"type":"Feature","geometry":{"type":"Point","coordinates":[-1.13022,44.9551]},"properties":{"depth_m":2.6,"n":1,"date":"29/07/2008"}},{"type":"Feature","geometry":{"type":"Point","coordinates":[-1.13004,44.95506]},"properties":{"depth_m":2.6,"n":1,"date":"29/07/2008"}},{"type":"Feature","geometry":{"type":"Point","coordinates":[-1.12988,44.95502]},"properties":{"depth_m":2.8,"n":1,"date":"29/07/2008"}},{"type":"Feature","geometry":{"type":"Point","coordinates":[-1.12948,44.95491]},"properties":{"depth_m":2.8,"n":1,"date":"29/07/2008"}},{"type":"Feature","geometry":{"type":"Point","coordinates":[-1.12903,44.95478]},"properties":{"depth_m":3.2,"n":1,"date":"29/07/2008"}},{"type":"Feature","geometry":{"type":"Point","coordinates":[-1.12874,44.95469]},"properties":{"depth_m":2.9,"n":1,"date":"29/07/2008"}},{"type":"Feature","geometry":{"type":"Point","coordinates":[-1.12836,44.95457]},"properties":{"depth_m":2.5,"n":1,"date":"29/07/2008"}},{"type":"Feature","geometry":{"type":"Point","coordinates":[-1.12793,44.95442]},"properties":{"depth_m":2.3,"n":1,"date":"29/07/2008"}},{"type":"Feature","geometry":{"type":"Point","coordinates":[-1.1275,44.95426]},"properties":{"depth_m":2.6,"n":1,"date":"29/07/2008"}},{"type":"Feature","geometry":{"type":"Point","coordinates":[-1.12212,44.95101]},"properties":{"depth_m":3.5,"n":1,"date":"29/07/2008"}},{"type":"Feature","geometry":{"type":"Point","coordinates":[-1.12661,44.954]},"properties":{"depth_m":2.4,"n":1,"date":"29/07/2008"}},{"type":"Feature","geometry":{"type":"Point","coordinates":[-1.12239,44.95129]},"properties":{"depth_m":3.4,"n":1,"date":"29/07/2008"}},{"type":"Feature","geometry":{"type":"Point","coordinates":[-1.12576,44.95369]},"properties":{"depth_m":1.9,"n":1,"date":"29/07/2008"}},{"type":"Feature","geometry":{"type":"Point","coordinates":[-1.12534,44.95352]},"properties":{"depth_m":1.7,"n":1,"date":"29/07/2008"}},{"type":"Feature","geometry":{"type":"Point","coordinates":[-1.12493,44.95335]},"properties":{"depth_m":1.5,"n":1,"date":"29/07/2008"}},{"type":"Feature","geometry":{"type":"Point","coordinates":[-1.12457,44.95313]},"properties":{"depth_m":1.7,"n":1,"date":"29/07/2008"}},{"type":"Feature","geometry":{"type":"Point","coordinates":[-1.12426,44.95288]},"properties":{"depth_m":3.7,"n":1,"date":"29/07/2008"}},{"type":"Feature","geometry":{"type":"Point","coordinates":[-1.12398,44.9526]},"properties":{"depth_m":4.0,"n":1,"date":"29/07/2008"}},{"type":"Feature","geometry":{"type":"Point","coordinates":[-1.12368,44.95234]},"properties":{"depth_m":3.5,"n":1,"date":"29/07/2008"}},{"type":"Feature","geometry":{"type":"Point","coordinates":[-1.12337,44.95209]},"properties":{"depth_m":3.1,"n":1,"date":"29/07/2008"}},{"type":"Feature","geometry":{"type":"Point","coordinates":[-1.12307,44.95183]},"properties":{"depth_m":2.8,"n":1,"date":"29/07/2008"}},{"type":"Feature","geometry":{"type":"Point","coordinates":[-1.13043,44.94901]},"properties":{"depth_m":2.4,"n":1,"date":"29/07/2008"}},{"type":"Feature","geometry":{"type":"Point","coordinates":[-1.12705,44.95412]},"properties":{"depth_m":2.5,"n":1,"date":"29/07/2008"}},{"type":"Feature","geometry":{"type":"Point","coordinates":[-1.1335,44.94042]},"properties":{"depth_m":2.1,"n":1,"date":"29/07/2008"}},{"type":"Feature","geometry":{"type":"Point","coordinates":[-1.13245,44.94118]},"properties":{"depth_m":2.6,"n":1,"date":"29/07/2008"}},{"type":"Feature","geometry":{"type":"Point","coordinates":[-1.13248,44.94111]},"properties":{"depth_m":2.6,"n":1,"date":"29/07/2008"}},{"type":"Feature","geometry":{"type":"Point","coordinates":[-1.13254,44.94101]},"properties":{"depth_m":2.4,"n":1,"date":"29/07/2008"}},{"type":"Feature","geometry":{"type":"Point","coordinates":[-1.13265,44.94084]},"properties":{"depth_m":2.5,"n":1,"date":"29/07/2008"}},{"type":"Feature","geometry":{"type":"Point","coordinates":[-1.13281,44.9407]},"properties":{"depth_m":2.4,"n":1,"date":"29/07/2008"}},{"type":"Feature","geometry":{"type":"Point","coordinates":[-1.13296,44.94058]},"properties":{"depth_m":2.4,"n":1,"date":"29/07/2008"}},{"type":"Feature","geometry":{"type":"Point","coordinates":[-1.13308,44.94049]},"properties":{"depth_m":2.4,"n":1,"date":"29/07/2008"}},{"type":"Feature","geometry":{"type":"Point","coordinates":[-1.13319,44.94043]},"properties":{"depth_m":2.3,"n":1,"date":"29/07/2008"}},{"type":"Feature","geometry":{"type":"Point","coordinates":[-1.13329,44.9404]},"properties":{"depth_m":2.2,"n":1,"date":"29/07/2008"}},{"type":"Feature","geometry":{"type":"Point","coordinates":[-1.13008,44.94967]},"properties":{"depth_m":2.2,"n":1,"date":"29/07/2008"}},{"type":"Feature","geometry":{"type":"Point","coordinates":[-1.13345,44.94041]},"properties":{"depth_m":2.1,"n":1,"date":"29/07/2008"}},{"type":"Feature","geometry":{"type":"Point","coordinates":[-1.13233,44.94157]},"properties":{"depth_m":2.3,"n":1,"date":"29/07/2008"}},{"type":"Feature","geometry":{"type":"Point","coordinates":[-1.13354,44.94043]},"properties":{"depth_m":2.1,"n":1,"date":"29/07/2008"}},{"type":"Feature","geometry":{"type":"Point","coordinates":[-1.13356,44.94044]},"properties":{"depth_m":1.9,"n":3,"date":"29/07/2008"}},{"type":"Feature","geometry":{"type":"Point","coordinates":[-1.13789,44.96915]},"properties":{"depth_m":5.5,"n":1,"date":"29/07/2008"}},{"type":"Feature","geometry":{"type":"Point","coordinates":[-1.14155,44.97464]},"properties":{"depth_m":0.45,"n":4,"date":"29/07/2008"}},{"type":"Feature","geometry":{"type":"Point","coordinates":[-1.13355,44.94044]},"properties":{"depth_m":1.9,"n":1,"date":"29/07/2008"}},{"type":"Feature","geometry":{"type":"Point","coordinates":[-1.13355,44.94045]},"properties":{"depth_m":0.4,"n":1,"date":"29/07/2008"}},{"type":"Feature","geometry":{"type":"Point","coordinates":[-1.13358,44.94046]},"properties":{"depth_m":1.9,"n":1,"date":"29/07/2008"}},{"type":"Feature","geometry":{"type":"Point","coordinates":[-1.13363,44.94046]},"properties":{"depth_m":2.0,"n":1,"date":"29/07/2008"}},{"type":"Feature","geometry":{"type":"Point","coordinates":[-1.13338,44.94039]},"properties":{"depth_m":2.2,"n":1,"date":"29/07/2008"}},{"type":"Feature","geometry":{"type":"Point","coordinates":[-1.13108,44.94441]},"properties":{"depth_m":2.6,"n":1,"date":"29/07/2008"}},{"type":"Feature","geometry":{"type":"Point","coordinates":[-1.13038,44.94865]},"properties":{"depth_m":2.5,"n":1,"date":"29/07/2008"}},{"type":"Feature","geometry":{"type":"Point","coordinates":[-1.13034,44.9483]},"properties":{"depth_m":2.4,"n":1,"date":"29/07/2008"}},{"type":"Feature","geometry":{"type":"Point","coordinates":[-1.13032,44.94794]},"properties":{"depth_m":1.9,"n":1,"date":"29/07/2008"}},{"type":"Feature","geometry":{"type":"Point","coordinates":[-1.13028,44.94757]},"properties":{"depth_m":2.4,"n":1,"date":"29/07/2008"}},{"type":"Feature","geometry":{"type":"Point","coordinates":[-1.1303,44.94721]},"properties":{"depth_m":2.5,"n":1,"date":"29/07/2008"}},{"type":"Feature","geometry":{"type":"Point","coordinates":[-1.13036,44.94686]},"properties":{"depth_m":2.4,"n":1,"date":"29/07/2008"}},{"type":"Feature","geometry":{"type":"Point","coordinates":[-1.13043,44.94651]},"properties":{"depth_m":2.5,"n":1,"date":"29/07/2008"}},{"type":"Feature","geometry":{"type":"Point","coordinates":[-1.13053,44.94616]},"properties":{"depth_m":2.6,"n":1,"date":"29/07/2008"}},{"type":"Feature","geometry":{"type":"Point","coordinates":[-1.1306,44.94581]},"properties":{"depth_m":2.6,"n":1,"date":"29/07/2008"}},{"type":"Feature","geometry":{"type":"Point","coordinates":[-1.13071,44.94546]},"properties":{"depth_m":2.6,"n":1,"date":"29/07/2008"}},{"type":"Feature","geometry":{"type":"Point","coordinates":[-1.13241,44.94128]},"properties":{"depth_m":2.4,"n":1,"date":"29/07/2008"}},{"type":"Feature","geometry":{"type":"Point","coordinates":[-1.13096,44.94477]},"properties":{"depth_m":2.5,"n":1,"date":"29/07/2008"}},{"type":"Feature","geometry":{"type":"Point","coordinates":[-1.13236,44.94142]},"properties":{"depth_m":2.4,"n":1,"date":"29/07/2008"}},{"type":"Feature","geometry":{"type":"Point","coordinates":[-1.1313,44.94407]},"properties":{"depth_m":2.6,"n":1,"date":"29/07/2008"}},{"type":"Feature","geometry":{"type":"Point","coordinates":[-1.13161,44.94379]},"properties":{"depth_m":2.4,"n":1,"date":"29/07/2008"}},{"type":"Feature","geometry":{"type":"Point","coordinates":[-1.13193,44.94351]},"properties":{"depth_m":2.3,"n":1,"date":"29/07/2008"}},{"type":"Feature","geometry":{"type":"Point","coordinates":[-1.1322,44.94319]},"properties":{"depth_m":2.2,"n":1,"date":"29/07/2008"}},{"type":"Feature","geometry":{"type":"Point","coordinates":[-1.13227,44.94283]},"properties":{"depth_m":2.3,"n":1,"date":"29/07/2008"}},{"type":"Feature","geometry":{"type":"Point","coordinates":[-1.13228,44.94247]},"properties":{"depth_m":2.4,"n":1,"date":"29/07/2008"}},{"type":"Feature","geometry":{"type":"Point","coordinates":[-1.13229,44.94213]},"properties":{"depth_m":2.4,"n":1,"date":"29/07/2008"}},{"type":"Feature","geometry":{"type":"Point","coordinates":[-1.1323,44.94189]},"properties":{"depth_m":2.4,"n":1,"date":"29/07/2008"}},{"type":"Feature","geometry":{"type":"Point","coordinates":[-1.13231,44.94173]},"properties":{"depth_m":2.4,"n":1,"date":"29/07/2008"}},{"type":"Feature","geometry":{"type":"Point","coordinates":[-1.13059,44.95515]},"properties":{"depth_m":2.7,"n":1,"date":"29/07/2008"}},{"type":"Feature","geometry":{"type":"Point","coordinates":[-1.13082,44.94511]},"properties":{"depth_m":2.4,"n":1,"date":"29/07/2008"}},{"type":"Feature","geometry":{"type":"Point","coordinates":[-1.1317,44.95546]},"properties":{"depth_m":2.6,"n":3,"date":"29/07/2008"}},{"type":"Feature","geometry":{"type":"Point","coordinates":[-1.13171,44.95545]},"properties":{"depth_m":1.65,"n":2,"date":"29/07/2008"}},{"type":"Feature","geometry":{"type":"Point","coordinates":[-1.13171,44.95546]},"properties":{"depth_m":2.6,"n":8,"date":"29/07/2008"}},{"type":"Feature","geometry":{"type":"Point","coordinates":[-1.13168,44.95545]},"properties":{"depth_m":2.7,"n":3,"date":"29/07/2008"}},{"type":"Feature","geometry":{"type":"Point","coordinates":[-1.13172,44.95537]},"properties":{"depth_m":2.6,"n":2,"date":"29/07/2008"}},{"type":"Feature","geometry":{"type":"Point","coordinates":[-1.1317,44.95545]},"properties":{"depth_m":2.6,"n":3,"date":"29/07/2008"}},{"type":"Feature","geometry":{"type":"Point","coordinates":[-1.13037,44.95512]},"properties":{"depth_m":2.7,"n":1,"date":"29/07/2008"}},{"type":"Feature","geometry":{"type":"Point","coordinates":[-1.13172,44.95536]},"properties":{"depth_m":2.5,"n":11,"date":"29/07/2008"}},{"type":"Feature","geometry":{"type":"Point","coordinates":[-1.13172,44.95539]},"properties":{"depth_m":2.6,"n":1,"date":"29/07/2008"}},{"type":"Feature","geometry":{"type":"Point","coordinates":[-1.13172,44.95538]},"properties":{"depth_m":0.8,"n":1,"date":"29/07/2008"}},{"type":"Feature","geometry":{"type":"Point","coordinates":[-1.1313,44.95525]},"properties":{"depth_m":2.3,"n":1,"date":"29/07/2008"}},{"type":"Feature","geometry":{"type":"Point","coordinates":[-1.13162,44.95537]},"properties":{"depth_m":2.6,"n":3,"date":"29/07/2008"}},{"type":"Feature","geometry":{"type":"Point","coordinates":[-1.13161,44.95537]},"properties":{"depth_m":0.7,"n":1,"date":"29/07/2008"}},{"type":"Feature","geometry":{"type":"Point","coordinates":[-1.13159,44.95537]},"properties":{"depth_m":0.9,"n":1,"date":"29/07/2008"}},{"type":"Feature","geometry":{"type":"Point","coordinates":[-1.13156,44.95536]},"properties":{"depth_m":2.6,"n":1,"date":"29/07/2008"}},{"type":"Feature","geometry":{"type":"Point","coordinates":[-1.13151,44.95535]},"properties":{"depth_m":2.7,"n":1,"date":"29/07/2008"}},{"type":"Feature","geometry":{"type":"Point","coordinates":[-1.13146,44.95534]},"properties":{"depth_m":2.6,"n":1,"date":"29/07/2008"}},{"type":"Feature","geometry":{"type":"Point","coordinates":[-1.13141,44.95531]},"properties":{"depth_m":2.7,"n":1,"date":"29/07/2008"}},{"type":"Feature","geometry":{"type":"Point","coordinates":[-1.13134,44.95527]},"properties":{"depth_m":2.4,"n":1,"date":"29/07/2008"}},{"type":"Feature","geometry":{"type":"Point","coordinates":[-1.13162,44.95538]},"properties":{"depth_m":2.5,"n":1,"date":"29/07/2008"}},{"type":"Feature","geometry":{"type":"Point","coordinates":[-1.13126,44.95524]},"properties":{"depth_m":2.3,"n":1,"date":"29/07/2008"}},{"type":"Feature","geometry":{"type":"Point","coordinates":[-1.13121,44.95522]},"properties":{"depth_m":2.6,"n":1,"date":"29/07/2008"}},{"type":"Feature","geometry":{"type":"Point","coordinates":[-1.13115,44.95522]},"properties":{"depth_m":2.9,"n":1,"date":"29/07/2008"}},{"type":"Feature","geometry":{"type":"Point","coordinates":[-1.13109,44.95522]},"properties":{"depth_m":2.7,"n":1,"date":"29/07/2008"}},{"type":"Feature","geometry":{"type":"Point","coordinates":[-1.13102,44.95522]},"properties":{"depth_m":1.2,"n":1,"date":"29/07/2008"}},{"type":"Feature","geometry":{"type":"Point","coordinates":[-1.13096,44.95522]},"properties":{"depth_m":2.7,"n":1,"date":"29/07/2008"}},{"type":"Feature","geometry":{"type":"Point","coordinates":[-1.13089,44.95521]},"properties":{"depth_m":0.7,"n":1,"date":"29/07/2008"}},{"type":"Feature","geometry":{"type":"Point","coordinates":[-1.13082,44.9552]},"properties":{"depth_m":0.9,"n":1,"date":"29/07/2008"}},{"type":"Feature","geometry":{"type":"Point","coordinates":[-1.13075,44.95519]},"properties":{"depth_m":2.7,"n":1,"date":"29/07/2008"}},{"type":"Feature","geometry":{"type":"Point","coordinates":[-1.13067,44.95517]},"properties":{"depth_m":2.8,"n":1,"date":"29/07/2008"}},{"type":"Feature","geometry":{"type":"Point","coordinates":[-1.13137,44.95529]},"properties":{"depth_m":2.6,"n":1,"date":"29/07/2008"}},{"type":"Feature","geometry":{"type":"Point","coordinates":[-1.13165,44.95546]},"properties":{"depth_m":2.6,"n":3,"date":"29/07/2008"}},{"type":"Feature","geometry":{"type":"Point","coordinates":[-1.13167,44.95545]},"properties":{"depth_m":2.65,"n":2,"date":"29/07/2008"}},{"type":"Feature","geometry":{"type":"Point","coordinates":[-1.13166,44.95545]},"properties":{"depth_m":2.7,"n":3,"date":"29/07/2008"}},{"type":"Feature","geometry":{"type":"Point","coordinates":[-1.13166,44.95546]},"properties":{"depth_m":2.65,"n":4,"date":"29/07/2008"}},{"type":"Feature","geometry":{"type":"Point","coordinates":[-1.13166,44.95547]},"properties":{"depth_m":2.6,"n":1,"date":"29/07/2008"}},{"type":"Feature","geometry":{"type":"Point","coordinates":[-1.13162,44.95536]},"properties":{"depth_m":2.55,"n":2,"date":"29/07/2008"}},{"type":"Feature","geometry":{"type":"Point","coordinates":[-1.13164,44.9554]},"properties":{"depth_m":2.5,"n":4,"date":"29/07/2008"}},{"type":"Feature","geometry":{"type":"Point","coordinates":[-1.13163,44.9554]},"properties":{"depth_m":2.5,"n":2,"date":"29/07/2008"}},{"type":"Feature","geometry":{"type":"Point","coordinates":[-1.13162,44.9554]},"properties":{"depth_m":2.5,"n":1,"date":"29/07/2008"}},{"type":"Feature","geometry":{"type":"Point","coordinates":[-1.13162,44.95539]},"properties":{"depth_m":2.5,"n":1,"date":"29/07/2008"}},{"type":"Feature","geometry":{"type":"Point","coordinates":[-1.13858,44.9741]},"properties":{"depth_m":5.1,"n":1,"date":"29/07/2008"}},{"type":"Feature","geometry":{"type":"Point","coordinates":[-1.13672,44.97627]},"properties":{"depth_m":5.7,"n":1,"date":"29/07/2008"}},{"type":"Feature","geometry":{"type":"Point","coordinates":[-1.13703,44.97627]},"properties":{"depth_m":5.6,"n":1,"date":"29/07/2008"}},{"type":"Feature","geometry":{"type":"Point","coordinates":[-1.13728,44.97612]},"properties":{"depth_m":5.5,"n":1,"date":"29/07/2008"}},{"type":"Feature","geometry":{"type":"Point","coordinates":[-1.13736,44.97561]},"properties":{"depth_m":5.6,"n":1,"date":"29/07/2008"}},{"type":"Feature","geometry":{"type":"Point","coordinates":[-1.13762,44.97592]},"properties":{"depth_m":5.5,"n":1,"date":"29/07/2008"}},{"type":"Feature","geometry":{"type":"Point","coordinates":[-1.13731,44.97562]},"properties":{"depth_m":5.5,"n":1,"date":"29/07/2008"}},{"type":"Feature","geometry":{"type":"Point","coordinates":[-1.13752,44.97554]},"properties":{"depth_m":5.5,"n":1,"date":"29/07/2008"}},{"type":"Feature","geometry":{"type":"Point","coordinates":[-1.13809,44.97495]},"properties":{"depth_m":5.4,"n":1,"date":"29/07/2008"}},{"type":"Feature","geometry":{"type":"Point","coordinates":[-1.13828,44.97556]},"properties":{"depth_m":5.3,"n":1,"date":"29/07/2008"}},{"type":"Feature","geometry":{"type":"Point","coordinates":[-1.14131,44.97404]},"properties":{"depth_m":4.5,"n":1,"date":"29/07/2008"}},{"type":"Feature","geometry":{"type":"Point","coordinates":[-1.13866,44.97543]},"properties":{"depth_m":5.1,"n":1,"date":"29/07/2008"}},{"type":"Feature","geometry":{"type":"Point","coordinates":[-1.13577,44.97677]},"properties":{"depth_m":4.5,"n":1,"date":"29/07/2008"}},{"type":"Feature","geometry":{"type":"Point","coordinates":[-1.13918,44.9749]},"properties":{"depth_m":4.9,"n":1,"date":"29/07/2008"}},{"type":"Feature","geometry":{"type":"Point","coordinates":[-1.13956,44.97483]},"properties":{"depth_m":4.9,"n":1,"date":"29/07/2008"}},{"type":"Feature","geometry":{"type":"Point","coordinates":[-1.13975,44.9747]},"properties":{"depth_m":4.8,"n":1,"date":"29/07/2008"}},{"type":"Feature","geometry":{"type":"Point","coordinates":[-1.14006,44.97488]},"properties":{"depth_m":4.8,"n":1,"date":"29/07/2008"}},{"type":"Feature","geometry":{"type":"Point","coordinates":[-1.14027,44.97471]},"properties":{"depth_m":4.7,"n":1,"date":"29/07/2008"}},{"type":"Feature","geometry":{"type":"Point","coordinates":[-1.14053,44.97465]},"properties":{"depth_m":4.7,"n":1,"date":"29/07/2008"}},{"type":"Feature","geometry":{"type":"Point","coordinates":[-1.14078,44.9746]},"properties":{"depth_m":4.7,"n":1,"date":"29/07/2008"}},{"type":"Feature","geometry":{"type":"Point","coordinates":[-1.14087,44.97449]},"properties":{"depth_m":4.7,"n":1,"date":"29/07/2008"}},{"type":"Feature","geometry":{"type":"Point","coordinates":[-1.14092,44.97381]},"properties":{"depth_m":4.7,"n":1,"date":"29/07/2008"}},{"type":"Feature","geometry":{"type":"Point","coordinates":[-1.12988,44.98326]},"properties":{"depth_m":3.9,"n":1,"date":"29/07/2008"}},{"type":"Feature","geometry":{"type":"Point","coordinates":[-1.13839,44.97557]},"properties":{"depth_m":5.2,"n":1,"date":"29/07/2008"}},{"type":"Feature","geometry":{"type":"Point","coordinates":[-1.13247,44.97947]},"properties":{"depth_m":5.1,"n":1,"date":"29/07/2008"}},{"type":"Feature","geometry":{"type":"Point","coordinates":[-1.14175,44.97476]},"properties":{"depth_m":0.5,"n":9,"date":"29/07/2008"}},{"type":"Feature","geometry":{"type":"Point","coordinates":[-1.13015,44.98274]},"properties":{"depth_m":3.6,"n":1,"date":"29/07/2008"}},{"type":"Feature","geometry":{"type":"Point","coordinates":[-1.13021,44.98257]},"properties":{"depth_m":3.7,"n":1,"date":"29/07/2008"}},{"type":"Feature","geometry":{"type":"Point","coordinates":[-1.1303,44.98234]},"properties":{"depth_m":4.0,"n":1,"date":"29/07/2008"}},{"type":"Feature","geometry":{"type":"Point","coordinates":[-1.1305,44.98194]},"properties":{"depth_m":3.7,"n":1,"date":"29/07/2008"}},{"type":"Feature","geometry":{"type":"Point","coordinates":[-1.13055,44.98159]},"properties":{"depth_m":3.7,"n":1,"date":"29/07/2008"}},{"type":"Feature","geometry":{"type":"Point","coordinates":[-1.13071,44.98151]},"properties":{"depth_m":3.4,"n":1,"date":"29/07/2008"}},{"type":"Feature","geometry":{"type":"Point","coordinates":[-1.13095,44.98084]},"properties":{"depth_m":3.3,"n":1,"date":"29/07/2008"}},{"type":"Feature","geometry":{"type":"Point","coordinates":[-1.13102,44.98028]},"properties":{"depth_m":4.4,"n":1,"date":"29/07/2008"}},{"type":"Feature","geometry":{"type":"Point","coordinates":[-1.13126,44.97999]},"properties":{"depth_m":4.4,"n":1,"date":"29/07/2008"}},{"type":"Feature","geometry":{"type":"Point","coordinates":[-1.13637,44.97639]},"properties":{"depth_m":5.7,"n":1,"date":"29/07/2008"}},{"type":"Feature","geometry":{"type":"Point","coordinates":[-1.13206,44.97967]},"properties":{"depth_m":4.9,"n":1,"date":"29/07/2008"}},{"type":"Feature","geometry":{"type":"Point","coordinates":[-1.13607,44.97658]},"properties":{"depth_m":5.6,"n":1,"date":"29/07/2008"}},{"type":"Feature","geometry":{"type":"Point","coordinates":[-1.1329,44.97926]},"properties":{"depth_m":4.6,"n":1,"date":"29/07/2008"}},{"type":"Feature","geometry":{"type":"Point","coordinates":[-1.13332,44.97905]},"properties":{"depth_m":4.9,"n":1,"date":"29/07/2008"}},{"type":"Feature","geometry":{"type":"Point","coordinates":[-1.13372,44.97885]},"properties":{"depth_m":5.1,"n":1,"date":"29/07/2008"}},{"type":"Feature","geometry":{"type":"Point","coordinates":[-1.13411,44.97864]},"properties":{"depth_m":4.9,"n":1,"date":"29/07/2008"}},{"type":"Feature","geometry":{"type":"Point","coordinates":[-1.13444,44.9784]},"properties":{"depth_m":3.6,"n":1,"date":"29/07/2008"}},{"type":"Feature","geometry":{"type":"Point","coordinates":[-1.13475,44.97815]},"properties":{"depth_m":3.1,"n":1,"date":"29/07/2008"}},{"type":"Feature","geometry":{"type":"Point","coordinates":[-1.135,44.97778]},"properties":{"depth_m":3.5,"n":1,"date":"29/07/2008"}},{"type":"Feature","geometry":{"type":"Point","coordinates":[-1.1355,44.97765]},"properties":{"depth_m":4.8,"n":1,"date":"29/07/2008"}},{"type":"Feature","geometry":{"type":"Point","coordinates":[-1.1355,44.97715]},"properties":{"depth_m":5.1,"n":1,"date":"29/07/2008"}},{"type":"Feature","geometry":{"type":"Point","coordinates":[-1.14147,44.97406]},"properties":{"depth_m":4.4,"n":1,"date":"29/07/2008"}},{"type":"Feature","geometry":{"type":"Point","coordinates":[-1.13163,44.9798]},"properties":{"depth_m":4.5,"n":1,"date":"29/07/2008"}},{"type":"Feature","geometry":{"type":"Point","coordinates":[-1.14152,44.97463]},"properties":{"depth_m":0.6,"n":3,"date":"29/07/2008"}},{"type":"Feature","geometry":{"type":"Point","coordinates":[-1.14159,44.97464]},"properties":{"depth_m":0.6,"n":2,"date":"29/07/2008"}},{"type":"Feature","geometry":{"type":"Point","coordinates":[-1.14156,44.97464]},"properties":{"depth_m":0.45,"n":2,"date":"29/07/2008"}},{"type":"Feature","geometry":{"type":"Point","coordinates":[-1.14154,44.97464]},"properties":{"depth_m":0.5,"n":2,"date":"29/07/2008"}},{"type":"Feature","geometry":{"type":"Point","coordinates":[-1.14153,44.97464]},"properties":{"depth_m":0.6,"n":2,"date":"29/07/2008"}},{"type":"Feature","geometry":{"type":"Point","coordinates":[-1.14115,44.97405]},"properties":{"depth_m":4.8,"n":1,"date":"29/07/2008"}},{"type":"Feature","geometry":{"type":"Point","coordinates":[-1.14162,44.97462]},"properties":{"depth_m":0.5,"n":1,"date":"29/07/2008"}},{"type":"Feature","geometry":{"type":"Point","coordinates":[-1.14152,44.97464]},"properties":{"depth_m":1.2,"n":3,"date":"29/07/2008"}},{"type":"Feature","geometry":{"type":"Point","coordinates":[-1.14172,44.97474]},"properties":{"depth_m":0.5,"n":3,"date":"29/07/2008"}},{"type":"Feature","geometry":{"type":"Point","coordinates":[-1.14174,44.97476]},"properties":{"depth_m":1.2,"n":1,"date":"29/07/2008"}},{"type":"Feature","geometry":{"type":"Point","coordinates":[-1.14176,44.97476]},"properties":{"depth_m":0.4,"n":2,"date":"29/07/2008"}},{"type":"Feature","geometry":{"type":"Point","coordinates":[-1.14269,44.97495]},"properties":{"depth_m":0.7,"n":1,"date":"29/07/2008"}},{"type":"Feature","geometry":{"type":"Point","coordinates":[-1.14163,44.97406]},"properties":{"depth_m":4.4,"n":1,"date":"29/07/2008"}},{"type":"Feature","geometry":{"type":"Point","coordinates":[-1.14178,44.97409]},"properties":{"depth_m":4.3,"n":1,"date":"29/07/2008"}},{"type":"Feature","geometry":{"type":"Point","coordinates":[-1.14192,44.97417]},"properties":{"depth_m":4.3,"n":1,"date":"29/07/2008"}},{"type":"Feature","geometry":{"type":"Point","coordinates":[-1.142,44.97436]},"properties":{"depth_m":4.3,"n":1,"date":"29/07/2008"}},{"type":"Feature","geometry":{"type":"Point","coordinates":[-1.14204,44.9746]},"properties":{"depth_m":4.3,"n":1,"date":"29/07/2008"}},{"type":"Feature","geometry":{"type":"Point","coordinates":[-1.14275,44.97503]},"properties":{"depth_m":4.1,"n":1,"date":"29/07/2008"}},{"type":"Feature","geometry":{"type":"Point","coordinates":[-1.1424,44.97417]},"properties":{"depth_m":4.0,"n":1,"date":"29/07/2008"}},{"type":"Feature","geometry":{"type":"Point","coordinates":[-1.14262,44.97445]},"properties":{"depth_m":4.1,"n":1,"date":"29/07/2008"}},{"type":"Feature","geometry":{"type":"Point","coordinates":[-1.14256,44.97337]},"properties":{"depth_m":3.7,"n":1,"date":"29/07/2008"}},{"type":"Feature","geometry":{"type":"Point","coordinates":[-1.14213,44.97472]},"properties":{"depth_m":1.9,"n":1,"date":"29/07/2008"}},{"type":"Feature","geometry":{"type":"Point","coordinates":[-1.1427,44.97521]},"properties":{"depth_m":0.6,"n":1,"date":"29/07/2008"}},{"type":"Feature","geometry":{"type":"Point","coordinates":[-1.1416,44.97464]},"properties":{"depth_m":0.4,"n":1,"date":"29/07/2008"}},{"type":"Feature","geometry":{"type":"Point","coordinates":[-1.14273,44.97499]},"properties":{"depth_m":0.7,"n":1,"date":"29/07/2008"}},{"type":"Feature","geometry":{"type":"Point","coordinates":[-1.14278,44.97535]},"properties":{"depth_m":0.7,"n":1,"date":"29/07/2008"}},{"type":"Feature","geometry":{"type":"Point","coordinates":[-1.14252,44.9752]},"properties":{"depth_m":0.7,"n":1,"date":"29/07/2008"}},{"type":"Feature","geometry":{"type":"Point","coordinates":[-1.14257,44.97525]},"properties":{"depth_m":0.6,"n":1,"date":"29/07/2008"}},{"type":"Feature","geometry":{"type":"Point","coordinates":[-1.1426,44.97527]},"properties":{"depth_m":0.6,"n":1,"date":"29/07/2008"}},{"type":"Feature","geometry":{"type":"Point","coordinates":[-1.14259,44.97525]},"properties":{"depth_m":0.5,"n":1,"date":"29/07/2008"}},{"type":"Feature","geometry":{"type":"Point","coordinates":[-1.1423,44.97497]},"properties":{"depth_m":0.6,"n":1,"date":"29/07/2008"}},{"type":"Feature","geometry":{"type":"Point","coordinates":[-1.14206,44.97472]},"properties":{"depth_m":0.6,"n":1,"date":"29/07/2008"}},{"type":"Feature","geometry":{"type":"Point","coordinates":[-1.14221,44.97478]},"properties":{"depth_m":0.6,"n":1,"date":"29/07/2008"}},{"type":"Feature","geometry":{"type":"Point","coordinates":[-1.12971,44.9836]},"properties":{"depth_m":4.2,"n":1,"date":"29/07/2008"}},{"type":"Feature","geometry":{"type":"Point","coordinates":[-1.14241,44.97507]},"properties":{"depth_m":0.9,"n":1,"date":"29/07/2008"}},{"type":"Feature","geometry":{"type":"Point","coordinates":[-1.14266,44.99133]},"properties":{"depth_m":0.9,"n":1,"date":"29/07/2008"}},{"type":"Feature","geometry":{"type":"Point","coordinates":[-1.14236,44.9909]},"properties":{"depth_m":1.1,"n":1,"date":"29/07/2008"}},{"type":"Feature","geometry":{"type":"Point","coordinates":[-1.14251,44.99039]},"properties":{"depth_m":1.2,"n":1,"date":"29/07/2008"}},{"type":"Feature","geometry":{"type":"Point","coordinates":[-1.14272,44.99075]},"properties":{"depth_m":2.7,"n":1,"date":"29/07/2008"}},{"type":"Feature","geometry":{"type":"Point","coordinates":[-1.1422,44.99125]},"properties":{"depth_m":2.7,"n":1,"date":"29/07/2008"}},{"type":"Feature","geometry":{"type":"Point","coordinates":[-1.14213,44.99153]},"properties":{"depth_m":1.0,"n":1,"date":"29/07/2008"}},{"type":"Feature","geometry":{"type":"Point","coordinates":[-1.14212,44.99152]},"properties":{"depth_m":2.8,"n":1,"date":"29/07/2008"}},{"type":"Feature","geometry":{"type":"Point","coordinates":[-1.14264,44.99136]},"properties":{"depth_m":0.9,"n":1,"date":"29/07/2008"}},{"type":"Feature","geometry":{"type":"Point","coordinates":[-1.14264,44.99128]},"properties":{"depth_m":0.8,"n":1,"date":"29/07/2008"}},{"type":"Feature","geometry":{"type":"Point","coordinates":[-1.14264,44.99127]},"properties":{"depth_m":0.9,"n":1,"date":"29/07/2008"}},{"type":"Feature","geometry":{"type":"Point","coordinates":[-1.14154,44.99152]},"properties":{"depth_m":2.8,"n":1,"date":"29/07/2008"}},{"type":"Feature","geometry":{"type":"Point","coordinates":[-1.14294,44.99165]},"properties":{"depth_m":0.9,"n":1,"date":"29/07/2008"}},{"type":"Feature","geometry":{"type":"Point","coordinates":[-1.1422,44.99144]},"properties":{"depth_m":2.3,"n":1,"date":"29/07/2008"}},{"type":"Feature","geometry":{"type":"Point","coordinates":[-1.14261,44.99131]},"properties":{"depth_m":1.1,"n":1,"date":"29/07/2008"}},{"type":"Feature","geometry":{"type":"Point","coordinates":[-1.14258,44.99131]},"properties":{"depth_m":0.9,"n":1,"date":"29/07/2008"}},{"type":"Feature","geometry":{"type":"Point","coordinates":[-1.14256,44.99132]},"properties":{"depth_m":2.5,"n":1,"date":"29/07/2008"}},{"type":"Feature","geometry":{"type":"Point","coordinates":[-1.14252,44.99134]},"properties":{"depth_m":2.7,"n":1,"date":"29/07/2008"}},{"type":"Feature","geometry":{"type":"Point","coordinates":[-1.14245,44.99135]},"properties":{"depth_m":0.7,"n":1,"date":"29/07/2008"}},{"type":"Feature","geometry":{"type":"Point","coordinates":[-1.14233,44.99139]},"properties":{"depth_m":0.7,"n":1,"date":"29/07/2008"}},{"type":"Feature","geometry":{"type":"Point","coordinates":[-1.14231,44.99145]},"properties":{"depth_m":2.9,"n":1,"date":"29/07/2008"}},{"type":"Feature","geometry":{"type":"Point","coordinates":[-1.14226,44.9915]},"properties":{"depth_m":0.8,"n":1,"date":"29/07/2008"}},{"type":"Feature","geometry":{"type":"Point","coordinates":[-1.13009,44.98289]},"properties":{"depth_m":3.7,"n":1,"date":"29/07/2008"}},{"type":"Feature","geometry":{"type":"Point","coordinates":[-1.14264,44.99129]},"properties":{"depth_m":1.2,"n":1,"date":"29/07/2008"}},{"type":"Feature","geometry":{"type":"Point","coordinates":[-1.14198,44.99143]},"properties":{"depth_m":0.8,"n":1,"date":"29/07/2008"}},{"type":"Feature","geometry":{"type":"Point","coordinates":[-1.14239,44.98888]},"properties":{"depth_m":0.7,"n":1,"date":"29/07/2008"}},{"type":"Feature","geometry":{"type":"Point","coordinates":[-1.14286,44.99022]},"properties":{"depth_m":0.7,"n":1,"date":"29/07/2008"}},{"type":"Feature","geometry":{"type":"Point","coordinates":[-1.124,44.93736]},"properties":{"depth_m":1.0,"n":1,"date":"29/07/2008"}},{"type":"Feature","geometry":{"type":"Point","coordinates":[-1.13368,44.94047]},"properties":{"depth_m":1.8,"n":1,"date":"29/07/2008"}},{"type":"Feature","geometry":{"type":"Point","coordinates":[-1.14309,44.98993]},"properties":{"depth_m":0.9,"n":1,"date":"29/07/2008"}},{"type":"Feature","geometry":{"type":"Point","coordinates":[-1.14294,44.99012]},"properties":{"depth_m":1.0,"n":1,"date":"29/07/2008"}},{"type":"Feature","geometry":{"type":"Point","coordinates":[-1.14264,44.99059]},"properties":{"depth_m":1.2,"n":1,"date":"29/07/2008"}},{"type":"Feature","geometry":{"type":"Point","coordinates":[-1.14313,44.99094]},"properties":{"depth_m":1.4,"n":1,"date":"29/07/2008"}},{"type":"Feature","geometry":{"type":"Point","coordinates":[-1.14281,44.99085]},"properties":{"depth_m":1.4,"n":1,"date":"29/07/2008"}},{"type":"Feature","geometry":{"type":"Point","coordinates":[-1.14241,44.99086]},"properties":{"depth_m":1.8,"n":1,"date":"29/07/2008"}},{"type":"Feature","geometry":{"type":"Point","coordinates":[-1.14225,44.99127]},"properties":{"depth_m":2.4,"n":1,"date":"29/07/2008"}},{"type":"Feature","geometry":{"type":"Point","coordinates":[-1.14198,44.99144]},"properties":{"depth_m":2.0,"n":1,"date":"29/07/2008"}},{"type":"Feature","geometry":{"type":"Point","coordinates":[-1.1422,44.99143]},"properties":{"depth_m":2.4,"n":1,"date":"29/07/2008"}},{"type":"Feature","geometry":{"type":"Point","coordinates":[-1.14278,44.99091]},"properties":{"depth_m":0.9,"n":1,"date":"29/07/2008"}},{"type":"Feature","geometry":{"type":"Point","coordinates":[-1.14309,44.99032]},"properties":{"depth_m":1.1,"n":1,"date":"29/07/2008"}},{"type":"Feature","geometry":{"type":"Point","coordinates":[-1.14221,44.99141]},"properties":{"depth_m":1.55,"n":2,"date":"29/07/2008"}},{"type":"Feature","geometry":{"type":"Point","coordinates":[-1.14221,44.99142]},"properties":{"depth_m":2.2,"n":1,"date":"29/07/2008"}},{"type":"Feature","geometry":{"type":"Point","coordinates":[-1.1422,44.99145]},"properties":{"depth_m":1.0,"n":4,"date":"29/07/2008"}},{"type":"Feature","geometry":{"type":"Point","coordinates":[-1.14134,44.99158]},"properties":{"depth_m":0.8,"n":1,"date":"29/07/2008"}},{"type":"Feature","geometry":{"type":"Point","coordinates":[-1.1422,44.99111]},"properties":{"depth_m":0.7,"n":1,"date":"29/07/2008"}},{"type":"Feature","geometry":{"type":"Point","coordinates":[-1.12827,44.98655]},"properties":{"depth_m":3.7,"n":1,"date":"29/07/2008"}},{"type":"Feature","geometry":{"type":"Point","coordinates":[-1.13209,44.98941]},"properties":{"depth_m":3.5,"n":1,"date":"29/07/2008"}},{"type":"Feature","geometry":{"type":"Point","coordinates":[-1.1316,44.98919]},"properties":{"depth_m":3.6,"n":1,"date":"29/07/2008"}},{"type":"Feature","geometry":{"type":"Point","coordinates":[-1.13141,44.98855]},"properties":{"depth_m":3.7,"n":1,"date":"29/07/2008"}},{"type":"Feature","geometry":{"type":"Point","coordinates":[-1.13107,44.98829]},"properties":{"depth_m":3.8,"n":1,"date":"29/07/2008"}},{"type":"Feature","geometry":{"type":"Point","coordinates":[-1.13059,44.98812]},"properties":{"depth_m":3.8,"n":1,"date":"29/07/2008"}},{"type":"Feature","geometry":{"type":"Point","coordinates":[-1.13032,44.98791]},"properties":{"depth_m":3.5,"n":1,"date":"29/07/2008"}},{"type":"Feature","geometry":{"type":"Point","coordinates":[-1.13001,44.98764]},"properties":{"depth_m":3.5,"n":1,"date":"29/07/2008"}},{"type":"Feature","geometry":{"type":"Point","coordinates":[-1.12967,44.98739]},"properties":{"depth_m":3.4,"n":1,"date":"29/07/2008"}},{"type":"Feature","geometry":{"type":"Point","coordinates":[-1.1293,44.98717]},"properties":{"depth_m":3.9,"n":1,"date":"29/07/2008"}},{"type":"Feature","geometry":{"type":"Point","coordinates":[-1.14212,44.99148]},"properties":{"depth_m":0.9,"n":1,"date":"29/07/2008"}},{"type":"Feature","geometry":{"type":"Point","coordinates":[-1.12854,44.98683]},"properties":{"depth_m":4.1,"n":1,"date":"29/07/2008"}},{"type":"Feature","geometry":{"type":"Point","coordinates":[-1.13354,44.98995]},"properties":{"depth_m":3.5,"n":1,"date":"29/07/2008"}},{"type":"Feature","geometry":{"type":"Point","coordinates":[-1.12804,44.98613]},"properties":{"depth_m":4.0,"n":1,"date":"29/07/2008"}},{"type":"Feature","geometry":{"type":"Point","coordinates":[-1.12793,44.98578]},"properties":{"depth_m":3.9,"n":1,"date":"29/07/2008"}},{"type":"Feature","geometry":{"type":"Point","coordinates":[-1.12794,44.98528]},"properties":{"depth_m":3.6,"n":1,"date":"29/07/2008"}},{"type":"Feature","geometry":{"type":"Point","coordinates":[-1.12801,44.98589]},"properties":{"depth_m":3.5,"n":1,"date":"29/07/2008"}},{"type":"Feature","geometry":{"type":"Point","coordinates":[-1.1279,44.9844]},"properties":{"depth_m":3.7,"n":1,"date":"29/07/2008"}},{"type":"Feature","geometry":{"type":"Point","coordinates":[-1.12819,44.98429]},"properties":{"depth_m":3.7,"n":1,"date":"29/07/2008"}},{"type":"Feature","geometry":{"type":"Point","coordinates":[-1.12887,44.98444]},"properties":{"depth_m":3.7,"n":1,"date":"29/07/2008"}},{"type":"Feature","geometry":{"type":"Point","coordinates":[-1.12896,44.98456]},"properties":{"depth_m":3.8,"n":1,"date":"29/07/2008"}},{"type":"Feature","geometry":{"type":"Point","coordinates":[-1.12917,44.98433]},"properties":{"depth_m":4.0,"n":1,"date":"29/07/2008"}},{"type":"Feature","geometry":{"type":"Point","coordinates":[-1.12945,44.98398]},"properties":{"depth_m":4.3,"n":1,"date":"29/07/2008"}},{"type":"Feature","geometry":{"type":"Point","coordinates":[-1.12888,44.98705]},"properties":{"depth_m":3.7,"n":1,"date":"29/07/2008"}},{"type":"Feature","geometry":{"type":"Point","coordinates":[-1.13812,44.99157]},"properties":{"depth_m":3.5,"n":1,"date":"29/07/2008"}},{"type":"Feature","geometry":{"type":"Point","coordinates":[-1.14112,44.99167]},"properties":{"depth_m":3.0,"n":1,"date":"29/07/2008"}},{"type":"Feature","geometry":{"type":"Point","coordinates":[-1.14092,44.99167]},"properties":{"depth_m":2.9,"n":1,"date":"29/07/2008"}},{"type":"Feature","geometry":{"type":"Point","coordinates":[-1.14105,44.992]},"properties":{"depth_m":3.0,"n":1,"date":"29/07/2008"}},{"type":"Feature","geometry":{"type":"Point","coordinates":[-1.14065,44.99121]},"properties":{"depth_m":3.1,"n":1,"date":"29/07/2008"}},{"type":"Feature","geometry":{"type":"Point","coordinates":[-1.14045,44.9912]},"properties":{"depth_m":3.1,"n":1,"date":"29/07/2008"}},{"type":"Feature","geometry":{"type":"Point","coordinates":[-1.14046,44.992]},"properties":{"depth_m":3.2,"n":1,"date":"29/07/2008"}},{"type":"Feature","geometry":{"type":"Point","coordinates":[-1.13998,44.99175]},"properties":{"depth_m":3.2,"n":1,"date":"29/07/2008"}},{"type":"Feature","geometry":{"type":"Point","coordinates":[-1.13979,44.99177]},"properties":{"depth_m":3.3,"n":1,"date":"29/07/2008"}},{"type":"Feature","geometry":{"type":"Point","coordinates":[-1.13952,44.99177]},"properties":{"depth_m":3.3,"n":1,"date":"29/07/2008"}},{"type":"Feature","geometry":{"type":"Point","coordinates":[-1.13922,44.99174]},"properties":{"depth_m":3.4,"n":1,"date":"29/07/2008"}},{"type":"Feature","geometry":{"type":"Point","coordinates":[-1.1325,44.98959]},"properties":{"depth_m":3.9,"n":1,"date":"29/07/2008"}},{"type":"Feature","geometry":{"type":"Point","coordinates":[-1.13852,44.99165]},"properties":{"depth_m":3.4,"n":1,"date":"29/07/2008"}},{"type":"Feature","geometry":{"type":"Point","coordinates":[-1.133,44.98979]},"properties":{"depth_m":3.7,"n":1,"date":"29/07/2008"}},{"type":"Feature","geometry":{"type":"Point","coordinates":[-1.13767,44.99146]},"properties":{"depth_m":3.6,"n":1,"date":"29/07/2008"}},{"type":"Feature","geometry":{"type":"Point","coordinates":[-1.13721,44.99133]},"properties":{"depth_m":3.7,"n":1,"date":"29/07/2008"}},{"type":"Feature","geometry":{"type":"Point","coordinates":[-1.13678,44.99119]},"properties":{"depth_m":3.8,"n":1,"date":"29/07/2008"}},{"type":"Feature","geometry":{"type":"Point","coordinates":[-1.13626,44.991]},"properties":{"depth_m":3.8,"n":1,"date":"29/07/2008"}},{"type":"Feature","geometry":{"type":"Point","coordinates":[-1.13583,44.99084]},"properties":{"depth_m":3.7,"n":1,"date":"29/07/2008"}},{"type":"Feature","geometry":{"type":"Point","coordinates":[-1.13532,44.99065]},"properties":{"depth_m":3.8,"n":1,"date":"29/07/2008"}},{"type":"Feature","geometry":{"type":"Point","coordinates":[-1.13481,44.99045]},"properties":{"depth_m":3.9,"n":1,"date":"29/07/2008"}},{"type":"Feature","geometry":{"type":"Point","coordinates":[-1.1344,44.99027]},"properties":{"depth_m":3.9,"n":1,"date":"29/07/2008"}},{"type":"Feature","geometry":{"type":"Point","coordinates":[-1.13388,44.99008]},"properties":{"depth_m":3.6,"n":1,"date":"29/07/2008"}},{"type":"Feature","geometry":{"type":"Point","coordinates":[-1.13889,44.99171]},"properties":{"depth_m":3.4,"n":1,"date":"29/07/2008"}},{"type":"Feature","geometry":{"type":"Point","coordinates":[-1.14159,44.97437]},"properties":{"depth_m":4.3,"n":1,"date":"29/07/2008"}},{"type":"Feature","geometry":{"type":"Point","coordinates":[-1.14179,44.97431]},"properties":{"depth_m":4.3,"n":1,"date":"29/07/2008"}},{"type":"Feature","geometry":{"type":"Point","coordinates":[-1.14178,44.97431]},"properties":{"depth_m":4.3,"n":1,"date":"29/07/2008"}},{"type":"Feature","geometry":{"type":"Point","coordinates":[-1.14177,44.97431]},"properties":{"depth_m":4.3,"n":1,"date":"29/07/2008"}},{"type":"Feature","geometry":{"type":"Point","coordinates":[-1.14177,44.97432]},"properties":{"depth_m":4.6,"n":1,"date":"29/07/2008"}},{"type":"Feature","geometry":{"type":"Point","coordinates":[-1.14176,44.97432]},"properties":{"depth_m":4.3,"n":1,"date":"29/07/2008"}},{"type":"Feature","geometry":{"type":"Point","coordinates":[-1.14175,44.97432]},"properties":{"depth_m":4.3,"n":1,"date":"29/07/2008"}},{"type":"Feature","geometry":{"type":"Point","coordinates":[-1.14174,44.97432]},"properties":{"depth_m":4.3,"n":1,"date":"29/07/2008"}},{"type":"Feature","geometry":{"type":"Point","coordinates":[-1.14171,44.97433]},"properties":{"depth_m":4.3,"n":1,"date":"29/07/2008"}},{"type":"Feature","geometry":{"type":"Point","coordinates":[-1.1417,44.97434]},"properties":{"depth_m":4.4,"n":1,"date":"29/07/2008"}},{"type":"Feature","geometry":{"type":"Point","coordinates":[-1.14156,44.97438]},"properties":{"depth_m":4.35,"n":2,"date":"29/07/2008"}},{"type":"Feature","geometry":{"type":"Point","coordinates":[-1.1416,44.97437]},"properties":{"depth_m":4.3,"n":1,"date":"29/07/2008"}},{"type":"Feature","geometry":{"type":"Point","coordinates":[-1.14185,44.97431]},"properties":{"depth_m":4.4,"n":3,"date":"29/07/2008"}},{"type":"Feature","geometry":{"type":"Point","coordinates":[-1.14159,44.97438]},"properties":{"depth_m":4.3,"n":1,"date":"29/07/2008"}},{"type":"Feature","geometry":{"type":"Point","coordinates":[-1.14158,44.97438]},"properties":{"depth_m":4.3,"n":7,"date":"29/07/2008"}},{"type":"Feature","geometry":{"type":"Point","coordinates":[-1.14157,44.97438]},"properties":{"depth_m":4.35,"n":2,"date":"29/07/2008"}},{"type":"Feature","geometry":{"type":"Point","coordinates":[-1.14196,44.97429]},"properties":{"depth_m":3.9,"n":3,"date":"29/07/2008"}},{"type":"Feature","geometry":{"type":"Point","coordinates":[-1.14169,44.97434]},"properties":{"depth_m":4.3,"n":1,"date":"29/07/2008"}},{"type":"Feature","geometry":{"type":"Point","coordinates":[-1.14186,44.97431]},"properties":{"depth_m":4.3,"n":9,"date":"29/07/2008"}},{"type":"Feature","geometry":{"type":"Point","coordinates":[-1.14197,44.97429]},"properties":{"depth_m":3.85,"n":4,"date":"29/07/2008"}},{"type":"Feature","geometry":{"type":"Point","coordinates":[-1.14198,44.97429]},"properties":{"depth_m":3.8,"n":3,"date":"29/07/2008"}},{"type":"Feature","geometry":{"type":"Point","coordinates":[-1.14196,44.97428]},"properties":{"depth_m":4.0,"n":1,"date":"29/07/2008"}},{"type":"Feature","geometry":{"type":"Point","coordinates":[-1.14195,44.97428]},"properties":{"depth_m":4.1,"n":1,"date":"29/07/2008"}},{"type":"Feature","geometry":{"type":"Point","coordinates":[-1.14194,44.97429]},"properties":{"depth_m":4.1,"n":1,"date":"29/07/2008"}},{"type":"Feature","geometry":{"type":"Point","coordinates":[-1.14192,44.97429]},"properties":{"depth_m":4.1,"n":1,"date":"29/07/2008"}},{"type":"Feature","geometry":{"type":"Point","coordinates":[-1.14188,44.9743]},"properties":{"depth_m":4.2,"n":1,"date":"29/07/2008"}},{"type":"Feature","geometry":{"type":"Point","coordinates":[-1.14187,44.9743]},"properties":{"depth_m":4.2,"n":1,"date":"29/07/2008"}},{"type":"Feature","geometry":{"type":"Point","coordinates":[-1.14184,44.9743]},"properties":{"depth_m":4.4,"n":1,"date":"29/07/2008"}},{"type":"Feature","geometry":{"type":"Point","coordinates":[-1.14187,44.97431]},"properties":{"depth_m":4.2,"n":3,"date":"29/07/2008"}},{"type":"Feature","geometry":{"type":"Point","coordinates":[-1.13829,44.97227]},"properties":{"depth_m":5.5,"n":1,"date":"29/07/2008"}},{"type":"Feature","geometry":{"type":"Point","coordinates":[-1.14107,44.97409]},"properties":{"depth_m":4.7,"n":1,"date":"29/07/2008"}},{"type":"Feature","geometry":{"type":"Point","coordinates":[-1.141,44.97404]},"properties":{"depth_m":4.6,"n":1,"date":"29/07/2008"}},{"type":"Feature","geometry":{"type":"Point","coordinates":[-1.1409,44.97397]},"properties":{"depth_m":4.8,"n":1,"date":"29/07/2008"}},{"type":"Feature","geometry":{"type":"Point","coordinates":[-1.14077,44.97388]},"properties":{"depth_m":4.7,"n":1,"date":"29/07/2008"}},{"type":"Feature","geometry":{"type":"Point","coordinates":[-1.1405,44.97372]},"properties":{"depth_m":4.8,"n":1,"date":"29/07/2008"}},{"type":"Feature","geometry":{"type":"Point","coordinates":[-1.1402,44.97352]},"properties":{"depth_m":5.0,"n":1,"date":"29/07/2008"}},{"type":"Feature","geometry":{"type":"Point","coordinates":[-1.1399,44.97331]},"properties":{"depth_m":5.1,"n":1,"date":"29/07/2008"}},{"type":"Feature","geometry":{"type":"Point","coordinates":[-1.1396,44.97309]},"properties":{"depth_m":5.1,"n":1,"date":"29/07/2008"}},{"type":"Feature","geometry":{"type":"Point","coordinates":[-1.13929,44.97288]},"properties":{"depth_m":5.3,"n":1,"date":"29/07/2008"}},{"type":"Feature","geometry":{"type":"Point","coordinates":[-1.13859,44.9725]},"properties":{"depth_m":5.4,"n":1,"date":"29/07/2008"}},{"type":"Feature","geometry":{"type":"Point","coordinates":[-1.14121,44.9742]},"properties":{"depth_m":4.5,"n":1,"date":"29/07/2008"}},{"type":"Feature","geometry":{"type":"Point","coordinates":[-1.13804,44.97203]},"properties":{"depth_m":5.5,"n":1,"date":"29/07/2008"}},{"type":"Feature","geometry":{"type":"Point","coordinates":[-1.13781,44.97177]},"properties":{"depth_m":5.6,"n":1,"date":"29/07/2008"}},{"type":"Feature","geometry":{"type":"Point","coordinates":[-1.13763,44.97149]},"properties":{"depth_m":5.6,"n":1,"date":"29/07/2008"}},{"type":"Feature","geometry":{"type":"Point","coordinates":[-1.13755,44.97121]},"properties":{"depth_m":5.6,"n":1,"date":"29/07/2008"}},{"type":"Feature","geometry":{"type":"Point","coordinates":[-1.13754,44.97101]},"properties":{"depth_m":5.6,"n":1,"date":"29/07/2008"}},{"type":"Feature","geometry":{"type":"Point","coordinates":[-1.13758,44.97086]},"properties":{"depth_m":5.6,"n":1,"date":"29/07/2008"}},{"type":"Feature","geometry":{"type":"Point","coordinates":[-1.13766,44.97053]},"properties":{"depth_m":5.7,"n":1,"date":"29/07/2008"}},{"type":"Feature","geometry":{"type":"Point","coordinates":[-1.13774,44.9702]},"properties":{"depth_m":5.6,"n":1,"date":"29/07/2008"}},{"type":"Feature","geometry":{"type":"Point","coordinates":[-1.13783,44.96987]},"properties":{"depth_m":5.5,"n":1,"date":"29/07/2008"}},{"type":"Feature","geometry":{"type":"Point","coordinates":[-1.13786,44.96959]},"properties":{"depth_m":5.4,"n":1,"date":"29/07/2008"}},{"type":"Feature","geometry":{"type":"Point","coordinates":[-1.13894,44.97269]},"properties":{"depth_m":5.3,"n":1,"date":"29/07/2008"}},{"type":"Feature","geometry":{"type":"Point","coordinates":[-1.14145,44.97433]},"properties":{"depth_m":4.6,"n":1,"date":"29/07/2008"}},{"type":"Feature","geometry":{"type":"Point","coordinates":[-1.14155,44.97438]},"properties":{"depth_m":4.5,"n":1,"date":"29/07/2008"}},{"type":"Feature","geometry":{"type":"Point","coordinates":[-1.14154,44.97437]},"properties":{"depth_m":4.3,"n":1,"date":"29/07/2008"}},{"type":"Feature","geometry":{"type":"Point","coordinates":[-1.14153,44.97436]},"properties":{"depth_m":4.3,"n":3,"date":"29/07/2008"}},{"type":"Feature","geometry":{"type":"Point","coordinates":[-1.14152,44.97436]},"properties":{"depth_m":4.5,"n":1,"date":"29/07/2008"}},{"type":"Feature","geometry":{"type":"Point","coordinates":[-1.1415,44.97436]},"properties":{"depth_m":4.4,"n":1,"date":"29/07/2008"}},{"type":"Feature","geometry":{"type":"Point","coordinates":[-1.14148,44.97435]},"properties":{"depth_m":4.4,"n":2,"date":"29/07/2008"}},{"type":"Feature","geometry":{"type":"Point","coordinates":[-1.14148,44.97434]},"properties":{"depth_m":4.4,"n":1,"date":"29/07/2008"}},{"type":"Feature","geometry":{"type":"Point","coordinates":[-1.14113,44.97412]},"properties":{"depth_m":4.5,"n":1,"date":"29/07/2008"}},{"type":"Feature","geometry":{"type":"Point","coordinates":[-1.14146,44.97433]},"properties":{"depth_m":4.4,"n":1,"date":"29/07/2008"}},{"type":"Feature","geometry":{"type":"Point","coordinates":[-1.14118,44.97416]},"properties":{"depth_m":4.5,"n":1,"date":"29/07/2008"}},{"type":"Feature","geometry":{"type":"Point","coordinates":[-1.14146,44.97431]},"properties":{"depth_m":4.3,"n":1,"date":"29/07/2008"}},{"type":"Feature","geometry":{"type":"Point","coordinates":[-1.14145,44.97431]},"properties":{"depth_m":4.5,"n":1,"date":"29/07/2008"}},{"type":"Feature","geometry":{"type":"Point","coordinates":[-1.14143,44.9743]},"properties":{"depth_m":4.4,"n":1,"date":"29/07/2008"}},{"type":"Feature","geometry":{"type":"Point","coordinates":[-1.14142,44.97429]},"properties":{"depth_m":4.5,"n":1,"date":"29/07/2008"}},{"type":"Feature","geometry":{"type":"Point","coordinates":[-1.14139,44.97429]},"properties":{"depth_m":4.3,"n":1,"date":"29/07/2008"}},{"type":"Feature","geometry":{"type":"Point","coordinates":[-1.14136,44.97428]},"properties":{"depth_m":4.4,"n":1,"date":"29/07/2008"}},{"type":"Feature","geometry":{"type":"Point","coordinates":[-1.14132,44.97427]},"properties":{"depth_m":4.4,"n":1,"date":"29/07/2008"}},{"type":"Feature","geometry":{"type":"Point","coordinates":[-1.1413,44.97425]},"properties":{"depth_m":4.6,"n":1,"date":"29/07/2008"}},{"type":"Feature","geometry":{"type":"Point","coordinates":[-1.14125,44.97423]},"properties":{"depth_m":4.4,"n":1,"date":"29/07/2008"}},{"type":"Feature","geometry":{"type":"Point","coordinates":[-1.14147,44.97434]},"properties":{"depth_m":4.4,"n":1,"date":"29/07/2008"}},{"type":"Feature","geometry":{"type":"Point","coordinates":[-1.14177,44.97477]},"properties":{"depth_m":0.4,"n":9,"date":"29/07/2008"}},{"type":"Feature","geometry":{"type":"Point","coordinates":[-1.14176,44.97474]},"properties":{"depth_m":0.4,"n":2,"date":"29/07/2008"}},{"type":"Feature","geometry":{"type":"Point","coordinates":[-1.14177,44.97473]},"properties":{"depth_m":0.4,"n":3,"date":"29/07/2008"}},{"type":"Feature","geometry":{"type":"Point","coordinates":[-1.14177,44.97472]},"properties":{"depth_m":0.5,"n":27,"date":"29/07/2008"}},{"type":"Feature","geometry":{"type":"Point","coordinates":[-1.14178,44.97472]},"properties":{"depth_m":0.4,"n":1,"date":"29/07/2008"}},{"type":"Feature","geometry":{"type":"Point","coordinates":[-1.14176,44.97475]},"properties":{"depth_m":0.55,"n":2,"date":"29/07/2008"}},{"type":"Feature","geometry":{"type":"Point","coordinates":[-1.14176,44.97477]},"properties":{"depth_m":0.5,"n":4,"date":"29/07/2008"}},{"type":"Feature","geometry":{"type":"Point","coordinates":[-1.14175,44.97475]},"properties":{"depth_m":0.5,"n":5,"date":"29/07/2008"}},{"type":"Feature","geometry":{"type":"Point","coordinates":[-1.14175,44.97477]},"properties":{"depth_m":0.6,"n":5,"date":"29/07/2008"}},{"type":"Feature","geometry":{"type":"Point","coordinates":[-1.14171,44.97436]},"properties":{"depth_m":4.2,"n":1,"date":"29/07/2008"}},{"type":"Feature","geometry":{"type":"Point","coordinates":[-1.14175,44.97467]},"properties":{"depth_m":0.6,"n":1,"date":"29/07/2008"}},{"type":"Feature","geometry":{"type":"Point","coordinates":[-1.14176,44.97467]},"properties":{"depth_m":0.5,"n":1,"date":"29/07/2008"}},{"type":"Feature","geometry":{"type":"Point","coordinates":[-1.14178,44.97467]},"properties":{"depth_m":0.5,"n":1,"date":"29/07/2008"}},{"type":"Feature","geometry":{"type":"Point","coordinates":[-1.14177,44.97464]},"properties":{"depth_m":0.7,"n":1,"date":"29/07/2008"}},{"type":"Feature","geometry":{"type":"Point","coordinates":[-1.14176,44.97463]},"properties":{"depth_m":0.7,"n":1,"date":"29/07/2008"}},{"type":"Feature","geometry":{"type":"Point","coordinates":[-1.14177,44.97461]},"properties":{"depth_m":0.4,"n":1,"date":"29/07/2008"}},{"type":"Feature","geometry":{"type":"Point","coordinates":[-1.14173,44.9746]},"properties":{"depth_m":0.5,"n":1,"date":"29/07/2008"}},{"type":"Feature","geometry":{"type":"Point","coordinates":[-1.1417,44.97455]},"properties":{"depth_m":0.9,"n":1,"date":"29/07/2008"}},{"type":"Feature","geometry":{"type":"Point","coordinates":[-1.14168,44.9745]},"properties":{"depth_m":2.6,"n":1,"date":"29/07/2008"}},{"type":"Feature","geometry":{"type":"Point","coordinates":[-1.14169,44.97442]},"properties":{"depth_m":4.2,"n":1,"date":"29/07/2008"}},{"type":"Feature","geometry":{"type":"Point","coordinates":[-1.14173,44.97467]},"properties":{"depth_m":0.55,"n":2,"date":"29/07/2008"}},{"type":"Feature","geometry":{"type":"Point","coordinates":[-1.14178,44.97432]},"properties":{"depth_m":4.3,"n":1,"date":"29/07/2008"}},{"type":"Feature","geometry":{"type":"Point","coordinates":[-1.14186,44.97429]},"properties":{"depth_m":4.3,"n":1,"date":"29/07/2008"}},{"type":"Feature","geometry":{"type":"Point","coordinates":[-1.14195,44.97426]},"properties":{"depth_m":4.2,"n":1,"date":"29/07/2008"}},{"type":"Feature","geometry":{"type":"Point","coordinates":[-1.14197,44.97424]},"properties":{"depth_m":4.3,"n":1,"date":"29/07/2008"}},{"type":"Feature","geometry":{"type":"Point","coordinates":[-1.14196,44.97427]},"properties":{"depth_m":4.2,"n":1,"date":"29/07/2008"}},{"type":"Feature","geometry":{"type":"Point","coordinates":[-1.14167,44.97446]},"properties":{"depth_m":3.9,"n":1,"date":"29/07/2008"}},{"type":"Feature","geometry":{"type":"Point","coordinates":[-1.14174,44.97467]},"properties":{"depth_m":0.4,"n":1,"date":"29/07/2008"}},{"type":"Feature","geometry":{"type":"Point","coordinates":[-1.14167,44.97472]},"properties":{"depth_m":18.8,"n":1,"date":"29/07/2008"}},{"type":"Feature","geometry":{"type":"Point","coordinates":[-1.14168,44.97472]},"properties":{"depth_m":18.2,"n":1,"date":"29/07/2008"}},{"type":"Feature","geometry":{"type":"Point","coordinates":[-1.14167,44.97471]},"properties":{"depth_m":18.8,"n":1,"date":"29/07/2008"}},{"type":"Feature","geometry":{"type":"Point","coordinates":[-1.14168,44.97471]},"properties":{"depth_m":17.5,"n":1,"date":"29/07/2008"}},{"type":"Feature","geometry":{"type":"Point","coordinates":[-1.14171,44.97468]},"properties":{"depth_m":0.8,"n":1,"date":"29/07/2008"}},{"type":"Feature","geometry":{"type":"Point","coordinates":[-1.14172,44.97468]},"properties":{"depth_m":0.9,"n":1,"date":"29/07/2008"}},{"type":"Feature","geometry":{"type":"Point","coordinates":[-1.14172,44.97467]},"properties":{"depth_m":0.5,"n":1,"date":"29/07/2008"}},{"type":"Feature","geometry":{"type":"Point","coordinates":[-1.13785,44.96944]},"properties":{"depth_m":5.4,"n":1,"date":"29/07/2008"}},{"type":"Feature","geometry":{"type":"Point","coordinates":[-1.11757,44.94264]},"properties":{"depth_m":0.5,"n":1,"date":"29/07/2008"}},{"type":"Feature","geometry":{"type":"Point","coordinates":[-1.11693,44.94872]},"properties":{"depth_m":0.9,"n":1,"date":"29/07/2008"}},{"type":"Feature","geometry":{"type":"Point","coordinates":[-1.11706,44.94264]},"properties":{"depth_m":0.5,"n":1,"date":"29/07/2008"}},{"type":"Feature","geometry":{"type":"Point","coordinates":[-1.11709,44.94264]},"properties":{"depth_m":0.4,"n":1,"date":"29/07/2008"}},{"type":"Feature","geometry":{"type":"Point","coordinates":[-1.11712,44.94264]},"properties":{"depth_m":0.4,"n":1,"date":"29/07/2008"}},{"type":"Feature","geometry":{"type":"Point","coordinates":[-1.11716,44.94264]},"properties":{"depth_m":0.4,"n":1,"date":"29/07/2008"}},{"type":"Feature","geometry":{"type":"Point","coordinates":[-1.11721,44.94264]},"properties":{"depth_m":0.4,"n":1,"date":"29/07/2008"}},{"type":"Feature","geometry":{"type":"Point","coordinates":[-1.11727,44.94264]},"properties":{"depth_m":0.5,"n":1,"date":"29/07/2008"}},{"type":"Feature","geometry":{"type":"Point","coordinates":[-1.11733,44.94263]},"properties":{"depth_m":0.5,"n":1,"date":"29/07/2008"}},{"type":"Feature","geometry":{"type":"Point","coordinates":[-1.11739,44.94263]},"properties":{"depth_m":0.5,"n":1,"date":"29/07/2008"}},{"type":"Feature","geometry":{"type":"Point","coordinates":[-1.11702,44.94263]},"properties":{"depth_m":0.5,"n":1,"date":"29/07/2008"}},{"type":"Feature","geometry":{"type":"Point","coordinates":[-1.11751,44.94264]},"properties":{"depth_m":0.5,"n":1,"date":"29/07/2008"}},{"type":"Feature","geometry":{"type":"Point","coordinates":[-1.11701,44.94263]},"properties":{"depth_m":0.5,"n":1,"date":"29/07/2008"}},{"type":"Feature","geometry":{"type":"Point","coordinates":[-1.11763,44.94265]},"properties":{"depth_m":0.5,"n":1,"date":"29/07/2008"}},{"type":"Feature","geometry":{"type":"Point","coordinates":[-1.11769,44.94266]},"properties":{"depth_m":0.5,"n":1,"date":"29/07/2008"}},{"type":"Feature","geometry":{"type":"Point","coordinates":[-1.11775,44.94267]},"properties":{"depth_m":0.5,"n":1,"date":"29/07/2008"}},{"type":"Feature","geometry":{"type":"Point","coordinates":[-1.11781,44.94268]},"properties":{"depth_m":0.5,"n":1,"date":"29/07/2008"}},{"type":"Feature","geometry":{"type":"Point","coordinates":[-1.11787,44.94269]},"properties":{"depth_m":0.5,"n":1,"date":"29/07/2008"}},{"type":"Feature","geometry":{"type":"Point","coordinates":[-1.11793,44.9427]},"properties":{"depth_m":0.5,"n":1,"date":"29/07/2008"}},{"type":"Feature","geometry":{"type":"Point","coordinates":[-1.11799,44.94272]},"properties":{"depth_m":0.5,"n":1,"date":"29/07/2008"}},{"type":"Feature","geometry":{"type":"Point","coordinates":[-1.11805,44.94274]},"properties":{"depth_m":0.5,"n":1,"date":"29/07/2008"}},{"type":"Feature","geometry":{"type":"Point","coordinates":[-1.11811,44.94275]},"properties":{"depth_m":0.5,"n":1,"date":"29/07/2008"}},{"type":"Feature","geometry":{"type":"Point","coordinates":[-1.11817,44.94277]},"properties":{"depth_m":0.5,"n":1,"date":"29/07/2008"}},{"type":"Feature","geometry":{"type":"Point","coordinates":[-1.11745,44.94263]},"properties":{"depth_m":0.5,"n":1,"date":"29/07/2008"}},{"type":"Feature","geometry":{"type":"Point","coordinates":[-1.11674,44.94264]},"properties":{"depth_m":0.4,"n":1,"date":"29/07/2008"}},{"type":"Feature","geometry":{"type":"Point","coordinates":[-1.11642,44.94264]},"properties":{"depth_m":0.6,"n":1,"date":"29/07/2008"}},{"type":"Feature","geometry":{"type":"Point","coordinates":[-1.11645,44.94264]},"properties":{"depth_m":0.5,"n":1,"date":"29/07/2008"}},{"type":"Feature","geometry":{"type":"Point","coordinates":[-1.11647,44.94264]},"properties":{"depth_m":0.6,"n":1,"date":"29/07/2008"}},{"type":"Feature","geometry":{"type":"Point","coordinates":[-1.1165,44.94264]},"properties":{"depth_m":0.7,"n":1,"date":"29/07/2008"}},{"type":"Feature","geometry":{"type":"Point","coordinates":[-1.11653,44.94264]},"properties":{"depth_m":0.4,"n":1,"date":"29/07/2008"}},{"type":"Feature","geometry":{"type":"Point","coordinates":[-1.11656,44.94264]},"properties":{"depth_m":0.7,"n":1,"date":"29/07/2008"}},{"type":"Feature","geometry":{"type":"Point","coordinates":[-1.11659,44.94264]},"properties":{"depth_m":0.7,"n":1,"date":"29/07/2008"}},{"type":"Feature","geometry":{"type":"Point","coordinates":[-1.11662,44.94264]},"properties":{"depth_m":0.4,"n":1,"date":"29/07/2008"}},{"type":"Feature","geometry":{"type":"Point","coordinates":[-1.11665,44.94264]},"properties":{"depth_m":0.4,"n":1,"date":"29/07/2008"}},{"type":"Feature","geometry":{"type":"Point","coordinates":[-1.11704,44.94264]},"properties":{"depth_m":0.5,"n":1,"date":"29/07/2008"}},{"type":"Feature","geometry":{"type":"Point","coordinates":[-1.11671,44.94264]},"properties":{"depth_m":0.4,"n":1,"date":"29/07/2008"}},{"type":"Feature","geometry":{"type":"Point","coordinates":[-1.11845,44.94285]},"properties":{"depth_m":0.5,"n":1,"date":"29/07/2008"}},{"type":"Feature","geometry":{"type":"Point","coordinates":[-1.11677,44.94264]},"properties":{"depth_m":0.4,"n":1,"date":"29/07/2008"}},{"type":"Feature","geometry":{"type":"Point","coordinates":[-1.1168,44.94264]},"properties":{"depth_m":0.4,"n":1,"date":"29/07/2008"}},{"type":"Feature","geometry":{"type":"Point","coordinates":[-1.11682,44.94264]},"properties":{"depth_m":0.4,"n":1,"date":"29/07/2008"}},{"type":"Feature","geometry":{"type":"Point","coordinates":[-1.11685,44.94264]},"properties":{"depth_m":0.5,"n":1,"date":"29/07/2008"}},{"type":"Feature","geometry":{"type":"Point","coordinates":[-1.11687,44.94263]},"properties":{"depth_m":0.5,"n":1,"date":"29/07/2008"}},{"type":"Feature","geometry":{"type":"Point","coordinates":[-1.1169,44.94263]},"properties":{"depth_m":0.4,"n":1,"date":"29/07/2008"}},{"type":"Feature","geometry":{"type":"Point","coordinates":[-1.11693,44.94262]},"properties":{"depth_m":0.4,"n":1,"date":"29/07/2008"}},{"type":"Feature","geometry":{"type":"Point","coordinates":[-1.11696,44.94262]},"properties":{"depth_m":0.4,"n":1,"date":"29/07/2008"}},{"type":"Feature","geometry":{"type":"Point","coordinates":[-1.11698,44.94262]},"properties":{"depth_m":0.4,"n":1,"date":"29/07/2008"}},{"type":"Feature","geometry":{"type":"Point","coordinates":[-1.11699,44.94262]},"properties":{"depth_m":0.5,"n":1,"date":"29/07/2008"}},{"type":"Feature","geometry":{"type":"Point","coordinates":[-1.11668,44.94264]},"properties":{"depth_m":0.4,"n":1,"date":"29/07/2008"}},{"type":"Feature","geometry":{"type":"Point","coordinates":[-1.11898,44.94741]},"properties":{"depth_m":2.0,"n":1,"date":"29/07/2008"}},{"type":"Feature","geometry":{"type":"Point","coordinates":[-1.11957,44.94608]},"properties":{"depth_m":1.0,"n":1,"date":"29/07/2008"}},{"type":"Feature","geometry":{"type":"Point","coordinates":[-1.11954,44.94626]},"properties":{"depth_m":1.2,"n":1,"date":"29/07/2008"}},{"type":"Feature","geometry":{"type":"Point","coordinates":[-1.11949,44.94638]},"properties":{"depth_m":0.9,"n":1,"date":"29/07/2008"}},{"type":"Feature","geometry":{"type":"Point","coordinates":[-1.11945,44.94649]},"properties":{"depth_m":0.8,"n":1,"date":"29/07/2008"}},{"type":"Feature","geometry":{"type":"Point","coordinates":[-1.11941,44.94661]},"properties":{"depth_m":0.8,"n":1,"date":"29/07/2008"}},{"type":"Feature","geometry":{"type":"Point","coordinates":[-1.11936,44.94672]},"properties":{"depth_m":0.7,"n":1,"date":"29/07/2008"}},{"type":"Feature","geometry":{"type":"Point","coordinates":[-1.11931,44.94682]},"properties":{"depth_m":0.6,"n":1,"date":"29/07/2008"}},{"type":"Feature","geometry":{"type":"Point","coordinates":[-1.11926,44.94693]},"properties":{"depth_m":0.6,"n":1,"date":"29/07/2008"}},{"type":"Feature","geometry":{"type":"Point","coordinates":[-1.1192,44.94705]},"properties":{"depth_m":1.0,"n":1,"date":"29/07/2008"}},{"type":"Feature","geometry":{"type":"Point","coordinates":[-1.11825,44.94279]},"properties":{"depth_m":0.5,"n":1,"date":"29/07/2008"}},{"type":"Feature","geometry":{"type":"Point","coordinates":[-1.11906,44.9473]},"properties":{"depth_m":2.2,"n":1,"date":"29/07/2008"}},{"type":"Feature","geometry":{"type":"Point","coordinates":[-1.11945,44.94536]},"properties":{"depth_m":0.9,"n":1,"date":"29/07/2008"}},{"type":"Feature","geometry":{"type":"Point","coordinates":[-1.1189,44.94751]},"properties":{"depth_m":1.1,"n":1,"date":"29/07/2008"}},{"type":"Feature","geometry":{"type":"Point","coordinates":[-1.11884,44.94759]},"properties":{"depth_m":0.5,"n":1,"date":"29/07/2008"}},{"type":"Feature","geometry":{"type":"Point","coordinates":[-1.11874,44.94771]},"properties":{"depth_m":0.6,"n":1,"date":"29/07/2008"}},{"type":"Feature","geometry":{"type":"Point","coordinates":[-1.11855,44.94793]},"properties":{"depth_m":0.7,"n":1,"date":"29/07/2008"}},{"type":"Feature","geometry":{"type":"Point","coordinates":[-1.11831,44.94814]},"properties":{"depth_m":0.9,"n":1,"date":"29/07/2008"}},{"type":"Feature","geometry":{"type":"Point","coordinates":[-1.11804,44.94834]},"properties":{"depth_m":1.0,"n":1,"date":"29/07/2008"}},{"type":"Feature","geometry":{"type":"Point","coordinates":[-1.11773,44.94849]},"properties":{"depth_m":0.9,"n":1,"date":"29/07/2008"}},{"type":"Feature","geometry":{"type":"Point","coordinates":[-1.11746,44.94859]},"properties":{"depth_m":0.8,"n":1,"date":"29/07/2008"}},{"type":"Feature","geometry":{"type":"Point","coordinates":[-1.11725,44.94865]},"properties":{"depth_m":0.8,"n":1,"date":"29/07/2008"}},{"type":"Feature","geometry":{"type":"Point","coordinates":[-1.12213,44.94025]},"properties":{"depth_m":0.8,"n":1,"date":"29/07/2008"}},{"type":"Feature","geometry":{"type":"Point","coordinates":[-1.11913,44.94718]},"properties":{"depth_m":2.3,"n":1,"date":"29/07/2008"}},{"type":"Feature","geometry":{"type":"Point","coordinates":[-1.11925,44.94381]},"properties":{"depth_m":0.7,"n":1,"date":"29/07/2008"}},{"type":"Feature","geometry":{"type":"Point","coordinates":[-1.11632,44.94262]},"properties":{"depth_m":0.6,"n":1,"date":"29/07/2008"}},{"type":"Feature","geometry":{"type":"Point","coordinates":[-1.11856,44.94289]},"properties":{"depth_m":0.5,"n":1,"date":"29/07/2008"}},{"type":"Feature","geometry":{"type":"Point","coordinates":[-1.11867,44.94294]},"properties":{"depth_m":0.5,"n":1,"date":"29/07/2008"}},{"type":"Feature","geometry":{"type":"Point","coordinates":[-1.11878,44.94301]},"properties":{"depth_m":0.6,"n":1,"date":"29/07/2008"}},{"type":"Feature","geometry":{"type":"Point","coordinates":[-1.11886,44.94308]},"properties":{"depth_m":0.6,"n":1,"date":"29/07/2008"}},{"type":"Feature","geometry":{"type":"Point","coordinates":[-1.11895,44.94315]},"properties":{"depth_m":0.6,"n":1,"date":"29/07/2008"}},{"type":"Feature","geometry":{"type":"Point","coordinates":[-1.11903,44.94323]},"properties":{"depth_m":0.6,"n":1,"date":"29/07/2008"}},{"type":"Feature","geometry":{"type":"Point","coordinates":[-1.11911,44.94331]},"properties":{"depth_m":0.6,"n":1,"date":"29/07/2008"}},{"type":"Feature","geometry":{"type":"Point","coordinates":[-1.11916,44.94341]},"properties":{"depth_m":0.7,"n":1,"date":"29/07/2008"}},{"type":"Feature","geometry":{"type":"Point","coordinates":[-1.11919,44.9435]},"properties":{"depth_m":0.6,"n":1,"date":"29/07/2008"}},{"type":"Feature","geometry":{"type":"Point","coordinates":[-1.11956,44.94586]},"properties":{"depth_m":1.0,"n":1,"date":"29/07/2008"}},{"type":"Feature","geometry":{"type":"Point","coordinates":[-1.11923,44.9437]},"properties":{"depth_m":0.6,"n":1,"date":"29/07/2008"}},{"type":"Feature","geometry":{"type":"Point","coordinates":[-1.11953,44.94561]},"properties":{"depth_m":1.0,"n":1,"date":"29/07/2008"}},{"type":"Feature","geometry":{"type":"Point","coordinates":[-1.11926,44.94391]},"properties":{"depth_m":0.7,"n":1,"date":"29/07/2008"}},{"type":"Feature","geometry":{"type":"Point","coordinates":[-1.11925,44.944]},"properties":{"depth_m":0.7,"n":1,"date":"29/07/2008"}},{"type":"Feature","geometry":{"type":"Point","coordinates":[-1.11928,44.94411]},"properties":{"depth_m":0.7,"n":1,"date":"29/07/2008"}},{"type":"Feature","geometry":{"type":"Point","coordinates":[-1.11929,44.94421]},"properties":{"depth_m":0.7,"n":1,"date":"29/07/2008"}},{"type":"Feature","geometry":{"type":"Point","coordinates":[-1.1193,44.94431]},"properties":{"depth_m":0.7,"n":1,"date":"29/07/2008"}},{"type":"Feature","geometry":{"type":"Point","coordinates":[-1.11932,44.94445]},"properties":{"depth_m":0.8,"n":1,"date":"29/07/2008"}},{"type":"Feature","geometry":{"type":"Point","coordinates":[-1.11934,44.94461]},"properties":{"depth_m":0.9,"n":1,"date":"29/07/2008"}},{"type":"Feature","geometry":{"type":"Point","coordinates":[-1.11935,44.94485]},"properties":{"depth_m":0.9,"n":1,"date":"29/07/2008"}},{"type":"Feature","geometry":{"type":"Point","coordinates":[-1.11939,44.94511]},"properties":{"depth_m":0.9,"n":1,"date":"29/07/2008"}},{"type":"Feature","geometry":{"type":"Point","coordinates":[-1.11834,44.94282]},"properties":{"depth_m":0.5,"n":1,"date":"29/07/2008"}},{"type":"Feature","geometry":{"type":"Point","coordinates":[-1.1192,44.9436]},"properties":{"depth_m":0.6,"n":1,"date":"29/07/2008"}},{"type":"Feature","geometry":{"type":"Point","coordinates":[-1.11982,44.94236]},"properties":{"depth_m":0.7,"n":1,"date":"29/07/2008"}},{"type":"Feature","geometry":{"type":"Point","coordinates":[-1.12061,44.94171]},"properties":{"depth_m":0.8,"n":1,"date":"29/07/2008"}},{"type":"Feature","geometry":{"type":"Point","coordinates":[-1.12053,44.94177]},"properties":{"depth_m":0.8,"n":1,"date":"29/07/2008"}},{"type":"Feature","geometry":{"type":"Point","coordinates":[-1.12046,44.94183]},"properties":{"depth_m":0.7,"n":1,"date":"29/07/2008"}},{"type":"Feature","geometry":{"type":"Point","coordinates":[-1.12039,44.9419]},"properties":{"depth_m":0.7,"n":1,"date":"29/07/2008"}},{"type":"Feature","geometry":{"type":"Point","coordinates":[-1.12032,44.94196]},"properties":{"depth_m":0.6,"n":1,"date":"29/07/2008"}},{"type":"Feature","geometry":{"type":"Point","coordinates":[-1.12025,44.94202]},"properties":{"depth_m":0.6,"n":1,"date":"29/07/2008"}},{"type":"Feature","geometry":{"type":"Point","coordinates":[-1.12019,44.94209]},"properties":{"depth_m":0.7,"n":1,"date":"29/07/2008"}},{"type":"Feature","geometry":{"type":"Point","coordinates":[-1.12012,44.94215]},"properties":{"depth_m":0.7,"n":1,"date":"29/07/2008"}},{"type":"Feature","geometry":{"type":"Point","coordinates":[-1.12005,44.94221]},"properties":{"depth_m":0.8,"n":1,"date":"29/07/2008"}},{"type":"Feature","geometry":{"type":"Point","coordinates":[-1.11784,44.94258]},"properties":{"depth_m":0.4,"n":1,"date":"29/07/2008"}},{"type":"Feature","geometry":{"type":"Point","coordinates":[-1.11989,44.94231]},"properties":{"depth_m":0.7,"n":1,"date":"29/07/2008"}},{"type":"Feature","geometry":{"type":"Point","coordinates":[-1.12085,44.94155]},"properties":{"depth_m":0.8,"n":1,"date":"29/07/2008"}},{"type":"Feature","geometry":{"type":"Point","coordinates":[-1.11974,44.9424]},"properties":{"depth_m":0.7,"n":1,"date":"29/07/2008"}},{"type":"Feature","geometry":{"type":"Point","coordinates":[-1.11965,44.94242]},"properties":{"depth_m":0.7,"n":1,"date":"29/07/2008"}},{"type":"Feature","geometry":{"type":"Point","coordinates":[-1.11956,44.94244]},"properties":{"depth_m":0.7,"n":1,"date":"29/07/2008"}},{"type":"Feature","geometry":{"type":"Point","coordinates":[-1.11947,44.94245]},"properties":{"depth_m":0.7,"n":1,"date":"29/07/2008"}},{"type":"Feature","geometry":{"type":"Point","coordinates":[-1.11937,44.94245]},"properties":{"depth_m":0.6,"n":1,"date":"29/07/2008"}},{"type":"Feature","geometry":{"type":"Point","coordinates":[-1.11928,44.94246]},"properties":{"depth_m":0.6,"n":1,"date":"29/07/2008"}},{"type":"Feature","geometry":{"type":"Point","coordinates":[-1.11919,44.94245]},"properties":{"depth_m":0.6,"n":1,"date":"29/07/2008"}},{"type":"Feature","geometry":{"type":"Point","coordinates":[-1.11911,44.94245]},"properties":{"depth_m":0.7,"n":1,"date":"29/07/2008"}},{"type":"Feature","geometry":{"type":"Point","coordinates":[-1.11902,44.94245]},"properties":{"depth_m":0.6,"n":1,"date":"29/07/2008"}},{"type":"Feature","geometry":{"type":"Point","coordinates":[-1.11639,44.94263]},"properties":{"depth_m":0.6,"n":1,"date":"29/07/2008"}},{"type":"Feature","geometry":{"type":"Point","coordinates":[-1.11997,44.94226]},"properties":{"depth_m":0.8,"n":1,"date":"29/07/2008"}},{"type":"Feature","geometry":{"type":"Point","coordinates":[-1.12133,44.94108]},"properties":{"depth_m":0.7,"n":1,"date":"29/07/2008"}},{"type":"Feature","geometry":{"type":"Point","coordinates":[-1.12206,44.94035]},"properties":{"depth_m":0.7,"n":1,"date":"29/07/2008"}},{"type":"Feature","geometry":{"type":"Point","coordinates":[-1.122,44.94044]},"properties":{"depth_m":0.7,"n":1,"date":"29/07/2008"}},{"type":"Feature","geometry":{"type":"Point","coordinates":[-1.12192,44.94053]},"properties":{"depth_m":0.7,"n":1,"date":"29/07/2008"}},{"type":"Feature","geometry":{"type":"Point","coordinates":[-1.12184,44.94061]},"properties":{"depth_m":0.8,"n":1,"date":"29/07/2008"}},{"type":"Feature","geometry":{"type":"Point","coordinates":[-1.12177,44.94068]},"properties":{"depth_m":1.0,"n":1,"date":"29/07/2008"}},{"type":"Feature","geometry":{"type":"Point","coordinates":[-1.12172,44.94073]},"properties":{"depth_m":1.0,"n":1,"date":"29/07/2008"}},{"type":"Feature","geometry":{"type":"Point","coordinates":[-1.12167,44.94079]},"properties":{"depth_m":1.0,"n":1,"date":"29/07/2008"}},{"type":"Feature","geometry":{"type":"Point","coordinates":[-1.12161,44.94084]},"properties":{"depth_m":1.0,"n":1,"date":"29/07/2008"}},{"type":"Feature","geometry":{"type":"Point","coordinates":[-1.12155,44.94089]},"properties":{"depth_m":0.9,"n":1,"date":"29/07/2008"}},{"type":"Feature","geometry":{"type":"Point","coordinates":[-1.12149,44.94093]},"properties":{"depth_m":0.8,"n":1,"date":"29/07/2008"}},{"type":"Feature","geometry":{"type":"Point","coordinates":[-1.1207,44.94167]},"properties":{"depth_m":0.8,"n":1,"date":"29/07/2008"}},{"type":"Feature","geometry":{"type":"Point","coordinates":[-1.12137,44.94102]},"properties":{"depth_m":0.7,"n":1,"date":"29/07/2008"}},{"type":"Feature","geometry":{"type":"Point","coordinates":[-1.12078,44.94161]},"properties":{"depth_m":0.8,"n":1,"date":"29/07/2008"}},{"type":"Feature","geometry":{"type":"Point","coordinates":[-1.12128,44.94111]},"properties":{"depth_m":0.8,"n":1,"date":"29/07/2008"}},{"type":"Feature","geometry":{"type":"Point","coordinates":[-1.12124,44.94115]},"properties":{"depth_m":0.8,"n":1,"date":"29/07/2008"}},{"type":"Feature","geometry":{"type":"Point","coordinates":[-1.12121,44.94119]},"properties":{"depth_m":0.8,"n":1,"date":"29/07/2008"}},{"type":"Feature","geometry":{"type":"Point","coordinates":[-1.12118,44.94123]},"properties":{"depth_m":0.8,"n":1,"date":"29/07/2008"}},{"type":"Feature","geometry":{"type":"Point","coordinates":[-1.12114,44.94127]},"properties":{"depth_m":0.8,"n":1,"date":"29/07/2008"}},{"type":"Feature","geometry":{"type":"Point","coordinates":[-1.1211,44.94131]},"properties":{"depth_m":0.8,"n":1,"date":"29/07/2008"}},{"type":"Feature","geometry":{"type":"Point","coordinates":[-1.12106,44.94136]},"properties":{"depth_m":0.8,"n":1,"date":"29/07/2008"}},{"type":"Feature","geometry":{"type":"Point","coordinates":[-1.121,44.94141]},"properties":{"depth_m":0.8,"n":1,"date":"29/07/2008"}},{"type":"Feature","geometry":{"type":"Point","coordinates":[-1.12092,44.94148]},"properties":{"depth_m":0.8,"n":1,"date":"29/07/2008"}},{"type":"Feature","geometry":{"type":"Point","coordinates":[-1.1178,44.94258]},"properties":{"depth_m":0.4,"n":1,"date":"29/07/2008"}},{"type":"Feature","geometry":{"type":"Point","coordinates":[-1.12143,44.94098]},"properties":{"depth_m":0.7,"n":1,"date":"29/07/2008"}},{"type":"Feature","geometry":{"type":"Point","coordinates":[-1.11588,44.94267]},"properties":{"depth_m":21.9,"n":4,"date":"29/07/2008"}},{"type":"Feature","geometry":{"type":"Point","coordinates":[-1.11603,44.9427]},"properties":{"depth_m":19.4,"n":1,"date":"29/07/2008"}},{"type":"Feature","geometry":{"type":"Point","coordinates":[-1.11603,44.94269]},"properties":{"depth_m":21.3,"n":2,"date":"29/07/2008"}},{"type":"Feature","geometry":{"type":"Point","coordinates":[-1.11602,44.94269]},"properties":{"depth_m":19.4,"n":1,"date":"29/07/2008"}},{"type":"Feature","geometry":{"type":"Point","coordinates":[-1.11601,44.94268]},"properties":{"depth_m":21.3,"n":1,"date":"29/07/2008"}},{"type":"Feature","geometry":{"type":"Point","coordinates":[-1.11588,44.94266]},"properties":{"depth_m":20.7,"n":3,"date":"29/07/2008"}},{"type":"Feature","geometry":{"type":"Point","coordinates":[-1.11884,44.94188]},"properties":{"depth_m":0.6,"n":1,"date":"29/07/2008"}},{"type":"Feature","geometry":{"type":"Point","coordinates":[-1.13371,44.94048]},"properties":{"depth_m":1.8,"n":3,"date":"29/07/2008"}},{"type":"Feature","geometry":{"type":"Point","coordinates":[-1.11674,44.9426]},"properties":{"depth_m":0.4,"n":1,"date":"29/07/2008"}},{"type":"Feature","geometry":{"type":"Point","coordinates":[-1.12402,44.93728]},"properties":{"depth_m":0.9,"n":1,"date":"29/07/2008"}},{"type":"Feature","geometry":{"type":"Point","coordinates":[-1.11589,44.94268]},"properties":{"depth_m":21.9,"n":1,"date":"29/07/2008"}},{"type":"Feature","geometry":{"type":"Point","coordinates":[-1.11589,44.94269]},"properties":{"depth_m":19.4,"n":3,"date":"29/07/2008"}},{"type":"Feature","geometry":{"type":"Point","coordinates":[-1.11589,44.9427]},"properties":{"depth_m":19.75,"n":2,"date":"29/07/2008"}},{"type":"Feature","geometry":{"type":"Point","coordinates":[-1.11613,44.94261]},"properties":{"depth_m":20.2,"n":1,"date":"29/07/2008"}},{"type":"Feature","geometry":{"type":"Point","coordinates":[-1.11629,44.94261]},"properties":{"depth_m":0.5,"n":1,"date":"29/07/2008"}},{"type":"Feature","geometry":{"type":"Point","coordinates":[-1.11677,44.94874]},"properties":{"depth_m":0.9,"n":1,"date":"29/07/2008"}},{"type":"Feature","geometry":{"type":"Point","coordinates":[-1.1171,44.94246]},"properties":{"depth_m":0.4,"n":1,"date":"29/07/2008"}},{"type":"Feature","geometry":{"type":"Point","coordinates":[-1.11772,44.94259]},"properties":{"depth_m":0.4,"n":1,"date":"29/07/2008"}},{"type":"Feature","geometry":{"type":"Point","coordinates":[-1.11763,44.94258]},"properties":{"depth_m":0.5,"n":1,"date":"29/07/2008"}},{"type":"Feature","geometry":{"type":"Point","coordinates":[-1.11754,44.94257]},"properties":{"depth_m":0.4,"n":1,"date":"29/07/2008"}},{"type":"Feature","geometry":{"type":"Point","coordinates":[-1.11747,44.94255]},"properties":{"depth_m":0.4,"n":1,"date":"29/07/2008"}},{"type":"Feature","geometry":{"type":"Point","coordinates":[-1.1174,44.94253]},"properties":{"depth_m":0.4,"n":1,"date":"29/07/2008"}},{"type":"Feature","geometry":{"type":"Point","coordinates":[-1.11733,44.94251]},"properties":{"depth_m":0.4,"n":1,"date":"29/07/2008"}},{"type":"Feature","geometry":{"type":"Point","coordinates":[-1.11727,44.94251]},"properties":{"depth_m":0.8,"n":1,"date":"29/07/2008"}},{"type":"Feature","geometry":{"type":"Point","coordinates":[-1.11723,44.9425]},"properties":{"depth_m":0.8,"n":1,"date":"29/07/2008"}},{"type":"Feature","geometry":{"type":"Point","coordinates":[-1.11719,44.94249]},"properties":{"depth_m":0.4,"n":1,"date":"29/07/2008"}},{"type":"Feature","geometry":{"type":"Point","coordinates":[-1.11717,44.94248]},"properties":{"depth_m":0.3,"n":1,"date":"29/07/2008"}},{"type":"Feature","geometry":{"type":"Point","coordinates":[-1.11604,44.9427]},"properties":{"depth_m":19.4,"n":1,"date":"29/07/2008"}},{"type":"Feature","geometry":{"type":"Point","coordinates":[-1.11713,44.94247]},"properties":{"depth_m":0.5,"n":1,"date":"29/07/2008"}},{"type":"Feature","geometry":{"type":"Point","coordinates":[-1.11681,44.94263]},"properties":{"depth_m":0.4,"n":1,"date":"29/07/2008"}},{"type":"Feature","geometry":{"type":"Point","coordinates":[-1.11706,44.94247]},"properties":{"depth_m":0.4,"n":1,"date":"29/07/2008"}},{"type":"Feature","geometry":{"type":"Point","coordinates":[-1.11702,44.94248]},"properties":{"depth_m":0.4,"n":1,"date":"29/07/2008"}},{"type":"Feature","geometry":{"type":"Point","coordinates":[-1.11698,44.94251]},"properties":{"depth_m":0.4,"n":1,"date":"29/07/2008"}},{"type":"Feature","geometry":{"type":"Point","coordinates":[-1.11694,44.94253]},"properties":{"depth_m":0.3,"n":1,"date":"29/07/2008"}},{"type":"Feature","geometry":{"type":"Point","coordinates":[-1.1169,44.94255]},"properties":{"depth_m":0.4,"n":1,"date":"29/07/2008"}},{"type":"Feature","geometry":{"type":"Point","coordinates":[-1.11687,44.94258]},"properties":{"depth_m":0.4,"n":1,"date":"29/07/2008"}},{"type":"Feature","geometry":{"type":"Point","coordinates":[-1.11684,44.94259]},"properties":{"depth_m":0.4,"n":1,"date":"29/07/2008"}},{"type":"Feature","geometry":{"type":"Point","coordinates":[-1.11683,44.9426]},"properties":{"depth_m":0.4,"n":1,"date":"29/07/2008"}},{"type":"Feature","geometry":{"type":"Point","coordinates":[-1.11681,44.94259]},"properties":{"depth_m":0.4,"n":1,"date":"29/07/2008"}},{"type":"Feature","geometry":{"type":"Point","coordinates":[-1.11635,44.94262]},"properties":{"depth_m":0.6,"n":1,"date":"29/07/2008"}},{"type":"Feature","geometry":{"type":"Point","coordinates":[-1.11715,44.94247]},"properties":{"depth_m":0.8,"n":1,"date":"29/07/2008"}},{"type":"Feature","geometry":{"type":"Point","coordinates":[-1.1083,44.97188]},"properties":{"depth_m":2.6,"n":1,"date":"29/07/2008"}},{"type":"Feature","geometry":{"type":"Point","coordinates":[-1.11711,44.94869]},"properties":{"depth_m":0.8,"n":1,"date":"29/07/2008"}},{"type":"Feature","geometry":{"type":"Point","coordinates":[-1.11167,44.96934]},"properties":{"depth_m":3.4,"n":1,"date":"29/07/2008"}},{"type":"Feature","geometry":{"type":"Point","coordinates":[-1.11131,44.96958]},"properties":{"depth_m":3.2,"n":1,"date":"29/07/2008"}},{"type":"Feature","geometry":{"type":"Point","coordinates":[-1.11095,44.96983]},"properties":{"depth_m":3.3,"n":1,"date":"29/07/2008"}},{"type":"Feature","geometry":{"type":"Point","coordinates":[-1.11051,44.9701]},"properties":{"depth_m":3.2,"n":1,"date":"29/07/2008"}},{"type":"Feature","geometry":{"type":"Point","coordinates":[-1.11022,44.97029]},"properties":{"depth_m":3.1,"n":1,"date":"29/07/2008"}},{"type":"Feature","geometry":{"type":"Point","coordinates":[-1.10987,44.97053]},"properties":{"depth_m":2.8,"n":1,"date":"29/07/2008"}},{"type":"Feature","geometry":{"type":"Point","coordinates":[-1.10953,44.97078]},"properties":{"depth_m":2.8,"n":1,"date":"29/07/2008"}},{"type":"Feature","geometry":{"type":"Point","coordinates":[-1.10921,44.97105]},"properties":{"depth_m":2.9,"n":1,"date":"29/07/2008"}},{"type":"Feature","geometry":{"type":"Point","coordinates":[-1.11242,44.9688]},"properties":{"depth_m":3.7,"n":1,"date":"29/07/2008"}},{"type":"Feature","geometry":{"type":"Point","coordinates":[-1.10859,44.9716]},"properties":{"depth_m":2.3,"n":1,"date":"29/07/2008"}},{"type":"Feature","geometry":{"type":"Point","coordinates":[-1.11279,44.96853]},"properties":{"depth_m":3.6,"n":1,"date":"29/07/2008"}},{"type":"Feature","geometry":{"type":"Point","coordinates":[-1.10801,44.97217]},"properties":{"depth_m":2.6,"n":1,"date":"29/07/2008"}},{"type":"Feature","geometry":{"type":"Point","coordinates":[-1.10774,44.97247]},"properties":{"depth_m":3.1,"n":1,"date":"29/07/2008"}},{"type":"Feature","geometry":{"type":"Point","coordinates":[-1.10746,44.97276]},"properties":{"depth_m":3.0,"n":1,"date":"29/07/2008"}},{"type":"Feature","geometry":{"type":"Point","coordinates":[-1.10715,44.97306]},"properties":{"depth_m":2.4,"n":1,"date":"29/07/2008"}},{"type":"Feature","geometry":{"type":"Point","coordinates":[-1.10682,44.97336]},"properties":{"depth_m":2.7,"n":1,"date":"29/07/2008"}},{"type":"Feature","geometry":{"type":"Point","coordinates":[-1.1065,44.9736]},"properties":{"depth_m":3.2,"n":1,"date":"29/07/2008"}},{"type":"Feature","geometry":{"type":"Point","coordinates":[-1.10627,44.97378]},"properties":{"depth_m":3.4,"n":1,"date":"29/07/2008"}},{"type":"Feature","geometry":{"type":"Point","coordinates":[-1.10597,44.974]},"properties":{"depth_m":3.2,"n":1,"date":"29/07/2008"}},{"type":"Feature","geometry":{"type":"Point","coordinates":[-1.10566,44.97421]},"properties":{"depth_m":2.4,"n":1,"date":"29/07/2008"}},{"type":"Feature","geometry":{"type":"Point","coordinates":[-1.10528,44.97447]},"properties":{"depth_m":2.4,"n":1,"date":"29/07/2008"}},{"type":"Feature","geometry":{"type":"Point","coordinates":[-1.10889,44.97132]},"properties":{"depth_m":2.9,"n":1,"date":"29/07/2008"}},{"type":"Feature","geometry":{"type":"Point","coordinates":[-1.11591,44.96499]},"properties":{"depth_m":4.9,"n":1,"date":"29/07/2008"}},{"type":"Feature","geometry":{"type":"Point","coordinates":[-1.1167,44.9619]},"properties":{"depth_m":3.9,"n":1,"date":"29/07/2008"}},{"type":"Feature","geometry":{"type":"Point","coordinates":[-1.11664,44.96221]},"properties":{"depth_m":4.2,"n":1,"date":"29/07/2008"}},{"type":"Feature","geometry":{"type":"Point","coordinates":[-1.11657,44.9625]},"properties":{"depth_m":4.9,"n":1,"date":"29/07/2008"}},{"type":"Feature","geometry":{"type":"Point","coordinates":[-1.11651,44.96279]},"properties":{"depth_m":5.3,"n":1,"date":"29/07/2008"}},{"type":"Feature","geometry":{"type":"Point","coordinates":[-1.11649,44.96307]},"properties":{"depth_m":4.9,"n":1,"date":"29/07/2008"}},{"type":"Feature","geometry":{"type":"Point","coordinates":[-1.11648,44.96335]},"properties":{"depth_m":5.1,"n":1,"date":"29/07/2008"}},{"type":"Feature","geometry":{"type":"Point","coordinates":[-1.11648,44.96362]},"properties":{"depth_m":5.2,"n":1,"date":"29/07/2008"}},{"type":"Feature","geometry":{"type":"Point","coordinates":[-1.11648,44.96385]},"properties":{"depth_m":5.3,"n":1,"date":"29/07/2008"}},{"type":"Feature","geometry":{"type":"Point","coordinates":[-1.11642,44.96407]},"properties":{"depth_m":5.4,"n":1,"date":"29/07/2008"}},{"type":"Feature","geometry":{"type":"Point","coordinates":[-1.11205,44.96908]},"properties":{"depth_m":3.6,"n":1,"date":"29/07/2008"}},{"type":"Feature","geometry":{"type":"Point","coordinates":[-1.11615,44.96465]},"properties":{"depth_m":4.6,"n":1,"date":"29/07/2008"}},{"type":"Feature","geometry":{"type":"Point","coordinates":[-1.10435,44.97502]},"properties":{"depth_m":2.0,"n":1,"date":"29/07/2008"}},{"type":"Feature","geometry":{"type":"Point","coordinates":[-1.11565,44.96532]},"properties":{"depth_m":5.3,"n":1,"date":"29/07/2008"}},{"type":"Feature","geometry":{"type":"Point","coordinates":[-1.11542,44.96567]},"properties":{"depth_m":4.4,"n":1,"date":"29/07/2008"}},{"type":"Feature","geometry":{"type":"Point","coordinates":[-1.11513,44.96608]},"properties":{"depth_m":3.6,"n":1,"date":"29/07/2008"}},{"type":"Feature","geometry":{"type":"Point","coordinates":[-1.11485,44.96649]},"properties":{"depth_m":3.5,"n":1,"date":"29/07/2008"}},{"type":"Feature","geometry":{"type":"Point","coordinates":[-1.11463,44.96675]},"properties":{"depth_m":3.8,"n":1,"date":"29/07/2008"}},{"type":"Feature","geometry":{"type":"Point","coordinates":[-1.11434,44.96708]},"properties":{"depth_m":3.8,"n":1,"date":"29/07/2008"}},{"type":"Feature","geometry":{"type":"Point","coordinates":[-1.11411,44.96733]},"properties":{"depth_m":3.5,"n":1,"date":"29/07/2008"}},{"type":"Feature","geometry":{"type":"Point","coordinates":[-1.11381,44.96765]},"properties":{"depth_m":3.5,"n":1,"date":"29/07/2008"}},{"type":"Feature","geometry":{"type":"Point","coordinates":[-1.11348,44.96795]},"properties":{"depth_m":3.6,"n":1,"date":"29/07/2008"}},{"type":"Feature","geometry":{"type":"Point","coordinates":[-1.11314,44.96824]},"properties":{"depth_m":3.5,"n":1,"date":"29/07/2008"}},{"type":"Feature","geometry":{"type":"Point","coordinates":[-1.11631,44.9643]},"properties":{"depth_m":5.3,"n":1,"date":"29/07/2008"}},{"type":"Feature","geometry":{"type":"Point","coordinates":[-1.09563,44.97796]},"properties":{"depth_m":2.0,"n":1,"date":"29/07/2008"}},{"type":"Feature","geometry":{"type":"Point","coordinates":[-1.09711,44.97758]},"properties":{"depth_m":2.1,"n":1,"date":"29/07/2008"}},{"type":"Feature","geometry":{"type":"Point","coordinates":[-1.09696,44.97758]},"properties":{"depth_m":2.2,"n":1,"date":"29/07/2008"}},{"type":"Feature","geometry":{"type":"Point","coordinates":[-1.09681,44.97759]},"properties":{"depth_m":2.0,"n":1,"date":"29/07/2008"}},{"type":"Feature","geometry":{"type":"Point","coordinates":[-1.09666,44.97761]},"properties":{"depth_m":1.9,"n":1,"date":"29/07/2008"}},{"type":"Feature","geometry":{"type":"Point","coordinates":[-1.09651,44.97764]},"properties":{"depth_m":1.7,"n":1,"date":"29/07/2008"}},{"type":"Feature","geometry":{"type":"Point","coordinates":[-1.09637,44.97769]},"properties":{"depth_m":1.7,"n":1,"date":"29/07/2008"}},{"type":"Feature","geometry":{"type":"Point","coordinates":[-1.09624,44.97771]},"properties":{"depth_m":1.5,"n":1,"date":"29/07/2008"}},{"type":"Feature","geometry":{"type":"Point","coordinates":[-1.0961,44.97772]},"properties":{"depth_m":1.5,"n":1,"date":"29/07/2008"}},{"type":"Feature","geometry":{"type":"Point","coordinates":[-1.09597,44.97776]},"properties":{"depth_m":1.5,"n":1,"date":"29/07/2008"}},{"type":"Feature","geometry":{"type":"Point","coordinates":[-1.10502,44.97464]},"properties":{"depth_m":2.7,"n":1,"date":"29/07/2008"}},{"type":"Feature","geometry":{"type":"Point","coordinates":[-1.09575,44.97789]},"properties":{"depth_m":1.8,"n":1,"date":"29/07/2008"}},{"type":"Feature","geometry":{"type":"Point","coordinates":[-1.09757,44.97757]},"properties":{"depth_m":2.4,"n":1,"date":"29/07/2008"}},{"type":"Feature","geometry":{"type":"Point","coordinates":[-1.09552,44.97803]},"properties":{"depth_m":2.1,"n":1,"date":"29/07/2008"}},{"type":"Feature","geometry":{"type":"Point","coordinates":[-1.09546,44.9781]},"properties":{"depth_m":2.2,"n":1,"date":"29/07/2008"}},{"type":"Feature","geometry":{"type":"Point","coordinates":[-1.09543,44.97818]},"properties":{"depth_m":2.3,"n":1,"date":"29/07/2008"}},{"type":"Feature","geometry":{"type":"Point","coordinates":[-1.09538,44.97826]},"properties":{"depth_m":2.4,"n":1,"date":"29/07/2008"}},{"type":"Feature","geometry":{"type":"Point","coordinates":[-1.0953,44.9783]},"properties":{"depth_m":2.3,"n":1,"date":"29/07/2008"}},{"type":"Feature","geometry":{"type":"Point","coordinates":[-1.09521,44.97833]},"properties":{"depth_m":2.2,"n":1,"date":"29/07/2008"}},{"type":"Feature","geometry":{"type":"Point","coordinates":[-1.09509,44.97832]},"properties":{"depth_m":2.0,"n":1,"date":"29/07/2008"}},{"type":"Feature","geometry":{"type":"Point","coordinates":[-1.0948,44.97828]},"properties":{"depth_m":2.0,"n":1,"date":"29/07/2008"}},{"type":"Feature","geometry":{"type":"Point","coordinates":[-1.09449,44.97822]},"properties":{"depth_m":2.2,"n":1,"date":"29/07/2008"}},{"type":"Feature","geometry":{"type":"Point","coordinates":[-1.14421,44.98789]},"properties":{"depth_m":0.8,"n":1,"date":"29/07/2008"}},{"type":"Feature","geometry":{"type":"Point","coordinates":[-1.09585,44.97782]},"properties":{"depth_m":1.6,"n":1,"date":"29/07/2008"}},{"type":"Feature","geometry":{"type":"Point","coordinates":[-1.09986,44.97715]},"properties":{"depth_m":4.2,"n":1,"date":"29/07/2008"}},{"type":"Feature","geometry":{"type":"Point","coordinates":[-1.11681,44.96101]},"properties":{"depth_m":4.9,"n":1,"date":"29/07/2008"}},{"type":"Feature","geometry":{"type":"Point","coordinates":[-1.10398,44.97519]},"properties":{"depth_m":1.7,"n":1,"date":"29/07/2008"}},{"type":"Feature","geometry":{"type":"Point","coordinates":[-1.1036,44.97536]},"properties":{"depth_m":1.5,"n":1,"date":"29/07/2008"}},{"type":"Feature","geometry":{"type":"Point","coordinates":[-1.10323,44.97552]},"properties":{"depth_m":2.2,"n":1,"date":"29/07/2008"}},{"type":"Feature","geometry":{"type":"Point","coordinates":[-1.10277,44.97571]},"properties":{"depth_m":2.7,"n":1,"date":"29/07/2008"}},{"type":"Feature","geometry":{"type":"Point","coordinates":[-1.10233,44.97592]},"properties":{"depth_m":3.0,"n":1,"date":"29/07/2008"}},{"type":"Feature","geometry":{"type":"Point","coordinates":[-1.10203,44.97606]},"properties":{"depth_m":2.8,"n":1,"date":"29/07/2008"}},{"type":"Feature","geometry":{"type":"Point","coordinates":[-1.10167,44.97625]},"properties":{"depth_m":2.5,"n":1,"date":"29/07/2008"}},{"type":"Feature","geometry":{"type":"Point","coordinates":[-1.10132,44.97644]},"properties":{"depth_m":2.2,"n":1,"date":"29/07/2008"}},{"type":"Feature","geometry":{"type":"Point","coordinates":[-1.10096,44.97662]},"properties":{"depth_m":3.0,"n":1,"date":"29/07/2008"}},{"type":"Feature","geometry":{"type":"Point","coordinates":[-1.09726,44.97758]},"properties":{"depth_m":3.0,"n":1,"date":"29/07/2008"}},{"type":"Feature","geometry":{"type":"Point","coordinates":[-1.10024,44.977]},"properties":{"depth_m":3.8,"n":1,"date":"29/07/2008"}},{"type":"Feature","geometry":{"type":"Point","coordinates":[-1.09741,44.97758]},"properties":{"depth_m":2.7,"n":1,"date":"29/07/2008"}},{"type":"Feature","geometry":{"type":"Point","coordinates":[-1.09946,44.97729]},"properties":{"depth_m":4.4,"n":1,"date":"29/07/2008"}},{"type":"Feature","geometry":{"type":"Point","coordinates":[-1.09907,44.97739]},"properties":{"depth_m":3.4,"n":1,"date":"29/07/2008"}},{"type":"Feature","geometry":{"type":"Point","coordinates":[-1.09877,44.97746]},"properties":{"depth_m":2.8,"n":1,"date":"29/07/2008"}},{"type":"Feature","geometry":{"type":"Point","coordinates":[-1.09856,44.9775]},"properties":{"depth_m":2.7,"n":1,"date":"29/07/2008"}},{"type":"Feature","geometry":{"type":"Point","coordinates":[-1.09839,44.97753]},"properties":{"depth_m":2.5,"n":1,"date":"29/07/2008"}},{"type":"Feature","geometry":{"type":"Point","coordinates":[-1.09823,44.97754]},"properties":{"depth_m":2.3,"n":1,"date":"29/07/2008"}},{"type":"Feature","geometry":{"type":"Point","coordinates":[-1.09806,44.97754]},"properties":{"depth_m":2.3,"n":1,"date":"29/07/2008"}},{"type":"Feature","geometry":{"type":"Point","coordinates":[-1.0979,44.97755]},"properties":{"depth_m":2.2,"n":1,"date":"29/07/2008"}},{"type":"Feature","geometry":{"type":"Point","coordinates":[-1.09774,44.97756]},"properties":{"depth_m":2.3,"n":1,"date":"29/07/2008"}},{"type":"Feature","geometry":{"type":"Point","coordinates":[-1.1047,44.97484]},"properties":{"depth_m":2.7,"n":1,"date":"29/07/2008"}},{"type":"Feature","geometry":{"type":"Point","coordinates":[-1.1006,44.97681]},"properties":{"depth_m":4.2,"n":1,"date":"29/07/2008"}},{"type":"Feature","geometry":{"type":"Point","coordinates":[-1.11472,44.95123]},"properties":{"depth_m":0.7,"n":1,"date":"29/07/2008"}},{"type":"Feature","geometry":{"type":"Point","coordinates":[-1.11528,44.95065]},"properties":{"depth_m":1.0,"n":1,"date":"29/07/2008"}},{"type":"Feature","geometry":{"type":"Point","coordinates":[-1.11522,44.95074]},"properties":{"depth_m":0.7,"n":1,"date":"29/07/2008"}},{"type":"Feature","geometry":{"type":"Point","coordinates":[-1.11516,44.95082]},"properties":{"depth_m":0.7,"n":1,"date":"29/07/2008"}},{"type":"Feature","geometry":{"type":"Point","coordinates":[-1.1151,44.95091]},"properties":{"depth_m":0.7,"n":1,"date":"29/07/2008"}},{"type":"Feature","geometry":{"type":"Point","coordinates":[-1.11504,44.95099]},"properties":{"depth_m":0.6,"n":1,"date":"29/07/2008"}},{"type":"Feature","geometry":{"type":"Point","coordinates":[-1.11498,44.95108]},"properties":{"depth_m":0.6,"n":1,"date":"29/07/2008"}},{"type":"Feature","geometry":{"type":"Point","coordinates":[-1.11492,44.95116]},"properties":{"depth_m":0.5,"n":1,"date":"29/07/2008"}},{"type":"Feature","geometry":{"type":"Point","coordinates":[-1.11485,44.95123]},"properties":{"depth_m":0.6,"n":1,"date":"29/07/2008"}},{"type":"Feature","geometry":{"type":"Point","coordinates":[-1.11481,44.95131]},"properties":{"depth_m":0.7,"n":1,"date":"29/07/2008"}},{"type":"Feature","geometry":{"type":"Point","coordinates":[-1.11446,44.95222]},"properties":{"depth_m":0.9,"n":1,"date":"29/07/2008"}},{"type":"Feature","geometry":{"type":"Point","coordinates":[-1.11465,44.95126]},"properties":{"depth_m":0.9,"n":1,"date":"29/07/2008"}},{"type":"Feature","geometry":{"type":"Point","coordinates":[-1.11543,44.95037]},"properties":{"depth_m":1.8,"n":1,"date":"29/07/2008"}},{"type":"Feature","geometry":{"type":"Point","coordinates":[-1.1148,44.95127]},"properties":{"depth_m":0.7,"n":1,"date":"29/07/2008"}},{"type":"Feature","geometry":{"type":"Point","coordinates":[-1.11483,44.95135]},"properties":{"depth_m":0.6,"n":1,"date":"29/07/2008"}},{"type":"Feature","geometry":{"type":"Point","coordinates":[-1.1148,44.95143]},"properties":{"depth_m":0.6,"n":1,"date":"29/07/2008"}},{"type":"Feature","geometry":{"type":"Point","coordinates":[-1.11474,44.95151]},"properties":{"depth_m":0.6,"n":1,"date":"29/07/2008"}},{"type":"Feature","geometry":{"type":"Point","coordinates":[-1.11469,44.95159]},"properties":{"depth_m":0.5,"n":1,"date":"29/07/2008"}},{"type":"Feature","geometry":{"type":"Point","coordinates":[-1.11467,44.9517]},"properties":{"depth_m":0.6,"n":1,"date":"29/07/2008"}},{"type":"Feature","geometry":{"type":"Point","coordinates":[-1.11463,44.9518]},"properties":{"depth_m":0.5,"n":1,"date":"29/07/2008"}},{"type":"Feature","geometry":{"type":"Point","coordinates":[-1.1146,44.95188]},"properties":{"depth_m":0.5,"n":1,"date":"29/07/2008"}},{"type":"Feature","geometry":{"type":"Point","coordinates":[-1.11454,44.952]},"properties":{"depth_m":0.7,"n":1,"date":"29/07/2008"}},{"type":"Feature","geometry":{"type":"Point","coordinates":[-1.11675,44.9616]},"properties":{"depth_m":4.1,"n":1,"date":"29/07/2008"}},{"type":"Feature","geometry":{"type":"Point","coordinates":[-1.11472,44.95133]},"properties":{"depth_m":0.8,"n":1,"date":"29/07/2008"}},{"type":"Feature","geometry":{"type":"Point","coordinates":[-1.11547,44.94945]},"properties":{"depth_m":0.6,"n":1,"date":"29/07/2008"}},{"type":"Feature","geometry":{"type":"Point","coordinates":[-1.11661,44.94875]},"properties":{"depth_m":0.9,"n":1,"date":"29/07/2008"}},{"type":"Feature","geometry":{"type":"Point","coordinates":[-1.11646,44.94877]},"properties":{"depth_m":0.7,"n":1,"date":"29/07/2008"}},{"type":"Feature","geometry":{"type":"Point","coordinates":[-1.11632,44.9488]},"properties":{"depth_m":0.7,"n":1,"date":"29/07/2008"}},{"type":"Feature","geometry":{"type":"Point","coordinates":[-1.11622,44.94886]},"properties":{"depth_m":0.7,"n":1,"date":"29/07/2008"}},{"type":"Feature","geometry":{"type":"Point","coordinates":[-1.11611,44.9489]},"properties":{"depth_m":0.7,"n":1,"date":"29/07/2008"}},{"type":"Feature","geometry":{"type":"Point","coordinates":[-1.116,44.94895]},"properties":{"depth_m":0.7,"n":1,"date":"29/07/2008"}},{"type":"Feature","geometry":{"type":"Point","coordinates":[-1.11589,44.949]},"properties":{"depth_m":0.7,"n":1,"date":"29/07/2008"}},{"type":"Feature","geometry":{"type":"Point","coordinates":[-1.11577,44.94904]},"properties":{"depth_m":0.7,"n":1,"date":"29/07/2008"}},{"type":"Feature","geometry":{"type":"Point","coordinates":[-1.11567,44.9491]},"properties":{"depth_m":0.7,"n":1,"date":"29/07/2008"}},{"type":"Feature","geometry":{"type":"Point","coordinates":[-1.11559,44.94918]},"properties":{"depth_m":0.7,"n":1,"date":"29/07/2008"}},{"type":"Feature","geometry":{"type":"Point","coordinates":[-1.11535,44.95056]},"properties":{"depth_m":1.4,"n":1,"date":"29/07/2008"}},{"type":"Feature","geometry":{"type":"Point","coordinates":[-1.11549,44.94936]},"properties":{"depth_m":0.6,"n":1,"date":"29/07/2008"}},{"type":"Feature","geometry":{"type":"Point","coordinates":[-1.1154,44.95047]},"properties":{"depth_m":1.7,"n":1,"date":"29/07/2008"}},{"type":"Feature","geometry":{"type":"Point","coordinates":[-1.11545,44.94954]},"properties":{"depth_m":0.6,"n":1,"date":"29/07/2008"}},{"type":"Feature","geometry":{"type":"Point","coordinates":[-1.11544,44.94964]},"properties":{"depth_m":0.5,"n":1,"date":"29/07/2008"}},{"type":"Feature","geometry":{"type":"Point","coordinates":[-1.11543,44.94972]},"properties":{"depth_m":0.5,"n":1,"date":"29/07/2008"}},{"type":"Feature","geometry":{"type":"Point","coordinates":[-1.11542,44.94981]},"properties":{"depth_m":0.5,"n":1,"date":"29/07/2008"}},{"type":"Feature","geometry":{"type":"Point","coordinates":[-1.11544,44.9499]},"properties":{"depth_m":0.5,"n":1,"date":"29/07/2008"}},{"type":"Feature","geometry":{"type":"Point","coordinates":[-1.11543,44.94999]},"properties":{"depth_m":0.6,"n":1,"date":"29/07/2008"}},{"type":"Feature","geometry":{"type":"Point","coordinates":[-1.11543,44.95008]},"properties":{"depth_m":0.6,"n":1,"date":"29/07/2008"}},{"type":"Feature","geometry":{"type":"Point","coordinates":[-1.11544,44.95017]},"properties":{"depth_m":0.6,"n":1,"date":"29/07/2008"}},{"type":"Feature","geometry":{"type":"Point","coordinates":[-1.11545,44.95027]},"properties":{"depth_m":0.8,"n":1,"date":"29/07/2008"}},{"type":"Feature","geometry":{"type":"Point","coordinates":[-1.1144,44.95233]},"properties":{"depth_m":1.1,"n":1,"date":"29/07/2008"}},{"type":"Feature","geometry":{"type":"Point","coordinates":[-1.11553,44.94926]},"properties":{"depth_m":0.7,"n":1,"date":"29/07/2008"}},{"type":"Feature","geometry":{"type":"Point","coordinates":[-1.11639,44.95762]},"properties":{"depth_m":2.1,"n":1,"date":"29/07/2008"}},{"type":"Feature","geometry":{"type":"Point","coordinates":[-1.11525,44.95491]},"properties":{"depth_m":1.7,"n":1,"date":"29/07/2008"}},{"type":"Feature","geometry":{"type":"Point","coordinates":[-1.11533,44.95502]},"properties":{"depth_m":1.3,"n":1,"date":"29/07/2008"}},{"type":"Feature","geometry":{"type":"Point","coordinates":[-1.1154,44.95511]},"properties":{"depth_m":1.0,"n":1,"date":"29/07/2008"}},{"type":"Feature","geometry":{"type":"Point","coordinates":[-1.11549,44.95527]},"properties":{"depth_m":0.9,"n":1,"date":"29/07/2008"}},{"type":"Feature","geometry":{"type":"Point","coordinates":[-1.11562,44.95551]},"properties":{"depth_m":1.0,"n":1,"date":"29/07/2008"}},{"type":"Feature","geometry":{"type":"Point","coordinates":[-1.11575,44.95578]},"properties":{"depth_m":1.5,"n":1,"date":"29/07/2008"}},{"type":"Feature","geometry":{"type":"Point","coordinates":[-1.11586,44.95605]},"properties":{"depth_m":2.4,"n":1,"date":"29/07/2008"}},{"type":"Feature","geometry":{"type":"Point","coordinates":[-1.11595,44.95633]},"properties":{"depth_m":1.9,"n":1,"date":"29/07/2008"}},{"type":"Feature","geometry":{"type":"Point","coordinates":[-1.11605,44.95661]},"properties":{"depth_m":1.6,"n":1,"date":"29/07/2008"}},{"type":"Feature","geometry":{"type":"Point","coordinates":[-1.1145,44.95211]},"properties":{"depth_m":0.8,"n":1,"date":"29/07/2008"}},{"type":"Feature","geometry":{"type":"Point","coordinates":[-1.11628,44.95728]},"properties":{"depth_m":1.6,"n":1,"date":"29/07/2008"}},{"type":"Feature","geometry":{"type":"Point","coordinates":[-1.11508,44.9546]},"properties":{"depth_m":1.8,"n":1,"date":"29/07/2008"}},{"type":"Feature","geometry":{"type":"Point","coordinates":[-1.11649,44.95797]},"properties":{"depth_m":3.6,"n":1,"date":"29/07/2008"}},{"type":"Feature","geometry":{"type":"Point","coordinates":[-1.11659,44.95839]},"properties":{"depth_m":3.8,"n":1,"date":"29/07/2008"}},{"type":"Feature","geometry":{"type":"Point","coordinates":[-1.11662,44.95867]},"properties":{"depth_m":3.8,"n":1,"date":"29/07/2008"}},{"type":"Feature","geometry":{"type":"Point","coordinates":[-1.11665,44.95902]},"properties":{"depth_m":3.4,"n":1,"date":"29/07/2008"}},{"type":"Feature","geometry":{"type":"Point","coordinates":[-1.11668,44.95937]},"properties":{"depth_m":2.6,"n":1,"date":"29/07/2008"}},{"type":"Feature","geometry":{"type":"Point","coordinates":[-1.1167,44.95971]},"properties":{"depth_m":2.5,"n":1,"date":"29/07/2008"}},{"type":"Feature","geometry":{"type":"Point","coordinates":[-1.11672,44.96006]},"properties":{"depth_m":4.1,"n":1,"date":"29/07/2008"}},{"type":"Feature","geometry":{"type":"Point","coordinates":[-1.11676,44.9604]},"properties":{"depth_m":5.7,"n":1,"date":"29/07/2008"}},{"type":"Feature","geometry":{"type":"Point","coordinates":[-1.11679,44.96071]},"properties":{"depth_m":5.3,"n":1,"date":"29/07/2008"}},{"type":"Feature","geometry":{"type":"Point","coordinates":[-1.11616,44.95694]},"properties":{"depth_m":1.5,"n":1,"date":"29/07/2008"}},{"type":"Feature","geometry":{"type":"Point","coordinates":[-1.11464,44.95353]},"properties":{"depth_m":2.4,"n":1,"date":"29/07/2008"}},{"type":"Feature","geometry":{"type":"Point","coordinates":[-1.11434,44.95245]},"properties":{"depth_m":1.4,"n":1,"date":"29/07/2008"}},{"type":"Feature","geometry":{"type":"Point","coordinates":[-1.11428,44.95256]},"properties":{"depth_m":2.0,"n":1,"date":"29/07/2008"}},{"type":"Feature","geometry":{"type":"Point","coordinates":[-1.11426,44.95266]},"properties":{"depth_m":2.3,"n":1,"date":"29/07/2008"}},{"type":"Feature","geometry":{"type":"Point","coordinates":[-1.11427,44.95275]},"properties":{"depth_m":2.6,"n":1,"date":"29/07/2008"}},{"type":"Feature","geometry":{"type":"Point","coordinates":[-1.11432,44.95283]},"properties":{"depth_m":2.6,"n":1,"date":"29/07/2008"}},{"type":"Feature","geometry":{"type":"Point","coordinates":[-1.11436,44.95288]},"properties":{"depth_m":2.6,"n":1,"date":"29/07/2008"}},{"type":"Feature","geometry":{"type":"Point","coordinates":[-1.1144,44.95294]},"properties":{"depth_m":2.2,"n":1,"date":"29/07/2008"}},{"type":"Feature","geometry":{"type":"Point","coordinates":[-1.11444,44.95301]},"properties":{"depth_m":1.9,"n":1,"date":"29/07/2008"}},{"type":"Feature","geometry":{"type":"Point","coordinates":[-1.11447,44.95309]},"properties":{"depth_m":2.0,"n":1,"date":"29/07/2008"}},{"type":"Feature","geometry":{"type":"Point","coordinates":[-1.11451,44.9532]},"properties":{"depth_m":2.2,"n":1,"date":"29/07/2008"}},{"type":"Feature","geometry":{"type":"Point","coordinates":[-1.11518,44.95481]},"properties":{"depth_m":2.1,"n":1,"date":"29/07/2008"}},{"type":"Feature","geometry":{"type":"Point","coordinates":[-1.1146,44.95342]},"properties":{"depth_m":2.4,"n":1,"date":"29/07/2008"}},{"type":"Feature","geometry":{"type":"Point","coordinates":[-1.11514,44.95471]},"properties":{"depth_m":2.1,"n":1,"date":"29/07/2008"}},{"type":"Feature","geometry":{"type":"Point","coordinates":[-1.11468,44.95363]},"properties":{"depth_m":2.5,"n":1,"date":"29/07/2008"}},{"type":"Feature","geometry":{"type":"Point","coordinates":[-1.11472,44.95375]},"properties":{"depth_m":2.4,"n":1,"date":"29/07/2008"}},{"type":"Feature","geometry":{"type":"Point","coordinates":[-1.11477,44.95386]},"properties":{"depth_m":2.4,"n":1,"date":"29/07/2008"}},{"type":"Feature","geometry":{"type":"Point","coordinates":[-1.1148,44.95397]},"properties":{"depth_m":1.4,"n":1,"date":"29/07/2008"}},{"type":"Feature","geometry":{"type":"Point","coordinates":[-1.11484,44.95408]},"properties":{"depth_m":1.0,"n":1,"date":"29/07/2008"}},{"type":"Feature","geometry":{"type":"Point","coordinates":[-1.11488,44.95418]},"properties":{"depth_m":0.8,"n":1,"date":"29/07/2008"}},{"type":"Feature","geometry":{"type":"Point","coordinates":[-1.11493,44.95428]},"properties":{"depth_m":0.7,"n":1,"date":"29/07/2008"}},{"type":"Feature","geometry":{"type":"Point","coordinates":[-1.11498,44.95438]},"properties":{"depth_m":1.2,"n":1,"date":"29/07/2008"}},{"type":"Feature","geometry":{"type":"Point","coordinates":[-1.11503,44.95449]},"properties":{"depth_m":1.5,"n":1,"date":"29/07/2008"}},{"type":"Feature","geometry":{"type":"Point","coordinates":[-1.1168,44.9613]},"properties":{"depth_m":5.0,"n":1,"date":"29/07/2008"}},{"type":"Feature","geometry":{"type":"Point","coordinates":[-1.11455,44.95331]},"properties":{"depth_m":2.3,"n":1,"date":"29/07/2008"}},{"type":"Feature","geometry":{"type":"Point","coordinates":[-1.13359,44.94057]},"properties":{"depth_m":1.5,"n":3,"date":"29/07/2008"}},{"type":"Feature","geometry":{"type":"Point","coordinates":[-1.13439,44.94038]},"properties":{"depth_m":0.6,"n":2,"date":"29/07/2008"}},{"type":"Feature","geometry":{"type":"Point","coordinates":[-1.13356,44.94054]},"properties":{"depth_m":1.9,"n":4,"date":"29/07/2008"}},{"type":"Feature","geometry":{"type":"Point","coordinates":[-1.13357,44.94054]},"properties":{"depth_m":1.9,"n":1,"date":"29/07/2008"}},{"type":"Feature","geometry":{"type":"Point","coordinates":[-1.13357,44.94053]},"properties":{"depth_m":1.75,"n":2,"date":"29/07/2008"}},{"type":"Feature","geometry":{"type":"Point","coordinates":[-1.13357,44.94055]},"properties":{"depth_m":1.6,"n":1,"date":"29/07/2008"}},{"type":"Feature","geometry":{"type":"Point","coordinates":[-1.13356,44.94053]},"properties":{"depth_m":1.95,"n":2,"date":"29/07/2008"}},{"type":"Feature","geometry":{"type":"Point","coordinates":[-1.13355,44.9405]},"properties":{"depth_m":1.8,"n":4,"date":"29/07/2008"}},{"type":"Feature","geometry":{"type":"Point","coordinates":[-1.1336,44.94056]},"properties":{"depth_m":1.4,"n":2,"date":"29/07/2008"}},{"type":"Feature","geometry":{"type":"Point","coordinates":[-1.13361,44.94056]},"properties":{"depth_m":1.4,"n":1,"date":"29/07/2008"}},{"type":"Feature","geometry":{"type":"Point","coordinates":[-1.13362,44.94056]},"properties":{"depth_m":1.4,"n":1,"date":"29/07/2008"}},{"type":"Feature","geometry":{"type":"Point","coordinates":[-1.13363,44.94056]},"properties":{"depth_m":1.4,"n":1,"date":"29/07/2008"}},{"type":"Feature","geometry":{"type":"Point","coordinates":[-1.13365,44.94057]},"properties":{"depth_m":1.5,"n":1,"date":"29/07/2008"}},{"type":"Feature","geometry":{"type":"Point","coordinates":[-1.13368,44.94058]},"properties":{"depth_m":1.7,"n":1,"date":"29/07/2008"}},{"type":"Feature","geometry":{"type":"Point","coordinates":[-1.13371,44.94059]},"properties":{"depth_m":1.7,"n":1,"date":"29/07/2008"}},{"type":"Feature","geometry":{"type":"Point","coordinates":[-1.13374,44.94058]},"properties":{"depth_m":1.7,"n":1,"date":"29/07/2008"}},{"type":"Feature","geometry":{"type":"Point","coordinates":[-1.13376,44.94058]},"properties":{"depth_m":1.7,"n":1,"date":"29/07/2008"}},{"type":"Feature","geometry":{"type":"Point","coordinates":[-1.13361,44.94046]},"properties":{"depth_m":2.0,"n":3,"date":"29/07/2008"}},{"type":"Feature","geometry":{"type":"Point","coordinates":[-1.13362,44.94043]},"properties":{"depth_m":2.05,"n":2,"date":"29/07/2008"}},{"type":"Feature","geometry":{"type":"Point","coordinates":[-1.13363,44.94043]},"properties":{"depth_m":2.05,"n":2,"date":"29/07/2008"}},{"type":"Feature","geometry":{"type":"Point","coordinates":[-1.13366,44.94042]},"properties":{"depth_m":2.0,"n":1,"date":"29/07/2008"}},{"type":"Feature","geometry":{"type":"Point","coordinates":[-1.13367,44.94042]},"properties":{"depth_m":2.0,"n":3,"date":"29/07/2008"}},{"type":"Feature","geometry":{"type":"Point","coordinates":[-1.13366,44.94043]},"properties":{"depth_m":1.4,"n":1,"date":"29/07/2008"}},{"type":"Feature","geometry":{"type":"Point","coordinates":[-1.13363,44.94045]},"properties":{"depth_m":1.2,"n":1,"date":"29/07/2008"}},{"type":"Feature","geometry":{"type":"Point","coordinates":[-1.11588,44.94268]},"properties":{"depth_m":21.9,"n":1,"date":"29/07/2008"}},{"type":"Feature","geometry":{"type":"Point","coordinates":[-1.12221,44.94016]},"properties":{"depth_m":0.8,"n":1,"date":"29/07/2008"}},{"type":"Feature","geometry":{"type":"Point","coordinates":[-1.13386,44.94058]},"properties":{"depth_m":1.6,"n":1,"date":"29/07/2008"}},{"type":"Feature","geometry":{"type":"Point","coordinates":[-1.13361,44.94047]},"properties":{"depth_m":1.9,"n":1,"date":"29/07/2008"}},{"type":"Feature","geometry":{"type":"Point","coordinates":[-1.1336,44.94047]},"properties":{"depth_m":1.4,"n":2,"date":"29/07/2008"}},{"type":"Feature","geometry":{"type":"Point","coordinates":[-1.13359,44.94048]},"properties":{"depth_m":2.0,"n":1,"date":"29/07/2008"}},{"type":"Feature","geometry":{"type":"Point","coordinates":[-1.13358,44.94048]},"properties":{"depth_m":2.0,"n":1,"date":"29/07/2008"}},{"type":"Feature","geometry":{"type":"Point","coordinates":[-1.13358,44.94049]},"properties":{"depth_m":1.9,"n":1,"date":"29/07/2008"}},{"type":"Feature","geometry":{"type":"Point","coordinates":[-1.13357,44.94049]},"properties":{"depth_m":2.0,"n":1,"date":"29/07/2008"}},{"type":"Feature","geometry":{"type":"Point","coordinates":[-1.13356,44.94049]},"properties":{"depth_m":1.9,"n":1,"date":"29/07/2008"}},{"type":"Feature","geometry":{"type":"Point","coordinates":[-1.13356,44.9405]},"properties":{"depth_m":1.9,"n":2,"date":"29/07/2008"}},{"type":"Feature","geometry":{"type":"Point","coordinates":[-1.13446,44.94041]},"properties":{"depth_m":0.4,"n":1,"date":"29/07/2008"}},{"type":"Feature","geometry":{"type":"Point","coordinates":[-1.13432,44.94052]},"properties":{"depth_m":0.7,"n":1,"date":"29/07/2008"}},{"type":"Feature","geometry":{"type":"Point","coordinates":[-1.13435,44.94052]},"properties":{"depth_m":0.6,"n":1,"date":"29/07/2008"}},{"type":"Feature","geometry":{"type":"Point","coordinates":[-1.13439,44.94051]},"properties":{"depth_m":0.6,"n":1,"date":"29/07/2008"}},{"type":"Feature","geometry":{"type":"Point","coordinates":[-1.13441,44.94048]},"properties":{"depth_m":0.6,"n":1,"date":"29/07/2008"}},{"type":"Feature","geometry":{"type":"Point","coordinates":[-1.13444,44.94047]},"properties":{"depth_m":0.6,"n":1,"date":"29/07/2008"}},{"type":"Feature","geometry":{"type":"Point","coordinates":[-1.13446,44.94043]},"properties":{"depth_m":0.6,"n":1,"date":"29/07/2008"}},{"type":"Feature","geometry":{"type":"Point","coordinates":[-1.13448,44.94042]},"properties":{"depth_m":0.5,"n":1,"date":"29/07/2008"}},{"type":"Feature","geometry":{"type":"Point","coordinates":[-1.13449,44.94041]},"properties":{"depth_m":0.5,"n":1,"date":"29/07/2008"}},{"type":"Feature","geometry":{"type":"Point","coordinates":[-1.1345,44.94043]},"properties":{"depth_m":0.5,"n":1,"date":"29/07/2008"}},{"type":"Feature","geometry":{"type":"Point","coordinates":[-1.13379,44.94058]},"properties":{"depth_m":1.7,"n":1,"date":"29/07/2008"}},{"type":"Feature","geometry":{"type":"Point","coordinates":[-1.13446,44.94042]},"properties":{"depth_m":0.5,"n":1,"date":"29/07/2008"}},{"type":"Feature","geometry":{"type":"Point","coordinates":[-1.13425,44.94053]},"properties":{"depth_m":0.6,"n":1,"date":"29/07/2008"}},{"type":"Feature","geometry":{"type":"Point","coordinates":[-1.13445,44.9404]},"properties":{"depth_m":0.6,"n":3,"date":"29/07/2008"}},{"type":"Feature","geometry":{"type":"Point","coordinates":[-1.13444,44.94039]},"properties":{"depth_m":0.5,"n":1,"date":"29/07/2008"}},{"type":"Feature","geometry":{"type":"Point","coordinates":[-1.13443,44.94038]},"properties":{"depth_m":0.5,"n":1,"date":"29/07/2008"}},{"type":"Feature","geometry":{"type":"Point","coordinates":[-1.13442,44.94038]},"properties":{"depth_m":0.6,"n":1,"date":"29/07/2008"}},{"type":"Feature","geometry":{"type":"Point","coordinates":[-1.13441,44.94038]},"properties":{"depth_m":0.6,"n":1,"date":"29/07/2008"}},{"type":"Feature","geometry":{"type":"Point","coordinates":[-1.1344,44.94038]},"properties":{"depth_m":0.6,"n":2,"date":"29/07/2008"}},{"type":"Feature","geometry":{"type":"Point","coordinates":[-1.13447,44.94043]},"properties":{"depth_m":0.6,"n":1,"date":"29/07/2008"}},{"type":"Feature","geometry":{"type":"Point","coordinates":[-1.13408,44.94054]},"properties":{"depth_m":0.6,"n":1,"date":"29/07/2008"}},{"type":"Feature","geometry":{"type":"Point","coordinates":[-1.13356,44.94045]},"properties":{"depth_m":2.1,"n":1,"date":"29/07/2008"}},{"type":"Feature","geometry":{"type":"Point","coordinates":[-1.13389,44.94058]},"properties":{"depth_m":1.6,"n":1,"date":"29/07/2008"}},{"type":"Feature","geometry":{"type":"Point","coordinates":[-1.13392,44.94058]},"properties":{"depth_m":1.6,"n":1,"date":"29/07/2008"}},{"type":"Feature","geometry":{"type":"Point","coordinates":[-1.13395,44.94058]},"properties":{"depth_m":0.6,"n":1,"date":"29/07/2008"}},{"type":"Feature","geometry":{"type":"Point","coordinates":[-1.13398,44.94057]},"properties":{"depth_m":0.6,"n":1,"date":"29/07/2008"}},{"type":"Feature","geometry":{"type":"Point","coordinates":[-1.13401,44.94057]},"properties":{"depth_m":0.8,"n":1,"date":"29/07/2008"}},{"type":"Feature","geometry":{"type":"Point","coordinates":[-1.13402,44.94057]},"properties":{"depth_m":0.6,"n":1,"date":"29/07/2008"}},{"type":"Feature","geometry":{"type":"Point","coordinates":[-1.13403,44.94057]},"properties":{"depth_m":1.05,"n":2,"date":"29/07/2008"}},{"type":"Feature","geometry":{"type":"Point","coordinates":[-1.13403,44.94056]},"properties":{"depth_m":0.7,"n":1,"date":"29/07/2008"}},{"type":"Feature","geometry":{"type":"Point","coordinates":[-1.1343,44.94053]},"properties":{"depth_m":0.5,"n":1,"date":"29/07/2008"}},{"type":"Feature","geometry":{"type":"Point","coordinates":[-1.13406,44.94055]},"properties":{"depth_m":0.8,"n":1,"date":"29/07/2008"}},{"type":"Feature","geometry":{"type":"Point","coordinates":[-1.13427,44.94053]},"properties":{"depth_m":0.5,"n":1,"date":"29/07/2008"}},{"type":"Feature","geometry":{"type":"Point","coordinates":[-1.13409,44.94053]},"properties":{"depth_m":1.5,"n":1,"date":"29/07/2008"}},{"type":"Feature","geometry":{"type":"Point","coordinates":[-1.1341,44.94052]},"properties":{"depth_m":0.7,"n":1,"date":"29/07/2008"}},{"type":"Feature","geometry":{"type":"Point","coordinates":[-1.13412,44.94053]},"properties":{"depth_m":0.7,"n":1,"date":"29/07/2008"}},{"type":"Feature","geometry":{"type":"Point","coordinates":[-1.13413,44.94053]},"properties":{"depth_m":0.7,"n":1,"date":"29/07/2008"}},{"type":"Feature","geometry":{"type":"Point","coordinates":[-1.13415,44.94053]},"properties":{"depth_m":1.5,"n":1,"date":"29/07/2008"}},{"type":"Feature","geometry":{"type":"Point","coordinates":[-1.13418,44.94053]},"properties":{"depth_m":0.7,"n":1,"date":"29/07/2008"}},{"type":"Feature","geometry":{"type":"Point","coordinates":[-1.13419,44.94053]},"properties":{"depth_m":0.7,"n":1,"date":"29/07/2008"}},{"type":"Feature","geometry":{"type":"Point","coordinates":[-1.13422,44.94053]},"properties":{"depth_m":0.6,"n":1,"date":"29/07/2008"}},{"type":"Feature","geometry":{"type":"Point","coordinates":[-1.13424,44.94053]},"properties":{"depth_m":0.7,"n":1,"date":"29/07/2008"}},{"type":"Feature","geometry":{"type":"Point","coordinates":[-1.13382,44.94058]},"properties":{"depth_m":1.7,"n":1,"date":"29/07/2008"}},{"type":"Feature","geometry":{"type":"Point","coordinates":[-1.13405,44.94055]},"properties":{"depth_m":1.5,"n":1,"date":"29/07/2008"}},{"type":"Feature","geometry":{"type":"Point","coordinates":[-1.13391,44.94049]},"properties":{"depth_m":1.2,"n":2,"date":"29/07/2008"}},{"type":"Feature","geometry":{"type":"Point","coordinates":[-1.13395,44.94051]},"properties":{"depth_m":0.8,"n":1,"date":"29/07/2008"}},{"type":"Feature","geometry":{"type":"Point","coordinates":[-1.13396,44.9405]},"properties":{"depth_m":0.7,"n":3,"date":"29/07/2008"}},{"type":"Feature","geometry":{"type":"Point","coordinates":[-1.13395,44.9405]},"properties":{"depth_m":0.8,"n":3,"date":"29/07/2008"}},{"type":"Feature","geometry":{"type":"Point","coordinates":[-1.13394,44.9405]},"properties":{"depth_m":1.15,"n":2,"date":"29/07/2008"}},{"type":"Feature","geometry":{"type":"Point","coordinates":[-1.13381,44.94055]},"properties":{"depth_m":0.7,"n":3,"date":"29/07/2008"}},{"type":"Feature","geometry":{"type":"Point","coordinates":[-1.13397,44.9405]},"properties":{"depth_m":0.7,"n":3,"date":"29/07/2008"}},{"type":"Feature","geometry":{"type":"Point","coordinates":[-1.1339,44.94049]},"properties":{"depth_m":1.65,"n":2,"date":"29/07/2008"}},{"type":"Feature","geometry":{"type":"Point","coordinates":[-1.13389,44.94049]},"properties":{"depth_m":1.05,"n":2,"date":"29/07/2008"}},{"type":"Feature","geometry":{"type":"Point","coordinates":[-1.13383,44.94053]},"properties":{"depth_m":1.6,"n":1,"date":"29/07/2008"}},{"type":"Feature","geometry":{"type":"Point","coordinates":[-1.13383,44.94054]},"properties":{"depth_m":1.6,"n":2,"date":"29/07/2008"}},{"type":"Feature","geometry":{"type":"Point","coordinates":[-1.13382,44.94054]},"properties":{"depth_m":1.7,"n":3,"date":"29/07/2008"}},{"type":"Feature","geometry":{"type":"Point","coordinates":[-1.13359,44.94045]},"properties":{"depth_m":2.0,"n":1,"date":"29/07/2008"}},{"type":"Feature","geometry":{"type":"Point","coordinates":[-1.13393,44.94049]},"properties":{"depth_m":0.8,"n":1,"date":"29/07/2008"}},{"type":"Feature","geometry":{"type":"Point","coordinates":[-1.1339,44.94046]},"properties":{"depth_m":1.1,"n":1,"date":"29/07/2008"}},{"type":"Feature","geometry":{"type":"Point","coordinates":[-1.13372,44.94047]},"properties":{"depth_m":1.8,"n":2,"date":"29/07/2008"}},{"type":"Feature","geometry":{"type":"Point","coordinates":[-1.13374,44.94047]},"properties":{"depth_m":1.8,"n":3,"date":"29/07/2008"}},{"type":"Feature","geometry":{"type":"Point","coordinates":[-1.13376,44.94048]},"properties":{"depth_m":1.7,"n":1,"date":"29/07/2008"}},{"type":"Feature","geometry":{"type":"Point","coordinates":[-1.13377,44.94047]},"properties":{"depth_m":1.8,"n":1,"date":"29/07/2008"}},{"type":"Feature","geometry":{"type":"Point","coordinates":[-1.13379,44.94047]},"properties":{"depth_m":0.5,"n":1,"date":"29/07/2008"}},{"type":"Feature","geometry":{"type":"Point","coordinates":[-1.1338,44.94047]},"properties":{"depth_m":1.7,"n":1,"date":"29/07/2008"}},{"type":"Feature","geometry":{"type":"Point","coordinates":[-1.13382,44.94047]},"properties":{"depth_m":1.7,"n":1,"date":"29/07/2008"}},{"type":"Feature","geometry":{"type":"Point","coordinates":[-1.13387,44.94046]},"properties":{"depth_m":1.6,"n":1,"date":"29/07/2008"}},{"type":"Feature","geometry":{"type":"Point","coordinates":[-1.13392,44.94047]},"properties":{"depth_m":1.5,"n":1,"date":"29/07/2008"}},{"type":"Feature","geometry":{"type":"Point","coordinates":[-1.13395,44.94048]},"properties":{"depth_m":0.6,"n":1,"date":"29/07/2008"}},{"type":"Feature","geometry":{"type":"Point","coordinates":[-1.13397,44.94049]},"properties":{"depth_m":0.7,"n":1,"date":"29/07/2008"}},{"type":"Feature","geometry":{"type":"Point","coordinates":[-1.13399,44.9405]},"properties":{"depth_m":0.7,"n":4,"date":"29/07/2008"}},{"type":"Feature","geometry":{"type":"Point","coordinates":[-1.134,44.9405]},"properties":{"depth_m":0.7,"n":1,"date":"29/07/2008"}},{"type":"Feature","geometry":{"type":"Point","coordinates":[-1.13398,44.9405]},"properties":{"depth_m":0.5,"n":1,"date":"29/07/2008"}},{"type":"Feature","geometry":{"type":"Point","coordinates":[-1.13384,44.94046]},"properties":{"depth_m":0.7,"n":1,"date":"29/07/2008"}},{"type":"Feature","geometry":{"type":"Point","coordinates":[-1.13358,44.94051]},"properties":{"depth_m":1.7,"n":2,"date":"29/07/2008"}},{"type":"Feature","geometry":{"type":"Point","coordinates":[-1.13364,44.94052]},"properties":{"depth_m":1.6,"n":3,"date":"29/07/2008"}},{"type":"Feature","geometry":{"type":"Point","coordinates":[-1.13361,44.94051]},"properties":{"depth_m":1.8,"n":2,"date":"29/07/2008"}},{"type":"Feature","geometry":{"type":"Point","coordinates":[-1.1336,44.94051]},"properties":{"depth_m":1.8,"n":3,"date":"29/07/2008"}},{"type":"Feature","geometry":{"type":"Point","coordinates":[-1.13359,44.94051]},"properties":{"depth_m":1.7,"n":2,"date":"29/07/2008"}},{"type":"Feature","geometry":{"type":"Point","coordinates":[-1.13365,44.94052]},"properties":{"depth_m":1.8,"n":3,"date":"29/07/2008"}},{"type":"Feature","geometry":{"type":"Point","coordinates":[-1.13357,44.94051]},"properties":{"depth_m":1.7,"n":1,"date":"29/07/2008"}},{"type":"Feature","geometry":{"type":"Point","coordinates":[-1.13356,44.94051]},"properties":{"depth_m":1.75,"n":2,"date":"29/07/2008"}},{"type":"Feature","geometry":{"type":"Point","coordinates":[-1.13355,44.94049]},"properties":{"depth_m":1.9,"n":1,"date":"29/07/2008"}},{"type":"Feature","geometry":{"type":"Point","coordinates":[-1.13355,44.94048]},"properties":{"depth_m":2.0,"n":1,"date":"29/07/2008"}},{"type":"Feature","geometry":{"type":"Point","coordinates":[-1.13356,44.94046]},"properties":{"depth_m":2.0,"n":1,"date":"29/07/2008"}},{"type":"Feature","geometry":{"type":"Point","coordinates":[-1.13372,44.94053]},"properties":{"depth_m":1.7,"n":4,"date":"29/07/2008"}},{"type":"Feature","geometry":{"type":"Point","coordinates":[-1.1338,44.94055]},"properties":{"depth_m":1.7,"n":2,"date":"29/07/2008"}},{"type":"Feature","geometry":{"type":"Point","coordinates":[-1.13379,44.94055]},"properties":{"depth_m":1.65,"n":2,"date":"29/07/2008"}},{"type":"Feature","geometry":{"type":"Point","coordinates":[-1.13378,44.94054]},"properties":{"depth_m":1.2,"n":2,"date":"29/07/2008"}},{"type":"Feature","geometry":{"type":"Point","coordinates":[-1.13377,44.94053]},"properties":{"depth_m":1.7,"n":1,"date":"29/07/2008"}},{"type":"Feature","geometry":{"type":"Point","coordinates":[-1.13377,44.94052]},"properties":{"depth_m":1.6,"n":1,"date":"29/07/2008"}},{"type":"Feature","geometry":{"type":"Point","coordinates":[-1.13373,44.94053]},"properties":{"depth_m":1.7,"n":2,"date":"29/07/2008"}},{"type":"Feature","geometry":{"type":"Point","coordinates":[-1.13372,44.94052]},"properties":{"depth_m":1.7,"n":2,"date":"29/07/2008"}},{"type":"Feature","geometry":{"type":"Point","coordinates":[-1.13372,44.94051]},"properties":{"depth_m":1.7,"n":1,"date":"29/07/2008"}},{"type":"Feature","geometry":{"type":"Point","coordinates":[-1.1337,44.94052]},"properties":{"depth_m":1.7,"n":1,"date":"29/07/2008"}},{"type":"Feature","geometry":{"type":"Point","coordinates":[-1.13369,44.94052]},"properties":{"depth_m":1.8,"n":2,"date":"29/07/2008"}},{"type":"Feature","geometry":{"type":"Point","coordinates":[-1.13366,44.94052]},"properties":{"depth_m":0.8,"n":1,"date":"29/07/2008"}},{"type":"Feature","geometry":{"type":"Point","coordinates":[-1.13357,44.94045]},"properties":{"depth_m":2.1,"n":1,"date":"29/07/2008"}},{"type":"Feature","geometry":{"type":"Point","coordinates":[-1.12514,44.93768]},"properties":{"depth_m":1.1,"n":1,"date":"29/07/2008"}},{"type":"Feature","geometry":{"type":"Point","coordinates":[-1.13348,44.94035]},"properties":{"depth_m":2.1,"n":2,"date":"29/07/2008"}},{"type":"Feature","geometry":{"type":"Point","coordinates":[-1.1277,44.93864]},"properties":{"depth_m":1.6,"n":1,"date":"29/07/2008"}},{"type":"Feature","geometry":{"type":"Point","coordinates":[-1.12727,44.9385]},"properties":{"depth_m":1.5,"n":1,"date":"29/07/2008"}},{"type":"Feature","geometry":{"type":"Point","coordinates":[-1.12685,44.93837]},"properties":{"depth_m":1.5,"n":1,"date":"29/07/2008"}},{"type":"Feature","geometry":{"type":"Point","coordinates":[-1.12643,44.93822]},"properties":{"depth_m":1.5,"n":1,"date":"29/07/2008"}},{"type":"Feature","geometry":{"type":"Point","coordinates":[-1.12604,44.93808]},"properties":{"depth_m":1.3,"n":1,"date":"29/07/2008"}},{"type":"Feature","geometry":{"type":"Point","coordinates":[-1.12577,44.93797]},"properties":{"depth_m":1.2,"n":1,"date":"29/07/2008"}},{"type":"Feature","geometry":{"type":"Point","coordinates":[-1.12561,44.9379]},"properties":{"depth_m":1.1,"n":1,"date":"29/07/2008"}},{"type":"Feature","geometry":{"type":"Point","coordinates":[-1.12547,44.93783]},"properties":{"depth_m":1.1,"n":1,"date":"29/07/2008"}},{"type":"Feature","geometry":{"type":"Point","coordinates":[-1.12851,44.93887]},"properties":{"depth_m":1.8,"n":1,"date":"29/07/2008"}},{"type":"Feature","geometry":{"type":"Point","coordinates":[-1.12525,44.93773]},"properties":{"depth_m":1.1,"n":1,"date":"29/07/2008"}},{"type":"Feature","geometry":{"type":"Point","coordinates":[-1.12882,44.93896]},"properties":{"depth_m":1.9,"n":1,"date":"29/07/2008"}},{"type":"Feature","geometry":{"type":"Point","coordinates":[-1.12503,44.93762]},"properties":{"depth_m":1.1,"n":1,"date":"29/07/2008"}},{"type":"Feature","geometry":{"type":"Point","coordinates":[-1.12493,44.93756]},"properties":{"depth_m":1.0,"n":1,"date":"29/07/2008"}},{"type":"Feature","geometry":{"type":"Point","coordinates":[-1.12482,44.9375]},"properties":{"depth_m":1.0,"n":1,"date":"29/07/2008"}},{"type":"Feature","geometry":{"type":"Point","coordinates":[-1.12472,44.93744]},"properties":{"depth_m":0.8,"n":1,"date":"29/07/2008"}},{"type":"Feature","geometry":{"type":"Point","coordinates":[-1.12462,44.93739]},"properties":{"depth_m":0.8,"n":1,"date":"29/07/2008"}},{"type":"Feature","geometry":{"type":"Point","coordinates":[-1.12452,44.93735]},"properties":{"depth_m":0.9,"n":1,"date":"29/07/2008"}},{"type":"Feature","geometry":{"type":"Point","coordinates":[-1.12441,44.93732]},"properties":{"depth_m":0.9,"n":1,"date":"29/07/2008"}},{"type":"Feature","geometry":{"type":"Point","coordinates":[-1.1243,44.93729]},"properties":{"depth_m":1.0,"n":1,"date":"29/07/2008"}},{"type":"Feature","geometry":{"type":"Point","coordinates":[-1.12422,44.93727]},"properties":{"depth_m":1.0,"n":1,"date":"29/07/2008"}},{"type":"Feature","geometry":{"type":"Point","coordinates":[-1.12414,44.93727]},"properties":{"depth_m":1.0,"n":1,"date":"29/07/2008"}},{"type":"Feature","geometry":{"type":"Point","coordinates":[-1.12536,44.93779]},"properties":{"depth_m":1.1,"n":1,"date":"29/07/2008"}},{"type":"Feature","geometry":{"type":"Point","coordinates":[-1.13284,44.94006]},"properties":{"depth_m":2.2,"n":1,"date":"29/07/2008"}},{"type":"Feature","geometry":{"type":"Point","coordinates":[-1.13345,44.94034]},"properties":{"depth_m":2.2,"n":1,"date":"29/07/2008"}},{"type":"Feature","geometry":{"type":"Point","coordinates":[-1.1334,44.94032]},"properties":{"depth_m":2.2,"n":1,"date":"29/07/2008"}},{"type":"Feature","geometry":{"type":"Point","coordinates":[-1.13334,44.9403]},"properties":{"depth_m":2.2,"n":1,"date":"29/07/2008"}},{"type":"Feature","geometry":{"type":"Point","coordinates":[-1.13329,44.94028]},"properties":{"depth_m":2.2,"n":1,"date":"29/07/2008"}},{"type":"Feature","geometry":{"type":"Point","coordinates":[-1.13325,44.94026]},"properties":{"depth_m":2.2,"n":1,"date":"29/07/2008"}},{"type":"Feature","geometry":{"type":"Point","coordinates":[-1.13324,44.94021]},"properties":{"depth_m":2.3,"n":1,"date":"29/07/2008"}},{"type":"Feature","geometry":{"type":"Point","coordinates":[-1.13322,44.94018]},"properties":{"depth_m":2.2,"n":1,"date":"29/07/2008"}},{"type":"Feature","geometry":{"type":"Point","coordinates":[-1.13317,44.94014]},"properties":{"depth_m":2.2,"n":1,"date":"29/07/2008"}},{"type":"Feature","geometry":{"type":"Point","coordinates":[-1.12813,44.93876]},"properties":{"depth_m":1.7,"n":1,"date":"29/07/2008"}},{"type":"Feature","geometry":{"type":"Point","coordinates":[-1.13295,44.94008]},"properties":{"depth_m":2.2,"n":1,"date":"29/07/2008"}},{"type":"Feature","geometry":{"type":"Point","coordinates":[-1.12403,44.93739]},"properties":{"depth_m":1.0,"n":1,"date":"29/07/2008"}},{"type":"Feature","geometry":{"type":"Point","coordinates":[-1.13269,44.94003]},"properties":{"depth_m":2.1,"n":1,"date":"29/07/2008"}},{"type":"Feature","geometry":{"type":"Point","coordinates":[-1.13248,44.93997]},"properties":{"depth_m":2.2,"n":1,"date":"29/07/2008"}},{"type":"Feature","geometry":{"type":"Point","coordinates":[-1.13213,44.93988]},"properties":{"depth_m":2.3,"n":1,"date":"29/07/2008"}},{"type":"Feature","geometry":{"type":"Point","coordinates":[-1.13175,44.93979]},"properties":{"depth_m":2.3,"n":1,"date":"29/07/2008"}},{"type":"Feature","geometry":{"type":"Point","coordinates":[-1.13137,44.93968]},"properties":{"depth_m":2.4,"n":1,"date":"29/07/2008"}},{"type":"Feature","geometry":{"type":"Point","coordinates":[-1.13097,44.93957]},"properties":{"depth_m":2.2,"n":1,"date":"29/07/2008"}},{"type":"Feature","geometry":{"type":"Point","coordinates":[-1.13052,44.93944]},"properties":{"depth_m":2.1,"n":1,"date":"29/07/2008"}},{"type":"Feature","geometry":{"type":"Point","coordinates":[-1.13008,44.93932]},"properties":{"depth_m":2.1,"n":1,"date":"29/07/2008"}},{"type":"Feature","geometry":{"type":"Point","coordinates":[-1.12964,44.93919]},"properties":{"depth_m":2.1,"n":1,"date":"29/07/2008"}},{"type":"Feature","geometry":{"type":"Point","coordinates":[-1.1292,44.93907]},"properties":{"depth_m":2.0,"n":1,"date":"29/07/2008"}},{"type":"Feature","geometry":{"type":"Point","coordinates":[-1.13308,44.94011]},"properties":{"depth_m":2.2,"n":1,"date":"29/07/2008"}},{"type":"Feature","geometry":{"type":"Point","coordinates":[-1.12304,44.93916]},"properties":{"depth_m":1.0,"n":1,"date":"29/07/2008"}},{"type":"Feature","geometry":{"type":"Point","coordinates":[-1.12364,44.9387]},"properties":{"depth_m":0.9,"n":1,"date":"29/07/2008"}},{"type":"Feature","geometry":{"type":"Point","coordinates":[-1.12359,44.93873]},"properties":{"depth_m":0.8,"n":1,"date":"29/07/2008"}},{"type":"Feature","geometry":{"type":"Point","coordinates":[-1.12353,44.93875]},"properties":{"depth_m":0.9,"n":1,"date":"29/07/2008"}},{"type":"Feature","geometry":{"type":"Point","coordinates":[-1.12347,44.93878]},"properties":{"depth_m":0.9,"n":1,"date":"29/07/2008"}},{"type":"Feature","geometry":{"type":"Point","coordinates":[-1.12341,44.93882]},"properties":{"depth_m":0.8,"n":1,"date":"29/07/2008"}},{"type":"Feature","geometry":{"type":"Point","coordinates":[-1.12335,44.93887]},"properties":{"depth_m":0.8,"n":1,"date":"29/07/2008"}},{"type":"Feature","geometry":{"type":"Point","coordinates":[-1.12329,44.93891]},"properties":{"depth_m":0.9,"n":1,"date":"29/07/2008"}},{"type":"Feature","geometry":{"type":"Point","coordinates":[-1.12323,44.93895]},"properties":{"depth_m":0.9,"n":1,"date":"29/07/2008"}},{"type":"Feature","geometry":{"type":"Point","coordinates":[-1.12318,44.939]},"properties":{"depth_m":0.9,"n":1,"date":"29/07/2008"}},{"type":"Feature","geometry":{"type":"Point","coordinates":[-1.12407,44.93726]},"properties":{"depth_m":1.0,"n":1,"date":"29/07/2008"}},{"type":"Feature","geometry":{"type":"Point","coordinates":[-1.13438,44.94038]},"properties":{"depth_m":0.7,"n":1,"date":"29/07/2008"}},{"type":"Feature","geometry":{"type":"Point","coordinates":[-1.12378,44.93861]},"properties":{"depth_m":1.0,"n":1,"date":"29/07/2008"}},{"type":"Feature","geometry":{"type":"Point","coordinates":[-1.13362,44.94046]},"properties":{"depth_m":2.0,"n":1,"date":"29/07/2008"}},{"type":"Feature","geometry":{"type":"Point","coordinates":[-1.12292,44.93932]},"properties":{"depth_m":1.0,"n":1,"date":"29/07/2008"}},{"type":"Feature","geometry":{"type":"Point","coordinates":[-1.12285,44.93942]},"properties":{"depth_m":1.0,"n":1,"date":"29/07/2008"}},{"type":"Feature","geometry":{"type":"Point","coordinates":[-1.12278,44.93951]},"properties":{"depth_m":0.9,"n":1,"date":"29/07/2008"}},{"type":"Feature","geometry":{"type":"Point","coordinates":[-1.12271,44.9396]},"properties":{"depth_m":0.9,"n":1,"date":"29/07/2008"}},{"type":"Feature","geometry":{"type":"Point","coordinates":[-1.12264,44.9397]},"properties":{"depth_m":0.9,"n":1,"date":"29/07/2008"}},{"type":"Feature","geometry":{"type":"Point","coordinates":[-1.12257,44.9398]},"properties":{"depth_m":0.9,"n":1,"date":"29/07/2008"}},{"type":"Feature","geometry":{"type":"Point","coordinates":[-1.12248,44.93989]},"properties":{"depth_m":0.9,"n":1,"date":"29/07/2008"}},{"type":"Feature","geometry":{"type":"Point","coordinates":[-1.12238,44.93998]},"properties":{"depth_m":0.8,"n":1,"date":"29/07/2008"}},{"type":"Feature","geometry":{"type":"Point","coordinates":[-1.12229,44.94007]},"properties":{"depth_m":0.8,"n":1,"date":"29/07/2008"}},{"type":"Feature","geometry":{"type":"Point","coordinates":[-1.12313,44.93905]},"properties":{"depth_m":0.9,"n":1,"date":"29/07/2008"}},{"type":"Feature","geometry":{"type":"Point","coordinates":[-1.12407,44.93804]},"properties":{"depth_m":0.9,"n":1,"date":"29/07/2008"}},{"type":"Feature","geometry":{"type":"Point","coordinates":[-1.12308,44.9391]},"properties":{"depth_m":0.8,"n":1,"date":"29/07/2008"}},{"type":"Feature","geometry":{"type":"Point","coordinates":[-1.12405,44.93743]},"properties":{"depth_m":1.0,"n":1,"date":"29/07/2008"}},{"type":"Feature","geometry":{"type":"Point","coordinates":[-1.12407,44.93747]},"properties":{"depth_m":1.0,"n":1,"date":"29/07/2008"}},{"type":"Feature","geometry":{"type":"Point","coordinates":[-1.12408,44.93752]},"properties":{"depth_m":1.0,"n":1,"date":"29/07/2008"}},{"type":"Feature","geometry":{"type":"Point","coordinates":[-1.12409,44.93757]},"properties":{"depth_m":1.0,"n":1,"date":"29/07/2008"}},{"type":"Feature","geometry":{"type":"Point","coordinates":[-1.12411,44.93763]},"properties":{"depth_m":1.0,"n":1,"date":"29/07/2008"}},{"type":"Feature","geometry":{"type":"Point","coordinates":[-1.12412,44.93767]},"properties":{"depth_m":1.0,"n":1,"date":"29/07/2008"}},{"type":"Feature","geometry":{"type":"Point","coordinates":[-1.12412,44.93772]},"properties":{"depth_m":1.0,"n":1,"date":"29/07/2008"}},{"type":"Feature","geometry":{"type":"Point","coordinates":[-1.12412,44.93778]},"properties":{"depth_m":1.0,"n":1,"date":"29/07/2008"}},{"type":"Feature","geometry":{"type":"Point","coordinates":[-1.12411,44.93783]},"properties":{"depth_m":1.1,"n":1,"date":"29/07/2008"}},{"type":"Feature","geometry":{"type":"Point","coordinates":[-1.12368,44.93867]},"properties":{"depth_m":1.0,"n":1,"date":"29/07/2008"}},{"type":"Feature","geometry":{"type":"Point","coordinates":[-1.12408,44.93797]},"properties":{"depth_m":1.0,"n":1,"date":"29/07/2008"}},{"type":"Feature","geometry":{"type":"Point","coordinates":[-1.12373,44.93864]},"properties":{"depth_m":1.0,"n":1,"date":"29/07/2008"}},{"type":"Feature","geometry":{"type":"Point","coordinates":[-1.12405,44.93811]},"properties":{"depth_m":0.8,"n":1,"date":"29/07/2008"}},{"type":"Feature","geometry":{"type":"Point","coordinates":[-1.12403,44.93818]},"properties":{"depth_m":0.8,"n":1,"date":"29/07/2008"}},{"type":"Feature","geometry":{"type":"Point","coordinates":[-1.12402,44.93825]},"properties":{"depth_m":0.9,"n":1,"date":"29/07/2008"}},{"type":"Feature","geometry":{"type":"Point","coordinates":[-1.12401,44.93832]},"properties":{"depth_m":1.0,"n":1,"date":"29/07/2008"}},{"type":"Feature","geometry":{"type":"Point","coordinates":[-1.12398,44.93838]},"properties":{"depth_m":1.0,"n":1,"date":"29/07/2008"}},{"type":"Feature","geometry":{"type":"Point","coordinates":[-1.12395,44.93845]},"properties":{"depth_m":1.1,"n":1,"date":"29/07/2008"}},{"type":"Feature","geometry":{"type":"Point","coordinates":[-1.12391,44.93849]},"properties":{"depth_m":1.0,"n":1,"date":"29/07/2008"}},{"type":"Feature","geometry":{"type":"Point","coordinates":[-1.12387,44.93854]},"properties":{"depth_m":1.0,"n":1,"date":"29/07/2008"}},{"type":"Feature","geometry":{"type":"Point","coordinates":[-1.12383,44.93857]},"properties":{"depth_m":1.0,"n":1,"date":"29/07/2008"}},{"type":"Feature","geometry":{"type":"Point","coordinates":[-1.124,44.93732]},"properties":{"depth_m":0.9,"n":1,"date":"29/07/2008"}},{"type":"Feature","geometry":{"type":"Point","coordinates":[-1.1241,44.9379]},"properties":{"depth_m":1.1,"n":1,"date":"29/07/2008"}},{"type":"Feature","geometry":{"type":"Point","coordinates":[-1.13403,44.9404]},"properties":{"depth_m":0.7,"n":2,"date":"29/07/2008"}},{"type":"Feature","geometry":{"type":"Point","coordinates":[-1.13416,44.94037]},"properties":{"depth_m":0.6,"n":1,"date":"29/07/2008"}},{"type":"Feature","geometry":{"type":"Point","coordinates":[-1.13415,44.94037]},"properties":{"depth_m":0.6,"n":1,"date":"29/07/2008"}},{"type":"Feature","geometry":{"type":"Point","coordinates":[-1.13413,44.94037]},"properties":{"depth_m":0.7,"n":1,"date":"29/07/2008"}},{"type":"Feature","geometry":{"type":"Point","coordinates":[-1.13412,44.94037]},"properties":{"depth_m":0.7,"n":1,"date":"29/07/2008"}},{"type":"Feature","geometry":{"type":"Point","coordinates":[-1.1341,44.94039]},"properties":{"depth_m":0.8,"n":1,"date":"29/07/2008"}},{"type":"Feature","geometry":{"type":"Point","coordinates":[-1.13409,44.9404]},"properties":{"depth_m":0.7,"n":1,"date":"29/07/2008"}},{"type":"Feature","geometry":{"type":"Point","coordinates":[-1.13407,44.9404]},"properties":{"depth_m":1.4,"n":3,"date":"29/07/2008"}},{"type":"Feature","geometry":{"type":"Point","coordinates":[-1.13388,44.94042]},"properties":{"depth_m":0.7,"n":1,"date":"29/07/2008"}},{"type":"Feature","geometry":{"type":"Point","coordinates":[-1.13404,44.9404]},"properties":{"depth_m":0.7,"n":2,"date":"29/07/2008"}},{"type":"Feature","geometry":{"type":"Point","coordinates":[-1.13419,44.94036]},"properties":{"depth_m":1.5,"n":1,"date":"29/07/2008"}},{"type":"Feature","geometry":{"type":"Point","coordinates":[-1.13401,44.9404]},"properties":{"depth_m":0.7,"n":1,"date":"29/07/2008"}},{"type":"Feature","geometry":{"type":"Point","coordinates":[-1.13401,44.94041]},"properties":{"depth_m":0.8,"n":1,"date":"29/07/2008"}},{"type":"Feature","geometry":{"type":"Point","coordinates":[-1.13399,44.94041]},"properties":{"depth_m":0.7,"n":1,"date":"29/07/2008"}},{"type":"Feature","geometry":{"type":"Point","coordinates":[-1.13397,44.94041]},"properties":{"depth_m":1.3,"n":1,"date":"29/07/2008"}},{"type":"Feature","geometry":{"type":"Point","coordinates":[-1.13396,44.94041]},"properties":{"depth_m":0.8,"n":1,"date":"29/07/2008"}},{"type":"Feature","geometry":{"type":"Point","coordinates":[-1.13395,44.94041]},"properties":{"depth_m":1.0,"n":1,"date":"29/07/2008"}},{"type":"Feature","geometry":{"type":"Point","coordinates":[-1.13391,44.94041]},"properties":{"depth_m":1.25,"n":2,"date":"29/07/2008"}},{"type":"Feature","geometry":{"type":"Point","coordinates":[-1.13389,44.94042]},"properties":{"depth_m":1.7,"n":1,"date":"29/07/2008"}},{"type":"Feature","geometry":{"type":"Point","coordinates":[-1.13426,44.94038]},"properties":{"depth_m":1.5,"n":1,"date":"29/07/2008"}},{"type":"Feature","geometry":{"type":"Point","coordinates":[-1.12298,44.93924]},"properties":{"depth_m":1.0,"n":1,"date":"29/07/2008"}},{"type":"Feature","geometry":{"type":"Point","coordinates":[-1.1335,44.94036]},"properties":{"depth_m":2.1,"n":1,"date":"29/07/2008"}},{"type":"Feature","geometry":{"type":"Point","coordinates":[-1.13437,44.94038]},"properties":{"depth_m":0.6,"n":1,"date":"29/07/2008"}},{"type":"Feature","geometry":{"type":"Point","coordinates":[-1.13436,44.94038]},"properties":{"depth_m":0.5,"n":1,"date":"29/07/2008"}},{"type":"Feature","geometry":{"type":"Point","coordinates":[-1.13435,44.94038]},"properties":{"depth_m":0.55,"n":2,"date":"29/07/2008"}},{"type":"Feature","geometry":{"type":"Point","coordinates":[-1.13433,44.94038]},"properties":{"depth_m":0.5,"n":1,"date":"29/07/2008"}},{"type":"Feature","geometry":{"type":"Point","coordinates":[-1.13431,44.94038]},"properties":{"depth_m":1.3,"n":1,"date":"29/07/2008"}},{"type":"Feature","geometry":{"type":"Point","coordinates":[-1.1343,44.94038]},"properties":{"depth_m":0.7,"n":2,"date":"29/07/2008"}},{"type":"Feature","geometry":{"type":"Point","coordinates":[-1.13429,44.94038]},"properties":{"depth_m":0.6,"n":1,"date":"29/07/2008"}},{"type":"Feature","geometry":{"type":"Point","coordinates":[-1.13416,44.94036]},"properties":{"depth_m":0.7,"n":1,"date":"29/07/2008"}},{"type":"Feature","geometry":{"type":"Point","coordinates":[-1.13427,44.94038]},"properties":{"depth_m":0.7,"n":1,"date":"29/07/2008"}},{"type":"Feature","geometry":{"type":"Point","coordinates":[-1.13418,44.94036]},"properties":{"depth_m":0.7,"n":1,"date":"29/07/2008"}},{"type":"Feature","geometry":{"type":"Point","coordinates":[-1.13425,44.94038]},"properties":{"depth_m":0.8,"n":1,"date":"29/07/2008"}},{"type":"Feature","geometry":{"type":"Point","coordinates":[-1.13424,44.94037]},"properties":{"depth_m":0.7,"n":3,"date":"29/07/2008"}},{"type":"Feature","geometry":{"type":"Point","coordinates":[-1.13423,44.94036]},"properties":{"depth_m":1.35,"n":2,"date":"29/07/2008"}},{"type":"Feature","geometry":{"type":"Point","coordinates":[-1.13422,44.94037]},"properties":{"depth_m":1.5,"n":1,"date":"29/07/2008"}},{"type":"Feature","geometry":{"type":"Point","coordinates":[-1.13421,44.94036]},"properties":{"depth_m":1.2,"n":2,"date":"29/07/2008"}},{"type":"Feature","geometry":{"type":"Point","coordinates":[-1.13432,44.94037]},"properties":{"depth_m":0.6,"n":1,"date":"29/07/2008"}},{"type":"Feature","geometry":{"type":"Point","coordinates":[-1.13428,44.94038]},"properties":{"depth_m":0.6,"n":1,"date":"29/07/2008"}},{"type":"Feature","geometry":{"type":"Point","coordinates":[-1.13358,44.9404]},"properties":{"depth_m":2.1,"n":2,"date":"29/07/2008"}},{"type":"Feature","geometry":{"type":"Point","coordinates":[-1.13365,44.94044]},"properties":{"depth_m":1.9,"n":3,"date":"29/07/2008"}},{"type":"Feature","geometry":{"type":"Point","coordinates":[-1.13364,44.94044]},"properties":{"depth_m":1.2,"n":2,"date":"29/07/2008"}},{"type":"Feature","geometry":{"type":"Point","coordinates":[-1.1336,44.94042]},"properties":{"depth_m":1.2,"n":1,"date":"29/07/2008"}},{"type":"Feature","geometry":{"type":"Point","coordinates":[-1.1336,44.94041]},"properties":{"depth_m":2.0,"n":4,"date":"29/07/2008"}},{"type":"Feature","geometry":{"type":"Point","coordinates":[-1.13358,44.94041]},"properties":{"depth_m":2.1,"n":1,"date":"29/07/2008"}},{"type":"Feature","geometry":{"type":"Point","coordinates":[-1.13355,44.94039]},"properties":{"depth_m":1.3,"n":1,"date":"29/07/2008"}},{"type":"Feature","geometry":{"type":"Point","coordinates":[-1.13357,44.9404]},"properties":{"depth_m":2.1,"n":1,"date":"29/07/2008"}},{"type":"Feature","geometry":{"type":"Point","coordinates":[-1.13356,44.9404]},"properties":{"depth_m":2.15,"n":2,"date":"29/07/2008"}},{"type":"Feature","geometry":{"type":"Point","coordinates":[-1.13354,44.94039]},"properties":{"depth_m":2.1,"n":1,"date":"29/07/2008"}},{"type":"Feature","geometry":{"type":"Point","coordinates":[-1.13353,44.94038]},"properties":{"depth_m":2.1,"n":1,"date":"29/07/2008"}},{"type":"Feature","geometry":{"type":"Point","coordinates":[-1.13387,44.94043]},"properties":{"depth_m":1.7,"n":1,"date":"29/07/2008"}},{"type":"Feature","geometry":{"type":"Point","coordinates":[-1.13352,44.94038]},"properties":{"depth_m":2.1,"n":1,"date":"29/07/2008"}},{"type":"Feature","geometry":{"type":"Point","coordinates":[-1.1335,44.94037]},"properties":{"depth_m":1.1,"n":1,"date":"29/07/2008"}},{"type":"Feature","geometry":{"type":"Point","coordinates":[-1.13359,44.94041]},"properties":{"depth_m":2.0,"n":1,"date":"29/07/2008"}},{"type":"Feature","geometry":{"type":"Point","coordinates":[-1.13379,44.94046]},"properties":{"depth_m":0.8,"n":1,"date":"29/07/2008"}},{"type":"Feature","geometry":{"type":"Point","coordinates":[-1.13383,44.94046]},"properties":{"depth_m":1.7,"n":1,"date":"29/07/2008"}},{"type":"Feature","geometry":{"type":"Point","coordinates":[-1.13385,44.94045]},"properties":{"depth_m":1.8,"n":1,"date":"29/07/2008"}},{"type":"Feature","geometry":{"type":"Point","coordinates":[-1.13384,44.94045]},"properties":{"depth_m":1.7,"n":1,"date":"29/07/2008"}},{"type":"Feature","geometry":{"type":"Point","coordinates":[-1.13386,44.94044]},"properties":{"depth_m":1.7,"n":1,"date":"29/07/2008"}},{"type":"Feature","geometry":{"type":"Point","coordinates":[-1.13377,44.94045]},"properties":{"depth_m":1.8,"n":1,"date":"29/07/2008"}},{"type":"Feature","geometry":{"type":"Point","coordinates":[-1.13375,44.94046]},"properties":{"depth_m":1.8,"n":1,"date":"29/07/2008"}},{"type":"Feature","geometry":{"type":"Point","coordinates":[-1.13373,44.94047]},"properties":{"depth_m":1.8,"n":1,"date":"29/07/2008"}},{"type":"Feature","geometry":{"type":"Point","coordinates":[-1.13371,44.94047]},"properties":{"depth_m":1.8,"n":1,"date":"29/07/2008"}},{"type":"Feature","geometry":{"type":"Point","coordinates":[-1.13366,44.94045]},"properties":{"depth_m":1.9,"n":4,"date":"29/07/2008"}},{"type":"Feature","geometry":{"type":"Point","coordinates":[-1.13382,44.94046]},"properties":{"depth_m":0.7,"n":1,"date":"29/07/2008"}},{"type":"Feature","geometry":{"type":"Point","coordinates":[-1.1337,44.94048]},"properties":{"depth_m":1.5,"n":1,"date":"29/07/2008"}},{"type":"Feature","geometry":{"type":"Point","coordinates":[-1.13365,44.94045]},"properties":{"depth_m":1.9,"n":1,"date":"29/07/2008"}},{"type":"Feature","geometry":{"type":"Point","coordinates":[-1.13366,44.94046]},"properties":{"depth_m":1.9,"n":2,"date":"29/07/2008"}},{"type":"Feature","geometry":{"type":"Point","coordinates":[-1.13367,44.94046]},"properties":{"depth_m":1.6,"n":2,"date":"29/07/2008"}},{"type":"Feature","geometry":{"type":"Point","coordinates":[-1.13369,44.94048]},"properties":{"depth_m":1.9,"n":1,"date":"29/07/2008"}}]}